# Blender 4.2.1 LTS
# www.blender.org
o uhvjae0fa_LOD0_TIER1_000
v 2.002063 0.147857 0.670408
v 0.496852 0.140956 -0.008228
v 2.439950 -0.019268 -1.769808
v 0.157789 -0.019268 -2.245746
v 0.139738 0.107948 -0.063545
v -0.358073 -0.019268 -2.220842
v -0.405360 -0.019268 -2.211982
v -1.524576 -0.019268 -1.987061
v 3.026335 0.111456 -0.280855
v 3.036386 0.103124 0.579740
v 2.857853 0.189481 0.554101
v 2.923096 0.179802 0.157927
v 2.889466 0.191642 -0.082325
v 2.743294 0.233134 -0.017189
v 2.889220 0.077822 1.149914
v 2.728962 0.248401 0.356650
v 2.575508 0.257363 0.248401
v 2.766318 0.231547 0.169690
v 2.597263 0.285184 -0.034584
v 2.604065 0.124284 1.466224
v 2.583862 0.215739 1.190103
v 2.511652 0.258997 0.691597
v 2.448025 0.261914 0.554061
v 2.489074 0.270322 0.354190
v 2.407319 0.123194 1.622815
v 2.349318 0.209006 1.337751
v 2.353973 0.212838 0.951749
v 2.180041 0.094856 1.767020
v 2.220140 0.179009 1.577136
v 2.206784 0.220687 1.244846
v 2.256125 0.226141 1.130629
v 2.079357 0.162815 1.070304
v 2.120674 0.190820 1.149354
v 2.008716 0.174596 0.671662
v 2.013796 0.205020 0.699627
v 2.129742 0.263595 0.641806
v 2.046887 0.263698 0.570018
v 2.061497 0.243010 0.724894
v 2.023049 0.254546 0.611897
v 2.193995 0.279665 0.464201
v 2.034583 0.175604 1.359917
v 2.045007 0.155629 1.020431
v 2.041926 0.182498 1.123957
v 1.983638 0.158455 1.033266
v 1.914467 0.149617 1.117882
v 1.875828 0.153503 1.065754
v 2.013311 0.162383 0.942768
v 1.980783 0.177356 0.857493
v 1.936154 0.153411 0.901273
v 1.975881 0.174509 0.966891
v 1.925141 0.143476 0.846041
v 1.896905 0.155075 0.895233
v 1.876191 0.176969 0.831508
v 1.861813 0.175638 0.932982
v 1.876905 0.166782 0.885182
v 1.849331 0.182361 0.914484
v 1.863113 0.230837 0.815710
v 2.005672 0.176720 0.657784
v 1.989578 0.193170 0.640421
v 2.000983 0.210612 0.748290
v 1.974675 0.157444 0.714169
v 1.984226 0.159718 0.707694
v 1.978077 0.151791 0.670743
v 1.965581 0.162245 0.767317
v 1.934796 0.156149 0.726969
v 1.946025 0.177695 0.667892
v 1.930200 0.188001 0.695581
v 1.922964 0.145332 0.750373
v 1.906773 0.151788 0.748999
v 1.908138 0.140017 0.792507
v 1.894742 0.166288 0.746980
v 1.876164 0.176183 0.772989
v 1.872835 0.216911 0.782892
v 1.967065 0.251139 0.603055
v 1.875884 0.271759 0.752075
v 1.874933 0.247177 0.678725
v 1.842608 0.242392 0.600156
v 1.975954 0.275850 0.466170
v 1.810925 0.332549 0.349023
v 1.840581 0.282764 0.544686
v 1.828115 0.335501 0.102527
v 1.729195 0.337406 0.153295
v 1.818865 0.291343 -0.228369
v 1.841273 0.121616 1.630482
v 1.792239 0.150046 1.231394
v 1.745130 0.130338 1.180551
v 1.765380 0.127088 1.135620
v 1.739447 0.149597 1.119876
v 1.690763 0.142267 1.219925
v 1.675135 0.127397 1.202228
v 1.720205 0.144422 1.261692
v 1.703157 0.147406 1.240618
v 1.825555 0.184849 0.959239
v 1.798136 0.185029 1.044341
v 1.709473 0.193248 1.019329
v 1.769007 0.263325 0.888747
v 1.734534 0.319038 0.835384
v 1.682730 0.242551 1.002927
v 1.638166 0.309434 0.949647
v 1.775485 0.252049 0.619217
v 1.804868 0.301616 0.806551
v 1.725488 0.253326 0.662651
v 1.689740 0.274724 0.710538
v 1.696514 0.319868 0.785255
v 1.643651 0.269822 0.686911
v 1.539554 0.332791 0.331872
v 1.548909 0.299479 -0.140254
v 1.643618 0.062587 1.963228
v 1.580347 0.116663 1.800372
v 1.536255 0.100035 1.397339
v 1.617946 0.195025 1.107442
v 1.632731 0.141729 1.230362
v 1.653135 0.143092 1.271675
v 1.591433 0.093273 1.203834
v 1.621700 0.107108 1.180452
v 1.617194 0.174548 1.145103
v 1.593052 0.105241 1.218303
v 1.559786 0.152276 1.165704
v 1.541665 0.165002 1.153861
v 1.514558 0.059077 1.219742
v 1.531813 0.116592 1.178666
v 1.507038 0.098194 1.315826
v 1.499287 0.133106 1.174619
v 1.483504 0.052648 1.222760
v 1.489380 0.079427 1.278152
v 1.542358 0.191416 1.050956
v 1.602347 0.283611 0.980647
v 1.456027 0.252675 0.958794
v 1.621577 0.311332 0.824592
v 1.570948 0.274050 0.767185
v 1.552422 0.293671 0.877239
v 1.572206 0.304699 0.518073
v 1.216453 0.280075 0.060064
v 1.522968 0.088974 1.955463
v 1.447666 0.138275 1.820953
v 1.346992 0.122688 1.610755
v 1.443635 0.078529 1.357982
v 1.277658 0.104091 1.517397
v 1.443230 0.054725 1.269990
v 1.453248 0.123750 1.178549
v 1.466217 0.141843 1.157163
v 1.429344 0.048644 1.223135
v 1.421699 0.058783 1.199168
v 1.327732 0.067180 1.199282
v 1.307160 0.053312 1.216884
v 1.278700 0.058094 1.242418
v 1.247727 0.062907 1.149232
v 1.340567 0.064911 1.312543
v 1.427962 0.230338 0.879686
v 1.432444 0.154090 1.084865
v 1.396578 0.193259 1.045736
v 1.352704 0.122290 1.107906
v 1.329564 0.164802 1.062002
v 1.269518 0.142461 1.082386
v 1.246931 0.156470 0.900377
v 1.371004 0.252555 0.723115
v 1.183734 0.292492 0.426846
v 1.047474 0.240334 0.164983
v 1.017135 0.227311 0.054484
v 1.313401 0.121919 1.844062
v 1.284609 0.117178 1.737525
v 1.164268 0.128241 1.615606
v 1.194656 0.053090 1.186452
v 1.199062 0.063140 1.259991
v 1.156789 0.078402 1.182951
v 1.116413 0.083576 1.272371
v 1.165797 0.136957 1.084834
v 1.137451 0.119046 1.129260
v 1.086606 0.136551 1.101690
v 1.050835 0.149510 1.045219
v 1.012906 0.211807 0.712073
v 0.889788 0.191612 -0.035344
v 0.822281 0.167529 -0.050723
v 0.838338 0.193847 -0.005278
v 1.097307 0.262174 0.598227
v 0.973858 0.253325 0.549709
v 0.974159 0.256180 0.270523
v 0.898094 0.232909 0.107770
v 1.115371 0.072296 2.096567
v 0.958478 0.089428 2.094618
v 0.986320 0.121644 1.731221
v 0.997292 0.090892 1.213577
v 0.852054 0.108285 1.374261
v 1.055849 0.123137 1.156594
v 0.968276 0.144735 1.035214
v 0.856629 0.091544 1.172682
v 0.829969 0.112934 1.044793
v 0.734074 0.165880 -0.010576
v 0.739621 0.182394 0.020364
v 0.695250 0.165141 0.016158
v 0.718365 0.202622 0.079923
v 0.680605 0.172012 -0.022005
v 0.641782 0.161105 0.018019
v 0.646607 0.163520 0.037880
v 0.657849 0.196118 0.098075
v 0.635420 0.168948 0.003397
v 0.893108 0.231018 0.424623
v 0.842897 0.235287 0.327765
v 0.734183 0.240376 0.347631
v 0.779005 0.226807 0.117191
v 0.710240 0.132174 1.605525
v 0.650273 0.138535 0.850640
v 0.602646 0.179427 0.661647
v 0.593276 0.164691 0.042619
v 0.592621 0.170622 0.007163
v 0.543637 0.160559 0.017170
v 0.549657 0.167214 0.000756
v 0.517660 0.173311 -0.020928
v 0.460428 0.142724 -0.012719
v 0.496888 0.167463 0.040187
v 0.428910 0.178059 0.046655
v 0.537987 0.225679 0.377325
v 0.558790 0.202707 -0.023195
v 0.676027 0.156212 1.897741
v 0.621897 0.148755 1.823631
v 0.634907 0.101864 1.463923
v 0.298250 0.187422 0.540644
v 0.260790 0.186402 0.174101
v 0.435643 0.135004 1.732930
v 0.477980 0.120839 1.609126
v 0.312277 0.136303 1.514217
v 0.333706 0.137736 0.945957
v 0.195675 0.149335 1.062916
v 0.257200 0.134796 0.725828
v 0.103041 0.194023 0.472875
v 0.116708 0.183337 0.598049
v 0.156522 0.189211 0.318685
v 3.008494 0.104472 -0.477651
v 2.982465 0.098753 -0.673679
v 2.963531 0.053275 -0.879008
v 2.847483 0.077797 -0.944698
v 2.615124 0.140476 -1.192797
v 2.576298 0.102991 -1.362648
v 2.659920 0.226617 -0.595281
v 2.367482 0.099610 -1.597643
v 2.382786 0.047291 -1.696443
v 2.273307 0.067052 -1.748585
v 2.465319 0.287168 -0.508649
v 2.575246 0.193590 -0.911035
v 2.384404 0.211594 -0.974405
v 2.388724 0.192157 -1.044981
v 2.446507 0.174333 -1.318218
v 2.417164 0.202581 -1.210159
v 2.037119 0.130037 -1.759820
v 2.335205 0.258575 -0.835520
v 2.308101 0.202045 -1.132378
v 2.256785 0.189103 -1.046669
v 2.227779 0.198539 -0.979248
v 2.228868 0.226548 -1.276170
v 2.215785 0.209698 -1.233936
v 2.183944 0.217436 -1.329550
v 2.123995 0.210384 -1.330497
v 2.112245 0.184970 -1.266595
v 2.212598 0.198749 -1.437871
v 2.098200 0.193201 -1.484345
v 2.118701 0.220288 -1.366318
v 2.082381 0.191833 -1.416785
v 2.036785 0.202405 -1.590031
v 2.032455 0.184492 -1.661407
v 1.976846 0.165939 -1.111753
v 2.088844 0.161785 -1.205507
v 2.005972 0.140850 -1.334212
v 2.017503 0.161556 -1.314793
v 1.992857 0.127464 -1.346528
v 1.948812 0.154224 -1.293668
v 1.943840 0.150401 -1.323858
v 1.885336 0.154009 -1.323617
v 2.020258 0.146535 -1.406731
v 2.013511 0.143114 -1.368726
v 2.004098 0.150247 -1.426181
v 1.981507 0.129074 -1.361470
v 1.987575 0.144250 -1.391392
v 1.997310 0.137976 -1.377822
v 1.785305 0.067208 -1.994600
v 2.049178 0.310295 -0.374536
v 2.119403 0.173940 -1.045441
v 2.070055 0.198812 -1.293104
v 2.052697 0.192047 -1.319762
v 2.035277 0.166379 -1.238547
v 2.037330 0.173227 -1.332417
v 1.918809 0.173980 -1.117564
v 2.063430 0.183752 -1.453239
v 1.978720 0.209169 -1.505557
v 1.961266 0.204181 -1.446963
v 1.946024 0.159592 -1.348642
v 1.925669 0.174085 -1.352072
v 1.861520 0.163502 -1.374221
v 1.864560 0.189197 -1.427643
v 1.860155 0.134053 -1.838047
v 1.769967 0.127678 -0.984593
v 1.754664 0.131938 -0.995309
v 1.738978 0.142433 -1.002725
v 1.731372 0.120196 -0.913389
v 1.748822 0.135025 -0.903634
v 1.831311 0.154689 -1.108128
v 1.837198 0.161205 -1.193673
v 1.799355 0.159591 -1.117229
v 1.784721 0.149199 -1.430020
v 1.776625 0.151559 -1.454431
v 1.595042 0.073799 -2.042671
v 1.948292 0.293169 -0.506275
v 1.938962 0.253765 -0.721493
v 1.888233 0.233626 -0.849730
v 1.957831 0.228448 -0.921050
v 1.848378 0.189590 -1.052712
v 1.821269 0.202214 -0.973275
v 1.758866 0.160559 -1.054448
v 1.811509 0.226098 -0.888506
v 1.740492 0.178714 -1.041079
v 1.728072 0.216394 -1.028150
v 1.752620 0.179644 -1.093100
v 1.682447 0.204933 -1.227641
v 1.835310 0.156994 -1.403090
v 1.812762 0.184719 -1.477500
v 1.739986 0.160116 -1.443455
v 1.766084 0.193413 -1.307003
v 1.734607 0.186180 -1.376026
v 1.715631 0.173035 -1.424785
v 1.652916 0.204513 -1.353447
v 1.810562 0.219872 -1.570742
v 1.665046 0.245187 -1.640949
v 1.654604 0.213851 -1.561003
v 1.659962 0.167852 -1.888418
v 1.679826 0.221746 -1.751313
v 1.711576 0.133536 -0.842780
v 1.621135 0.108369 -0.820746
v 1.591262 0.134492 -0.848197
v 1.569030 0.104935 -0.781480
v 1.538952 0.131262 -0.814377
v 1.709408 0.115747 -0.924298
v 1.689711 0.120632 -0.931573
v 1.668445 0.110232 -0.866757
v 1.635832 0.128047 -0.882214
v 1.456142 0.064351 -2.036412
v 1.721105 0.189639 -0.806589
v 1.724410 0.216328 -0.758888
v 1.690928 0.236095 -1.006458
v 1.665539 0.193628 -0.930997
v 1.685196 0.229207 -0.980945
v 1.661838 0.213410 -0.938118
v 1.652877 0.225864 -0.948343
v 1.627662 0.155918 -0.886904
v 1.608528 0.230756 -0.919366
v 1.598889 0.237135 -0.949527
v 1.541034 0.232299 -1.023041
v 1.554585 0.254164 -0.898744
v 1.501057 0.242155 -1.079325
v 1.621400 0.176196 -1.449109
v 1.584491 0.201220 -1.483888
v 1.511600 0.224848 -1.399960
v 1.493455 0.238530 -1.361413
v 1.475574 0.246450 -1.444574
v 1.483331 0.235447 -1.744021
v 1.492810 0.115100 -0.614343
v 1.490206 0.121891 -0.766721
v 1.514799 0.091873 -0.705553
v 1.470903 0.098466 -0.728521
v 1.411305 0.089508 -0.642616
v 1.399761 0.123554 -0.667286
v 1.361541 0.143231 -0.638194
v 1.134961 0.062056 -2.096630
v 1.569272 0.284722 -0.271891
v 1.451956 0.225182 -0.352431
v 1.523808 0.227135 -0.833053
v 1.516715 0.250494 -0.843973
v 1.460368 0.258624 -0.804638
v 1.403693 0.351999 -0.806640
v 1.407676 0.208203 -0.719703
v 1.367858 0.272586 -0.786583
v 1.360667 0.284133 -0.785839
v 1.368888 0.373356 -0.762119
v 1.343441 0.252924 -0.663425
v 1.454374 0.267601 -0.848064
v 1.429032 0.263761 -0.904221
v 1.426968 0.360875 -0.847073
v 1.373470 0.273536 -0.959693
v 1.385753 0.274326 -0.896803
v 1.360057 0.305753 -1.009099
v 1.389418 0.364874 -0.952952
v 1.376570 0.274262 -0.818815
v 1.367514 0.305262 -0.894192
v 1.366491 0.307593 -0.922740
v 1.379414 0.329138 -0.927976
v 1.367617 0.326291 -0.833055
v 1.354031 0.292924 -0.832210
v 1.329500 0.336494 -1.043337
v 1.244669 0.259089 -1.369825
v 1.328885 0.294599 -1.542622
v 1.243575 0.270513 -1.426314
v 1.276347 0.236359 -1.708619
v 1.247790 0.142164 -1.895234
v 1.119210 0.169875 -1.838191
v 1.403082 0.484693 -0.793132
v 1.403763 0.394795 -0.797958
v 1.393425 0.490670 -0.806461
v 1.380497 0.482209 -0.823302
v 1.339173 0.453212 -0.735665
v 1.346827 0.489505 -0.741628
v 1.446967 0.383621 -0.869324
v 1.447762 0.391639 -0.899000
v 1.440927 0.384368 -0.909018
v 1.437377 0.418373 -0.849585
v 1.422340 0.418816 -0.902890
v 1.436344 0.435879 -0.858957
v 1.423668 0.441559 -0.869616
v 1.421178 0.462524 -0.826671
v 1.381162 0.384749 -0.952082
v 1.387668 0.462362 -0.851713
v 1.314779 0.396414 -0.956243
v 1.337377 0.477428 -0.831390
v 1.342904 0.091500 -0.586046
v 1.327899 0.091105 -0.536221
v 1.362720 0.120828 -0.492589
v 1.298677 0.100483 -0.562116
v 1.339680 0.136796 -0.424852
v 1.288389 0.169038 -0.572312
v 1.291577 0.098111 -0.492624
v 1.261325 0.106916 -0.524464
v 1.253941 0.130671 -0.531868
v 1.243317 0.099314 -0.465893
v 1.227409 0.133006 -0.497884
v 1.232744 0.102369 -0.406943
v 1.205930 0.123092 -0.430589
v 1.185822 0.121787 -0.386445
v 1.180011 0.134079 -0.401887
v 1.332156 0.102966 -0.595109
v 1.326568 0.131702 -0.600779
v 1.031944 0.051161 -2.135221
v 0.932646 0.089330 -2.069493
v 1.228120 0.229289 -0.550386
v 1.163912 0.249734 -0.563193
v 1.155620 0.261298 -0.569150
v 1.321356 0.366563 -0.717582
v 1.208033 0.261339 -0.587565
v 1.192933 0.346497 -0.600270
v 1.085176 0.372191 -1.152154
v 1.268981 0.286875 -1.287941
v 1.173442 0.273540 -1.315026
v 1.143286 0.287272 -1.396898
v 1.198585 0.324763 -1.238685
v 1.119722 0.345744 -1.253212
v 1.074311 0.318967 -1.351659
v 1.228422 0.310164 -1.549047
v 1.128601 0.333055 -1.465515
v 1.092126 0.332083 -1.532481
v 1.056845 0.351302 -1.425847
v 1.013780 0.362063 -1.447958
v 1.162194 0.230687 -1.713408
v 1.314550 0.396814 -0.729058
v 1.295515 0.475905 -0.723170
v 1.266983 0.506323 -0.718185
v 1.263455 0.521090 -0.727512
v 1.254771 0.524111 -0.744606
v 1.253976 0.403338 -0.698471
v 1.221517 0.505827 -0.784350
v 1.229068 0.512800 -0.688759
v 1.215338 0.537330 -0.717642
v 1.194589 0.528461 -0.744443
v 1.178703 0.540434 -0.715810
v 1.188577 0.545381 -0.698794
v 1.171487 0.533647 -0.663248
v 1.156572 0.541902 -0.682756
v 1.246751 0.428664 -0.926703
v 1.093793 0.455055 -0.893757
v 1.078635 0.128249 -0.310982
v 1.070525 0.162021 -0.333985
v 1.048466 0.135116 -0.250133
v 1.035225 0.141067 -0.264642
v 1.022399 0.150116 -0.189559
v 1.003121 0.142655 -0.202918
v 1.127788 0.142610 -0.371972
v 1.123940 0.126245 -0.353294
v 1.105193 0.123463 -0.339271
v 0.771719 0.058678 -2.120867
v 1.132991 0.337150 -0.555741
v 1.125527 0.238435 -0.523391
v 1.118745 0.253830 -0.540287
v 1.112946 0.209034 -0.408273
v 1.068223 0.248110 -0.478859
v 1.065098 0.273253 -0.489930
v 1.020643 0.336951 -0.486271
v 0.969454 0.316115 -0.435275
v 0.754290 0.374162 -1.479052
v 0.994116 0.228271 -1.759192
v 0.825791 0.324017 -1.637930
v 0.978306 0.474738 -0.516682
v 1.139889 0.468518 -0.594004
v 1.090670 0.561787 -0.628409
v 1.014232 0.551251 -0.733371
v 0.957313 0.575428 -0.572953
v 0.949066 0.587150 -0.668231
v 0.945436 0.590163 -0.624578
v 0.936575 0.490571 -0.835639
v 0.987069 0.370337 -1.103528
v 1.014467 0.388194 -1.201775
v 0.978108 0.412311 -1.267964
v 0.901751 0.420042 -1.181083
v 0.993302 0.587733 -0.666378
v 0.906464 0.151642 -0.142828
v 0.895700 0.161835 -0.169070
v 0.833742 0.181335 -0.126505
v 0.468119 0.068779 -2.109483
v 0.974142 0.202193 -0.270260
v 0.883390 0.229758 -0.251785
v 0.852363 0.281972 -0.249657
v 0.838160 0.296098 -0.259641
v 0.817136 0.219527 -0.180673
v 0.815111 0.279511 -0.211716
v 0.795098 0.291441 -0.230069
v 0.848411 0.324296 -0.318659
v 0.566553 0.242885 -1.770871
v 0.827338 0.443954 -0.468368
v 0.760167 0.502724 -0.482801
v 0.726536 0.429354 -0.397113
v 0.905223 0.557591 -0.559642
v 0.901880 0.566151 -0.577108
v 0.879216 0.566930 -0.637881
v 0.907947 0.570174 -0.711911
v 0.878014 0.567800 -0.682739
v 0.856386 0.546725 -0.551778
v 0.810085 0.527955 -0.731393
v 0.790847 0.524810 -0.544323
v 0.680926 0.488599 -0.714374
v 0.783607 0.409084 -0.976570
v 0.794943 0.452881 -1.194009
v 0.751809 0.419852 -1.354975
v 0.677808 0.456689 -1.178075
v 0.619524 0.404324 -1.337597
v 0.761785 0.190963 -0.099560
v 0.709460 0.184282 -0.069986
v 0.754476 0.261575 -0.174293
v 0.688900 0.205012 -0.085327
v 0.601176 0.352897 -0.274219
v 0.475107 0.375503 -0.916331
v 0.502606 0.287610 -1.660725
v 0.282123 0.255682 -1.667160
v 0.464494 0.213867 -1.892785
v 0.433721 0.258009 -1.788288
v 0.277281 0.166636 -1.923048
v 0.586402 0.438608 -0.430664
v 0.622129 0.462173 -0.502375
v 0.568269 0.453110 -0.680379
v 0.512774 0.409664 -0.535903
v 0.523193 0.422758 -0.482067
v 0.594601 0.423733 -0.894566
v 0.535310 0.451789 -1.150068
v 0.373876 0.357927 -1.411735
v 0.465047 0.195272 -0.070251
v 0.436114 0.134193 -0.033348
v 0.431844 0.172843 -0.073565
v 0.396524 0.114717 -0.066002
v 0.401025 0.112060 -0.038481
v 0.377316 0.131246 -0.076475
v 0.405143 0.145563 -0.073894
v 0.201193 0.062021 -2.103343
v 0.141329 0.095298 -2.037385
v 0.090281 0.038666 -2.152314
v 0.577153 0.224986 -0.056165
v 0.522749 0.207527 -0.051035
v 0.479930 0.233375 -0.102071
v 0.431771 0.301464 -0.229741
v 0.533602 0.369751 -0.372098
v 0.435001 0.312648 -0.328550
v 0.371806 0.349723 -0.439436
v 0.334233 0.361487 -0.440090
v 0.323165 0.376399 -0.792191
v 0.285601 0.344275 -0.884782
v 0.228763 0.367072 -1.389065
v 0.251658 0.212185 -1.795738
v 0.070587 0.225217 -1.816733
v 0.064383 0.184667 -1.936764
v 0.454939 0.419816 -0.579246
v 0.465804 0.430383 -0.658446
v 0.363618 0.407570 -0.549591
v 0.319396 0.388801 -0.462116
v 0.325646 0.398941 -1.013879
v 0.296421 0.425558 -1.103564
v 0.386549 0.123807 -0.022283
v 0.369131 0.118254 -0.035508
v 0.356719 0.165217 0.013118
v 0.320534 0.135440 -0.025733
v 0.320248 0.137418 -0.047848
v 0.316575 0.149378 -0.066013
v 0.273700 0.143590 -0.008299
v 0.263613 0.133975 -0.049718
v 0.246285 0.142871 -0.067034
v 0.209630 0.137614 -0.017987
v 0.197719 0.177942 -0.120643
v 0.216031 0.128267 -0.034514
v 0.275015 0.227087 -0.145071
v 0.327655 0.282830 -0.355733
v 0.289223 0.323050 -0.387412
v 0.262269 0.253143 -0.298663
v 0.252276 0.374771 -0.401255
v 0.228664 0.314708 -0.347386
v 0.208925 0.208386 -0.216654
v 0.184450 0.378866 -0.413835
v 0.087955 0.335802 -0.548039
v 0.231622 0.369726 -0.636055
v 0.137401 0.333980 -0.628703
v 0.117322 0.339371 -0.738762
v 0.124857 0.317515 -0.863653
v 0.069037 0.324604 -0.877453
v 0.125885 0.266053 -1.637044
v 0.085831 0.321725 -1.488886
v -0.037786 0.278510 -1.648173
v -0.057182 0.154684 -1.959771
v 0.244875 0.390754 -0.436155
v 0.178839 0.392008 -0.448742
v 0.174876 0.406545 -1.063175
v 0.147062 0.118810 -0.060295
v 0.144212 0.117175 -0.070672
v 0.167793 0.131630 -0.035662
v 0.152345 0.138219 -0.097684
v 0.126917 0.176208 -0.177644
v 0.125326 0.116689 -0.067860
v 0.124377 0.129098 -0.094990
v 0.086400 0.131103 -0.092054
v 0.094778 0.159032 -0.028665
v 0.078830 0.168769 0.011179
v 0.056162 0.138551 -0.088625
v 0.012679 0.125229 -0.126210
v 0.001797 0.145258 -0.082893
v -0.016139 0.116779 -0.118993
v -0.014874 0.116602 -0.127513
v -0.043484 0.123620 -0.133810
v -0.048783 0.133706 -0.109924
v 0.028705 0.147162 -0.167399
v -0.038397 0.129065 -0.156158
v -0.066405 0.166682 -0.204682
v -0.209908 0.074450 -2.030424
v -0.409157 0.052904 -2.057388
v 0.024696 0.270997 -0.331505
v 0.016534 0.322524 -0.455553
v -0.061187 0.300494 -0.473417
v 0.036623 0.284882 -0.839862
v 0.020208 0.285565 -0.854609
v -0.026011 0.337652 -0.897771
v -0.285569 0.269809 -1.573489
v 0.097930 0.155765 1.733420
v 0.303793 0.134923 1.252576
v 0.098692 0.144772 1.386992
v 0.168174 0.132764 1.203603
v -0.041700 0.167193 1.100582
v 0.059569 0.166300 1.119297
v 0.082096 0.163250 0.706762
v 0.060977 0.140021 0.859463
v -0.012241 0.128129 0.822705
v -0.053809 0.108021 0.798099
v -0.072773 0.101872 0.822501
v -0.078003 0.120159 0.863145
v -0.091497 0.124925 0.774040
v -0.082414 0.134961 0.576809
v -0.083931 0.129503 0.736258
v 0.007078 0.180830 0.275161
v -0.015680 0.166391 0.016936
v -0.095898 0.164629 1.336584
v -0.100745 0.109238 0.798763
v -0.152728 0.121468 0.756976
v -0.158349 0.143571 0.919462
v -0.221808 0.133703 0.930073
v -0.231145 0.112887 0.816024
v -0.293943 0.091816 0.768304
v -0.153659 0.133284 0.602742
v -0.192463 0.111146 0.726721
v -0.337549 0.102974 0.755180
v -0.210271 0.165267 0.556388
v -0.386688 0.153057 0.477030
v -0.217465 0.125261 2.013886
v -0.082941 0.140474 1.992994
v -0.238450 0.169484 1.834880
v -0.234974 0.129044 1.435637
v -0.301568 0.146971 1.540825
v -0.258684 0.145562 1.253338
v -0.394477 0.155469 1.265775
v -0.460256 0.139393 1.096644
v -0.281856 0.101495 0.862891
v -0.303024 0.126524 0.942428
v -0.438863 0.145661 0.639842
v -0.465425 0.124985 0.771485
v -0.529948 0.135545 0.512793
v -0.550488 0.140230 0.302269
v -0.446334 0.156349 1.848155
v -0.541138 0.154263 1.678159
v -0.739647 0.122916 0.860365
v -0.598674 0.122368 0.736318
v -0.762196 0.116864 0.666221
v -0.807067 0.105418 0.424060
v -0.827860 0.092727 0.314114
v -0.874657 0.098080 0.181726
v -0.855936 0.124932 1.131678
v -0.706161 0.122064 1.050330
v -0.827539 0.104172 0.497553
v -0.939106 0.089296 0.445053
v -0.881678 0.087149 0.404903
v -0.949231 0.115297 0.242354
v -0.913740 0.071105 0.454794
v -0.922506 0.108279 0.389971
v -0.994102 0.123115 0.344131
v -0.825477 0.160696 1.813364
v -0.946703 0.157552 1.548952
v -0.890297 0.133867 1.466847
v -0.931939 0.124359 1.358299
v -0.993399 0.153813 1.465279
v -0.965723 0.113334 1.205198
v -1.122259 0.134538 1.204126
v -1.133051 0.101479 0.752224
v -1.033935 0.039583 0.530872
v -1.018661 0.038557 0.552882
v -1.044747 0.043920 0.570506
v -1.056448 0.046905 0.551541
v -1.067844 0.059019 0.628969
v -1.048557 0.069634 0.630328
v -1.056994 0.049717 0.593234
v -1.075000 0.063373 0.588069
v -1.072112 0.086030 0.520270
v -1.088060 0.086819 0.583568
v -1.091667 0.055613 0.652184
v -1.102767 0.085184 0.602298
v -1.108650 0.123126 0.532716
v -1.128922 0.082150 0.704514
v -1.126640 0.046585 0.661928
v -1.106593 0.060956 0.619337
v -1.150639 0.054209 0.642993
v -1.178882 0.129622 0.547505
v -1.151639 0.048912 0.675821
v -1.166386 0.051414 0.659767
v -1.151733 0.094525 0.605217
v -1.041148 0.108009 0.423205
v -1.092115 0.170999 0.380969
v -1.146557 0.164407 0.473480
v -1.191163 0.149550 0.447220
v -1.199232 0.158344 0.401150
v -1.133641 0.194691 0.420157
v -1.138835 0.198774 0.367206
v -1.045157 0.082504 2.042960
v -1.130874 0.120103 1.953803
v -1.210370 0.140530 1.314916
v -1.260537 0.089983 0.768628
v -1.314340 0.101974 0.871680
v -1.193227 0.059991 0.689260
v -1.267907 0.065459 0.696269
v -1.263204 0.076374 0.664363
v -1.344755 0.096072 0.589731
v -1.334466 0.049443 0.655297
v -1.387202 0.123686 0.559609
v -1.410815 0.051354 0.705807
v -1.432486 0.040584 0.669660
v -1.306342 0.113163 0.362305
v -1.271453 0.135865 0.536805
v -1.255918 0.116074 1.939389
v -1.246623 0.160352 1.816986
v -1.436222 0.105558 0.950362
v -1.440723 0.074705 0.815688
v -1.459873 0.049049 0.637910
v -1.475093 0.132728 0.578604
v -1.473732 0.034819 0.703817
v -1.486109 0.035100 0.675769
v -1.520995 0.039671 0.716584
v -1.527623 0.043138 0.692795
v -1.541549 0.110234 0.635384
v -1.558260 0.120657 0.598462
v -1.574402 0.050301 0.737309
v -1.643513 0.072788 0.726179
v -1.637587 0.105848 0.677167
v -1.493753 0.144974 0.548103
v -1.552102 0.130852 0.486372
v -1.469587 0.179862 1.527213
v -1.470576 0.155811 1.405756
v -1.550283 0.177953 1.630202
v -1.598349 0.102197 0.942103
v -1.637233 0.055788 0.765263
v -1.717399 0.102167 0.696216
v -1.838867 0.130757 1.736061
v -1.832083 0.161904 1.547071
v -1.771518 0.132659 1.261971
v -1.773430 0.065849 0.865440
v -1.943132 0.085563 0.850932
v -2.011249 0.080829 0.649020
v -2.175909 0.086638 1.721684
v -2.203232 0.145058 1.342389
v -2.092295 0.104229 0.776260
v -2.140976 0.107866 0.906127
v -2.173567 0.067640 0.741860
v -2.188924 0.060448 0.729128
v -2.172216 0.100830 0.861030
v -2.182299 0.083793 0.814613
v -2.212897 0.062362 0.779146
v -2.223204 0.082804 0.708285
v -2.240996 0.067879 0.761785
v -2.202757 0.093544 0.833297
v -2.149009 0.050610 0.577918
v -2.189265 0.049850 0.539731
v -2.214926 0.084729 0.669095
v -2.219831 0.066094 0.633537
v -2.236331 0.056365 0.594003
v -2.166878 0.142976 1.546578
v -2.170833 0.120689 1.172888
v -2.281026 0.118621 0.937132
v -2.239635 0.107895 0.852218
v -2.352087 0.108808 0.776493
v -2.415413 0.121211 0.868207
v -2.328243 0.099712 0.578185
v -2.403229 0.105721 1.583158
v -2.576422 0.120090 0.864223
v -2.561309 0.133414 0.537536
v -2.595245 0.109472 0.704906
v -2.838355 0.130129 0.914946
v -2.836128 0.138213 0.776286
v -2.923425 0.075833 1.045655
v -3.079845 0.060683 0.842105
v -0.109202 0.161650 -0.068989
v -0.229680 0.138456 0.082603
v -0.086128 0.127751 -0.174532
v -0.145060 0.131680 -0.191362
v -0.161939 0.139395 -0.138774
v -0.258622 0.159494 -0.213447
v -0.247137 0.211271 -0.264216
v -0.154484 0.250133 -0.321888
v -0.228067 0.245680 -0.463300
v -0.254515 0.251331 -0.347174
v -0.307367 0.224262 -0.409454
v -0.216011 0.270504 -0.544523
v -0.310222 0.258220 -0.526070
v -0.390971 0.252008 -0.663825
v -0.322935 0.344642 -1.066894
v -0.280282 0.330085 -1.257156
v -0.385347 0.312261 -1.296992
v -0.475594 0.302602 -1.179369
v -0.311433 0.280614 -1.456805
v -0.455631 0.291509 -1.413114
v -0.480565 0.299075 -1.361027
v -0.428679 0.280887 -1.700670
v -0.435976 0.229848 -1.827783
v -0.459934 0.140216 -1.967553
v -0.330256 0.144623 -0.195953
v -0.327890 0.162906 -0.227112
v -0.323755 0.146535 -0.158802
v -0.385246 0.137469 -0.170039
v -0.388958 0.141836 -0.199465
v -0.389453 0.164214 -0.233553
v -0.359987 0.154487 -0.111925
v -0.435398 0.132036 -0.137219
v -0.447406 0.132766 -0.154002
v -0.469921 0.181044 -0.206577
v -0.380764 0.197869 -0.284464
v -0.440056 0.225506 -0.294771
v -0.391116 0.243471 -0.405846
v -0.450744 0.252220 -0.391254
v -0.485588 0.237814 -0.309513
v -0.433671 0.246102 -0.583612
v -0.418287 0.333923 -0.943150
v -0.643938 0.293678 -1.190223
v -0.478938 0.285844 -1.492752
v -0.675060 0.314840 -1.700661
v -0.657228 0.301186 -1.517833
v -0.773187 0.249444 -1.869018
v -0.777155 0.128513 -2.013812
v -0.600017 0.112117 0.116632
v -0.506899 0.124288 -0.106333
v -0.732140 0.206086 -0.419852
v -0.780211 0.328727 -1.035253
v -0.796178 0.309801 -1.160479
v -0.689392 0.294029 -1.321958
v -0.731164 0.303622 -1.545209
v -0.806850 0.306283 -1.689457
v -0.826520 0.285430 -1.618841
v -0.920574 0.237412 -1.520487
v -0.900588 0.234652 -1.540484
v -0.801354 0.274229 -1.818965
v -0.941923 0.298709 -1.700340
v -0.947759 0.298921 -1.754193
v -0.935042 0.111991 -2.019239
v -0.685780 0.116171 0.124106
v -0.698672 0.110983 0.195008
v -0.789118 0.110744 0.023000
v -0.812957 0.077850 0.085051
v -0.831349 0.084044 0.112832
v -0.893443 0.081318 0.053551
v -0.921144 0.172715 -0.248185
v -0.767237 0.226006 -0.443236
v -0.785195 0.192479 -0.366191
v -0.784746 0.205328 -0.284937
v -0.846749 0.189263 -0.209285
v -0.855932 0.193559 -0.341976
v -0.880217 0.183011 -0.257161
v -0.904025 0.234703 -0.364286
v -0.895680 0.192394 -0.307601
v -0.938087 0.251383 -0.406161
v -0.924399 0.178083 -0.269508
v -0.936476 0.230568 -0.313634
v -0.831263 0.253100 -0.458238
v -0.875828 0.262346 -0.541995
v -0.980204 0.269744 -0.592638
v -0.941898 0.240366 -0.669029
v -0.921743 0.265455 -0.805046
v -0.988714 0.234241 -0.769394
v -1.047070 0.271049 -0.916865
v -0.998686 0.279650 -1.207709
v -0.978925 0.331669 -1.025699
v -1.055568 0.332045 -1.140334
v -0.950060 0.274426 -1.306065
v -1.065628 0.311533 -1.343830
v -1.067690 0.307641 -1.383766
v -0.980067 0.233353 -1.582119
v -1.053565 0.234399 -1.567956
v -1.106048 0.263931 -1.467263
v -1.138075 0.243969 -1.543331
v -1.050545 0.310579 -1.732858
v -1.090290 0.218607 -1.872711
v -0.961204 0.092106 0.059851
v -1.024100 0.113692 0.174060
v -0.942763 0.176558 -0.156539
v -1.096928 0.131303 -0.087246
v -1.014746 0.231039 -0.338364
v -1.103282 0.204493 -0.315957
v -1.093361 0.242792 -0.569655
v -1.103417 0.210187 -0.393712
v -1.142498 0.221159 -0.544170
v -1.180880 0.211449 -0.489059
v -1.196097 0.220440 -0.493010
v -1.202461 0.268461 -0.505924
v -1.181662 0.265094 -0.558643
v -1.053065 0.239740 -0.700626
v -1.115859 0.241192 -0.666651
v -1.157731 0.276129 -0.728860
v -1.125899 0.233479 -0.586113
v -1.216513 0.281720 -0.613169
v -1.129104 0.277251 -0.963578
v -1.113711 0.272101 -1.240056
v -1.119932 0.318854 -1.160515
v -1.166353 0.272087 -1.209772
v -1.159424 0.283299 -1.183589
v -1.202027 0.269099 -1.003105
v -1.213425 0.289806 -1.141970
v -1.263400 0.265481 -1.011732
v -1.259360 0.242862 -1.450321
v -1.352401 0.289061 -1.543987
v -1.363206 0.258591 -1.442411
v -1.201710 0.274821 -1.750236
v -1.264380 0.268769 -1.671852
v -1.368326 0.289476 -1.653537
v -1.207290 0.136255 0.242457
v -1.248396 0.132734 0.287694
v -1.101151 0.085686 -0.030230
v -1.259778 0.122051 0.048049
v -1.289516 0.199478 -0.124595
v -1.244231 0.208754 -0.222862
v -1.302925 0.194333 -0.317771
v -1.193515 0.191683 -0.441636
v -1.225623 0.260656 -0.474763
v -1.212226 0.279585 -0.513197
v -1.201026 0.206682 -0.311446
v -1.217697 0.175028 -0.385725
v -1.225090 0.201824 -0.441872
v -1.238749 0.274564 -0.483615
v -1.261857 0.284736 -0.577964
v -1.237373 0.183510 -0.407078
v -1.249710 0.239575 -0.430778
v -1.257009 0.182366 -0.389987
v -1.261822 0.208451 -0.399812
v -1.271388 0.230520 -0.399302
v -1.282698 0.246566 -0.445656
v -1.295265 0.206017 -0.349663
v -1.279969 0.282518 -0.514369
v -1.412628 0.227394 -0.388361
v -1.479319 0.204830 -0.502569
v -1.259716 0.280564 -0.687993
v -1.306617 0.276958 -0.714894
v -1.318395 0.279640 -0.563837
v -1.204142 0.269181 -0.909841
v -1.345280 0.265875 -0.972963
v -1.345600 0.230391 -0.891291
v -1.358428 0.230770 -0.936847
v -1.413442 0.227722 -0.756786
v -1.450985 0.210234 -0.859779
v -1.308996 0.279969 -1.114663
v -1.328307 0.293083 -1.039788
v -1.343942 0.292731 -1.065132
v -1.352270 0.277682 -1.112114
v -1.386945 0.275513 -1.081085
v -1.419905 0.292683 -1.153909
v -1.453907 0.241811 -1.358269
v -1.333266 0.288212 -1.250029
v -1.414182 0.282852 -1.228756
v -1.607229 0.251941 -1.330911
v -1.494791 0.273287 -1.557331
v -1.577042 0.172912 -1.739675
v -1.620644 0.238012 -1.563523
v -1.520894 0.058211 -1.881943
v -1.308095 0.131404 0.238307
v -1.442569 0.174460 0.138701
v -1.331694 0.147619 -0.051834
v -1.353827 0.174103 -0.104793
v -1.356518 0.137806 0.019148
v -1.440824 0.178733 0.072977
v -1.493825 0.177155 -0.008713
v -1.427366 0.198947 -0.111422
v -1.425652 0.221359 -0.263035
v -1.487901 0.207308 -0.125444
v -1.541667 0.211346 -0.222639
v -1.497413 0.197309 -0.385480
v -1.567911 0.219090 -0.320206
v -1.408367 0.235102 -0.667681
v -1.553694 0.188806 -0.727057
v -1.574288 0.179026 -0.654401
v -1.497893 0.245110 -0.890685
v -1.489658 0.199803 -0.815887
v -1.615684 0.238674 -0.857338
v -1.607464 0.259580 -0.949470
v -1.643976 0.223194 -0.747129
v -1.639195 0.279235 -1.058958
v -1.619075 0.274799 -1.215804
v -1.607569 0.255291 -1.479155
v -1.769957 0.258562 -1.424607
v -1.763467 0.128823 -1.666145
v -1.571529 0.145542 0.171848
v -1.642989 0.153214 0.163378
v -1.606369 0.175292 -0.109339
v -1.719513 0.167458 -0.082292
v -1.729915 0.201377 -0.478390
v -1.823107 0.188561 -0.306739
v -1.929943 0.129377 -1.565030
v -1.755579 0.131841 0.263320
v -1.847317 0.080499 0.366851
v -1.864409 0.152442 0.267233
v -1.796230 0.170308 -0.169873
v -1.885742 0.184820 -0.205020
v -1.772284 0.188034 0.208322
v -1.826169 0.192672 0.216074
v -1.736110 0.188436 0.123914
v -1.787582 0.205238 0.178735
v -1.815198 0.205930 0.139344
v -1.959528 0.185192 0.096938
v -1.888438 0.221225 -0.358646
v -1.870238 0.225055 -0.496332
v -2.015057 0.185562 -1.399432
v -1.924679 0.172531 0.211431
v -1.959384 0.096318 0.381071
v -2.012585 0.137018 0.283896
v -2.018646 0.168048 0.229857
v -2.024256 0.068372 0.449063
v -2.105657 0.168210 0.234145
v -2.017131 0.170697 0.173448
v -2.064191 0.146275 0.007986
v -2.141114 0.141941 0.001078
v -2.149850 0.144815 -0.018539
v -2.165538 0.154439 -0.035036
v -2.046253 0.240362 -0.241118
v -2.187655 0.243287 -0.236229
v -2.212193 0.247966 -0.436452
v -2.212198 0.242554 -0.730474
v -2.279174 0.245255 -0.860841
v -2.189220 0.179342 -1.224282
v -2.152762 0.233882 -1.036350
v -2.325413 0.101916 -1.282834
v -2.126715 0.073193 0.348155
v -2.146627 0.068218 0.460461
v -2.177059 0.136940 0.288072
v -2.211588 0.071618 0.341347
v -2.283046 0.123465 0.272658
v -2.277383 0.095507 0.338197
v -2.180127 0.158356 0.146836
v -2.184564 0.146473 0.038504
v -2.230659 0.153291 -0.033547
v -2.291244 0.130712 0.006459
v -2.271577 0.132378 0.059136
v -2.296946 0.140614 -0.017007
v -2.340573 0.129878 0.060023
v -2.367788 0.126287 0.005220
v -2.327302 0.179993 -0.049755
v -2.355365 0.243105 -0.597226
v -2.413580 0.231004 -0.370711
v -2.414251 0.129456 0.487267
v -2.465437 0.108963 0.066023
v -2.523323 0.109010 0.064891
v -2.563572 0.099792 0.100288
v -2.568127 0.104706 0.083623
v -2.575323 0.154549 0.050208
v -2.505441 0.177925 -0.015248
v -2.591997 0.178602 0.019477
v -2.542238 0.224661 -0.152616
v -2.608686 0.223560 -0.252896
v -2.550537 0.229447 -0.493164
v -2.696718 0.144029 0.414498
v -2.697927 0.123410 0.519815
v -2.589589 0.099587 0.122207
v -2.589908 0.115544 0.197343
v -2.562747 0.115210 0.298485
v -2.634150 0.108824 0.138363
v -2.648774 0.130803 0.131291
v -2.632922 0.108040 0.236592
v -2.668629 0.082838 0.216775
v -2.651595 0.096616 0.174104
v -2.666077 0.101375 0.167770
v -2.670813 0.090443 0.240543
v -2.679724 0.079877 0.214264
v -2.672382 0.085318 0.205156
v -2.682062 0.095615 0.192584
v -2.701824 0.153889 0.165214
v -2.649477 0.108496 0.305778
v -2.691688 0.095401 0.307573
v -2.710397 0.098341 0.262704
v -2.702974 0.100434 0.236135
v -2.732749 0.121763 0.279374
v -2.762578 0.166054 0.219709
v -2.648883 0.156063 0.110885
v -2.772408 0.104371 -0.717107
v -2.856432 0.085972 -0.610968
v -2.734674 0.072753 -0.848416
v -2.679101 0.223526 -0.056592
v -2.792335 0.204155 0.030790
v -2.718397 0.230700 -0.111598
v -2.761954 0.191875 -0.301251
v -2.792114 0.145241 0.452418
v -2.891608 0.167072 0.476796
v -2.957850 0.165891 0.461073
v -2.895094 0.154261 0.342490
v -3.028547 0.091555 -0.111902
v -2.853364 0.196244 -0.062613
v -3.071269 0.095916 0.396951
v -3.082441 0.075643 0.076545
v -3.057026 0.119527 0.562800
v -2.918600 0.159825 0.542184
v -2.843388 0.188198 0.157354
v -2.919525 0.100248 -0.386228
v -2.885347 0.092392 -0.490275
v -2.979900 0.099464 -0.224547
v -2.940300 0.161269 0.111003
v -2.971996 0.138605 0.280691
v -2.840235 0.161274 0.269354
v -2.767000 0.147169 0.285093
v -2.879061 0.160481 0.411888
v -2.792520 0.149473 0.349063
v -2.739327 0.167194 -0.514754
v -2.669460 0.178980 0.061096
v -2.753068 0.140986 0.328716
v -2.732158 0.178887 0.126118
v -2.731006 0.150831 0.228813
v -2.717191 0.101473 0.298657
v -2.689943 0.090925 0.239633
v -2.697734 0.082159 0.274403
v -2.681423 0.113210 0.168409
v -2.684088 0.080148 0.281309
v -2.634993 0.106450 0.282642
v -2.622467 0.100609 0.147102
v -2.599433 0.107001 0.111203
v -2.703691 0.139355 0.354085
v -2.605220 0.118224 0.346081
v -2.516346 0.126836 0.412115
v -2.603236 0.197846 -0.661692
v -2.615703 0.113630 -0.908844
v -2.507431 0.137658 0.026833
v -2.473153 0.113367 0.042058
v -2.425776 0.171498 -0.015295
v -2.401000 0.142775 0.001264
v -2.411690 0.117108 0.024060
v -2.409634 0.113179 0.045909
v -2.513189 0.112502 0.123925
v -2.397333 0.121977 0.175638
v -2.479667 0.072349 -1.143846
v -2.459884 0.171156 -0.938136
v -2.304763 0.216147 -0.968126
v -2.438164 0.231989 -0.762248
v -2.384213 0.231214 -0.224060
v -2.381687 0.191697 -0.060847
v -2.248731 0.200561 -0.097923
v -2.582499 0.043151 -1.087368
v -2.361064 0.119228 0.022126
v -2.216004 0.137324 -0.006146
v -2.272273 0.129394 0.183432
v -2.346326 0.114409 0.306192
v -2.337982 0.107485 0.483020
v -2.254318 0.058030 0.482729
v -2.218219 0.059175 0.377033
v -2.177432 0.156145 0.250965
v -2.145699 0.080065 0.325772
v -2.183708 0.116140 -1.379649
v -2.300993 0.157786 -1.149266
v -2.106249 0.253891 -0.916988
v -2.027239 0.249848 -0.343786
v -2.122839 0.199083 -0.104863
v -1.893044 0.196345 0.143391
v -2.294527 0.057539 -1.366303
v -1.978316 0.158076 -0.089414
v -2.068360 0.158981 0.112937
v -2.096593 0.150250 0.265210
v -2.084911 0.100053 0.306230
v -2.055157 0.097593 0.323610
v -2.007000 0.089689 0.393371
v -1.979266 0.118307 0.347104
v -1.911961 0.127768 0.306655
v -1.969361 0.273373 -1.090331
v -2.015262 0.226820 -1.246103
v -1.957162 0.275839 -1.009429
v -2.059498 0.235235 -0.807693
v -1.900478 0.243280 -0.870637
v -2.028193 0.238238 -0.686855
v -1.886074 0.200682 0.085531
v -1.769895 0.200384 0.096627
v -1.865412 0.192438 0.182950
v -2.099670 0.076405 -1.501037
v -1.929940 0.156242 -0.043733
v -1.860420 0.106925 0.321204
v -1.808778 0.168255 0.244589
v -1.727830 0.083616 0.329824
v -1.711133 0.147468 0.220988
v -1.880463 0.247371 -1.274696
v -1.788676 0.272447 -1.042785
v -1.728161 0.239040 -0.900901
v -1.850621 0.247384 -0.728846
v -1.738898 0.246742 -0.766344
v -1.780637 0.208640 -0.593889
v -1.664366 0.208317 -0.635116
v -1.682373 0.193626 -0.342770
v -1.730212 0.195518 -0.261688
v -1.678715 0.190825 -0.128172
v -1.672410 0.216230 -0.204897
v -1.648283 0.208570 -0.175557
v -1.602134 0.227252 -0.280606
v -1.724046 0.185746 -0.190864
v -1.678164 0.174107 0.074251
v -1.639643 0.155469 -0.033140
v -1.570422 0.171349 -0.050830
v -1.576006 0.158330 0.081743
v -1.608266 0.083015 0.323168
v -1.594867 0.090309 0.273063
v -1.496717 0.101010 0.247632
v -1.435751 0.109586 0.295433
v -1.767258 0.216969 -1.510949
v -1.712886 0.263028 -1.326244
v -1.549426 0.230599 -0.821930
v -1.516321 0.195064 -0.763522
v -1.493012 0.197251 -0.746414
v -1.469459 0.201524 -0.802530
v -1.609270 0.187764 -0.679200
v -1.597461 0.189418 -0.618774
v -1.537737 0.184224 -0.711012
v -1.571929 0.187662 -0.537901
v -1.486013 0.206443 -0.656058
v -1.517947 0.189196 -0.581690
v -1.581019 0.191931 -0.393613
v -1.512538 0.217427 -0.305497
v -1.358240 0.199783 -0.188431
v -1.428238 0.182655 -0.001272
v -1.481567 0.180718 0.088011
v -1.390873 0.184636 -0.061531
v -1.428037 0.125442 0.221375
v -1.381328 0.135269 0.190972
v -1.325467 0.126740 0.119637
v -1.449637 0.255992 -1.685361
v -1.460707 0.267279 -1.458363
v -1.499222 0.256074 -1.216307
v -1.389550 0.255156 -1.322248
v -1.504033 0.275026 -1.072350
v -1.466985 0.274822 -1.008998
v -1.404427 0.284653 -1.035482
v -1.382382 0.285266 -1.005833
v -1.311851 0.279819 -1.006964
v -1.431090 0.210246 -0.847861
v -1.428255 0.226000 -0.897509
v -1.450440 0.252948 -0.940500
v -1.403205 0.218076 -0.887445
v -1.357889 0.244037 -0.796880
v -1.304649 0.253625 -0.969950
v -1.358438 0.218731 -0.304406
v -1.317820 0.232073 -0.412358
v -1.306034 0.230168 -0.366581
v -1.262462 0.246705 -0.434680
v -1.246902 0.169265 -0.378145
v -1.227039 0.173132 -0.398871
v -1.195306 0.278753 -0.561007
v -1.172212 0.192774 -0.384696
v -1.326828 0.197309 -0.235932
v -1.314461 0.206831 -0.181720
v -1.278357 0.194813 -0.290395
v -1.272716 0.172953 -0.339700
v -1.264533 0.172101 -0.332797
v -1.235820 0.169934 -0.365048
v -1.299520 0.131003 -0.005301
v -1.210761 0.138088 -0.044692
v -1.212628 0.194536 -0.160067
v -1.160286 0.121016 -0.036302
v -1.140799 0.092534 0.010420
v -1.219025 0.107552 0.145792
v -1.258848 0.090847 -1.955166
v -1.387005 0.179074 -1.792225
v -1.291682 0.263051 -1.720551
v -1.194428 0.278416 -1.688028
v -1.339655 0.246840 -1.405547
v -1.327642 0.283055 -1.604766
v -1.320179 0.265309 -1.507665
v -1.288584 0.238274 -1.478214
v -1.268409 0.242629 -1.572753
v -1.235979 0.228574 -1.555354
v -1.207099 0.249151 -1.605196
v -1.196833 0.243839 -1.485778
v -1.273042 0.259328 -1.359798
v -1.232190 0.288991 -1.281123
v -1.195258 0.282828 -1.241982
v -1.142944 0.296181 -1.324130
v -1.159823 0.275385 -1.390318
v -1.126160 0.284833 -1.278742
v -1.301722 0.295822 -1.185872
v -1.259567 0.279186 -1.079656
v -1.243043 0.289398 -1.215642
v -1.189270 0.274124 -1.181996
v -1.156677 0.311228 -1.139931
v -1.159884 0.296630 -1.082829
v -1.095802 0.332190 -1.107803
v -1.107477 0.283741 -1.213095
v -1.205655 0.290933 -0.808677
v -1.153501 0.284547 -0.851478
v -1.084468 0.259500 -0.899482
v -1.042273 0.249915 -0.830745
v -1.188427 0.279233 -0.616109
v -1.175786 0.287628 -0.779680
v -1.181227 0.278242 -0.675947
v -1.153979 0.238029 -0.595576
v -1.118514 0.257576 -0.730903
v -1.080464 0.245586 -0.635105
v -1.113773 0.277669 -0.809697
v -1.155629 0.208623 -0.482609
v -1.176632 0.229562 -0.538726
v -1.081020 0.226218 -0.449701
v -1.086610 0.237712 -0.514511
v -1.028057 0.263513 -0.581776
v -0.982188 0.269450 -0.502822
v -1.149605 0.206505 -0.261949
v -1.038675 0.207336 -0.283883
v -0.969929 0.200070 -0.269279
v -0.968455 0.238223 -0.316332
v -1.070273 0.154589 -0.141272
v -0.966373 0.171071 -0.228239
v -1.038539 0.089767 0.020002
v -1.024787 0.132999 -0.090544
v -1.036996 0.083626 -0.031074
v -0.950331 0.089379 0.001930
v -0.908760 0.154128 -0.110956
v -0.898168 0.108954 -0.039533
v -0.912792 0.097728 0.109107
v -1.104177 0.103526 -1.980624
v -1.233953 0.199559 -1.841382
v -1.038303 0.299066 -1.697222
v -0.992043 0.276376 -1.813205
v -1.135452 0.282111 -1.658077
v -1.138656 0.245411 -1.587403
v -1.041289 0.232809 -1.606328
v -1.031124 0.247918 -1.639855
v -0.998904 0.240510 -1.537789
v -1.048291 0.283195 -1.291725
v -0.982038 0.282351 -1.397431
v -0.997168 0.292795 -1.339214
v -0.928744 0.274920 -1.356768
v -1.022734 0.266208 -1.251070
v -0.950645 0.328140 -1.120273
v -0.905014 0.271607 -1.250893
v -1.055862 0.304519 -1.010052
v -1.010180 0.263835 -0.855444
v -0.943516 0.304488 -0.903021
v -0.870498 0.241232 -0.727332
v -0.950751 0.279531 -0.541535
v -0.931613 0.271652 -0.487737
v -0.750606 0.235008 -0.487894
v -0.882618 0.183258 -0.289159
v -0.844943 0.189176 -0.322287
v -0.846403 0.237380 -0.405748
v -0.802280 0.197938 -0.383210
v -0.804022 0.155422 -0.104709
v -0.808593 0.080315 0.164514
v -0.915468 0.260831 -1.854376
v -0.962238 0.252551 -1.629416
v -0.827904 0.266238 -1.466005
v -0.889463 0.265025 -1.438004
v -0.847009 0.270380 -1.363912
v -0.792254 0.278471 -1.372245
v -0.703342 0.307019 -1.424521
v -0.737361 0.278932 -1.264753
v -0.779607 0.302624 -0.912434
v -0.676302 0.278218 -0.790896
v -0.760464 0.236315 -0.644430
v -0.696644 0.229213 -0.507474
v -0.652728 0.214823 -0.342179
v -0.590516 0.239822 -0.493987
v -0.573868 0.178150 -0.181534
v -0.538271 0.122156 0.012351
v -0.512653 0.137715 -0.131478
v -0.479504 0.127991 -0.072800
v -0.684063 0.128914 -0.012626
v -0.417732 0.150010 0.182047
v -0.628680 0.191172 -1.915742
v -0.614975 0.267244 -1.777768
v -0.684555 0.319690 -1.644508
v -0.587018 0.309691 -1.625896
v -0.583643 0.306473 -1.687541
v -0.580747 0.304033 -1.400578
v -0.607801 0.287602 -1.282656
v -0.549178 0.324745 -1.027294
v -0.602241 0.320481 -0.919808
v -0.482407 0.288702 -0.796018
v -0.537461 0.252890 -0.627573
v -0.504590 0.249207 -0.448731
v -0.355189 0.217301 -0.358842
v -0.380716 0.254798 -0.476619
v -0.331121 0.219881 -0.334065
v -0.326801 0.223880 -0.430767
v -0.341788 0.205252 -0.284533
v -0.382042 0.139153 0.067196
v -0.314767 0.160845 -0.044233
v -0.155440 0.363584 -0.969641
v -0.241478 0.293763 -0.783631
v -0.247853 0.273880 -0.642033
v -0.262582 0.246694 -0.391796
v -0.267687 0.241317 -0.480773
v -0.170457 0.261802 -0.372830
v -0.161896 0.253985 -0.511932
v -0.142365 0.266074 -0.455963
v -0.112104 0.274400 -0.382231
v -0.261040 0.239499 -0.304004
v -0.149737 0.210726 -0.261017
v -0.255881 0.147552 -0.188830
v -0.233960 0.146283 -0.158253
v -0.205004 0.141370 -0.189110
v -0.195507 0.153506 -0.212138
v -0.153838 0.125760 -0.171095
v -0.132297 0.160317 -0.214421
v -0.105061 0.134510 -0.119185
v -0.094464 0.121342 -0.148333
v -0.194327 0.168930 -0.077121
v -0.041883 0.159724 -0.060255
v -3.068086 0.081007 0.720972
v -2.989522 0.149516 0.618727
v -2.964681 0.124365 0.756680
v -2.987782 0.089234 0.919318
v -2.793290 0.077291 1.101065
v -2.722657 0.082904 1.249426
v -2.862762 0.137945 0.654222
v -2.693137 0.123132 0.947282
v -2.631691 0.084517 1.369277
v -2.688145 0.111301 0.727411
v -2.511762 0.114507 1.009370
v -2.400995 0.131480 1.196747
v -2.518027 0.125350 1.273461
v -2.518407 0.105978 1.485988
v -2.399097 0.148033 1.386237
v -2.458184 0.121935 0.675575
v -2.311969 0.095331 0.655115
v -2.261742 0.086744 0.646672
v -2.272877 0.092883 0.695758
v -2.301515 0.101552 0.796572
v -2.302506 0.096887 0.760738
v -2.279209 0.088901 0.731992
v -2.270195 0.083686 0.781525
v -2.351227 0.115326 1.017193
v -2.235698 0.119990 1.061017
v -2.322932 0.114879 1.121929
v -2.269425 0.100833 1.651613
v -2.233239 0.101226 0.676371
v -2.230440 0.093759 0.656989
v -2.186472 0.058020 0.675593
v -2.064753 0.066611 0.540347
v -2.241530 0.098476 0.698943
v -2.195439 0.116256 0.904710
v -2.241596 0.083338 0.724416
v -2.247818 0.081652 0.804549
v -2.221764 0.096888 0.681335
v -2.204631 0.067797 0.700640
v -2.152791 0.098025 0.834853
v -2.158626 0.058225 0.680132
v -2.132523 0.104715 0.764954
v -2.083161 0.086964 0.662801
v -2.171892 0.123294 0.991717
v -2.029765 0.107126 1.053504
v -1.916717 0.067910 0.612216
v -1.939016 0.076238 0.416284
v -1.862869 0.079409 0.533405
v -1.841957 0.064831 0.784247
v -1.964147 0.105972 1.239755
v -1.841517 0.091239 1.004443
v -1.823625 0.084304 0.443835
v -1.694094 0.092440 0.402415
v -1.699021 0.123295 0.575277
v -1.719050 0.066659 0.787776
v -1.632020 0.064883 0.821851
v -1.675573 0.116752 1.110047
v -1.507929 0.132443 1.216605
v -1.676461 0.162188 1.406027
v -1.550100 0.155953 1.474578
v -1.586355 0.121893 1.801250
v -1.502359 0.074908 1.922350
v -1.533527 0.078787 0.662471
v -1.509478 0.065523 0.789226
v -1.312435 0.185800 1.630992
v -1.328217 0.184792 1.480922
v -1.421638 0.151433 1.807996
v -1.423644 0.134928 0.461130
v -1.382032 0.137002 0.524094
v -1.343114 0.076736 0.743315
v -1.330047 0.051250 0.683484
v -1.207476 0.072744 0.659612
v -1.263186 0.115383 1.007886
v -1.138989 0.111944 0.883085
v -1.222924 0.129618 1.190544
v -1.071757 0.164916 1.678378
v -1.004206 0.158947 1.878590
v -1.170559 0.200586 0.355876
v -1.182732 0.196377 0.370120
v -1.236052 0.135496 0.342936
v -1.208027 0.176080 0.329912
v -1.183209 0.182854 0.316959
v -1.155660 0.202446 0.399422
v -1.132033 0.171369 0.308662
v -1.105644 0.166818 0.425991
v -1.124923 0.157311 0.476518
v -1.083765 0.118627 0.453809
v -1.125084 0.081487 0.615109
v -1.138125 0.047582 0.653188
v -1.104400 0.103974 0.590677
v -1.104288 0.047160 0.633768
v -1.078726 0.055806 0.617241
v -1.089539 0.064883 0.607357
v -1.016679 0.099408 0.670916
v -1.048096 0.066229 0.497674
v -1.030051 0.050523 0.581864
v -1.008402 0.068606 0.588391
v -1.046838 0.051812 0.600309
v -1.025753 0.075910 0.616534
v -1.009824 0.047477 0.566849
v -1.050488 0.128580 1.041309
v -1.143651 0.174161 1.492151
v -0.862385 0.137532 1.518708
v -0.865509 0.159762 1.698716
v -0.966698 0.171901 1.745986
v -0.884627 0.100870 2.008455
v -1.068004 0.153135 0.317459
v -0.865246 0.097650 0.307186
v -0.862812 0.088625 0.420115
v -0.836431 0.085798 0.361015
v -1.010653 0.085915 0.460723
v -0.968642 0.080890 0.568762
v -0.998371 0.050306 0.513997
v -0.982789 0.050299 0.530609
v -0.946253 0.067290 0.498123
v -0.916023 0.091221 0.533850
v -0.889159 0.102743 0.593636
v -0.886321 0.086948 0.465536
v -0.960179 0.116570 0.772138
v -0.899505 0.125168 0.960209
v -0.782311 0.142022 1.232195
v -0.759696 0.144748 1.409526
v -0.775836 0.132205 1.642680
v -0.674327 0.145184 1.765145
v -0.695019 0.107571 1.958400
v -0.550868 0.079576 2.059767
v -0.812957 0.095975 0.288371
v -0.797536 0.106603 0.376608
v -0.769825 0.108937 0.296049
v -0.729656 0.122657 0.345032
v -0.784009 0.084775 0.230294
v -0.650135 0.121849 0.453579
v -0.554587 0.120969 0.928130
v -0.575460 0.140077 1.222353
v -0.585000 0.154650 1.488047
v -0.427878 0.155483 1.596211
v -0.393919 0.105639 2.030168
v -0.404822 0.152928 0.328259
v -0.361328 0.091890 0.790748
v -0.375572 0.132480 0.698216
v -0.416561 0.126285 0.895192
v -0.334314 0.081990 0.815799
v -0.345952 0.135429 1.077817
v -0.416807 0.147018 1.391324
v -0.314819 0.162755 1.719167
v -0.250354 0.151703 0.200328
v -0.236158 0.167516 0.402828
v -0.295718 0.148241 0.613461
v -0.261707 0.133374 0.683777
v -0.195992 0.107541 0.841994
v -0.195599 0.106263 0.867512
v -0.118704 0.091898 0.838045
v -0.250490 0.135849 1.045045
v -0.143815 0.150099 0.988107
v -0.151847 0.153365 1.102046
v -0.193056 0.153652 1.325852
v -0.074882 0.164032 1.192718
v -0.178709 0.151411 1.638884
v 0.012423 0.130280 1.536441
v -0.093539 0.168930 1.727872
v 0.087235 0.146730 1.892255
v 0.097049 0.110612 2.064876
v -0.121470 0.166305 0.229228
v -0.074946 0.161707 0.518989
v -0.061434 0.171402 0.374054
v -0.094520 0.104794 0.632868
v -0.012180 0.119152 0.707184
v -0.020986 0.138716 0.588428
v -0.016012 0.115090 0.636756
v 0.017844 0.179155 0.529684
v 0.063712 0.170125 0.613053
v -0.088332 0.097446 0.813330
v 0.044903 0.155579 0.705117
v -0.040252 0.138584 0.925956
v 0.063608 0.143154 1.035954
v 0.054673 0.154287 1.255344
v 0.149151 0.151534 1.562471
v 0.277577 0.143906 1.703648
v 0.250637 0.142997 1.988710
v 0.388798 0.068467 2.122326
v 0.033566 0.392661 -1.030282
v -0.237794 0.154471 -1.904718
v -0.208651 0.264688 -1.683221
v -0.250013 0.225162 -1.797455
v -0.118878 0.296663 -1.469149
v -0.169989 0.323261 -1.339998
v -0.147451 0.364066 -1.167341
v -0.055093 0.284022 -0.823704
v -0.000973 0.269361 -0.829589
v -0.094085 0.268739 -0.588766
v -0.005002 0.279556 -0.700864
v -0.045396 0.270526 -0.765715
v -0.065369 0.279518 -0.365545
v -0.053027 0.308305 -0.414312
v 0.022524 0.318769 -0.414527
v 0.040026 0.300805 -0.615219
v 0.102394 0.360189 -0.469927
v 0.098035 0.346759 -0.429311
v 0.030565 0.177383 -0.221021
v 0.109067 0.214281 -0.244805
v -0.007118 0.129165 -0.148163
v 0.009451 0.126885 -0.105939
v 0.024475 0.163520 -0.050396
v 0.055642 0.133684 -0.109471
v 0.059241 0.140208 -0.129429
v 0.114259 0.123188 -0.083821
v 0.114803 0.123752 -0.071998
v 0.145552 0.160903 -0.125665
v 0.145770 0.157164 -0.010046
v 0.131256 0.112818 -0.076829
v 0.127355 0.110757 -0.074276
v 0.128403 0.119048 -0.057395
v 0.138167 0.129067 -0.048869
v 0.170318 0.132746 -0.085302
v 0.158923 0.124605 -0.073946
v 0.173415 0.120784 -0.051158
v 0.006251 0.383448 -1.210645
v 0.145685 0.400735 -1.145566
v 0.194280 0.390526 -0.532639
v 0.303713 0.394090 -0.483987
v -0.076285 0.222450 -1.849023
v 0.022282 0.350410 -1.348180
v 0.084053 0.310161 -0.853645
v 0.106193 0.315404 -0.821174
v 0.102536 0.339572 -0.895223
v 0.195499 0.329914 -0.889415
v 0.200192 0.330335 -0.849620
v 0.213261 0.363377 -0.752616
v 0.159273 0.296184 -0.338807
v 0.196500 0.255060 -0.302789
v 0.196054 0.221015 -0.267137
v 0.245533 0.264129 -0.318946
v 0.312893 0.262775 -0.215561
v 0.309612 0.293636 -0.378197
v 0.354658 0.285007 -0.305191
v 0.304609 0.210352 -0.107349
v -0.098866 0.061464 -2.088676
v 0.196857 0.163907 0.031564
v 0.185398 0.125405 -0.065101
v 0.202246 0.140796 -0.077179
v 0.225202 0.130616 -0.050213
v 0.264502 0.208452 -0.110009
v 0.286635 0.168283 0.040762
v 0.266580 0.133392 -0.028955
v 0.364908 0.177074 -0.102341
v 0.358347 0.134626 -0.073020
v 0.365809 0.121200 -0.055413
v 0.382341 0.113657 -0.067503
v 0.385752 0.109996 -0.054672
v 0.386710 0.109935 -0.043710
v 0.339278 0.401015 -0.691848
v 0.503791 0.408958 -0.443544
v 0.245114 0.321426 -1.518615
v 0.276131 0.340475 -0.931378
v 0.218131 0.378814 -0.995830
v 0.380852 0.364401 -0.948250
v 0.378250 0.361426 -0.903466
v 0.395354 0.402299 -0.504373
v 0.413124 0.332241 -0.398578
v 0.535914 0.347481 -0.314715
v 0.435739 0.263371 -0.146547
v 0.382841 0.214644 -0.131355
v 0.491691 0.299725 -0.189285
v 0.555516 0.244203 -0.110453
v 0.209219 0.026136 -2.182763
v 0.041902 0.078709 -2.061118
v 0.390152 0.163667 -0.092855
v 0.398950 0.111218 -0.053954
v 0.410701 0.121541 -0.055485
v 0.413861 0.117618 -0.044162
v 0.432665 0.135596 -0.019476
v 0.436702 0.143858 -0.045487
v 0.463235 0.153154 -0.033503
v 0.492410 0.190704 -0.047111
v 0.483684 0.158846 -0.024421
v 0.464057 0.144098 -0.022746
v 0.426703 0.436505 -1.137732
v 0.446333 0.422999 -1.235180
v 0.461084 0.369476 -0.973229
v 0.440917 0.414276 -1.061518
v 0.555719 0.438526 -1.101058
v 0.560365 0.385260 -0.996847
v 0.569963 0.385915 -0.963380
v 0.508453 0.432676 -0.746543
v 0.660601 0.463949 -0.841562
v 0.621894 0.449677 -0.620449
v 0.702369 0.480547 -0.579565
v 0.562272 0.444164 -0.453994
v 0.652071 0.462931 -0.458167
v 0.669726 0.412640 -0.376352
v 0.714945 0.382015 -0.343469
v 0.455885 0.135636 -1.995397
v 0.405041 0.312284 -1.586945
v 0.417590 0.296024 -1.676659
v 0.517910 0.348095 -1.462502
v 0.644912 0.233540 -0.077572
v 0.641607 0.281322 -0.170527
v 0.659182 0.350376 -0.281128
v 0.697369 0.301641 -0.239389
v 0.736509 0.278916 -0.189551
v 0.732376 0.217250 -0.133053
v 0.759840 0.312250 -0.292445
v 0.282774 0.101147 -2.031265
v 0.323646 0.052489 -2.111016
v 0.672704 0.401045 -1.020007
v 0.709250 0.448945 -1.121323
v 0.701225 0.415882 -0.958539
v 0.753298 0.404689 -1.020120
v 0.801340 0.443214 -1.149709
v 0.947677 0.442302 -0.919512
v 0.715053 0.454309 -0.892890
v 0.749461 0.499475 -0.813682
v 0.811011 0.465624 -0.874006
v 0.844237 0.525653 -0.773980
v 0.734428 0.498427 -0.504077
v 0.750563 0.500612 -0.675262
v 0.803238 0.522451 -0.634395
v 0.832815 0.541389 -0.563151
v 0.858103 0.551144 -0.592236
v 0.933096 0.519012 -0.544383
v 0.775192 0.490057 -0.469194
v 0.803964 0.526065 -0.520383
v 0.815916 0.513045 -0.503583
v 0.852373 0.422557 -0.448063
v 0.910629 0.458868 -0.489808
v 0.935868 0.421748 -0.454618
v 0.635967 0.185037 -1.935142
v 0.582608 0.308712 -1.604393
v 0.691190 0.269494 -1.739076
v 0.807902 0.372281 -0.373188
v 0.895889 0.360292 -0.375190
v 0.921873 0.283409 -0.347659
v 0.651893 0.094210 -2.069722
v 0.853947 0.161094 -0.104519
v 0.921734 0.158707 -0.118416
v 0.973911 0.139479 -0.181898
v 0.976782 0.146915 -0.214773
v 0.980349 0.152123 -0.157353
v 0.989776 0.600126 -0.625975
v 0.994393 0.596707 -0.602641
v 0.894902 0.432555 -1.234930
v 0.915743 0.396610 -1.352073
v 0.831691 0.395378 -1.069351
v 0.927863 0.405285 -1.036596
v 0.912376 0.386716 -1.088816
v 0.974582 0.392093 -1.146116
v 0.997370 0.373839 -1.081641
v 1.086354 0.423634 -0.996942
v 0.953606 0.587686 -0.589718
v 0.973167 0.541667 -0.565914
v 0.999783 0.583943 -0.589129
v 1.032113 0.544079 -0.586377
v 1.025169 0.590662 -0.639475
v 1.038172 0.585892 -0.617964
v 1.046912 0.569218 -0.602502
v 1.033004 0.505593 -0.565322
v 1.077976 0.564336 -0.665692
v 1.095429 0.542584 -0.606083
v 1.141775 0.521333 -0.616928
v 0.998899 0.441656 -0.496107
v 1.065236 0.451813 -0.537513
v 0.833278 0.177534 -1.948574
v 0.830450 0.268210 -1.778284
v 0.862956 0.364617 -1.488667
v 1.025414 0.236951 -0.420185
v 1.036199 0.256353 -0.455047
v 1.074341 0.230034 -0.441352
v 1.109965 0.274085 -0.535260
v 1.152182 0.229195 -0.486111
v 1.167555 0.215034 -0.459260
v 1.036999 0.191755 -0.331314
v 1.100046 0.134291 -0.348537
v 1.143923 0.125269 -0.362892
v 1.092310 0.199993 -0.140882
v 1.063321 0.144730 -0.229346
v 1.096352 0.167670 -0.203253
v 1.099329 0.126930 -0.292795
v 1.151748 0.165865 -0.238312
v 1.137881 0.119686 -0.340059
v 1.188300 0.140275 -0.309211
v 1.018868 0.394086 -1.298885
v 1.020814 0.371344 -1.379760
v 1.055400 0.374667 -1.232823
v 1.106566 0.382479 -1.081207
v 1.219737 0.391590 -1.004294
v 1.137340 0.541610 -0.635844
v 1.128482 0.541244 -0.722916
v 1.190798 0.517203 -0.657684
v 1.194940 0.536906 -0.685329
v 1.192829 0.438151 -0.636999
v 1.225610 0.529650 -0.702293
v 1.230523 0.480378 -0.681933
v 1.263495 0.462912 -0.710653
v 1.250493 0.481777 -0.832866
v 1.292095 0.512889 -0.764922
v 1.297936 0.510196 -0.745436
v 1.297680 0.497791 -0.730624
v 1.011502 0.167464 -1.897968
v 1.008105 0.311884 -1.612317
v 1.049056 0.363178 -1.299907
v 1.139077 0.360509 -1.196785
v 1.097998 0.299787 -1.376130
v 1.108882 0.295226 -1.315653
v 1.125306 0.276297 -1.339756
v 1.149845 0.297548 -1.287233
v 1.232927 0.344965 -1.159664
v 1.295458 0.363292 -1.045649
v 1.204138 0.284423 -0.595946
v 1.252627 0.292626 -0.638483
v 1.267554 0.333801 -0.654447
v 1.317822 0.292680 -0.677323
v 1.310380 0.242519 -0.623053
v 1.314847 0.210064 -0.613475
v 1.191772 0.232844 -0.522713
v 1.198340 0.213903 -0.499076
v 1.216357 0.188445 -0.498522
v 1.243534 0.195114 -0.543101
v 1.357821 0.244252 -0.224359
v 1.182541 0.186134 -0.441853
v 1.202044 0.115763 -0.374045
v 1.202193 0.152007 -0.447989
v 1.236116 0.117665 -0.369693
v 1.231107 0.111410 -0.483130
v 1.219374 0.105223 -0.421713
v 1.264014 0.101269 -0.439433
v 1.273223 0.096579 -0.512379
v 1.295540 0.136649 -0.376294
v 1.295083 0.116358 -0.566868
v 1.309647 0.091352 -0.551313
v 1.380519 0.091366 -0.578446
v 1.294752 0.380129 -0.992154
v 1.381516 0.433902 -0.893711
v 1.375081 0.407014 -0.937650
v 1.410131 0.467898 -0.837059
v 1.417517 0.399679 -0.925476
v 1.423761 0.383551 -0.927744
v 1.433473 0.381732 -0.842319
v 1.441049 0.410221 -0.891856
v 1.449766 0.394733 -0.888528
v 1.452139 0.386019 -0.892870
v 1.442424 0.370353 -0.880661
v 1.335113 0.504915 -0.776176
v 1.343318 0.504236 -0.756030
v 1.370581 0.498030 -0.790538
v 1.380917 0.497369 -0.773917
v 1.384102 0.482290 -0.758771
v 1.398656 0.446128 -0.773652
v 1.423108 0.447218 -0.815861
v 1.406877 0.470080 -0.780995
v 1.198746 0.121959 -1.952792
v 1.195881 0.169678 -1.814144
v 1.208494 0.290693 -1.605305
v 1.335611 0.288417 -1.607126
v 1.388735 0.295369 -1.196772
v 1.366052 0.264523 -1.372489
v 1.457131 0.257105 -1.292469
v 1.341340 0.326712 -1.093103
v 1.329668 0.351719 -1.004608
v 1.345721 0.364026 -0.979805
v 1.360458 0.316268 -0.859134
v 1.353258 0.307400 -0.833383
v 1.365522 0.297553 -0.866473
v 1.363369 0.281888 -0.828855
v 1.361028 0.342412 -0.975356
v 1.353333 0.322184 -0.990539
v 1.361346 0.309004 -0.972451
v 1.373665 0.322043 -0.892331
v 1.370334 0.289354 -0.895438
v 1.385882 0.277344 -0.857803
v 1.366918 0.325279 -0.961619
v 1.392271 0.348848 -0.938944
v 1.391489 0.339474 -0.890626
v 1.361437 0.293793 -0.937546
v 1.384313 0.290064 -1.036471
v 1.427237 0.370499 -0.918935
v 1.424716 0.359155 -0.897899
v 1.435599 0.368856 -0.903337
v 1.448915 0.377062 -0.897635
v 1.438327 0.256603 -0.977493
v 1.507428 0.260358 -0.863811
v 1.352773 0.348701 -0.727617
v 1.344833 0.272918 -0.705033
v 1.361420 0.213655 -0.663880
v 1.367820 0.319149 -0.783741
v 1.359767 0.299171 -0.783498
v 1.360842 0.332964 -0.736751
v 1.354727 0.294961 -0.750560
v 1.383553 0.266412 -0.788072
v 1.362184 0.275606 -0.753267
v 1.379525 0.256476 -0.753292
v 1.380734 0.341859 -0.774986
v 1.421623 0.268657 -0.813637
v 1.472916 0.234602 -0.787475
v 1.554313 0.195180 -0.537504
v 1.283072 0.061327 -2.040457
v 1.364663 0.102500 -0.626282
v 1.372200 0.092026 -0.612403
v 1.401391 0.100327 -0.655310
v 1.443263 0.117437 -0.717106
v 1.440057 0.094766 -0.692888
v 1.428150 0.089660 -0.626015
v 1.451343 0.087044 -0.680157
v 1.468912 0.159938 -0.765565
v 1.472363 0.089842 -0.660970
v 1.490572 0.090268 -0.723300
v 1.512621 0.100912 -0.756492
v 1.544590 0.109118 -0.685768
v 1.534702 0.093831 -0.744616
v 1.415400 0.127493 -0.516213
v 1.452136 0.123266 -0.559585
v 1.486420 0.164936 -1.884883
v 1.497712 0.257548 -1.563063
v 1.493552 0.265895 -1.626080
v 1.544425 0.219211 -1.483668
v 1.555297 0.228914 -1.334300
v 1.532647 0.205833 -1.438300
v 1.543565 0.201938 -1.400934
v 1.610778 0.211815 -1.364058
v 1.577951 0.173242 -1.443847
v 1.581318 0.174372 -1.420004
v 1.566362 0.242589 -1.225778
v 1.524768 0.251572 -0.942146
v 1.568932 0.242953 -0.883352
v 1.578126 0.206555 -0.866874
v 1.637935 0.190673 -0.906195
v 1.650489 0.231867 -1.089404
v 1.634457 0.231261 -0.992654
v 1.697306 0.220031 -0.978168
v 1.697179 0.157049 -0.969291
v 1.710517 0.230496 -1.054323
v 1.707860 0.228801 -1.003112
v 1.716499 0.214768 -1.001346
v 1.753538 0.242564 -0.696050
v 1.658985 0.271965 -0.423064
v 1.706512 0.249508 -0.552471
v 1.649556 0.114020 -0.876961
v 1.657249 0.153530 -0.921906
v 1.672759 0.134904 -0.932805
v 1.712359 0.132292 -0.964028
v 1.539317 0.160609 -0.828968
v 1.552109 0.113914 -0.800768
v 1.577703 0.109726 -0.748649
v 1.624012 0.158128 -0.725234
v 1.604643 0.115346 -0.835920
v 1.639801 0.114440 -0.803669
v 1.663624 0.138038 -0.789475
v 1.691080 0.116316 -0.853580
v 1.681439 0.178660 -1.478324
v 1.658615 0.178249 -1.434233
v 1.777070 0.188156 -1.497656
v 1.767101 0.154823 -1.416747
v 1.817895 0.161257 -1.355662
v 1.670042 0.216011 -1.154597
v 1.777547 0.174011 -1.235860
v 1.842812 0.168867 -1.281119
v 1.721257 0.227665 -1.029750
v 1.727317 0.165745 -1.005275
v 1.732161 0.205956 -1.057625
v 1.760662 0.186848 -0.887451
v 1.811800 0.161694 -1.029490
v 1.894031 0.201948 -1.048642
v 1.871638 0.286751 -0.387688
v 1.799964 0.149261 -1.442178
v 1.827556 0.152693 -1.383742
v 1.863659 0.155162 -1.319977
v 1.849425 0.153967 -1.365575
v 1.730768 0.119616 -0.955715
v 1.775990 0.133586 -0.958950
v 1.749113 0.118212 -0.950026
v 1.778960 0.148651 -1.054359
v 1.797046 0.145804 -1.048557
v 1.874592 0.231827 -1.599632
v 1.867128 0.200566 -1.702034
v 1.836051 0.205316 -1.512107
v 1.908202 0.195769 -1.404043
v 1.894024 0.178624 -1.362410
v 1.935409 0.197918 -1.410282
v 1.939050 0.212913 -1.453839
v 1.955352 0.185856 -1.405382
v 1.998346 0.193517 -1.476823
v 1.988883 0.161993 -1.435073
v 2.033748 0.185665 -1.478262
v 2.041017 0.161316 -1.376932
v 2.044189 0.198680 -1.519116
v 1.910173 0.160980 -1.157893
v 1.968205 0.171101 -1.188575
v 1.988252 0.167511 -1.264466
v 2.010448 0.166941 -1.292005
v 2.037407 0.167200 -1.187084
v 2.088723 0.210903 -1.360867
v 1.994626 0.182029 -1.050790
v 2.128026 0.242387 -0.864387
v 2.111096 0.286938 -0.655692
v 1.889118 0.158869 -1.260618
v 1.976332 0.139138 -1.327425
v 1.992298 0.146340 -1.315933
v 2.112589 0.162381 -1.106662
v 2.119072 0.204465 -1.425157
v 2.174104 0.180361 -1.539771
v 2.159460 0.180670 -1.268169
v 2.210312 0.186806 -1.158069
v 2.199840 0.220122 -1.359534
v 2.259629 0.228143 -1.230319
v 2.279010 0.234935 -1.277917
v 2.301697 0.279093 -0.670887
v 2.240195 0.305715 -0.497541
v 2.018817 0.053704 -1.899862
v 2.163280 0.062084 -1.798873
v 2.195155 0.143771 -1.667690
v 2.379354 0.143887 -1.480999
v 2.330380 0.196160 -1.364026
v 2.494104 0.199863 -1.074479
v 2.472003 0.261293 -0.800387
v 2.473155 0.217951 -0.942714
v 2.468847 0.282261 -0.657139
v 2.572613 0.247625 -0.664291
v 2.507097 0.057020 -1.578241
v 2.570610 0.068608 -1.479280
v 2.667131 0.160567 -1.005592
v 2.725510 0.142288 -0.794654
v 2.838831 0.173803 -0.565217
v 2.773226 0.062125 -1.211938
v 2.813204 0.066454 -1.083302
v 2.939690 0.083506 -0.785000
v 0.084290 0.177805 0.147434
v 0.202645 0.162230 0.631500
v 0.143775 0.150104 0.705391
v 0.167937 0.142498 0.810874
v 0.357754 0.126892 0.798968
v 0.429950 0.140787 1.933730
v 0.536385 0.066843 2.120008
v 0.361104 0.180595 0.059981
v 0.346440 0.206375 0.346683
v 0.457674 0.124719 0.754311
v 0.508075 0.112020 0.863261
v 0.469704 0.115303 1.116587
v 0.514269 0.114085 1.296251
v 0.551169 0.124752 1.686807
v 0.603101 0.136748 2.013958
v 0.695199 0.078902 2.134733
v 0.594734 0.213870 -0.025667
v 0.601135 0.212237 0.202356
v 0.642126 0.230312 0.525416
v 0.453936 0.201986 0.182799
v 0.432331 0.145253 -0.001380
v 0.467837 0.147995 0.000616
v 0.476864 0.147372 -0.011925
v 0.538944 0.159325 0.036150
v 0.557466 0.177197 0.067962
v 0.606438 0.184049 0.077872
v 0.577653 0.191195 0.103485
v 0.593144 0.161805 0.022993
v 0.475149 0.210526 0.515064
v 0.572186 0.089086 1.080635
v 0.738058 0.145463 0.937679
v 0.717542 0.106817 1.167714
v 0.718054 0.109942 1.056885
v 0.773096 0.108447 1.201545
v 0.664411 0.090287 1.212848
v 0.783968 0.147525 1.733417
v 0.844561 0.155323 1.915641
v 0.804543 0.108693 2.072761
v 0.633295 0.214300 -0.032426
v 0.680981 0.233893 0.239458
v 0.829026 0.238238 0.207913
v 0.797812 0.240331 0.517330
v 0.781890 0.223938 0.599684
v 0.688532 0.162779 -0.003720
v 0.726273 0.166663 -0.030932
v 0.777906 0.175941 -0.016032
v 0.767798 0.165919 -0.043855
v 0.803153 0.172588 -0.082795
v 0.809695 0.164302 -0.067283
v 0.804995 0.175186 0.796533
v 0.880349 0.149927 0.945761
v 0.795698 0.105896 1.089964
v 0.905229 0.096439 1.139138
v 1.043835 0.090018 1.346609
v 0.820069 0.132166 1.573039
v 1.043111 0.089866 1.487074
v 1.004020 0.123404 1.604234
v 1.021552 0.133540 1.979498
v 1.004133 0.146309 1.855360
v 1.213255 0.103585 1.988883
v 1.014860 0.221061 -0.031528
v 0.966879 0.255946 0.364563
v 0.925717 0.232051 0.615430
v 0.868160 0.162546 -0.086808
v 1.110223 0.173401 0.845026
v 1.201010 0.140356 0.948137
v 1.072524 0.158299 0.967054
v 1.196240 0.124475 1.112252
v 1.226568 0.090426 1.124742
v 1.117081 0.111514 1.176255
v 1.213708 0.062254 1.338547
v 1.165679 0.095251 1.144195
v 1.160316 0.072004 1.243955
v 1.210857 0.063297 1.149545
v 1.161188 0.068866 1.410713
v 1.126518 0.110581 1.742916
v 1.163119 0.117989 1.848870
v 1.398652 0.111417 1.976393
v 1.202707 0.249483 -0.086012
v 1.165927 0.287006 0.232132
v 1.260519 0.226180 0.716983
v 1.271257 0.199510 0.813115
v 1.317989 0.181169 0.861925
v 1.403217 0.217497 0.824505
v 1.256788 0.151892 1.050967
v 1.253899 0.150075 0.971798
v 1.273480 0.089412 1.119081
v 1.329151 0.186289 0.928806
v 1.316331 0.175982 1.029468
v 1.385967 0.218231 0.983238
v 1.384706 0.212228 1.021766
v 1.251379 0.053614 1.180725
v 1.284754 0.063276 1.175662
v 1.361708 0.063427 1.212399
v 1.361778 0.053482 1.238918
v 1.363623 0.108811 1.153201
v 1.383435 0.098862 1.179723
v 1.460483 0.065714 1.192254
v 1.470900 0.054634 1.206859
v 1.353508 0.089602 1.422849
v 1.460829 0.135240 1.601935
v 1.347514 0.285479 -0.043816
v 1.401935 0.265990 -0.178814
v 1.430874 0.304127 0.082143
v 1.366858 0.310685 0.364187
v 1.373341 0.310989 0.252858
v 1.375231 0.263963 0.613518
v 1.446891 0.274015 0.516643
v 1.498030 0.250479 0.789590
v 1.473235 0.278089 0.667458
v 1.507471 0.279480 0.709390
v 1.469846 0.251975 0.996005
v 1.534184 0.288584 0.950465
v 1.541922 0.276891 0.981191
v 1.582152 0.300352 0.955410
v 1.642267 0.220056 1.035391
v 1.488183 0.216399 1.026077
v 1.569548 0.188042 1.082147
v 1.501841 0.072070 1.191297
v 1.509294 0.062236 1.202220
v 1.540343 0.087695 1.186592
v 1.545184 0.078565 1.195843
v 1.549683 0.078607 1.209640
v 1.527334 0.167602 1.120717
v 1.577574 0.128775 1.265651
v 1.592898 0.127519 1.290247
v 1.580115 0.102787 1.179776
v 1.588513 0.093861 1.189469
v 1.616674 0.119427 1.168000
v 1.626755 0.105525 1.196393
v 1.637820 0.146660 1.247306
v 1.631551 0.113987 1.209580
v 1.671715 0.153091 1.147006
v 1.676879 0.124666 1.165570
v 1.558246 0.125246 1.491841
v 1.559622 0.105176 1.341670
v 1.636687 0.116299 1.319788
v 1.656610 0.097561 1.386593
v 1.656236 0.096822 1.359576
v 1.709265 0.124353 1.443376
v 1.615259 0.133285 1.655524
v 1.725719 0.127708 1.621604
v 1.719736 0.105723 1.807341
v 1.460315 0.286946 -0.078518
v 1.640468 0.293447 0.000717
v 1.704646 0.345541 0.307422
v 1.679425 0.318196 0.443719
v 1.753165 0.287645 0.574849
v 1.652448 0.291117 0.615453
v 1.719829 0.327345 0.811341
v 1.689672 0.263347 0.673732
v 1.767888 0.300057 0.748166
v 1.708941 0.259965 0.652253
v 1.789262 0.309392 0.779532
v 1.774510 0.269199 0.683012
v 1.782914 0.250142 0.641675
v 1.657815 0.318228 0.859717
v 1.726056 0.263506 0.928416
v 1.855882 0.234717 0.848731
v 1.730323 0.178511 1.024395
v 1.746064 0.200901 0.964050
v 1.782158 0.181727 0.986631
v 1.803982 0.208909 0.925211
v 1.814578 0.190569 0.940533
v 1.674068 0.189668 1.089546
v 1.738301 0.170645 1.092836
v 1.754328 0.147487 1.217158
v 1.801053 0.169585 1.079169
v 1.822942 0.149747 1.192949
v 1.709642 0.129247 1.294164
v 1.734454 0.108388 1.329745
v 1.753936 0.112239 1.363452
v 1.801331 0.137867 1.261737
v 1.833039 0.111004 1.297667
v 1.860323 0.135769 1.447711
v 1.865098 0.110283 1.319883
v 1.842509 0.148650 1.230034
v 1.828090 0.070678 1.822790
v 1.871964 0.320229 -0.050742
v 1.854300 0.339631 0.244419
v 1.826717 0.290597 0.448548
v 1.944860 0.267083 0.563335
v 1.855456 0.288833 0.784044
v 1.827637 0.273701 0.696005
v 1.856804 0.240821 0.638789
v 1.855495 0.287018 0.740912
v 1.881579 0.250960 0.760501
v 1.902918 0.227069 0.696525
v 1.907578 0.231296 0.616661
v 1.971626 0.222185 0.627395
v 1.861166 0.270268 0.805221
v 1.889992 0.149023 0.784237
v 1.910042 0.191404 0.719098
v 1.918990 0.214329 0.655015
v 1.943172 0.212188 0.637688
v 1.952746 0.150684 0.736334
v 1.941433 0.148068 0.795731
v 1.972516 0.184467 0.641519
v 1.955683 0.181725 0.648843
v 1.962441 0.167055 0.706646
v 1.987453 0.161953 0.658544
v 1.966193 0.156936 0.679070
v 1.974566 0.148133 0.693597
v 1.980839 0.173627 0.726667
v 2.006300 0.205536 0.648823
v 1.998209 0.161674 0.690811
v 1.991600 0.147977 0.687099
v 1.853364 0.185398 1.006463
v 1.867243 0.185337 0.871955
v 1.888553 0.151742 0.836560
v 1.898092 0.175940 0.972408
v 1.904465 0.143550 0.840813
v 1.963398 0.153230 0.880766
v 2.007018 0.210791 0.808336
v 2.029648 0.184806 0.909876
v 1.942780 0.176992 0.997912
v 2.058273 0.185742 1.204177
v 2.009701 0.166684 0.991869
v 1.945481 0.146654 1.252979
v 2.057383 0.151823 1.611428
v 1.999921 0.057827 1.834949
v 1.932831 0.290763 -0.210339
v 2.051280 0.339208 -0.129024
v 1.997511 0.327721 0.026092
v 1.974613 0.333038 0.309059
v 2.135087 0.335753 0.129932
v 2.139253 0.308568 0.286213
v 2.010567 0.231281 0.636051
v 2.033247 0.230749 0.703062
v 2.064978 0.253663 0.658276
v 2.129419 0.244053 0.737165
v 2.033287 0.232149 0.663732
v 2.016338 0.207369 0.668931
v 2.007452 0.171912 0.682145
v 2.080251 0.212861 0.875035
v 2.177872 0.192171 0.987727
v 2.080934 0.151547 1.009317
v 2.107332 0.159805 1.062834
v 2.109691 0.172794 0.983638
v 2.173078 0.186830 1.397680
v 2.341906 0.089431 1.730147
v 2.219951 0.353076 -0.162719
v 2.158968 0.342169 -0.033012
v 2.294277 0.333759 0.002053
v 2.271366 0.336555 0.099810
v 2.323241 0.303336 0.239889
v 2.281999 0.255645 0.635249
v 2.287583 0.209457 0.848774
v 2.444719 0.214048 1.080222
v 2.398933 0.237207 1.211103
v 2.547849 0.087626 1.611024
v 2.320502 0.355694 -0.315295
v 2.354473 0.349595 -0.168110
v 2.464713 0.321479 -0.017180
v 2.454930 0.325195 0.045379
v 2.416792 0.299628 0.173725
v 2.559109 0.243934 0.854290
v 2.563144 0.225217 1.044910
v 2.744779 0.139298 1.277882
v 2.506431 0.314572 -0.176816
v 2.491213 0.321790 -0.343162
v 2.683850 0.263524 -0.200335
v 2.614004 0.275418 0.111319
v 2.662264 0.244166 0.549683
v 2.698550 0.219706 0.811185
v 2.936704 0.136817 0.749374
v 2.709358 0.191830 1.024568
v 2.775012 0.221559 -0.369341
v 2.922462 0.193203 0.366235
v 2.913072 0.106403 0.955933
v 3.070759 0.095722 -0.053079
v 3.090516 0.086260 0.172609
v 3.081075 0.090768 0.390997
v 3.247281 -0.019268 0.115382
v 3.249451 -0.019268 0.276813
v 3.236803 -0.019268 -0.057521
v 3.216167 -0.019268 -0.255593
v 3.185658 -0.019268 -0.451696
v 3.166970 -0.019268 0.802848
v 3.122637 -0.019268 0.964380
v 3.208398 -0.019268 0.646981
v 3.232005 -0.019268 0.463037
v 3.049471 -0.019268 1.141394
v 2.952370 -0.019268 1.307059
v 2.834758 -0.019268 1.458834
v 2.698368 -0.019268 1.603424
v 2.595923 -0.019268 1.699716
v 2.521988 -0.019268 1.757417
v 2.412185 -0.019268 1.836959
v 2.248632 -0.019268 1.919314
v 2.120815 -0.019268 1.976887
v 2.021980 -0.019268 2.013812
v 1.867695 -0.019268 2.062540
v 1.735566 -0.019268 2.094013
v 1.672064 -0.019268 2.110060
v 1.550977 -0.019268 2.144220
v 1.389028 -0.019268 2.179794
v 1.282198 -0.019268 2.196575
v 1.170624 -0.019268 2.212209
v 1.013915 -0.019268 2.226508
v 0.831642 -0.019268 2.238950
v 0.667676 -0.019268 2.251331
v 0.544362 -0.019268 2.251367
v 0.419434 -0.019268 2.252340
v 3.143549 -0.019268 -0.627368
v 3.060380 -0.019268 -0.907397
v 3.096876 -0.019268 -0.787051
v 3.015159 -0.019268 -1.020509
v 2.954219 -0.019268 -1.146723
v 2.908130 -0.019268 -1.247082
v 2.855767 -0.019268 -1.347681
v 2.760704 -0.019268 -1.479116
v 2.668144 -0.019268 -1.592813
v 2.595087 -0.019268 -1.656204
v 2.532960 -0.019268 -1.706835
v 2.355780 -0.019268 -1.851964
v 2.246703 -0.019268 -1.918677
v 2.129919 -0.019268 -1.977947
v 2.057719 -0.019268 -2.009523
v 1.936197 -0.019268 -2.052296
v 1.819731 -0.019268 -2.110500
v 1.700440 -0.019268 -2.154615
v 1.527434 -0.019268 -2.175039
v 1.390226 -0.019268 -2.187128
v 1.289228 -0.019268 -2.196305
v 1.204721 -0.019268 -2.207742
v 1.120334 -0.019268 -2.220708
v 1.037590 -0.019268 -2.233976
v 0.907806 -0.019268 -2.232316
v 0.716157 -0.019268 -2.232137
v 0.525018 -0.019268 -2.250624
v 0.334335 -0.019268 -2.259694
v 0.102386 -0.019268 -2.242303
v 0.024859 -0.019268 -2.235677
v -0.066224 -0.019268 -2.232283
v -0.190733 -0.019268 -2.224864
v 0.253095 -0.019268 2.243192
v 0.078415 -0.019268 2.226918
v -0.097616 -0.019268 2.212105
v -0.254853 -0.019268 2.202642
v -0.400663 -0.019268 2.195843
v -0.587965 -0.019268 2.189618
v -0.787060 -0.019268 2.187626
v -0.985414 -0.019268 2.171921
v -1.104556 -0.019268 2.155094
v -1.154918 -0.019268 2.143157
v -1.233086 -0.019268 2.124351
v -1.356353 -0.019268 2.094146
v -1.525042 -0.019268 2.040914
v -1.701615 -0.019268 1.998066
v -1.869409 -0.019268 1.947393
v -2.050761 -0.019268 1.886541
v -2.202648 -0.019268 1.826562
v -2.310894 -0.019268 1.776198
v -2.451222 -0.019268 1.710600
v -2.615868 -0.019268 1.599506
v -2.750980 -0.019268 1.470085
v -2.852504 -0.019268 1.373329
v -2.931798 -0.019268 1.280408
v -3.025836 -0.019268 1.164788
v -3.121320 -0.019268 1.013478
v -3.184075 -0.019268 0.874363
v -3.206874 -0.019268 0.779339
v -3.239408 -0.019268 0.639480
v -0.567554 -0.019268 -2.204962
v -0.745730 -0.019268 -2.174260
v -0.935144 -0.019268 -2.145458
v -1.122164 -0.019268 -2.106364
v -1.426813 -0.019268 -2.028299
v -1.299199 -0.019268 -2.068247
v -1.704747 -0.019268 -1.909480
v -2.033824 -0.019268 -1.689775
v -1.873721 -0.019268 -1.807874
v -2.193183 -0.019268 -1.574206
v -2.354337 -0.019268 -1.426330
v -2.295354 -0.019268 -1.480360
v -2.461288 -0.019268 -1.348303
v -2.575445 -0.019268 -1.262330
v -2.667970 -0.019268 -1.141517
v -2.741530 -0.019268 -1.025795
v -2.625756 -0.019268 -1.199041
v -2.956640 -0.019268 -0.690816
v -2.815776 -0.019268 -0.929111
v -2.886459 -0.019268 -0.829752
v -3.051324 -0.019268 -0.465366
v -3.079543 -0.019268 -0.369231
v -3.011223 -0.019268 -0.564910
v -3.209919 -0.019268 0.062260
v -3.126173 -0.019268 -0.237918
v -3.166745 -0.019268 -0.104735
v -3.250549 -0.019268 0.440954
v -3.234849 -0.019268 0.250795
v -2.080184 0.145707 -0.019168
v 1.852546 0.215054 -0.974730
v -1.078558 0.290487 -1.774993
v 1.445904 0.401010 -0.871782
v 0.455235 0.387205 -0.469666
v 1.842894 0.201389 0.900632
v 1.508055 0.198660 -0.469821
v -2.209785 0.064721 0.730853
v -2.693798 0.096139 0.207748
v -0.442723 0.287137 -1.597964
v -1.652577 0.087892 0.293729
v -1.109400 0.185466 -0.202676
v 0.870950 0.506404 -0.518070
v 0.026490 0.280846 -0.807075
v 0.418761 0.195858 -0.106697
v 1.686715 0.310883 0.892896
v -0.581745 0.122021 -0.057671
v 0.591618 0.464781 -0.745576
v 0.094932 0.145662 -0.121924
v 1.998000 0.170267 0.654832
v 0.106085 0.365847 -0.956553
v -0.990466 0.248629 -0.419193
v 0.525012 0.186383 0.090602
v -0.825968 0.092716 0.254142
v -1.570401 0.055838 0.768022
v -0.975593 0.246353 -0.801642
v 0.147684 0.123006 -0.082514
v -1.277847 0.148000 -0.047946
v -1.357288 0.148202 -0.035546
v -2.358511 0.105518 0.707214
v 1.434786 0.395562 -0.914887
v -0.154155 0.124121 0.795102
v 1.360223 0.313851 -0.752484
v -2.254115 0.095917 0.672618
v -1.477927 0.173855 0.148348
v 1.934926 0.225790 0.620161
v 0.391869 0.128827 -0.072639
v 0.784309 0.411854 -0.408918
v 2.096570 0.208905 -1.335503
v -1.761315 0.182476 0.004311
v -0.677306 0.288530 -1.766719
v -0.523751 0.290499 -1.278954
v 1.624121 0.188901 -0.656085
v 1.129248 0.547806 -0.656530
v -1.396688 0.288608 -1.589013
v 0.848716 0.397657 -1.034702
v 1.288092 0.078193 1.141932
v 1.219025 0.173000 0.857013
v 1.620306 0.213671 -0.904560
v 1.071169 0.108660 -2.002130
v -0.122233 0.131307 1.504717
v -0.303493 0.140262 1.362413
v -1.022394 0.063420 0.492409
v -1.383350 0.105676 1.929361
v -2.783131 0.124638 0.560481
v -1.160015 0.222591 -0.546478
v -1.279861 0.238258 -0.413351
v 0.132958 0.016653 -2.191985
v 1.365804 0.312049 -0.943350
v 1.566240 0.117068 1.242735
v 2.480383 0.202929 1.402668
v -0.706137 0.170331 -0.130620
v 1.099443 0.510335 -0.797499
v 1.786273 0.208249 -0.903608
v 0.105211 0.129704 -0.063151
v -1.368090 0.085372 0.804570
v 1.993674 0.176517 0.708561
v 1.041141 0.268353 0.445075
v 1.166967 0.269074 -1.371256
v -2.085339 0.102450 0.870124
v -1.126313 0.058391 0.629865
v 2.019661 0.159833 1.044789
v -0.546479 0.237762 -0.360170
v -1.622879 0.111453 0.622586
v 1.567824 0.267073 0.725385
v 1.936128 0.146686 0.758730
v 1.603873 0.317257 0.918910
v -1.580159 0.068818 0.704018
v -0.866606 0.130625 1.417900
v -1.131701 0.126973 1.103114
v -1.330065 0.125498 1.138770
v 1.271220 0.362098 -1.084907
v 1.318393 0.493349 -0.804248
v 1.070688 0.355273 -1.270988
v 1.205829 0.311514 -1.494296
v -0.933897 0.085657 0.040553
v -1.130218 0.138417 0.243043
v -1.119669 0.176728 0.437987
v -1.251568 0.123511 0.372196
v 2.480249 0.035367 -1.663037
v 1.764504 0.032206 1.980806
v -0.154403 0.048316 -2.100038
v -1.280471 0.181162 -0.355249
v -1.228817 0.287253 -0.546242
v -1.074215 0.247364 -0.741398
v 1.340033 0.142198 -1.892812
v 0.694684 0.399400 -0.995951
v 1.105256 0.488558 -0.578842
v 1.002490 0.564189 -0.580727
v -0.384606 0.295510 -1.391530
v -2.110683 0.155759 -0.038089
v -2.390117 0.214264 -0.126960
v -1.574735 0.163133 -0.003037
v 2.147718 0.166383 -1.215041
v 0.963930 0.243651 -0.353368
v 0.869999 0.302427 -0.303306
v -2.188813 0.048278 0.613096
v -2.229061 0.095561 0.696195
v -0.142489 0.108769 0.820148
v -2.282059 0.103996 0.829998
v 0.326826 0.246082 -0.157790
v -0.855337 0.085122 0.358015
v 1.031627 0.196583 -0.111541
v 0.713968 0.502402 -0.766894
v 0.908098 0.575385 -0.612427
v 1.761917 0.183491 0.975745
v 0.005420 0.296836 -0.543989
v -0.108459 0.283319 -0.421736
v 1.973223 0.148662 -1.386294
v 1.891031 0.211972 -1.479908
v 2.163607 0.354632 -0.239275
v 1.840828 0.152717 -1.351965
v 1.722551 0.193174 -1.175711
v -1.793976 0.267884 -1.171909
v -2.993578 0.066566 -0.322170
v -2.257008 0.102279 0.309572
v 0.671713 0.192931 -0.046083
v 1.624441 0.183416 -1.469655
v 2.603512 0.206707 -0.796212
v 0.145488 0.149950 1.128939
v -2.332570 0.152062 1.503716
v -2.059779 0.109252 1.703414
v -1.359996 0.277238 -1.091071
v 1.987545 0.341705 0.188455
v 0.763816 0.230626 0.185740
v 0.403594 0.276751 -0.180174
v 1.270874 0.271791 -0.643347
v 1.339767 0.290483 -0.706532
v 1.377667 0.446924 -0.753477
v 1.466252 0.136992 1.702867
v -0.072769 0.161398 0.102119
v 1.363687 0.294779 -0.978365
v -1.248710 0.249481 -1.610825
v -0.948502 0.217354 -1.906728
v -1.946909 0.193768 0.165674
v 0.250367 0.401066 -1.215345
v 0.318279 0.319070 -1.544449
v 1.836979 0.259979 0.854073
v -1.294325 0.247347 -0.948507
v -1.393304 0.225848 -0.921805
v -0.963093 0.073559 0.479704
v 1.682687 0.123853 1.182482
v -2.612884 0.122404 1.129801
vn 0.5329 0.8336 0.1451
vn 0.5471 0.8297 0.1107
vn 0.5057 0.8562 0.1059
vn 0.5652 0.8223 0.0663
vn 0.5594 0.8287 0.0167
vn 0.5504 0.8337 0.0447
vn 0.5679 0.8218 -0.0464
vn 0.5228 0.8519 -0.0319
vn 0.5593 0.8288 -0.0168
vn 0.5710 0.8179 -0.0708
vn 0.5031 0.8617 -0.0667
vn 0.3859 0.9224 -0.0162
vn 0.5778 0.8090 -0.1076
vn 0.4548 0.8735 0.1738
vn 0.5102 0.8412 0.1793
vn 0.4390 0.8879 0.1377
vn 0.3389 0.9348 0.1062
vn 0.4009 0.9153 0.0387
vn 0.5296 0.8482 -0.0108
vn 0.4007 0.9155 -0.0344
vn 0.3045 0.9523 0.0211
vn 0.3176 0.9482 -0.0053
vn 0.5045 0.8381 0.2077
vn 0.4384 0.8559 0.2745
vn 0.5288 0.7832 0.3270
vn 0.3461 0.9317 0.1105
vn 0.2737 0.9570 0.0964
vn 0.1751 0.9827 0.0606
vn 0.1878 0.9820 0.0193
vn 0.2987 0.9539 0.0281
vn 0.2482 0.9632 0.1036
vn 0.1587 0.9857 0.0574
vn 0.2585 0.9659 -0.0147
vn 0.2537 0.9671 0.0200
vn 0.5056 0.7266 0.4652
vn 0.4986 0.7555 0.4250
vn 0.4134 0.8293 0.3759
vn 0.0552 0.9945 0.0894
vn 0.1097 0.9919 0.0633
vn 0.0424 0.9981 0.0455
vn 0.1662 0.9825 0.0840
vn 0.1599 0.9719 0.1725
vn 0.1890 0.9819 0.0132
vn 0.0991 0.9826 0.1570
vn 0.0659 0.9918 0.1098
vn 0.1190 0.9916 0.0514
vn 0.0586 0.9975 0.0387
vn 0.1481 0.9750 -0.1659
vn 0.1510 0.9852 -0.0816
vn 0.0126 0.9909 -0.1337
vn 0.0517 0.9905 -0.1274
vn 0.2328 0.9666 -0.1069
vn 0.3755 0.7990 0.4696
vn 0.2522 0.8626 0.4386
vn 0.3753 0.7446 0.5520
vn -0.0030 0.9645 0.2642
vn 0.2109 0.9419 0.2615
vn -0.1078 0.9858 0.1290
vn -0.0475 0.9854 0.1637
vn 0.0244 0.9995 0.0207
vn 0.2184 0.9691 0.1144
vn 0.0680 0.9952 0.0699
vn -0.0027 0.9993 -0.0371
vn -0.0876 0.9961 0.0085
vn -0.0452 0.9892 0.1393
vn 0.0238 0.9920 0.1239
vn 0.0159 0.9884 0.1514
vn -0.0257 0.9984 0.0497
vn 0.0253 0.9961 0.0847
vn 0.0838 0.9814 0.1728
vn -0.0079 0.9980 0.0623
vn -0.1569 0.9860 -0.0566
vn 0.0610 0.8871 0.4576
vn 0.2281 0.8100 0.5403
vn 0.2532 0.8344 0.4896
vn 0.3376 0.7617 0.5531
vn -0.1437 0.9873 0.0683
vn -0.1449 0.9858 -0.0849
vn -0.1988 0.9763 0.0851
vn -0.1903 0.9721 -0.1368
vn -0.1784 0.9780 0.1085
vn 0.0401 0.9633 -0.2653
vn -0.1774 0.9671 -0.1822
vn -0.1230 0.9839 -0.1300
vn -0.2441 0.9697 -0.0081
vn -0.3058 0.9009 0.3080
vn -0.3638 0.8699 0.3332
vn -0.1131 0.9874 0.1108
vn -0.6641 0.3264 0.6727
vn -0.8878 0.4293 0.1658
vn -0.6556 0.7117 0.2524
vn -0.4453 0.6212 0.6448
vn -0.1496 0.5212 0.8402
vn 0.0040 0.9787 0.2051
vn -0.1605 0.9480 0.2748
vn -0.0485 0.9895 0.1363
vn -0.0238 0.9886 0.1485
vn -0.2557 0.9473 0.1931
vn -0.2434 0.9589 0.1461
vn -0.2035 0.9256 0.3192
vn -0.6178 0.7863 0.0072
vn 0.0455 0.9988 0.0191
vn -0.0389 0.9990 -0.0228
vn 0.0576 0.9787 0.1970
vn -0.0476 0.9938 -0.1008
vn -0.0960 0.9884 -0.1173
vn -0.1363 0.9864 -0.0923
vn -0.1256 0.9847 -0.1207
vn -0.1218 0.9899 -0.0727
vn 0.0188 0.9260 0.3769
vn 0.1296 0.8828 0.4515
vn -0.1082 0.9644 0.2411
vn -0.1320 0.9901 -0.0486
vn 0.0029 0.9856 0.1691
vn -0.2205 0.9738 0.0560
vn -0.2320 0.9678 0.0975
vn 0.1277 0.9918 0.0072
vn 0.0584 0.9893 -0.1340
vn 0.1504 0.9861 0.0701
vn -0.0152 0.9948 0.1011
vn 0.1215 0.9876 -0.0992
vn -0.0749 0.9920 -0.1012
vn 0.0051 0.9771 0.2129
vn -0.0925 0.9946 0.0477
vn 0.0559 0.9835 0.1723
vn 0.1542 0.9753 0.1581
vn -0.3523 0.9334 0.0679
vn -0.5875 0.7767 0.2272
vn -0.3978 0.9175 0.0054
vn -0.6457 0.7629 -0.0342
vn -0.5209 0.8355 0.1751
vn 0.0046 0.9769 -0.2136
vn 0.0982 0.9936 -0.0554
vn 0.2608 0.9589 -0.1118
vn 0.2876 0.9435 -0.1647
vn -0.0931 0.9918 -0.0880
vn 0.1380 0.9892 0.0495
vn 0.6572 0.7513 0.0605
vn 0.6946 0.7187 -0.0309
vn 0.8521 0.4585 0.2525
vn 0.9296 0.2403 0.2794
vn 0.9316 0.3538 0.0832
vn 0.6681 0.7301 0.1436
vn 0.3054 0.9491 -0.0774
vn 0.1230 0.9904 0.0635
vn -0.3531 0.8895 -0.2900
vn -0.5811 0.6359 -0.5079
vn -0.7696 0.4142 -0.4860
vn -0.5556 0.7917 0.2538
vn -0.7221 0.6087 -0.3288
vn -0.6885 0.7218 -0.0710
vn -0.7679 0.4668 -0.4386
vn -0.8433 0.4977 -0.2030
vn -0.1685 0.9383 -0.3021
vn 0.3196 0.9261 -0.2004
vn 0.3046 0.8506 0.4286
vn 0.5247 0.8209 0.2253
vn 0.4815 0.5895 0.6486
vn 0.6630 0.7359 0.1373
vn 0.0711 0.5010 0.8626
vn 0.3193 0.6646 0.6755
vn -0.2692 0.9605 0.0708
vn 0.0542 0.9496 0.3087
vn -0.2410 0.9590 0.1491
vn 0.7670 0.3827 0.5151
vn 0.2561 0.7925 0.5534
vn 0.6615 0.6684 0.3399
vn 0.6548 0.7028 0.2780
vn 0.7183 0.4093 0.5626
vn 0.4810 0.7329 0.4811
vn 0.9460 0.0933 0.3103
vn 0.9626 0.1858 0.1974
vn 0.7841 0.4926 0.3776
vn 0.8601 0.3648 0.3567
vn -0.1751 0.8194 0.5458
vn 0.0406 0.8230 0.5666
vn 0.0106 0.9443 0.3290
vn 0.1355 0.8960 0.4230
vn 0.5442 0.7959 0.2653
vn 0.7900 0.6076 0.0827
vn 0.9159 0.2387 0.3227
vn 0.4966 0.8219 -0.2792
vn 0.1463 0.9280 0.3426
vn 0.2452 0.9574 -0.1525
vn 0.4132 0.8805 -0.2323
vn 0.1625 0.8980 -0.4089
vn 0.0635 0.9808 -0.1843
vn 0.1152 0.9476 0.2979
vn 0.1148 0.9665 0.2296
vn -0.0137 0.9977 0.0667
vn 0.0815 0.9690 0.2334
vn 0.0138 0.9996 0.0233
vn -0.0217 0.9966 -0.0794
vn -0.1493 0.9725 -0.1789
vn -0.0833 0.9958 -0.0375
vn -0.1843 0.9812 0.0568
vn -0.0895 0.9839 -0.1549
vn 0.0309 0.9981 0.0526
vn -0.0426 0.9492 0.3119
vn -0.0959 0.9864 -0.1334
vn 0.1998 0.9684 0.1495
vn 0.0600 0.9787 0.1964
vn 0.1216 0.8850 0.4495
vn -0.0047 0.9557 0.2945
vn 0.1490 0.8975 0.4150
vn 0.2138 0.7392 0.6386
vn 0.0052 0.9887 0.1496
vn -0.0901 0.9782 -0.1873
vn -0.1079 0.9314 -0.3476
vn -0.0199 0.9996 -0.0217
vn -0.1256 0.9602 -0.2496
vn -0.0262 0.8688 0.4944
vn 0.2853 0.8764 0.3880
vn -0.2277 0.9667 -0.1168
vn 0.3209 0.8592 0.3986
vn 0.5596 0.7837 0.2694
vn 0.6556 0.5481 0.5194
vn 0.4240 0.6614 0.6187
vn 0.5027 0.6402 0.5809
vn 0.2495 0.8936 0.3731
vn -0.0240 0.9969 0.0744
vn 0.5180 0.7296 0.4465
vn 0.2408 0.9452 0.2206
vn 0.4328 0.6196 0.6549
vn 0.1382 0.8017 0.5815
vn 0.4214 0.7252 0.5445
vn 0.5375 0.6599 0.5250
vn 0.3466 0.8863 0.3070
vn 0.2908 0.8979 0.3306
vn 0.5098 0.6740 0.5346
vn 0.1843 0.8709 0.4556
vn 0.2943 0.8999 0.3218
vn -0.0317 0.9987 0.0401
vn 0.2030 0.9710 -0.1263
vn 0.5737 0.7893 0.2190
vn -0.0367 0.9014 -0.4315
vn 0.0362 0.9156 -0.4004
vn 0.0647 0.9976 -0.0262
vn -0.1213 0.9360 -0.3305
vn 0.2919 0.9178 0.2691
vn 0.2208 0.9746 -0.0367
vn 0.0977 0.9866 -0.1305
vn -0.0560 0.9229 -0.3809
vn -0.2054 0.9658 -0.1585
vn -0.2616 0.9462 -0.1905
vn 0.1923 0.9281 0.3187
vn 0.2202 0.9239 0.3129
vn 0.0480 0.9811 0.1872
vn 0.1033 0.9660 0.2371
vn -0.0832 0.9882 -0.1283
vn -0.0626 0.9941 -0.0885
vn -0.0913 0.9941 0.0584
vn -0.0509 0.9942 -0.0950
vn -0.0806 0.9932 -0.0845
vn -0.1949 0.9584 -0.2086
vn 0.1482 0.9585 0.2435
vn 0.1527 0.9127 0.3792
vn 0.1798 0.9104 0.3725
vn 0.1224 0.8853 0.4486
vn 0.1205 0.9192 0.3749
vn 0.1245 0.8767 0.4646
vn 0.1580 0.9412 0.2986
vn -0.0745 0.9847 -0.1575
vn -0.0323 0.9863 -0.1615
vn 0.0529 0.9979 0.0369
vn -0.0110 0.9999 0.0109
vn 0.1164 0.9772 0.1773
vn -0.0501 0.9742 -0.2202
vn -0.0679 0.9956 -0.0639
vn -0.0534 0.9956 -0.0765
vn 0.0391 0.9587 0.2818
vn -0.0406 0.9455 0.3231
vn 0.0507 0.8875 0.4580
vn -0.0190 0.9845 0.1744
vn -0.0985 0.9792 0.1773
vn -0.0794 0.9898 -0.1183
vn -0.1521 0.9881 -0.0215
vn -0.3169 0.7334 -0.6014
vn -0.3270 0.8359 -0.4407
vn -0.3222 0.9355 -0.1449
vn 0.2178 0.6589 0.7200
vn 0.0476 0.5356 0.8431
vn 0.1373 0.7086 0.6921
vn 0.0048 0.9243 0.3815
vn -0.3383 0.6919 -0.6378
vn -0.2590 0.8364 -0.4831
vn -0.0060 0.5172 0.8559
vn -0.0041 0.4908 0.8713
vn -0.3570 0.9337 -0.0259
vn -0.0612 0.4839 0.8730
vn -0.2782 0.8369 0.4715
vn 0.0323 0.3264 0.9447
vn -0.2397 0.8006 0.5492
vn -0.3871 0.9119 -0.1364
vn -0.4455 0.8422 -0.3036
vn -0.4412 0.7850 -0.4348
vn -0.2042 0.8483 0.4886
vn -0.0628 0.5147 0.8551
vn -0.3573 0.8977 -0.2579
vn -0.4457 0.8654 -0.2290
vn -0.3513 0.9350 -0.0484
vn -0.1926 0.9796 -0.0577
vn -0.1249 0.5865 0.8003
vn 0.0249 0.5578 0.8296
vn -0.3916 0.9139 -0.1067
vn -0.1975 0.9736 0.1142
vn -0.3160 0.9351 0.1607
vn -0.2028 0.9043 0.3756
vn -0.1355 0.8219 0.5533
vn -0.0006 0.7195 0.6945
vn -0.1467 0.7821 0.6057
vn -0.2373 0.8288 0.5068
vn -0.0441 0.6600 0.7500
vn -0.4279 0.9032 0.0341
vn -0.4220 0.9035 -0.0742
vn 0.0676 0.9939 0.0873
vn 0.0846 0.9963 0.0123
vn -0.2972 0.9505 0.0910
vn -0.0756 0.9828 0.1686
vn -0.2117 0.9472 0.2407
vn -0.2866 0.9421 0.1739
vn -0.1041 0.9845 0.1409
vn -0.1203 0.9841 0.1310
vn -0.1462 0.9867 0.0706
vn -0.0956 0.9885 0.1172
vn -0.0809 0.9897 0.1178
vn -0.1094 0.9931 -0.0423
vn -0.1205 0.9806 -0.1548
vn -0.1806 0.9770 -0.1133
vn -0.2171 0.9362 -0.2763
vn -0.2579 0.9064 -0.3345
vn 0.2009 0.9166 0.3455
vn 0.1485 0.8572 0.4932
vn 0.0454 0.9942 0.0978
vn -0.0665 0.9965 0.0510
vn 0.0759 0.9369 0.3412
vn -0.0529 0.9986 0.0097
vn -0.0789 0.9718 -0.2221
vn -0.1550 0.9645 -0.2137
vn -0.0550 0.8988 0.4348
vn 0.0190 0.9888 0.1482
vn -0.3246 0.8507 0.4134
vn -0.1561 0.7105 0.6861
vn 0.0398 0.9966 0.0724
vn -0.0148 0.9847 -0.1734
vn -0.1653 0.9605 -0.2237
vn 0.0541 0.7253 0.6863
vn 0.0213 0.8524 0.5224
vn -0.2502 0.8524 0.4591
vn -0.0834 0.9879 0.1308
vn -0.2874 0.8418 0.4569
vn 0.0302 0.9952 -0.0927
vn -0.0743 0.9851 0.1550
vn -0.2526 0.9022 0.3495
vn -0.0701 0.8673 0.4928
vn 0.2067 0.8048 0.5564
vn -0.0759 0.7003 0.7098
vn 0.1762 0.5927 0.7859
vn -0.0825 0.7245 0.6844
vn -0.1567 0.8351 0.5273
vn -0.2904 0.8620 0.4155
vn -0.3796 0.8993 0.2172
vn -0.1822 0.7955 0.5780
vn -0.2086 0.8003 0.5621
vn -0.0754 0.7987 0.5969
vn -0.2043 0.9626 0.1779
vn -0.2941 0.9548 0.0423
vn 0.1296 0.7626 0.6338
vn -0.1112 0.9474 0.3002
vn -0.2608 0.9368 0.2331
vn -0.1689 0.9232 0.3452
vn -0.0620 0.9317 0.3579
vn -0.0323 0.9902 0.1361
vn -0.1652 0.9555 0.2442
vn -0.0912 0.9928 0.0770
vn -0.0921 0.9677 0.2345
vn -0.1739 0.9814 -0.0815
vn -0.1586 0.9752 -0.1541
vn -0.1658 0.9803 -0.1076
vn -0.2369 0.9481 -0.2121
vn -0.1746 0.9222 -0.3450
vn 0.0736 0.9558 0.2847
vn 0.0308 0.9994 -0.0135
vn 0.0679 0.9977 -0.0009
vn -0.0153 0.9975 -0.0689
vn 0.1553 0.9854 -0.0693
vn 0.0464 0.9965 -0.0697
vn 0.3867 0.7084 0.5905
vn 0.2807 0.9492 0.1422
vn 0.3633 0.9312 0.0284
vn 0.5642 0.7892 0.2424
vn 0.2165 0.8834 0.4156
vn 0.2624 0.9138 0.3099
vn 0.1587 0.9822 0.1006
vn 0.1145 0.9934 0.0038
vn 0.0455 0.9915 -0.1219
vn 0.0227 0.9673 0.2527
vn 0.0510 0.9660 0.2535
vn 0.0339 0.9929 0.1137
vn -0.0224 0.9862 0.1641
vn -0.0439 0.9344 0.3536
vn -0.0005 0.9653 0.2611
vn -0.1469 0.9288 -0.3401
vn -0.0893 0.9573 -0.2749
vn -0.1240 0.9415 -0.3135
vn -0.1322 0.9843 0.1169
vn -0.0812 0.9663 0.2443
vn -0.0669 0.9563 0.2848
vn -0.1285 0.9891 -0.0723
vn -0.1908 0.9808 0.0399
vn -0.1775 0.9834 0.0369
vn -0.1027 0.9947 0.0061
vn -0.1627 0.9207 -0.3546
vn -0.0569 0.9805 -0.1880
vn 0.1200 0.8613 0.4937
vn 0.0498 0.8665 0.4966
vn 0.0564 0.7861 0.6155
vn 0.0946 0.9660 0.2406
vn 0.0900 0.9939 -0.0644
vn 0.0333 0.9931 0.1125
vn 0.0395 0.9938 -0.1040
vn 0.0295 0.9932 -0.1128
vn 0.0772 0.9937 -0.0807
vn 0.0717 0.9848 -0.1585
vn -0.1290 0.9683 0.2138
vn -0.0971 0.9711 0.2182
vn -0.0703 0.9655 0.2508
vn 0.0345 0.9948 0.0962
vn -0.0781 0.9716 0.2235
vn -0.0401 0.9970 0.0664
vn 0.1228 0.9883 0.0907
vn 0.0200 0.9980 0.0607
vn 0.2832 0.8869 0.3649
vn 0.0804 0.9722 0.2200
vn -0.1597 0.9678 -0.1948
vn -0.2368 0.8915 -0.3861
vn -0.1866 0.9197 -0.3456
vn 0.2438 0.8599 0.4485
vn 0.0398 0.9878 0.1508
vn -0.1801 0.9461 -0.2692
vn -0.1491 0.9306 -0.3343
vn -0.1959 0.9119 -0.3607
vn -0.0857 0.9486 -0.3048
vn 0.0327 0.9901 0.1363
vn -0.0310 0.9867 0.1596
vn -0.0323 0.9450 -0.3256
vn -0.1223 0.9695 -0.2126
vn -0.0743 0.9957 -0.0554
vn -0.1136 0.9790 -0.1691
vn -0.0993 0.9853 -0.1390
vn -0.0911 0.9917 -0.0907
vn -0.0454 0.9983 0.0371
vn -0.0207 0.9997 -0.0084
vn 0.2993 0.8532 0.4271
vn 0.2884 0.7619 0.5799
vn 0.4794 0.7145 0.5096
vn 0.1769 0.7982 0.5759
vn 0.0530 0.7811 0.6222
vn -0.0547 0.9961 0.0687
vn 0.0476 0.9022 0.4287
vn -0.0587 0.9969 -0.0524
vn 0.0363 0.9962 -0.0790
vn 0.0081 0.9970 -0.0764
vn -0.0699 0.9882 -0.1361
vn 0.0315 0.9976 -0.0615
vn -0.0413 0.9988 0.0249
vn 0.0095 0.9997 0.0219
vn -0.1025 0.9911 0.0846
vn -0.0517 0.9848 0.1661
vn -0.1122 0.9727 0.2031
vn 0.0464 0.9977 0.0501
vn -0.1078 0.9706 0.2153
vn -0.0594 0.9760 0.2096
vn -0.0217 0.9949 0.0985
vn -0.1778 0.9671 0.1817
vn -0.0480 0.9087 -0.4146
vn -0.0514 0.9627 -0.2657
vn -0.0930 0.9838 0.1534
vn -0.1619 0.8139 0.5579
vn -0.2602 0.7158 0.6480
vn -0.3816 0.6298 0.6766
vn 0.0049 0.9557 -0.2942
vn -0.3446 0.6376 0.6889
vn -0.3651 0.6684 0.6480
vn -0.0913 0.9511 0.2950
vn 0.0005 0.9264 -0.3765
vn -0.1679 0.9571 0.2362
vn -0.0371 0.9028 -0.4284
vn 0.0670 0.9822 -0.1756
vn -0.1946 0.9670 -0.1647
vn -0.0386 0.8372 -0.5455
vn 0.0364 0.9316 -0.3616
vn -0.1499 0.9459 0.2879
vn -0.1007 0.9807 0.1678
vn -0.1144 0.9759 0.1855
vn -0.0984 0.9951 -0.0133
vn -0.0307 0.8004 0.5987
vn -0.1230 0.9100 0.3959
vn -0.0344 0.7567 0.6528
vn -0.0098 0.8297 0.5582
vn -0.0120 0.7876 0.6160
vn -0.0657 0.9496 0.3066
vn 0.0747 0.9956 -0.0558
vn -0.0204 0.9915 -0.1288
vn 0.1233 0.9920 -0.0284
vn 0.0860 0.9961 -0.0205
vn 0.1741 0.9847 -0.0058
vn 0.1045 0.9944 -0.0142
vn 0.0739 0.9973 0.0028
vn -0.0065 0.8609 -0.5087
vn -0.0623 0.9929 -0.1013
vn -0.0666 0.9505 -0.3034
vn 0.0438 0.9624 -0.2680
vn -0.0948 0.9955 -0.0061
vn -0.0538 0.9905 -0.1269
vn -0.0599 0.8599 0.5070
vn 0.0022 0.8364 0.5481
vn -0.0073 0.8302 0.5574
vn 0.0348 0.9966 -0.0749
vn 0.0652 0.9976 0.0251
vn 0.0610 0.9883 0.1395
vn 0.1621 0.9762 0.1442
vn -0.0678 0.9975 0.0189
vn 0.0372 0.9992 0.0140
vn -0.0535 0.9982 0.0270
vn -0.2123 0.9596 0.1847
vn -0.0245 0.9832 0.1806
vn -0.0354 0.9834 0.1780
vn 0.0751 0.9544 0.2890
vn -0.0447 0.9985 -0.0319
vn -0.0903 0.9958 0.0177
vn -0.0856 0.9957 -0.0340
vn -0.0405 0.9968 -0.0688
vn 0.0429 0.9918 -0.1205
vn -0.0499 0.9981 -0.0348
vn 0.4714 0.8606 -0.1925
vn 0.5059 0.8578 -0.0911
vn 0.6011 0.7862 -0.1433
vn 0.5514 0.8116 -0.1928
vn 0.4420 0.8703 -0.2173
vn 0.5699 0.7984 -0.1945
vn 0.3874 0.8932 -0.2284
vn 0.3457 0.9240 -0.1636
vn 0.4494 0.8630 -0.2308
vn 0.3864 0.9042 -0.1818
vn 0.4459 0.8750 -0.1886
vn 0.4387 0.8746 -0.2067
vn 0.4552 0.8648 -0.2120
vn 0.4186 0.8679 -0.2676
vn 0.4304 0.8757 -0.2188
vn 0.3631 0.9145 -0.1783
vn 0.3187 0.9313 -0.1763
vn 0.3671 0.9223 -0.1209
vn 0.3681 0.9038 -0.2183
vn 0.3981 0.8680 -0.2967
vn 0.3849 0.8774 -0.2864
vn 0.3577 0.8673 -0.3462
vn 0.3761 0.8748 -0.3054
vn 0.3815 0.8535 -0.3550
vn 0.3825 0.8241 -0.4177
vn 0.3808 0.7735 -0.5066
vn 0.3412 0.8358 -0.4301
vn 0.4191 0.8849 -0.2035
vn 0.3320 0.9348 -0.1262
vn 0.1411 0.9846 -0.1034
vn 0.2956 0.8986 -0.3243
vn 0.3101 0.8786 -0.3631
vn 0.2930 0.8382 -0.4601
vn 0.2812 0.8811 -0.3802
vn 0.2337 0.8363 -0.4960
vn 0.1881 0.9610 -0.2025
vn 0.1371 0.9658 -0.2200
vn 0.3269 0.9352 -0.1362
vn 0.2042 0.9773 -0.0572
vn 0.3188 0.9164 -0.2419
vn 0.2432 0.9308 -0.2730
vn -0.0333 0.9880 0.1508
vn -0.1392 0.9654 0.2205
vn -0.0606 0.9948 -0.0824
vn -0.2823 0.9493 0.1386
vn -0.2215 0.9630 0.1532
vn -0.0022 0.9848 -0.1738
vn -0.0056 0.9587 -0.2844
vn -0.0122 0.9724 -0.2330
vn -0.1027 0.9923 -0.0688
vn -0.0301 0.9957 -0.0879
vn 0.0916 0.9938 -0.0635
vn -0.3235 0.9388 0.1181
vn -0.1898 0.9632 0.1902
vn 0.0277 0.9879 -0.1526
vn -0.4565 0.8660 0.2040
vn -0.2294 0.9286 0.2918
vn -0.0651 0.9423 0.3284
vn -0.1560 0.9869 -0.0411
vn 0.1986 0.9588 -0.2031
vn 0.1357 0.9588 -0.2496
vn -0.1428 0.9699 -0.1972
vn -0.0317 0.9988 -0.0361
vn 0.1906 0.9746 -0.1179
vn -0.4818 0.8724 -0.0828
vn -0.3202 0.9328 0.1657
vn 0.0059 0.9185 0.3955
vn 0.1195 0.9836 0.1350
vn 0.2011 0.9129 -0.3551
vn 0.2339 0.8424 -0.4854
vn 0.0645 0.9979 0.0035
vn 0.0635 0.9866 -0.1501
vn -0.0676 0.9853 -0.1571
vn -0.0641 0.9899 0.1268
vn -0.4236 0.8906 -0.1652
vn -0.4947 0.7918 -0.3584
vn -0.2386 0.8721 -0.4272
vn -0.5888 0.7242 -0.3589
vn 0.0161 0.9667 -0.2554
vn 0.3015 0.9491 0.0908
vn -0.0526 0.9874 0.1492
vn 0.2235 0.8230 -0.5221
vn 0.2404 0.8189 -0.5211
vn 0.2306 0.8115 -0.5370
vn -0.0166 0.9655 -0.2597
vn -0.0426 0.9853 -0.1652
vn -0.0527 0.9575 -0.2837
vn -0.0364 0.9456 -0.3232
vn 0.1019 0.9498 -0.2957
vn 0.0009 0.9410 -0.3383
vn -0.0026 0.9669 -0.2553
vn -0.4194 0.8405 -0.3430
vn -0.1984 0.9536 -0.2266
vn -0.5343 0.8404 -0.0911
vn -0.2182 0.9403 0.2611
vn -0.2018 0.9639 0.1736
vn 0.0266 0.9277 0.3724
vn -0.6679 0.6983 -0.2576
vn -0.6275 0.7702 -0.1138
vn -0.0492 0.9987 0.0140
vn -0.0873 0.9939 -0.0672
vn 0.0466 0.9974 -0.0552
vn 0.1508 0.9809 -0.1230
vn -0.3265 0.9282 0.1784
vn 0.0795 0.9035 0.4212
vn 0.3360 0.8375 0.4310
vn 0.4618 0.8171 0.3451
vn 0.4893 0.7111 0.5050
vn 0.5848 0.7040 0.4030
vn 0.1961 0.9039 0.3802
vn 0.1978 0.8535 0.4821
vn 0.1964 0.9709 0.1373
vn 0.5767 0.7226 0.3811
vn 0.6013 0.7163 0.3541
vn 0.2698 0.9331 0.2378
vn -0.1334 0.9395 0.3155
vn -0.1462 0.9709 0.1895
vn 0.0837 0.9815 0.1723
vn -0.2531 0.9436 0.2136
vn -0.4607 0.8207 0.3380
vn -0.2470 0.8777 0.4107
vn -0.4048 0.8581 0.3160
vn 0.1786 0.9146 -0.3628
vn 0.0723 0.9968 -0.0336
vn 0.2352 0.8585 -0.4557
vn 0.2435 0.8407 -0.4837
vn -0.7104 0.5842 -0.3924
vn -0.3504 0.9199 -0.1759
vn -0.6326 0.6289 -0.4520
vn -0.3163 0.9399 0.1286
vn -0.3154 0.9473 0.0564
vn 0.2004 0.9099 0.3632
vn 0.2541 0.9583 0.1308
vn 0.2762 0.9082 0.3144
vn 0.6107 0.7085 0.3538
vn 0.5604 0.6671 0.4908
vn 0.1830 0.9442 0.2737
vn -0.2535 0.9667 -0.0343
vn 0.4729 0.6921 0.5453
vn -0.0065 0.9898 0.1423
vn -0.1360 0.9866 -0.0902
vn 0.1129 0.9919 -0.0579
vn -0.2599 0.9213 0.2892
vn 0.0894 0.9051 0.4158
vn 0.2794 0.9345 -0.2205
vn 0.1421 0.8153 -0.5613
vn 0.0372 0.8323 -0.5531
vn -0.0998 0.9940 -0.0447
vn -0.1112 0.9892 -0.0953
vn -0.0849 0.9831 -0.1620
vn -0.2493 0.9480 -0.1979
vn -0.2614 0.9524 -0.1566
vn -0.0562 0.9907 -0.1243
vn -0.7039 0.5936 -0.3902
vn -0.5096 0.8143 -0.2781
vn -0.6130 0.6984 -0.3695
vn -0.6025 0.7306 -0.3211
vn -0.0004 0.9783 -0.2072
vn -0.7012 0.6682 -0.2488
vn -0.7092 0.6815 -0.1806
vn 0.6307 0.7717 0.0816
vn 0.8672 0.3907 0.3087
vn -0.7669 0.4705 -0.4366
vn 0.6752 0.7375 0.0140
vn 0.5660 0.7503 0.3416
vn 0.8129 0.3096 0.4933
vn 0.0848 0.9943 0.0645
vn 0.2558 0.9590 0.1220
vn 0.2483 0.9681 -0.0343
vn 0.8408 0.5414 0.0038
vn 0.4205 0.8972 -0.1349
vn -0.3133 0.8267 0.4673
vn -0.0686 0.8819 0.4664
vn -0.2107 0.9323 0.2938
vn 0.2475 0.9253 -0.2873
vn 0.2626 0.9640 -0.0419
vn 0.3190 0.9173 -0.2383
vn 0.2571 0.9413 -0.2189
vn 0.0850 0.9642 0.2513
vn 0.2690 0.9546 0.1277
vn 0.1959 0.9628 -0.1859
vn 0.1056 0.9260 0.3625
vn -0.0477 0.9403 0.3370
vn 0.0913 0.9944 0.0530
vn 0.0933 0.9325 0.3489
vn 0.1217 0.8763 -0.4662
vn 0.1352 0.9435 -0.3026
vn -0.3359 0.8838 -0.3256
vn -0.3521 0.9003 -0.2558
vn -0.0541 0.9982 0.0255
vn -0.5238 0.6878 -0.5025
vn 0.3180 0.8844 0.3417
vn -0.0109 0.9993 0.0360
vn 0.5025 0.5092 0.6987
vn 0.3233 0.8494 0.4171
vn 0.6031 0.5332 0.5933
vn -0.0440 0.9898 0.1356
vn -0.4240 0.8733 -0.2397
vn -0.5582 0.7251 -0.4033
vn 0.2725 0.8375 0.4736
vn 0.2468 0.8405 0.4822
vn 0.7863 0.3070 0.5361
vn 0.7044 0.2804 0.6520
vn 0.3259 0.8443 0.4254
vn 0.6445 0.4816 0.5938
vn 0.6593 0.2783 0.6985
vn 0.7480 0.1662 0.6425
vn -0.0418 0.8554 -0.5163
vn -0.0703 0.8703 -0.4874
vn -0.0523 0.8798 -0.4725
vn -0.1738 0.9635 -0.2035
vn -0.2479 0.9513 -0.1835
vn -0.4922 0.8189 -0.2954
vn 0.6194 0.3465 0.7045
vn 0.5657 0.2856 0.7736
vn 0.5685 0.3493 0.7449
vn 0.6689 0.4633 0.5814
vn 0.1419 0.9811 0.1316
vn 0.1036 0.9923 -0.0673
vn 0.6060 0.2598 0.7519
vn 0.3056 0.8912 0.3352
vn 0.2606 0.8913 0.3710
vn 0.0303 0.9992 0.0245
vn 0.5496 0.5311 0.6449
vn 0.1995 0.9794 -0.0318
vn 0.2432 0.9671 0.0748
vn 0.1211 0.9921 -0.0339
vn 0.5149 0.7172 0.4696
vn 0.4282 0.8583 0.2827
vn 0.2689 0.9611 0.0636
vn 0.4567 0.7463 0.4842
vn 0.3042 0.9402 -0.1534
vn 0.2430 0.9680 -0.0620
vn 0.2864 0.9575 -0.0331
vn 0.3163 0.9211 0.2272
vn -0.0810 0.9804 0.1796
vn 0.1973 0.9309 -0.3073
vn 0.1438 0.9317 -0.3337
vn 0.0507 0.9910 -0.1241
vn 0.4461 0.8394 -0.3106
vn 0.5540 0.8184 0.1528
vn 0.5157 0.8432 -0.1521
vn 0.2197 0.9502 -0.2212
vn 0.3584 0.9276 0.1056
vn 0.2598 0.9589 -0.1138
vn 0.2328 0.9566 -0.1752
vn 0.2837 0.9515 -0.1193
vn 0.3113 0.8502 0.4245
vn 0.2598 0.9546 0.1459
vn 0.1494 0.9873 -0.0531
vn 0.0049 0.9306 -0.3661
vn -0.4082 0.8278 -0.3849
vn -0.4247 0.8441 -0.3274
vn -0.4768 0.8188 -0.3198
vn -0.2086 0.9578 -0.1980
vn -0.3874 0.8598 -0.3327
vn -0.3430 0.8491 -0.4017
vn -0.3386 0.8754 -0.3450
vn -0.1512 0.9718 -0.1811
vn -0.3369 0.8547 -0.3948
vn -0.3729 0.8437 -0.3862
vn -0.1390 0.9847 0.1054
vn 0.1024 0.9693 0.2237
vn 0.5445 0.5226 0.6561
vn 0.4405 0.7365 0.5133
vn -0.2375 0.9635 -0.1233
vn 0.2162 0.9592 0.1821
vn -0.1363 0.9721 -0.1910
vn 0.1220 0.9848 0.1234
vn 0.5016 0.7453 0.4392
vn 0.6750 0.4200 0.6067
vn 0.6836 0.3367 0.6476
vn 0.6711 0.2678 0.6913
vn 0.6458 0.4655 0.6052
vn 0.2241 0.9473 0.2288
vn 0.6736 0.2472 0.6965
vn 0.6749 0.2303 0.7010
vn 0.5570 0.5794 0.5951
vn 0.0794 0.8780 -0.4720
vn 0.1017 0.9078 -0.4069
vn 0.0457 0.9241 -0.3795
vn 0.1078 0.8552 -0.5069
vn 0.0521 0.8879 -0.4571
vn 0.0961 0.8226 -0.5605
vn 0.1183 0.8724 -0.4743
vn 0.5699 0.4538 0.6850
vn 0.5659 0.7319 0.3797
vn 0.2752 0.9479 0.1607
vn 0.6112 0.7733 0.1688
vn 0.6530 0.7451 0.1359
vn 0.7394 0.3486 0.5760
vn 0.2382 0.9386 0.2497
vn 0.7944 0.4868 0.3632
vn 0.7234 0.4752 0.5008
vn 0.8367 0.5139 0.1895
vn 0.9880 -0.1541 0.0067
vn 0.9745 0.0161 0.2236
vn 0.9423 0.3334 0.0300
vn 0.8485 -0.2679 0.4565
vn 0.8786 -0.0594 0.4738
vn 0.9199 -0.3167 0.2313
vn 0.6853 0.3122 0.6580
vn 0.8575 0.1335 0.4968
vn 0.7116 0.0448 0.7012
vn 0.2481 0.9687 0.0121
vn 0.1984 0.9706 0.1366
vn 0.1596 0.9830 -0.0903
vn 0.4702 0.8793 -0.0758
vn 0.8718 0.4882 -0.0395
vn 0.3932 0.9171 0.0656
vn 0.5257 0.8430 0.1138
vn 0.5520 -0.8205 -0.1490
vn 0.6025 -0.7979 -0.0177
vn 0.7363 -0.5475 -0.3976
vn 0.7385 -0.6702 0.0736
vn 0.7230 -0.6542 0.2221
vn 0.6032 0.7955 0.0581
vn 0.7601 0.6483 0.0443
vn 0.8965 0.4345 0.0864
vn 0.9803 0.0442 -0.1924
vn 0.9710 0.2128 -0.1093
vn 0.8108 -0.5733 -0.1182
vn 0.8884 -0.2700 -0.3713
vn 0.1499 0.9682 0.2001
vn 0.9946 -0.1035 -0.0029
vn 0.9472 -0.3027 -0.1055
vn 0.8427 -0.5344 0.0655
vn 0.9098 -0.3424 0.2347
vn 0.9197 -0.3592 -0.1583
vn 0.8898 0.3147 -0.3306
vn 0.9691 -0.2407 0.0534
vn 0.8479 -0.5280 0.0473
vn 0.6820 -0.7313 -0.0097
vn 0.7333 0.0705 -0.6762
vn 0.4585 0.5335 -0.7108
vn 0.6403 0.6399 -0.4250
vn 0.5046 0.8577 -0.0991
vn 0.2273 0.9315 -0.2841
vn 0.0713 0.9380 -0.3393
vn 0.6680 0.7377 -0.0977
vn 0.4159 0.8803 -0.2283
vn 0.1735 0.9831 0.0592
vn 0.1175 0.9925 -0.0329
vn 0.0151 0.9992 -0.0370
vn 0.1252 0.9513 0.2817
vn 0.2205 0.9626 0.1572
vn 0.0815 0.9658 -0.2460
vn 0.1154 0.9829 -0.1434
vn 0.2424 0.9469 0.2111
vn -0.0463 0.8808 -0.4712
vn 0.0383 0.9095 -0.4140
vn 0.0542 0.9065 -0.4187
vn 0.1255 0.9092 -0.3970
vn 0.8090 -0.1269 0.5739
vn 0.7881 -0.5025 0.3555
vn 0.8682 -0.1545 0.4715
vn 0.9310 0.0648 0.3592
vn 0.8465 0.2183 0.4855
vn 0.6002 0.3588 0.7149
vn 0.7680 -0.1186 0.6294
vn 0.7127 0.6848 0.1518
vn 0.4580 0.8594 0.2273
vn 0.9244 0.0822 0.3726
vn 0.3346 0.9126 -0.2350
vn 0.0539 0.8582 -0.5104
vn 0.1480 0.9576 -0.2470
vn 0.3765 0.4153 0.8281
vn 0.5602 -0.0620 0.8261
vn 0.2654 0.9022 0.3399
vn 0.3597 0.0100 0.9330
vn 0.4685 0.1746 0.8660
vn 0.0410 0.8695 -0.4922
vn 0.0429 0.8942 -0.4456
vn 0.8302 -0.4581 -0.3178
vn 0.9905 -0.0252 -0.1349
vn 0.6793 -0.4972 -0.5398
vn 0.6303 0.0079 -0.7763
vn 0.7645 -0.1310 -0.6312
vn 0.9645 0.1901 0.1831
vn 0.8703 0.4838 -0.0923
vn 0.6438 -0.0535 -0.7633
vn 0.3590 0.4431 -0.8214
vn 0.4434 0.5133 -0.7348
vn 0.6759 0.3495 -0.6489
vn 0.4059 0.7184 -0.5649
vn 0.1625 0.7234 -0.6710
vn 0.1204 0.8232 -0.5549
vn 0.4067 0.8078 -0.4267
vn 0.4327 0.7611 -0.4832
vn 0.8283 0.5602 -0.0073
vn 0.1357 0.8177 -0.5594
vn 0.1868 0.7843 -0.5916
vn -0.1981 0.8829 -0.4257
vn -0.0065 0.9825 -0.1861
vn -0.2192 0.8789 -0.4236
vn -0.2541 0.8699 -0.4228
vn -0.1214 0.9730 -0.1963
vn -0.3111 0.8760 -0.3686
vn 0.6744 0.2691 0.6876
vn 0.5689 0.5566 0.6055
vn 0.2241 0.9608 0.1635
vn 0.2643 0.9586 0.1064
vn -0.1457 0.9696 -0.1966
vn -0.1789 0.9642 -0.1955
vn 0.5517 0.6500 0.5226
vn 0.6137 0.6471 0.4524
vn 0.3121 0.9479 0.0635
vn 0.7097 0.6330 0.3093
vn 0.6906 0.3460 0.6350
vn 0.7194 0.2922 0.6302
vn 0.6643 0.2287 0.7116
vn 0.4445 0.8868 0.1263
vn 0.7495 0.5507 0.3674
vn 0.1192 0.9748 -0.1887
vn 0.3932 0.8820 0.2597
vn 0.6482 0.5045 0.5704
vn 0.5819 0.6157 0.5313
vn 0.8294 0.3363 0.4461
vn 0.2367 0.9374 0.2554
vn 0.0453 0.8569 -0.5134
vn 0.0845 0.9078 -0.4108
vn 0.0420 0.8146 -0.5785
vn -0.0056 0.8246 -0.5656
vn 0.5249 0.5221 0.6722
vn 0.4725 0.6764 0.5650
vn 0.6655 0.2766 0.6932
vn 0.7858 0.3726 0.4936
vn 0.5793 0.6610 0.4771
vn 0.4431 0.7812 0.4398
vn 0.6197 0.4154 0.6659
vn 0.5260 0.4378 0.7292
vn 0.5624 0.3414 0.7531
vn 0.5940 0.2803 0.7541
vn 0.7078 0.2114 0.6740
vn 0.6204 0.2281 0.7504
vn 0.2460 0.7792 0.5764
vn 0.3433 0.6173 0.7078
vn 0.4591 0.3313 0.8243
vn 0.4120 0.9059 -0.0982
vn 0.5234 0.7668 -0.3716
vn 0.2722 0.7620 -0.5876
vn 0.2300 0.8612 -0.4533
vn 0.2370 0.9455 -0.2233
vn 0.4926 0.8011 -0.3401
vn 0.3270 0.8085 -0.4893
vn 0.5513 0.8058 0.2162
vn 0.6897 0.7212 -0.0652
vn 0.4237 0.9032 0.0690
vn 0.3195 0.9346 0.1561
vn 0.3556 0.8542 0.3793
vn 0.1340 0.9625 -0.2358
vn 0.1773 0.9627 -0.2044
vn 0.1062 0.9088 -0.4035
vn 0.0638 0.8649 -0.4978
vn 0.1842 0.8857 -0.4261
vn 0.3084 0.8899 0.3360
vn 0.3564 0.5110 0.7822
vn 0.1038 0.9733 -0.2046
vn 0.1410 0.9672 -0.2113
vn 0.1827 0.9575 -0.2232
vn 0.3268 0.1306 0.9360
vn 0.5269 0.0715 0.8469
vn 0.5347 0.3856 0.7519
vn 0.6658 0.1349 0.7339
vn 0.4541 0.7752 0.4392
vn 0.5926 0.4131 0.6915
vn 0.2244 0.9716 -0.0752
vn 0.4570 0.8141 0.3584
vn 0.5837 0.4782 0.6562
vn 0.3777 0.8054 0.4568
vn 0.0112 0.9655 -0.2603
vn 0.1082 0.9554 -0.2748
vn 0.1350 0.9886 0.0665
vn 0.0659 0.9129 -0.4029
vn 0.5311 0.4904 0.6909
vn 0.5981 0.2599 0.7581
vn 0.3778 0.8382 0.3933
vn 0.3211 0.9466 0.0290
vn 0.3109 0.8487 -0.4279
vn 0.1786 0.9075 -0.3801
vn 0.1165 0.8651 -0.4878
vn 0.0468 0.8836 -0.4659
vn 0.0318 0.9102 -0.4129
vn 0.0534 0.9245 -0.3773
vn 0.0530 0.8822 -0.4679
vn 0.0592 0.9571 -0.2837
vn 0.2736 0.9154 -0.2953
vn 0.3711 0.9217 -0.1128
vn 0.1012 0.9931 -0.0585
vn 0.4574 0.8718 -0.1753
vn 0.6774 0.7032 -0.2160
vn 0.0123 0.9996 -0.0274
vn 0.3034 0.8445 0.4414
vn -0.2374 0.8806 -0.4101
vn -0.0610 0.9707 -0.2324
vn 0.4601 0.8525 0.2481
vn 0.0816 0.9892 -0.1215
vn -0.2160 0.9036 -0.3700
vn -0.2665 0.8547 -0.4455
vn -0.0526 0.9961 -0.0716
vn 0.5005 0.7251 0.4730
vn 0.4726 0.8207 0.3211
vn 0.6205 0.5256 0.5820
vn 0.4830 0.5608 0.6725
vn 0.3886 0.7525 0.5318
vn 0.5626 0.5070 0.6530
vn 0.2639 0.8187 0.5099
vn 0.0218 0.8234 -0.5670
vn 0.0074 0.8220 -0.5694
vn 0.4429 0.7384 0.5085
vn 0.2882 0.8963 0.3372
vn 0.2937 0.8809 0.3711
vn 0.5773 0.4510 0.6807
vn 0.6876 0.0743 0.7223
vn 0.5636 0.1422 0.8137
vn 0.5367 0.2363 0.8100
vn 0.5062 0.6910 0.5160
vn 0.4477 0.3749 0.8118
vn 0.5463 0.2859 0.7873
vn 0.2392 0.9319 0.2728
vn 0.6139 0.3267 0.7186
vn 0.5536 0.5930 0.5847
vn 0.2842 0.8886 0.3599
vn 0.4641 0.7507 0.4702
vn 0.0859 0.9145 -0.3954
vn 0.0325 0.9340 -0.3559
vn -0.0460 0.9436 -0.3279
vn 0.0889 0.9539 -0.2866
vn 0.0780 0.8587 -0.5065
vn 0.1851 0.8903 -0.4161
vn 0.0553 0.8575 -0.5115
vn 0.3889 0.4425 0.8080
vn 0.2317 0.6082 0.7592
vn 0.1329 0.6581 0.7411
vn 0.3763 0.5942 0.7108
vn 0.4226 0.4144 0.8060
vn 0.3968 0.8788 0.2651
vn 0.3881 0.5842 0.7128
vn 0.4159 0.8710 0.2613
vn 0.4628 0.7933 0.3956
vn 0.2807 0.9402 -0.1928
vn 0.2820 0.9448 -0.1670
vn 0.3086 0.3949 0.8653
vn 0.2990 0.5295 0.7938
vn 0.2683 0.6214 0.7361
vn 0.3117 0.3215 0.8941
vn 0.1036 0.9192 -0.3800
vn 0.0897 0.8867 -0.4536
vn -0.1021 0.9607 -0.2581
vn 0.0725 0.6164 0.7841
vn 0.2626 0.4148 0.8712
vn 0.1289 0.9146 0.3833
vn -0.1613 0.9052 0.3932
vn -0.0118 0.7182 0.6958
vn 0.1698 0.5381 0.8256
vn -0.2696 0.9115 0.3105
vn -0.0283 0.9153 -0.4017
vn -0.0014 0.8580 -0.5137
vn -0.0132 0.8693 -0.4942
vn -0.1330 0.9011 -0.4128
vn -0.1330 0.9197 -0.3693
vn 0.0227 0.9451 -0.3259
vn -0.0166 0.9371 -0.3487
vn 0.2230 0.9264 0.3036
vn 0.1738 0.9725 0.1548
vn 0.2676 0.9334 0.2393
vn 0.2856 0.9548 0.0822
vn 0.2357 0.9358 0.2620
vn 0.4257 0.8960 -0.1264
vn 0.1383 0.9551 -0.2620
vn 0.2097 0.9770 -0.0378
vn 0.2698 0.9604 -0.0695
vn -0.2161 0.8689 -0.4453
vn -0.2478 0.8940 -0.3733
vn 0.0185 0.9960 -0.0870
vn 0.3138 0.8687 0.3834
vn -0.2573 0.8833 -0.3918
vn 0.4042 0.8338 0.3760
vn 0.2390 0.9623 0.1295
vn 0.1453 0.9894 -0.0060
vn -0.0016 0.8324 -0.5541
vn 0.0261 0.8442 -0.5353
vn -0.0344 0.8612 -0.5071
vn -0.0056 0.8751 -0.4840
vn 0.5524 0.6165 0.5611
vn 0.5418 0.6990 0.4667
vn 0.2803 0.8603 0.4257
vn 0.6206 0.5752 0.5328
vn 0.5882 0.6787 0.4397
vn 0.4572 0.6390 0.6186
vn 0.3796 0.6741 0.6336
vn 0.3362 0.5853 0.7379
vn 0.4242 0.6185 0.6615
vn 0.6435 0.4287 0.6341
vn 0.2784 0.7781 0.5631
vn 0.1921 0.7525 0.6299
vn -0.1021 0.9256 -0.3644
vn -0.0177 0.8752 -0.4834
vn 0.1171 0.7578 0.6419
vn 0.2707 0.6361 0.7226
vn -0.1297 0.8851 0.4469
vn 0.2263 0.6741 0.7031
vn 0.1982 0.6728 0.7127
vn 0.1641 0.7129 0.6818
vn 0.3129 0.6821 0.6609
vn -0.3528 0.9261 0.1333
vn -0.2676 0.9629 0.0352
vn -0.3773 0.9203 -0.1035
vn -0.1305 0.8909 0.4352
vn 0.1902 0.5929 0.7825
vn -0.4019 0.9134 0.0637
vn -0.3247 0.9400 -0.1050
vn 0.0262 0.9990 -0.0366
vn -0.3390 0.9400 0.0396
vn -0.4384 0.8987 -0.0103
vn -0.4191 0.9058 0.0627
vn -0.3790 0.9248 0.0327
vn -0.3384 0.9379 0.0764
vn -0.3617 0.9310 -0.0485
vn -0.3387 0.9371 0.0842
vn -0.1468 0.9209 -0.3612
vn -0.0138 0.9796 -0.2004
vn 0.0618 0.9960 0.0646
vn -0.0015 0.9509 -0.3094
vn -0.0380 0.9978 -0.0541
vn 0.0600 0.9584 0.2792
vn 0.1285 0.9917 -0.0079
vn -0.1419 0.9804 -0.1370
vn -0.1382 0.9043 -0.4039
vn -0.0149 0.9576 -0.2877
vn -0.1160 0.9451 -0.3053
vn -0.0702 0.9504 -0.3031
vn 0.2788 0.8518 0.4434
vn 0.4464 0.7607 0.4713
vn 0.1044 0.9174 0.3841
vn 0.1313 0.8215 0.5548
vn 0.2242 0.6457 0.7299
vn 0.1929 0.8690 0.4557
vn 0.3957 0.8243 0.4049
vn 0.2105 0.8734 0.4392
vn 0.2703 0.7587 0.5927
vn 0.1840 0.7578 0.6260
vn -0.0560 0.8826 0.4667
vn 0.2274 0.7379 0.6355
vn 0.1766 0.8439 0.5067
vn -0.0637 0.8160 0.5746
vn -0.0671 0.9409 -0.3320
vn 0.0622 0.9483 -0.3111
vn -0.0736 0.9577 -0.2783
vn -0.0404 0.9584 -0.2825
vn -0.0421 0.9374 -0.3457
vn 0.0177 0.9399 -0.3410
vn -0.0239 0.8827 -0.4694
vn -0.0353 0.8826 -0.4688
vn -0.0529 0.9484 -0.3125
vn 0.0274 0.8646 -0.5018
vn -0.0777 0.9615 -0.2638
vn -0.1288 0.9316 -0.3400
vn -0.2239 0.9061 0.3590
vn -0.2094 0.8431 0.4954
vn -0.3277 0.9407 -0.0882
vn -0.2674 0.9591 -0.0927
vn -0.2815 0.9043 -0.3210
vn -0.2482 0.9661 0.0718
vn -0.4511 0.8906 -0.0581
vn -0.3224 0.9465 0.0137
vn -0.2728 0.8978 -0.3457
vn -0.2746 0.9484 -0.1583
vn -0.0893 0.9646 0.2480
vn -0.1895 0.9649 -0.1818
vn -0.0469 0.9567 0.2872
vn -0.0351 0.9359 0.3504
vn -0.0181 0.9294 0.3687
vn -0.1069 0.9622 -0.2505
vn -0.1005 0.9935 0.0543
vn -0.0736 0.9970 0.0248
vn -0.4654 0.6280 0.6237
vn -0.4037 0.8563 0.3222
vn -0.4327 0.6465 0.6283
vn -0.5339 0.8287 0.1683
vn -0.4827 0.5802 0.6560
vn -0.2613 0.8961 -0.3587
vn -0.2120 0.9161 -0.3403
vn 0.0666 0.7606 -0.6458
vn -0.3974 0.6349 0.6625
vn -0.3349 0.9218 0.1953
vn -0.6231 0.5517 0.5544
vn -0.5584 0.5827 0.5904
vn -0.4653 0.4588 0.7570
vn 0.1570 0.9647 -0.2112
vn -0.1994 0.5289 0.8249
vn 0.1140 0.5151 0.8495
vn 0.2817 0.6762 0.6808
vn 0.0185 0.8441 -0.5358
vn -0.0244 0.8566 -0.5154
vn 0.0076 0.8937 -0.4487
vn -0.0434 0.8776 -0.4774
vn -0.0239 0.8798 -0.4747
vn -0.0119 0.8802 -0.4744
vn -0.0378 0.8247 -0.5642
vn -0.0483 0.8314 -0.5535
vn -0.0398 0.8525 -0.5212
vn -0.0295 0.8315 -0.5547
vn -0.0562 0.8671 0.4949
vn -0.2332 0.7400 0.6309
vn -0.2768 0.7719 0.5723
vn -0.3374 0.6052 0.7211
vn -0.0826 0.6355 0.7677
vn 0.0998 0.5592 0.8230
vn -0.2448 0.7251 0.6437
vn -0.1015 0.8802 0.4637
vn -0.2518 0.9407 0.2275
vn -0.2385 0.8423 0.4834
vn -0.3185 0.8255 0.4659
vn -0.0078 0.9335 0.3584
vn -0.0056 0.7700 0.6380
vn -0.2855 0.9030 0.3211
vn -0.4371 0.8325 0.3403
vn -0.2944 0.8404 0.4550
vn -0.2932 0.9077 0.3003
vn -0.3309 0.9172 0.2221
vn -0.3033 0.9470 0.1062
vn -0.3423 0.9168 0.2059
vn -0.2027 0.9128 0.3545
vn 0.1317 0.7467 0.6520
vn 0.4242 0.5165 0.7438
vn 0.2827 0.6454 0.7096
vn 0.1715 0.8777 0.4476
vn -0.0459 0.9783 0.2019
vn -0.0845 0.9643 0.2508
vn -0.1923 0.9635 -0.1863
vn -0.2032 0.9705 -0.1296
vn -0.1953 0.9752 -0.1043
vn -0.0865 0.9592 0.2691
vn 0.0395 0.9466 -0.3200
vn -0.0547 0.9335 -0.3544
vn -0.0805 0.9556 -0.2836
vn -0.0286 0.8418 -0.5391
vn -0.3312 0.9170 0.2224
vn -0.2850 0.9538 0.0946
vn -0.2439 0.9619 0.1233
vn -0.1733 0.9840 0.0403
vn -0.1626 0.9843 0.0692
vn -0.0136 0.9847 0.1735
vn -0.0415 0.9958 0.0822
vn -0.2211 0.9481 -0.2285
vn -0.2416 0.9667 -0.0846
vn -0.2518 0.9570 -0.1437
vn -0.0891 0.9922 0.0875
vn -0.0469 0.9116 0.4083
vn -0.1050 0.9760 -0.1909
vn -0.0670 0.9804 0.1855
vn -0.1096 0.9888 -0.1017
vn -0.0449 0.9669 -0.2513
vn 0.1307 0.7077 0.6943
vn 0.1713 0.9377 0.3023
vn 0.2974 0.9003 -0.3178
vn 0.0667 0.9569 -0.2826
vn 0.4331 0.8570 0.2793
vn -0.0821 0.9523 0.2939
vn -0.0453 0.9768 -0.2093
vn -0.1492 0.7595 0.6332
vn 0.0245 0.7065 0.7073
vn -0.2511 0.7591 0.6006
vn -0.0596 0.9680 -0.2438
vn -0.1467 0.9521 0.2684
vn 0.0633 0.8732 -0.4832
vn -0.0086 0.8944 -0.4473
vn -0.2351 0.9074 0.3485
vn -0.3447 0.7992 0.4924
vn -0.2665 0.7631 0.5888
vn -0.0370 0.9824 -0.1831
vn 0.1412 0.8026 -0.5795
vn -0.2706 0.9192 0.2862
vn -0.2728 0.7761 0.5686
vn -0.2233 0.7182 0.6590
vn -0.0428 0.8694 -0.4922
vn -0.0786 0.8527 -0.5164
vn -0.0952 0.8649 -0.4928
vn -0.0400 0.8269 -0.5609
vn -0.1097 0.8163 -0.5672
vn -0.1294 0.8526 0.5063
vn -0.3264 0.8817 0.3406
vn -0.2668 0.8199 0.5066
vn -0.2015 0.8891 0.4109
vn 0.1780 0.7480 0.6394
vn 0.1279 0.7615 0.6354
vn -0.2042 0.9178 0.3404
vn -0.0619 0.8742 0.4815
vn -0.2920 0.9160 0.2750
vn 0.0564 0.6959 0.7160
vn 0.1541 0.6146 0.7736
vn -0.2032 0.8198 0.5354
vn -0.1005 0.7290 0.6771
vn -0.3218 0.8574 0.4017
vn -0.2750 0.9575 -0.0868
vn -0.4069 0.8882 -0.2133
vn -0.4128 0.9107 0.0132
vn -0.1959 0.9668 -0.1638
vn -0.2184 0.9631 0.1571
vn -0.3430 0.9342 -0.0978
vn -0.2008 0.9697 -0.1393
vn -0.3325 0.9406 -0.0690
vn -0.3070 0.9448 -0.1146
vn -0.0790 0.9583 0.2748
vn -0.0520 0.9741 0.2201
vn -0.0022 0.9076 0.4199
vn -0.0552 0.8876 0.4574
vn -0.1097 0.8153 0.5685
vn -0.2407 0.9020 0.3584
vn -0.3759 0.8942 0.2430
vn -0.1226 0.9639 -0.2364
vn -0.0059 0.9743 -0.2253
vn -0.1118 0.9752 -0.1913
vn -0.0612 0.9115 -0.4068
vn 0.0787 0.9538 -0.2898
vn 0.0322 0.9689 0.2455
vn 0.0022 0.9200 0.3918
vn -0.1012 0.9828 -0.1546
vn 0.3543 0.9206 0.1639
vn 0.5934 0.7049 -0.3886
vn -0.2697 0.9230 -0.2744
vn 0.2030 0.9045 -0.3750
vn 0.1608 0.8894 -0.4280
vn -0.0469 0.7850 0.6177
vn -0.1553 0.8853 0.4384
vn -0.2310 0.9221 0.3104
vn -0.2304 0.8663 0.4432
vn -0.2592 0.9524 0.1602
vn 0.1290 0.9226 -0.3636
vn 0.0464 0.9536 -0.2976
vn 0.3670 0.8421 -0.3951
vn 0.0532 0.9482 -0.3132
vn 0.1400 0.8790 -0.4558
vn 0.0522 0.8316 -0.5530
vn 0.0361 0.9556 -0.2925
vn -0.1858 0.8650 0.4662
vn -0.1135 0.8128 0.5713
vn -0.0866 0.7337 0.6739
vn -0.0815 0.8906 0.4475
vn -0.0512 0.9045 -0.4235
vn 0.0787 0.8370 -0.5415
vn -0.0529 0.9021 -0.4282
vn -0.1007 0.8134 0.5729
vn -0.1055 0.8181 0.5653
vn -0.1683 0.8896 0.4246
vn -0.0418 0.7653 0.6424
vn -0.2021 0.9230 0.3275
vn -0.3006 0.9385 -0.1697
vn -0.2940 0.9547 -0.0457
vn -0.3002 0.9438 -0.1384
vn -0.2801 0.9364 0.2113
vn -0.1312 0.9904 -0.0441
vn -0.2905 0.9552 -0.0559
vn -0.3409 0.9365 -0.0821
vn -0.0127 0.9596 0.2812
vn -0.0103 0.9984 0.0562
vn -0.3571 0.9295 -0.0927
vn -0.1227 0.9894 0.0777
vn -0.3305 0.9412 -0.0704
vn -0.0577 0.9954 0.0765
vn -0.1013 0.7888 0.6063
vn -0.0201 0.8456 0.5334
vn 0.1493 0.9106 0.3854
vn -0.0676 0.9745 0.2138
vn -0.0775 0.9826 0.1685
vn 0.0054 0.9670 0.2546
vn -0.1247 0.9649 -0.2310
vn -0.1470 0.9839 -0.1015
vn -0.1288 0.9787 -0.1599
vn 0.0167 0.9976 -0.0673
vn -0.0140 0.9891 -0.1463
vn -0.0086 0.9798 -0.1998
vn -0.0550 0.7822 0.6206
vn -0.0236 0.8219 0.5692
vn -0.0148 0.8904 0.4548
vn 0.0207 0.9635 0.2668
vn 0.0018 0.9871 0.1602
vn 0.0649 0.9978 -0.0127
vn 0.0471 0.9989 -0.0048
vn 0.0262 0.9940 0.1064
vn -0.0157 0.9993 -0.0348
vn 0.1228 0.9893 -0.0792
vn 0.1281 0.9907 0.0456
vn 0.0830 0.9948 0.0598
vn 0.0467 0.9987 0.0216
vn -0.0408 0.9991 0.0091
vn 0.0433 0.9920 -0.1184
vn 0.1463 0.9867 0.0704
vn -0.0131 0.9894 -0.1446
vn -0.0120 0.9972 -0.0741
vn -0.0768 0.9934 -0.0850
vn -0.0308 0.9902 0.1361
vn -0.1828 0.9760 0.1181
vn -0.2816 0.9560 -0.0821
vn -0.2939 0.9545 -0.0504
vn -0.3719 0.9267 0.0529
vn -0.1914 0.9062 -0.3770
vn -0.3281 0.9217 -0.2068
vn -0.0495 0.9542 0.2950
vn 0.0153 0.9976 -0.0673
vn -0.3151 0.9314 0.1821
vn -0.3242 0.9270 0.1888
vn -0.2666 0.8675 0.4200
vn 0.0341 0.9805 0.1933
vn 0.0412 0.9990 -0.0155
vn 0.0014 0.8967 0.4427
vn -0.0659 0.9721 0.2250
vn -0.0499 0.9987 -0.0067
vn 0.0422 0.9820 0.1839
vn -0.1085 0.9936 -0.0315
vn -0.0044 0.9379 0.3470
vn -0.0315 0.9993 -0.0181
vn -0.0328 0.9963 0.0797
vn -0.0409 0.9990 -0.0173
vn -0.1312 0.9907 -0.0348
vn -0.0933 0.9942 -0.0542
vn -0.1344 0.9630 -0.2338
vn -0.1090 0.9915 0.0709
vn 0.1470 0.8300 0.5381
vn -0.0916 0.9499 -0.2989
vn -0.0381 0.9970 0.0680
vn -0.1534 0.9877 0.0311
vn 0.0128 0.9814 0.1913
vn -0.0819 0.9718 -0.2209
vn -0.0291 0.9738 -0.2256
vn -0.0673 0.9756 0.2089
vn 0.0679 0.9458 0.3176
vn 0.1029 0.9148 0.3906
vn 0.0628 0.9954 -0.0726
vn -0.1382 0.9873 -0.0784
vn 0.1116 0.9533 0.2805
vn 0.2069 0.9081 0.3640
vn -0.0383 0.9868 0.1572
vn -0.0478 0.9950 0.0883
vn 0.0741 0.9583 0.2760
vn -0.0905 0.9940 -0.0618
vn -0.0481 0.9950 -0.0874
vn -0.0736 0.9972 -0.0097
vn -0.0494 0.8995 0.4341
vn -0.0492 0.7976 0.6011
vn -0.0619 0.9859 0.1557
vn -0.0554 0.8951 0.4425
vn -0.0197 0.9955 0.0926
vn 0.0142 0.9919 -0.1262
vn -0.0060 0.9988 -0.0491
vn 0.0178 0.9982 -0.0579
vn -0.0061 0.9999 0.0114
vn 0.0292 0.9988 0.0399
vn 0.0609 0.9951 -0.0776
vn 0.0367 0.9979 0.0525
vn 0.0022 1.0000 -0.0013
vn 0.0218 0.9997 -0.0071
vn 0.0091 0.9975 -0.0701
vn -0.0273 0.9968 -0.0748
vn 0.0700 0.9907 -0.1168
vn 0.2320 0.9589 0.1636
vn 0.0687 0.9938 0.0876
vn -0.0927 0.9953 0.0271
vn -0.0718 0.9954 -0.0636
vn -0.1352 0.9905 -0.0245
vn -0.1095 0.9939 0.0144
vn -0.0238 0.7986 0.6014
vn -0.0330 0.7974 0.6025
vn -0.0532 0.9986 0.0037
vn -0.0129 0.9987 -0.0494
vn -0.0339 0.9981 -0.0521
vn -0.0414 0.9987 0.0284
vn -0.0021 0.9999 -0.0139
vn -0.0288 0.9991 -0.0299
vn -0.1082 0.9941 0.0021
vn -0.0558 0.9980 -0.0308
vn -0.0927 0.9952 -0.0314
vn -0.1800 0.9826 -0.0464
vn -0.2605 0.9557 -0.1368
vn -0.3355 0.9410 -0.0443
vn -0.2257 0.9734 -0.0390
vn -0.1084 0.9898 0.0929
vn -0.2497 0.9683 0.0020
vn 0.0017 0.9993 -0.0369
vn 0.1923 0.9785 -0.0744
vn 0.1320 0.9880 -0.0799
vn -0.0579 0.8806 0.4704
vn -0.0121 0.7973 0.6035
vn -0.0071 0.9408 0.3390
vn -0.0191 0.8417 0.5396
vn -0.0149 0.9990 0.0427
vn -0.0317 0.9994 -0.0132
vn 0.0562 0.9971 -0.0507
vn -0.0693 0.9976 -0.0050
vn 0.1647 0.9831 -0.0794
vn 0.1043 0.9882 0.1117
vn -0.0859 0.9954 -0.0416
vn -0.0632 0.9964 -0.0565
vn -0.0482 0.9984 -0.0291
vn 0.0036 0.9997 -0.0241
vn -0.0035 0.9997 -0.0260
vn -0.0522 0.9961 -0.0718
vn -0.1582 0.9854 -0.0629
vn -0.3193 0.9396 -0.1232
vn -0.2844 0.9436 -0.1696
vn -0.0798 0.9807 0.1785
vn 0.2210 0.8590 0.4618
vn 0.0383 0.8982 0.4379
vn -0.4372 0.8956 -0.0822
vn -0.2735 0.9619 -0.0053
vn -0.1250 0.9189 0.3742
vn 0.0438 0.8597 0.5090
vn 0.0966 0.8122 0.5753
vn -0.1301 0.9857 -0.1070
vn 0.2000 0.9431 0.2656
vn -0.1479 0.9792 -0.1390
vn 0.1718 0.9818 0.0814
vn 0.1445 0.9847 0.0973
vn -0.1647 0.9839 -0.0700
vn 0.1801 0.9815 -0.0645
vn 0.1282 0.9824 0.1358
vn 0.2307 0.9481 0.2188
vn 0.2782 0.9514 0.1318
vn 0.2879 0.9430 -0.1669
vn 0.3573 0.8237 0.4402
vn 0.0451 0.8877 0.4583
vn -0.0004 0.9999 0.0137
vn 0.0775 0.9946 -0.0695
vn 0.1284 0.9873 -0.0933
vn -0.0178 0.9998 -0.0134
vn -0.0033 0.9990 -0.0440
vn -0.1361 0.9639 -0.2291
vn -0.2094 0.9455 -0.2493
vn -0.2411 0.8330 -0.4979
vn -0.0039 0.9182 -0.3961
vn 0.0878 0.9797 -0.1802
vn -0.0576 0.9952 -0.0791
vn -0.1610 0.9372 -0.3094
vn -0.3874 0.8651 -0.3188
vn -0.4027 0.7897 -0.4628
vn -0.4617 0.7099 -0.5318
vn -0.4253 0.8157 -0.3921
vn -0.4328 0.8207 -0.3729
vn 0.5880 0.8009 0.1133
vn -0.2852 0.8430 -0.4560
vn -0.2583 0.9010 -0.3484
vn 0.4770 0.7616 0.4387
vn -0.2916 0.9128 -0.2859
vn 0.2437 0.9683 -0.0551
vn 0.0950 0.9874 0.1262
vn 0.7583 0.6134 0.2206
vn 0.7576 0.5563 0.3414
vn 0.6459 0.6517 0.3976
vn -0.3461 0.8591 -0.3771
vn -0.0464 0.9659 0.2547
vn 0.2998 0.6291 0.7172
vn 0.4650 0.6987 0.5437
vn 0.5030 0.5052 0.7013
vn 0.4996 0.8147 0.2945
vn 0.1338 0.9670 0.2170
vn 0.4689 0.7854 0.4041
vn -0.1033 0.9058 0.4110
vn 0.1137 0.7948 0.5961
vn 0.2583 0.7884 0.5584
vn 0.2208 0.6029 0.7666
vn 0.4409 0.7458 0.4994
vn 0.0332 0.9234 0.3823
vn 0.5405 0.8383 0.0716
vn 0.6778 0.6584 0.3274
vn 0.5665 0.7251 0.3917
vn 0.3389 0.9236 -0.1790
vn 0.2538 0.8897 -0.3794
vn -0.1280 0.9670 -0.2203
vn -0.4016 0.8960 0.1895
vn 0.2104 0.9101 0.3570
vn -0.5766 0.8013 0.1593
vn -0.1832 0.9448 0.2715
vn -0.6305 0.7708 -0.0919
vn -0.5727 0.8090 0.1322
vn -0.3142 0.9490 -0.0276
vn -0.3340 0.9399 0.0715
vn -0.0931 0.9956 -0.0055
vn -0.0529 0.9722 0.2283
vn -0.0395 0.7927 0.6084
vn -0.1233 0.7665 0.6303
vn -0.0796 0.8368 0.5417
vn -0.0872 0.9102 0.4049
vn -0.0592 0.9708 0.2325
vn -0.1584 0.7928 0.5886
vn 0.0138 0.9990 0.0428
vn 0.0025 0.9742 0.2256
vn 0.0763 0.9936 -0.0829
vn 0.0455 0.9941 -0.0989
vn -0.0326 0.9964 -0.0788
vn -0.0184 0.9966 -0.0800
vn -0.0696 0.9693 -0.2359
vn -0.0616 0.9895 -0.1305
vn -0.0359 0.9887 -0.1457
vn 0.3144 0.9214 0.2285
vn -0.0860 0.9221 0.3773
vn -0.0657 0.9966 -0.0493
vn 0.2025 0.8904 0.4077
vn -0.1893 0.9357 0.2979
vn -0.1628 0.9711 -0.1745
vn -0.0866 0.8318 0.5483
vn 0.0886 0.9855 0.1446
vn -0.1357 0.9480 -0.2879
vn 0.1426 0.8083 0.5713
vn -0.1482 0.9785 0.1438
vn -0.1771 0.9548 -0.2386
vn 0.1906 0.8371 0.5128
vn -0.0214 0.9994 0.0272
vn 0.0228 0.9923 -0.1220
vn -0.0643 0.9904 0.1225
vn -0.0989 0.8767 0.4707
vn -0.1340 0.7981 0.5874
vn -0.1580 0.7798 0.6058
vn -0.1193 0.9451 0.3042
vn -0.1598 0.8557 0.4922
vn 0.0097 0.9976 0.0680
vn -0.0077 0.9901 -0.1400
vn -0.0317 0.9880 -0.1510
vn -0.1061 0.9889 -0.1038
vn -0.0348 0.9882 -0.1492
vn -0.0050 0.9961 -0.0885
vn -0.0040 0.9930 -0.1182
vn -0.1415 0.9690 -0.2025
vn -0.0503 0.9808 -0.1884
vn -0.0280 0.9565 -0.2902
vn -0.0267 0.9782 -0.2060
vn -0.1142 0.9624 -0.2466
vn -0.0735 0.9858 -0.1509
vn 0.1944 0.9289 0.3153
vn 0.1105 0.9861 -0.1240
vn 0.3559 0.8475 0.3937
vn 0.4388 0.6445 0.6261
vn 0.2086 0.8409 0.4993
vn -0.1024 0.9734 0.2052
vn 0.1620 0.8318 0.5310
vn 0.2042 0.9740 0.0980
vn -0.0106 0.9735 -0.2282
vn 0.3239 0.7889 0.5223
vn 0.0194 0.9904 0.1370
vn -0.1289 0.9861 -0.1048
vn -0.1781 0.7802 0.5996
vn -0.1392 0.9037 0.4050
vn -0.2112 0.8324 0.5124
vn -0.0689 0.9931 0.0944
vn -0.0149 0.9951 -0.0973
vn -0.0296 0.9936 -0.1094
vn -0.0455 0.9918 -0.1193
vn 0.0028 0.9920 -0.1260
vn -0.0022 0.9931 -0.1176
vn 0.1343 0.9871 0.0876
vn 0.2056 0.8708 0.4465
vn -0.0440 0.9654 0.2570
vn 0.1081 0.9193 0.3785
vn 0.0516 0.9862 0.1573
vn 0.0226 0.9996 0.0139
vn -0.1086 0.9925 -0.0555
vn -0.1248 0.9916 0.0344
vn -0.0983 0.9847 -0.1436
vn -0.1633 0.9862 0.0265
vn -0.1562 0.8232 0.5459
vn -0.1270 0.9208 0.3688
vn -0.0826 0.9871 -0.1372
vn -0.0041 0.9958 -0.0916
vn 0.1228 0.9895 -0.0761
vn -0.0459 0.9989 0.0024
vn 0.0947 0.9885 -0.1182
vn 0.0131 0.9765 0.2153
vn -0.0552 0.9904 0.1266
vn -0.1079 0.9101 0.4000
vn -0.1762 0.7909 0.5860
vn -0.1933 0.8605 0.4713
vn -0.1911 0.8411 0.5060
vn -0.0185 0.9904 0.1368
vn -0.0862 0.9961 0.0195
vn 0.0735 0.9951 -0.0665
vn 0.0912 0.9951 -0.0371
vn 0.0474 0.9968 -0.0644
vn 0.0559 0.9976 -0.0396
vn 0.0953 0.9872 -0.1279
vn 0.0631 0.9969 -0.0478
vn 0.0787 0.9830 -0.1659
vn -0.2634 0.9548 -0.1377
vn -0.1265 0.9860 -0.1091
vn 0.0604 0.9973 -0.0413
vn -0.4325 0.8722 -0.2287
vn -0.2483 0.9525 -0.1760
vn -0.0207 0.9974 -0.0684
vn 0.0384 0.9755 -0.2165
vn 0.0077 0.9702 -0.2423
vn 0.5853 0.7997 0.1337
vn 0.3095 0.9455 -0.1015
vn 0.7315 0.6419 -0.2297
vn 0.3246 0.9280 0.1827
vn 0.3295 0.9435 0.0349
vn 0.0489 0.8972 -0.4389
vn 0.2532 0.9623 0.0989
vn 0.2606 0.8871 0.3810
vn 0.6091 0.7920 0.0416
vn 0.5383 0.7443 0.3953
vn 0.2390 0.8913 -0.3854
vn 0.0666 0.9500 -0.3050
vn 0.0205 0.9926 0.1200
vn -0.1720 0.9850 -0.0139
vn -0.1350 0.9737 -0.1835
vn -0.0592 0.9978 -0.0308
vn 0.1003 0.9890 -0.1089
vn -0.0101 0.9960 0.0888
vn 0.2889 0.8231 -0.4889
vn 0.1834 0.9212 -0.3432
vn 0.3983 0.8352 -0.3793
vn -0.1062 0.9831 -0.1493
vn 0.0987 0.9883 -0.1159
vn -0.2764 0.7106 0.6471
vn -0.3004 0.7266 0.6179
vn 0.0524 0.9969 -0.0584
vn -0.0002 0.9963 -0.0863
vn -0.1310 0.9914 0.0065
vn -0.0022 1.0000 -0.0048
vn -0.0422 0.9990 0.0132
vn -0.0023 0.9987 -0.0508
vn 0.1672 0.9575 -0.2352
vn 0.3966 0.9052 -0.1527
vn 0.2863 0.9554 -0.0725
vn 0.2918 0.9368 -0.1930
vn 0.1659 0.9839 -0.0667
vn 0.1820 0.9827 -0.0330
vn 0.1594 0.9868 -0.0291
vn 0.0600 0.9978 0.0268
vn 0.0387 0.9992 -0.0075
vn -0.0075 0.9999 -0.0120
vn -0.2893 0.8351 0.4679
vn -0.3322 0.7329 0.5937
vn -0.1662 0.9851 0.0447
vn -0.3770 0.8780 0.2951
vn -0.1264 0.9911 0.0409
vn -0.0106 0.9977 0.0666
vn 0.0097 0.9998 -0.0173
vn 0.1417 0.9898 0.0118
vn -0.0108 0.9978 0.0653
vn -0.3844 0.8446 0.3727
vn -0.4275 0.7759 0.4640
vn -0.3607 0.8985 0.2504
vn -0.3259 0.9243 0.1984
vn -0.3593 0.8690 0.3401
vn -0.0999 0.9801 0.1716
vn -0.2212 0.9493 0.2235
vn 0.0215 0.9997 0.0078
vn 0.0767 0.9969 -0.0164
vn 0.0979 0.9933 0.0611
vn -0.3564 0.8853 0.2987
vn -0.2904 0.9058 0.3086
vn -0.4266 0.8492 0.3112
vn -0.4824 0.8301 0.2797
vn -0.3719 0.8993 0.2303
vn -0.2530 0.9576 0.1381
vn -0.2560 0.9617 0.0982
vn -0.5016 0.8524 0.1475
vn -0.4947 0.8530 0.1662
vn -0.5584 0.8208 0.1204
vn -0.5596 0.8065 0.1906
vn -0.4869 0.8727 0.0380
vn -0.5705 0.8158 0.0948
vn 0.1539 0.8972 -0.4139
vn 0.0536 0.9778 -0.2024
vn 0.0370 0.9956 -0.0858
vn -0.0481 0.9987 0.0158
vn -0.0120 0.8400 0.5425
vn -0.1445 0.8584 0.4921
vn -0.1189 0.6523 0.7486
vn 0.0429 0.9959 -0.0802
vn 0.1856 0.9826 0.0016
vn 0.2046 0.9231 -0.3257
vn 0.1458 0.9626 0.2282
vn 0.0520 0.9916 -0.1186
vn 0.0430 0.7595 0.6491
vn -0.0126 0.8107 0.5853
vn -0.0274 0.8572 -0.5142
vn -0.0540 0.9052 0.4216
vn -0.1660 0.8973 0.4090
vn -0.0639 0.7595 0.6474
vn -0.1912 0.8807 0.4333
vn -0.1655 0.9800 0.1101
vn -0.1794 0.9581 0.2231
vn -0.3533 0.9336 0.0604
vn -0.2155 0.9716 0.0978
vn -0.2952 0.9500 -0.1015
vn -0.1777 0.9819 0.0660
vn -0.0075 0.9822 0.1875
vn 0.0898 0.9736 0.2097
vn -0.2404 0.9706 0.0058
vn -0.1075 0.9568 0.2700
vn -0.0611 0.9883 0.1399
vn -0.0472 0.9985 0.0274
vn -0.0411 0.9821 0.1837
vn -0.0248 0.9658 0.2583
vn -0.0680 0.9860 0.1524
vn -0.1315 0.9895 -0.0603
vn -0.0063 0.9846 -0.1745
vn 0.0185 0.9949 -0.0992
vn -0.0150 0.9991 -0.0409
vn 0.1181 0.9929 -0.0100
vn 0.1407 0.8832 -0.4474
vn 0.1328 0.9641 -0.2298
vn 0.1102 0.9695 -0.2191
vn 0.0997 0.7967 -0.5962
vn 0.0864 0.8795 -0.4679
vn 0.0091 0.9008 -0.4341
vn -0.0809 0.9959 0.0403
vn -0.0674 0.9976 -0.0130
vn 0.0298 0.9753 0.2187
vn -0.0453 0.9940 -0.0994
vn -0.1163 0.9879 -0.1025
vn 0.0875 0.9121 0.4005
vn -0.1052 0.9944 -0.0056
vn -0.0774 0.9635 0.2563
vn 0.0807 0.8888 0.4511
vn 0.1423 0.8208 0.5532
vn 0.1170 0.9313 0.3450
vn -0.1458 0.9891 -0.0196
vn 0.2108 0.8250 0.5244
vn 0.0699 0.9784 0.1944
vn 0.2236 0.8897 0.3980
vn -0.2855 0.9511 0.1179
vn 0.0877 0.9789 0.1845
vn 0.0392 0.9904 0.1329
vn 0.0856 0.9906 0.1068
vn -0.0950 0.9955 0.0043
vn -0.0159 0.9542 0.2988
vn -0.0197 0.9889 0.1473
vn -0.1136 0.9915 0.0633
vn -0.0452 0.9960 -0.0768
vn -0.0448 0.9833 0.1764
vn -0.1174 0.9885 -0.0949
vn -0.0748 0.9972 0.0033
vn -0.0108 0.9878 -0.1554
vn -0.1134 0.9862 -0.1208
vn -0.0329 0.9986 0.0407
vn -0.0651 0.9949 -0.0773
vn 0.0400 0.9991 0.0161
vn 0.0705 0.9973 -0.0196
vn 0.0484 0.9983 0.0336
vn 0.1136 0.9930 0.0335
vn 0.0927 0.8218 -0.5622
vn 0.0727 0.8391 -0.5391
vn 0.1530 0.8977 -0.4132
vn 0.0262 0.9339 -0.3567
vn 0.0555 0.9710 -0.2327
vn -0.0471 0.7668 -0.6402
vn 0.0100 0.7445 -0.6675
vn -0.0695 0.9976 0.0005
vn -0.0629 0.9980 0.0064
vn 0.0142 0.9803 0.1969
vn -0.1301 0.9915 -0.0095
vn 0.0566 0.9236 0.3792
vn 0.2119 0.8583 0.4674
vn 0.0868 0.9807 0.1749
vn 0.0285 0.9534 0.3002
vn -0.1652 0.9734 0.1585
vn -0.0101 0.9908 0.1348
vn -0.0107 0.9720 0.2345
vn -0.0791 0.9659 0.2464
vn 0.0193 0.9998 0.0108
vn -0.0058 0.9839 -0.1785
vn 0.0304 0.9690 -0.2453
vn -0.1253 0.9910 0.0472
vn -0.1646 0.9835 0.0745
vn -0.0843 0.9841 0.1565
vn -0.2000 0.9791 0.0368
vn -0.0469 0.9984 -0.0322
vn -0.0089 0.9830 -0.1832
vn -0.2488 0.9681 -0.0288
vn -0.0031 0.9734 -0.2291
vn 0.1354 0.9907 -0.0156
vn -0.0282 0.9991 0.0302
vn -0.2376 0.9448 0.2255
vn -0.0807 0.9967 0.0056
vn -0.0666 0.9679 0.2423
vn -0.0691 0.9911 0.1138
vn -0.2228 0.9740 0.0407
vn -0.1554 0.8828 0.4432
vn -0.0375 0.8597 -0.5094
vn 0.0142 0.9821 -0.1878
vn -0.0626 0.8774 -0.4756
vn -0.1126 0.7072 -0.6980
vn -0.1126 0.6992 -0.7060
vn -0.0988 0.9910 0.0905
vn -0.1812 0.9361 0.3016
vn -0.1251 0.9809 0.1486
vn 0.0668 0.9810 -0.1819
vn 0.1259 0.9797 -0.1562
vn 0.0325 0.9977 0.0601
vn -0.0264 0.8846 0.4656
vn -0.1261 0.9061 0.4037
vn -0.0741 0.9306 0.3584
vn -0.1854 0.7088 -0.6806
vn -0.1627 0.7130 -0.6820
vn -0.2031 0.7382 -0.6433
vn -0.0935 0.9836 0.1543
vn -0.0563 0.9959 0.0714
vn 0.2107 0.8846 0.4160
vn 0.2872 0.8784 0.3821
vn 0.2758 0.8551 0.4389
vn -0.1052 0.9938 0.0369
vn -0.1253 0.9825 0.1375
vn -0.0443 0.9964 0.0722
vn 0.2504 0.8940 0.3716
vn -0.0183 0.9827 0.1845
vn -0.1815 0.9827 0.0368
vn 0.3352 0.8234 0.4579
vn -0.0156 0.9877 0.1553
vn -0.0737 0.9700 0.2316
vn 0.3387 0.8137 0.4725
vn 0.3078 0.8781 0.3664
vn -0.0178 0.9294 0.3687
vn 0.2219 0.9619 0.1594
vn 0.1735 0.9813 -0.0835
vn -0.0102 0.9967 0.0803
vn 0.0348 0.9979 -0.0548
vn 0.0489 0.9858 0.1609
vn 0.0267 0.9740 0.2248
vn 0.2187 0.9570 0.1905
vn -0.0577 0.9842 0.1675
vn 0.0243 0.9892 -0.1448
vn -0.0317 0.9889 0.1454
vn 0.0872 0.9961 0.0151
vn -0.0435 0.9669 0.2514
vn -0.1341 0.9410 0.3107
vn -0.1330 0.9197 0.3694
vn -0.0956 0.9810 0.1688
vn -0.2317 0.9156 0.3287
vn -0.2220 0.9276 0.3006
vn -0.2279 0.9131 0.3380
vn 0.0922 0.9792 0.1808
vn -0.2255 0.9148 0.3350
vn 0.0859 0.9867 0.1380
vn 0.0291 0.9718 -0.2339
vn -0.0944 0.8827 -0.4604
vn -0.0178 0.9257 -0.3780
vn -0.0014 0.9999 -0.0144
vn 0.0978 0.9913 0.0878
vn 0.2230 0.9677 0.1180
vn 0.1561 0.9635 -0.2176
vn 0.0013 0.9602 -0.2793
vn 0.0278 0.9996 -0.0071
vn 0.1226 0.9224 0.3663
vn -0.0770 0.9518 -0.2970
vn 0.0588 0.9899 0.1289
vn 0.0584 0.9583 0.2798
vn -0.2253 0.9406 -0.2539
vn -0.1483 0.9889 -0.0027
vn 0.0396 0.9038 0.4261
vn 0.0415 0.9739 -0.2233
vn -0.0033 0.8443 0.5359
vn 0.0494 0.9692 0.2411
vn 0.0566 0.9909 -0.1222
vn 0.0792 0.9717 0.2224
vn -0.0341 0.9964 -0.0782
vn -0.0408 0.9280 0.3703
vn -0.1885 0.7475 -0.6369
vn -0.1005 0.7569 -0.6457
vn -0.0433 0.9980 -0.0455
vn -0.1693 0.8892 -0.4250
vn -0.2050 0.9245 -0.3215
vn -0.1523 0.9817 0.1145
vn -0.2546 0.7519 -0.6082
vn 0.0700 0.9894 -0.1269
vn 0.0859 0.9962 0.0169
vn 0.1982 0.9754 -0.0970
vn -0.0987 0.9879 0.1195
vn -0.0245 0.9569 0.2893
vn 0.0227 0.9269 0.3747
vn -0.0554 0.8412 0.5379
vn 0.1242 0.8570 0.5001
vn 0.1126 0.7909 0.6014
vn 0.0271 0.9652 0.2602
vn 0.1498 0.9290 0.3385
vn -0.0445 0.9319 0.3599
vn -0.1116 0.9936 0.0195
vn 0.0585 0.9930 0.1030
vn -0.2681 0.9573 0.1082
vn -0.2423 0.9692 -0.0439
vn -0.2392 0.9542 0.1798
vn -0.2078 0.9648 0.1614
vn -0.2319 0.9722 -0.0318
vn -0.3120 0.9384 0.1488
vn 0.3529 0.8614 0.3653
vn 0.2264 0.9064 0.3566
vn -0.1626 0.9640 0.2102
vn -0.0204 0.9477 0.3186
vn 0.6356 0.5934 0.4938
vn 0.6743 0.5578 0.4839
vn 0.7698 0.5924 0.2375
vn 0.7166 0.5301 0.4534
vn 0.2902 0.9541 0.0742
vn 0.3095 0.9301 0.1979
vn 0.2483 0.9606 0.1248
vn 0.1534 0.9824 0.1063
vn 0.2172 0.9679 0.1266
vn 0.3132 0.9420 0.1209
vn 0.4810 0.8415 0.2460
vn -0.1185 0.9830 0.1402
vn 0.2468 0.9685 0.0333
vn 0.3821 0.9200 0.0870
vn 0.4854 0.8694 0.0920
vn -0.0265 0.9996 0.0085
vn 0.1042 0.9905 -0.0894
vn -0.0988 0.9839 0.1489
vn 0.0711 0.9622 0.2630
vn 0.0696 0.8888 0.4531
vn -0.1844 0.9693 0.1627
vn -0.1974 0.9758 -0.0939
vn -0.1621 0.9760 0.1457
vn -0.0104 0.9987 -0.0491
vn -0.2751 0.9354 0.2222
vn -0.2240 0.9688 0.1059
vn -0.3730 0.9177 -0.1365
vn 0.1186 0.9830 0.1398
vn 0.0123 0.9733 -0.2293
vn -0.2965 0.8458 -0.4435
vn -0.0905 0.9945 -0.0518
vn 0.1166 0.9929 -0.0226
vn -0.0037 0.9944 0.1054
vn 0.0010 0.9996 0.0267
vn -0.0054 0.9992 0.0387
vn 0.1083 0.9873 0.1159
vn -0.1339 0.9630 -0.2337
vn -0.0961 0.9819 -0.1634
vn -0.0559 0.9934 -0.1006
vn -0.0858 0.9770 -0.1954
vn -0.1360 0.9718 -0.1925
vn -0.0908 0.9436 0.3184
vn 0.0410 0.9928 0.1127
vn 0.2003 0.9789 0.0407
vn 0.1643 0.9375 0.3067
vn 0.3854 0.8949 0.2250
vn 0.0324 0.9993 -0.0160
vn 0.4441 0.8653 0.2326
vn 0.1995 0.9714 0.1290
vn 0.1657 0.9547 0.2473
vn 0.0658 0.9961 0.0588
vn -0.1382 0.9084 -0.3947
vn 0.2798 0.9572 0.0746
vn -0.2363 0.7486 -0.6195
vn -0.2495 0.8610 -0.4431
vn -0.2402 0.7601 -0.6038
vn -0.2412 0.7504 -0.6154
vn 0.0603 0.9324 -0.3565
vn -0.1700 0.8938 -0.4150
vn -0.1119 0.9440 -0.3104
vn 0.0862 0.9891 -0.1194
vn 0.1276 0.9688 0.2123
vn 0.2408 0.9700 0.0320
vn 0.2056 0.9745 0.0904
vn 0.0230 0.9913 -0.1294
vn 0.1840 0.9347 0.3040
vn 0.1789 0.9386 0.2951
vn 0.2016 0.8959 0.3959
vn 0.2810 0.8521 0.4416
vn 0.1320 0.9051 0.4043
vn 0.0890 0.9749 0.2041
vn 0.0460 0.8775 0.4774
vn -0.0112 0.9412 0.3377
vn 0.1129 0.9469 0.3009
vn -0.1410 0.9715 -0.1905
vn -0.0405 0.9752 -0.2175
vn -0.0124 0.9995 0.0294
vn 0.4458 0.8899 0.0964
vn 0.0628 0.9979 -0.0133
vn 0.6741 0.5459 0.4975
vn 0.2009 0.9635 0.1768
vn -0.1058 0.9917 0.0726
vn 0.0541 0.9892 0.1359
vn -0.3403 0.9389 -0.0511
vn 0.5514 0.6138 0.5650
vn 0.3742 0.8820 0.2864
vn 0.1449 0.8836 0.4453
vn 0.0208 0.9472 0.3200
vn 0.4756 0.6722 0.5674
vn 0.6013 0.5736 0.5563
vn 0.5545 0.5877 0.5892
vn 0.7340 0.3573 0.5776
vn 0.0724 0.8828 0.4642
vn 0.5852 0.5565 0.5899
vn 0.6877 0.6366 0.3491
vn 0.4716 0.7151 0.5160
vn 0.0950 0.9941 0.0524
vn -0.1037 0.9721 0.2103
vn -0.2619 0.9649 0.0192
vn -0.0526 0.9981 -0.0321
vn -0.2914 0.9566 -0.0063
vn -0.1806 0.9817 0.0606
vn 0.2643 0.9031 0.3385
vn 0.0013 0.9610 0.2767
vn -0.0930 0.9923 -0.0821
vn 0.0694 0.9973 -0.0258
vn -0.2572 0.9640 -0.0670
vn -0.3885 0.9209 -0.0330
vn -0.3675 0.9259 -0.0878
vn 0.2154 0.8955 0.3894
vn -0.0657 0.9906 0.1201
vn -0.2223 0.9732 0.0591
vn -0.3265 0.9336 -0.1474
vn -0.0773 0.9344 0.3476
vn 0.0283 0.7918 0.6101
vn -0.0826 0.9266 0.3668
vn -0.0412 0.9798 0.1956
vn 0.2051 0.9230 0.3254
vn 0.2143 0.9011 0.3768
vn 0.0673 0.9238 0.3770
vn -0.2290 0.9734 -0.0064
vn 0.0689 0.9354 0.3468
vn 0.1460 0.9562 0.2539
vn 0.1638 0.9230 0.3482
vn -0.0703 0.9855 -0.1542
vn -0.0457 0.9975 0.0537
vn -0.1132 0.9925 -0.0452
vn -0.0755 0.9942 -0.0768
vn -0.1203 0.9926 0.0175
vn -0.0449 0.9989 0.0147
vn -0.1910 0.9627 -0.1918
vn -0.0954 0.9627 -0.2533
vn -0.1176 0.9892 -0.0870
vn 0.0756 0.9959 -0.0496
vn -0.0209 0.9858 0.1667
vn -0.0050 0.9998 0.0207
vn -0.0835 0.9858 -0.1458
vn -0.0704 0.9743 -0.2139
vn -0.1127 0.9930 -0.0352
vn -0.1853 0.9804 -0.0666
vn -0.2851 0.9127 -0.2926
vn 0.1709 0.9785 0.1158
vn 0.2225 0.9742 0.0377
vn 0.1988 0.9489 0.2449
vn -0.1167 0.9931 0.0144
vn -0.0586 0.9290 0.3653
vn -0.0917 0.9946 0.0475
vn 0.3699 0.9031 0.2182
vn 0.3679 0.8678 0.3342
vn 0.2070 0.9670 0.1485
vn 0.3309 0.9390 0.0934
vn -0.1255 0.9858 0.1117
vn 0.1503 0.9732 0.1739
vn 0.0482 0.9941 0.0967
vn -0.0126 0.9903 0.1387
vn -0.0624 0.9813 0.1822
vn -0.0451 0.9901 -0.1329
vn -0.1818 0.9736 -0.1381
vn -0.0441 0.9977 -0.0525
vn 0.0005 0.9998 -0.0174
vn -0.2089 0.9778 -0.0169
vn -0.3284 0.9445 0.0045
vn -0.1151 0.9914 0.0616
vn 0.0357 0.9990 -0.0264
vn 0.1697 0.9430 0.2862
vn 0.2102 0.9730 -0.0957
vn 0.3073 0.9415 0.1387
vn -0.2696 0.9629 -0.0090
vn 0.0743 0.9725 0.2208
vn 0.1937 0.9328 0.3040
vn 0.2345 0.9438 0.2327
vn -0.0345 0.9799 0.1966
vn -0.0110 0.9965 0.0827
vn 0.0541 0.9932 -0.1035
vn -0.0503 0.9959 -0.0758
vn -0.0149 0.9984 -0.0545
vn -0.1623 0.9597 -0.2294
vn -0.3055 0.7804 -0.5456
vn -0.3340 0.7960 -0.5047
vn -0.0694 0.9377 0.3405
vn -0.0410 0.9298 0.3657
vn -0.1174 0.9439 0.3088
vn -0.0433 0.9944 0.0964
vn 0.0355 0.9474 0.3182
vn -0.0564 0.9972 -0.0493
vn -0.1004 0.9934 0.0553
vn 0.1970 0.9804 -0.0003
vn 0.1743 0.9416 0.2882
vn 0.3103 0.9422 0.1267
vn -0.0430 0.9934 0.1063
vn 0.0118 0.9967 0.0809
vn -0.2809 0.9414 0.1867
vn -0.0417 0.9611 0.2732
vn 0.0060 0.9986 0.0517
vn -0.1915 0.9640 0.1847
vn -0.1385 0.9510 0.2763
vn -0.0364 0.9495 0.3117
vn -0.0898 0.9926 -0.0817
vn -0.0016 0.9810 -0.1942
vn -0.2356 0.9477 0.2152
vn -0.0196 0.9978 -0.0632
vn -0.1999 0.9796 0.0196
vn 0.1975 0.9748 0.1041
vn 0.0993 0.9938 0.0497
vn 0.0846 0.9921 0.0929
vn 0.0213 0.9874 0.1568
vn 0.0054 0.9960 0.0895
vn -0.0005 0.9947 0.1029
vn -0.0492 0.9956 0.0797
vn 0.0064 0.9952 0.0975
vn -0.1690 0.9735 -0.1538
vn -0.3472 0.8700 -0.3500
vn -0.3584 0.7901 -0.4973
vn -0.2531 0.8668 -0.4297
vn 0.1103 0.9477 0.2996
vn 0.2171 0.7743 0.5944
vn 0.0343 0.9734 0.2264
vn 0.1542 0.7456 0.6483
vn 0.3387 0.8284 0.4461
vn 0.1499 0.8244 0.5458
vn 0.0604 0.9703 0.2341
vn -0.0349 0.8343 0.5502
vn -0.0837 0.8970 0.4341
vn -0.1765 0.9485 0.2631
vn 0.0791 0.8769 0.4742
vn 0.0951 0.8712 0.4816
vn 0.0769 0.9871 -0.1406
vn -0.0981 0.9937 -0.0547
vn -0.1235 0.9839 -0.1291
vn 0.1848 0.9669 0.1760
vn 0.1615 0.9855 -0.0518
vn -0.0002 0.9999 0.0127
vn -0.1151 0.9861 0.1197
vn 0.1282 0.9804 0.1499
vn 0.1497 0.9882 0.0318
vn 0.2419 0.9596 0.1437
vn 0.1399 0.9612 0.2379
vn 0.1659 0.9617 0.2181
vn 0.1015 0.9936 0.0503
vn 0.0273 0.9969 0.0734
vn 0.0061 1.0000 -0.0025
vn -0.0666 0.9976 0.0201
vn 0.0242 0.9977 0.0632
vn -0.1375 0.9849 -0.1050
vn -0.2300 0.9590 -0.1657
vn -0.2571 0.9338 -0.2488
vn -0.3149 0.9032 -0.2916
vn -0.3870 0.8066 -0.4468
vn -0.4068 0.7593 -0.5080
vn -0.0809 0.8662 0.4930
vn -0.0273 0.9139 0.4051
vn -0.0153 0.9472 0.3202
vn -0.1298 0.9189 0.3724
vn -0.0728 0.9085 0.4114
vn -0.2615 0.8772 0.4026
vn -0.0878 0.7706 0.6312
vn 0.0141 0.7868 0.6170
vn -0.1256 0.9605 0.2483
vn -0.2156 0.9692 -0.1190
vn -0.1032 0.9917 -0.0765
vn -0.1248 0.9879 -0.0924
vn -0.1633 0.9858 -0.0390
vn -0.0463 0.9730 0.2262
vn -0.1998 0.9797 -0.0136
vn -0.1027 0.9899 -0.0979
vn 0.0523 0.9666 0.2508
vn -0.4252 0.7392 -0.5223
vn -0.4314 0.7333 -0.5256
vn -0.4387 0.7488 -0.4968
vn -0.4094 0.7890 -0.4581
vn -0.4171 0.8127 -0.4069
vn 0.0965 0.8965 0.4325
vn 0.0670 0.8954 0.4402
vn 0.0098 0.8465 0.5323
vn -0.0304 0.9995 0.0060
vn -0.0166 0.9859 0.1666
vn -0.0503 0.9985 0.0232
vn -0.0717 0.9973 -0.0164
vn -0.0017 1.0000 0.0084
vn -0.2525 0.9383 -0.2363
vn -0.1360 0.9849 -0.1075
vn -0.0717 0.9951 0.0682
vn -0.0045 0.8005 0.5993
vn 0.1357 0.9755 0.1732
vn 0.2745 0.9593 0.0659
vn -0.0349 0.7681 0.6394
vn 0.0923 0.8509 0.5172
vn 0.0718 0.8459 0.5284
vn -0.0957 0.9626 0.2533
vn 0.2863 0.9252 0.2489
vn 0.3109 0.9374 -0.1568
vn 0.3755 0.9254 0.0521
vn 0.0089 0.9994 0.0344
vn -0.0346 0.9572 0.2873
vn -0.1164 0.9930 -0.0180
vn -0.1799 0.9830 0.0356
vn -0.1632 0.9535 0.2533
vn -0.1349 0.9892 -0.0573
vn -0.0740 0.9717 0.2245
vn -0.0749 0.9772 0.1987
vn 0.0042 0.8096 0.5870
vn 0.0246 0.8288 0.5590
vn 0.0767 0.7945 0.6024
vn -0.1199 0.9845 0.1283
vn -0.3548 0.8890 -0.2896
vn -0.4200 0.8358 -0.3535
vn 0.0339 0.9089 0.4157
vn -0.0174 0.9951 0.0970
vn -0.2209 0.9657 -0.1368
vn 0.0572 0.9950 0.0820
vn -0.0970 0.9941 0.0487
vn -0.0312 0.9987 0.0413
vn -0.0673 0.9977 0.0095
vn 0.0943 0.8708 0.4825
vn 0.1278 0.9099 0.3947
vn -0.1404 0.9879 -0.0656
vn -0.0876 0.9932 -0.0768
vn 0.0694 0.9949 0.0728
vn 0.0862 0.8573 0.5075
vn 0.2014 0.6400 0.7415
vn 0.0777 0.8138 0.5759
vn 0.0525 0.9008 0.4310
vn 0.2370 0.7014 0.6722
vn 0.1650 0.7767 0.6079
vn -0.0072 0.9977 0.0673
vn 0.3789 0.7385 0.5577
vn 0.4397 0.7545 0.4873
vn 0.4339 0.7479 0.5023
vn 0.2369 0.8767 0.4186
vn -0.3556 0.8830 -0.3063
vn -0.4293 0.8341 -0.3464
vn 0.1167 0.8615 0.4942
vn 0.0395 0.9646 0.2609
vn 0.0389 0.9896 0.1387
vn -0.0830 0.9958 -0.0393
vn -0.1604 0.9854 -0.0566
vn -0.4708 0.8018 -0.3680
vn -0.4182 0.8419 -0.3409
vn -0.4696 0.8140 -0.3419
vn -0.3160 0.9321 -0.1771
vn 0.0379 0.9803 -0.1940
vn -0.1539 0.9062 -0.3938
vn 0.1674 0.9354 -0.3114
vn 0.0342 0.9958 -0.0846
vn 0.0790 0.9968 0.0130
vn 0.1149 0.9933 0.0103
vn 0.1403 0.9849 0.1012
vn -0.2578 0.9621 -0.0889
vn -0.0459 0.9976 -0.0511
vn -0.3232 0.9401 -0.1083
vn 0.4192 0.7224 0.5499
vn 0.5512 0.5140 0.6573
vn -0.0421 0.9682 0.2467
vn -0.3059 0.9490 -0.0767
vn 0.0907 0.9058 0.4138
vn 0.2462 0.9546 0.1675
vn 0.6353 0.5117 0.5785
vn 0.5614 0.7114 0.4228
vn -0.2560 0.9607 -0.1074
vn -0.0967 0.9774 -0.1878
vn 0.7155 0.6252 0.3116
vn 0.7187 0.6684 0.1917
vn 0.7330 0.6415 0.2263
vn 0.6023 0.7350 0.3113
vn 0.5834 0.7702 -0.2577
vn 0.3224 0.9316 -0.1676
vn 0.2320 0.9426 0.2401
vn 0.3555 0.9213 0.1576
vn 0.2124 0.9277 0.3071
vn 0.2284 0.9475 0.2237
vn -0.5067 0.7760 -0.3756
vn -0.5368 0.7792 -0.3235
vn 0.0862 0.9703 0.2261
vn -0.1206 0.9927 -0.0080
vn -0.0744 0.9873 0.1404
vn -0.3215 0.9372 -0.1353
vn -0.3892 0.9074 -0.1587
vn -0.5248 0.8258 -0.2066
vn -0.5029 0.8404 -0.2019
vn -0.5275 0.8189 -0.2263
vn -0.4658 0.8388 -0.2818
vn 0.1491 0.9843 0.0947
vn 0.0015 0.9895 0.1443
vn 0.1109 0.9926 0.0498
vn 0.0829 0.9944 -0.0662
vn -0.0488 0.9970 -0.0603
vn -0.2403 0.9706 -0.0136
vn -0.3629 0.9317 -0.0161
vn -0.0007 0.9869 0.1611
vn -0.5870 0.7781 -0.2235
vn -0.0926 0.9866 0.1340
vn -0.4069 0.9134 0.0071
vn -0.5234 0.8333 -0.1780
vn -0.3580 0.9322 -0.0528
vn 0.0033 0.9923 0.1238
vn -0.5148 0.8531 -0.0853
vn -0.5413 0.8395 -0.0476
vn -0.5492 0.8336 -0.0592
vn -0.6168 0.7616 -0.1988
vn -0.5571 0.8189 -0.1380
vn -0.5853 0.8030 -0.1125
vn -0.6119 0.7757 -0.1546
vn -0.5662 0.8239 -0.0237
vn -0.5852 0.7842 -0.2062
vn -0.5761 0.7687 -0.2780
vn -0.5809 0.7814 -0.2282
vn -0.6337 0.7463 -0.2036
vn 0.4128 0.9103 0.0307
vn 0.0590 0.8068 -0.5879
vn 0.3515 0.7852 0.5098
vn 0.4711 0.7632 0.4423
vn 0.7220 0.6640 0.1944
vn 0.3771 0.9228 0.0789
vn 0.0751 0.9885 0.1316
vn 0.3168 0.7908 0.5237
vn -0.0409 0.9990 0.0197
vn -0.4164 0.8515 -0.3187
vn -0.4338 0.8509 -0.2962
vn 0.3211 0.9470 -0.0076
vn -0.3584 0.8561 -0.3722
vn -0.0947 0.9849 0.1446
vn 0.0024 0.9852 0.1715
vn 0.1514 0.9823 0.1106
vn -0.4031 0.7442 -0.5326
vn 0.2899 0.8472 0.4453
vn -0.3498 0.7607 -0.5468
vn -0.2968 0.7574 -0.5816
vn -0.2425 0.7850 -0.5701
vn -0.2361 0.9704 -0.0511
vn -0.0797 0.9161 0.3931
vn -0.0273 0.9137 0.4056
vn 0.3861 0.9217 -0.0359
vn -0.2530 0.9563 -0.1463
vn 0.0084 0.9500 -0.3122
vn 0.2084 0.9493 0.2353
vn -0.2194 0.8899 -0.4001
vn -0.3039 0.9501 0.0708
vn -0.1393 0.9877 -0.0716
vn -0.0072 0.9699 -0.2435
vn -0.1404 0.9699 0.1989
vn -0.2958 0.9392 0.1743
vn -0.1952 0.9625 0.1886
vn 0.2292 0.9011 0.3681
vn -0.1738 0.7358 -0.6545
vn 0.0194 0.9513 -0.3076
vn 0.2726 0.9367 0.2196
vn -0.0839 0.8142 0.5745
vn 0.1347 0.9900 -0.0418
vn -0.1006 0.9794 0.1750
vn 0.0348 0.9421 0.3336
vn 0.4240 0.8087 0.4077
vn -0.2412 0.9038 -0.3534
vn 0.1324 0.9779 -0.1621
vn 0.0917 0.9890 -0.1161
vn 0.0321 0.9961 -0.0817
vn -0.6806 0.6867 0.2552
vn 0.3094 0.6557 0.6888
vn 0.1730 0.9667 -0.1883
vn 0.6834 0.6836 0.2562
vn -0.1114 0.9890 -0.0971
vn -0.1545 0.9786 -0.1360
vn 0.0081 0.9993 -0.0375
vn -0.0167 0.9871 -0.1594
vn 0.0376 0.9889 0.1440
vn 0.2239 0.8787 0.4216
vn 0.0046 0.8735 0.4868
vn -0.0801 0.8897 -0.4495
vn -0.0990 0.9100 -0.4025
vn -0.1367 0.9888 0.0598
vn 0.1265 0.9817 0.1422
vn 0.1842 0.7334 -0.6543
vn 0.3358 0.6492 -0.6824
vn -0.1519 0.7915 0.5920
vn -0.5384 0.8002 0.2643
vn -0.2881 0.8073 0.5151
vn -0.2614 0.8881 -0.3781
vn -0.0186 0.8815 -0.4719
vn 0.2306 0.7615 0.6058
vn -0.3149 0.3367 0.8874
vn -0.0914 0.9359 -0.3403
vn 0.1461 0.8399 0.5227
vn 0.1850 0.9764 0.1112
vn -0.5788 0.8085 0.1061
vn -0.1240 0.8800 -0.4586
vn -0.2626 0.9549 0.1386
vn -0.0537 0.8303 -0.5547
vn -0.1600 0.9149 0.3707
vn 0.6256 0.5324 0.5702
vn 0.1403 0.9899 0.0183
vn 0.3285 0.8951 0.3016
vn 0.1397 0.9860 0.0912
vn 0.0600 0.8996 -0.4326
vn 0.1232 0.9233 -0.3638
vn 0.5546 0.2182 0.8030
vn 0.4112 0.5387 0.7353
vn 0.8279 0.3025 0.4722
vn 0.7752 0.5305 -0.3430
vn 0.8381 0.2642 -0.4772
vn 0.9199 0.3667 0.1389
vn 0.8978 0.3836 0.2164
vn 0.1718 0.9843 0.0409
vn 0.6336 -0.6872 -0.3553
vn 0.3385 0.8425 0.4190
vn 0.1279 0.9800 -0.1525
vn 0.5278 0.6447 0.5530
vn 0.4905 0.5478 0.6777
vn 0.4269 0.8667 0.2579
vn 0.7045 0.1806 0.6863
vn 0.5545 0.5555 0.6196
vn 0.0289 0.8765 -0.4806
vn 0.0206 0.8369 -0.5469
vn -0.0527 0.9984 -0.0211
vn -0.4082 0.8865 0.2177
vn 0.3861 0.9201 -0.0659
vn 0.8928 0.4194 0.1644
vn -0.4442 0.8925 -0.0779
vn -0.0098 0.9924 0.1228
vn 0.1945 0.8470 -0.4946
vn 0.2774 0.9172 0.2859
vn -0.1733 0.9668 -0.1875
vn -0.5016 0.8650 0.0159
vn -0.0970 0.9478 0.3037
vn 0.1022 0.9285 -0.3570
vn 0.2305 0.8597 -0.4559
vn 0.2319 0.8603 -0.4541
vn 0.3337 0.8314 -0.4443
vn 0.3185 0.8425 -0.4344
vn 0.3626 0.8038 -0.4716
vn 0.3612 0.9283 -0.0886
vn 0.0652 0.9979 -0.0015
vn -0.0585 0.9747 -0.2157
vn -0.0946 0.9685 0.2304
vn 0.0734 0.9064 -0.4160
vn 0.0802 0.9964 0.0283
vn -0.0357 0.9885 0.1470
vn 0.0908 0.8430 0.5302
vn 0.0716 0.7983 0.5979
vn 0.0998 0.8350 0.5412
vn -0.4150 0.9098 0.0090
vn -0.4434 0.8954 0.0400
vn -0.2699 0.9237 0.2717
vn -0.2324 0.9391 0.2530
vn -0.1934 0.8739 0.4459
vn -0.0389 0.5828 0.8117
vn -0.1717 0.9393 0.2969
vn -0.2264 0.8721 0.4337
vn -0.0200 0.8954 0.4449
vn -0.1817 0.8609 0.4752
vn 0.1049 0.8913 0.4412
vn -0.0144 0.9733 0.2291
vn 0.1292 0.9163 0.3790
vn 0.1026 0.9726 0.2086
vn 0.8069 0.5877 0.0597
vn 0.0272 0.6302 0.7760
vn -0.4665 0.4660 0.7518
vn -0.9524 0.2704 0.1410
vn -0.7687 0.4124 0.4888
vn -0.9136 0.3105 -0.2625
vn 0.0342 0.9966 0.0752
vn 0.5065 0.8302 0.2331
vn -0.3615 0.2934 0.8850
vn 0.9354 -0.1734 0.3083
vn 0.9438 0.3293 -0.0279
vn 0.3281 0.8993 0.2890
vn 0.5533 0.8224 -0.1324
vn -0.0787 0.9803 0.1811
vn 0.1529 0.9776 -0.1444
vn 0.4758 0.6784 0.5598
vn -0.3936 0.8470 -0.3572
vn 0.1368 0.9871 0.0835
vn -0.4057 0.7714 -0.4902
vn -0.2737 0.9441 -0.1837
vn -0.1754 0.8146 0.5529
vt 0.188550 0.545200
vt 0.166050 0.557430
vt 0.148820 0.533400
vt 0.504290 0.270570
vt 0.512790 0.299160
vt 0.482620 0.286290
vt 0.520920 0.351780
vt 0.494080 0.356110
vt 0.517140 0.324460
vt 0.523740 0.383300
vt 0.493690 0.393070
vt 0.465500 0.366200
vt 0.525360 0.414820
vt 0.138690 0.568490
vt 0.202040 0.499580
vt 0.211870 0.532380
vt 0.170870 0.510890
vt 0.137480 0.505950
vt 0.111060 0.523320
vt 0.457370 0.295010
vt 0.490280 0.320220
vt 0.463850 0.327560
vt 0.440180 0.360350
vt 0.435240 0.390990
vt 0.231060 0.488430
vt 0.245030 0.460900
vt 0.258370 0.493110
vt 0.204380 0.464720
vt 0.170790 0.470960
vt 0.128880 0.475360
vt 0.101680 0.493170
vt 0.416460 0.367600
vt 0.415130 0.344150
vt 0.405750 0.323380
vt 0.438210 0.330410
vt 0.405640 0.392670
vt 0.295310 0.443100
vt 0.277550 0.469300
vt 0.269590 0.432630
vt 0.171940 0.447540
vt 0.079050 0.473950
vt 0.091750 0.456130
vt 0.120940 0.441810
vt 0.391100 0.359480
vt 0.382170 0.339770
vt 0.394450 0.368930
vt 0.060590 0.452150
vt 0.365660 0.331910
vt 0.360830 0.355830
vt 0.381000 0.395890
vt 0.367140 0.370600
vt 0.410280 0.446290
vt 0.415670 0.469330
vt 0.390330 0.477370
vt 0.379940 0.420010
vt 0.407920 0.419170
vt 0.290380 0.418970
vt 0.286820 0.396520
vt 0.312570 0.409980
vt 0.273120 0.369040
vt 0.254680 0.415370
vt 0.243550 0.367540
vt 0.240150 0.397220
vt 0.221830 0.409500
vt 0.225190 0.438860
vt 0.201860 0.441030
vt 0.202900 0.421200
vt 0.179700 0.411750
vt 0.161070 0.405410
vt 0.066940 0.435180
vt 0.096390 0.405900
vt 0.126710 0.412900
vt 0.235780 0.047460
vt 0.215050 0.055660
vt 0.230240 0.032540
vt 0.208090 0.030330
vt 0.206060 0.005110
vt 0.235980 0.008910
vt 0.248610 0.073350
vt 0.245950 0.097380
vt 0.227240 0.075050
vt 0.199840 0.072910
vt 0.301470 0.356240
vt 0.327620 0.361600
vt 0.301390 0.382670
vt 0.320750 0.389940
vt 0.220450 0.378450
vt 0.204430 0.390080
vt 0.178980 0.382680
vt 0.187890 0.367780
vt 0.179040 0.365280
vt 0.188320 0.363170
vt 0.202440 0.367580
vt 0.196100 0.355730
vt 0.209140 0.355950
vt 0.175970 0.371540
vt 0.161270 0.362540
vt 0.166240 0.357260
vt 0.118950 0.366780
vt 0.122640 0.368570
vt 0.121540 0.372600
vt 0.115860 0.369320
vt 0.112470 0.362730
vt 0.136620 0.385800
vt 0.157240 0.372850
vt 0.106400 0.378480
vt 0.121090 0.389040
vt 0.121240 0.378380
vt 0.132340 0.376300
vt 0.111900 0.372930
vt 0.128470 0.372490
vt 0.183650 0.023770
vt 0.188190 0.049460
vt 0.086780 0.372160
vt 0.066400 0.405410
vt 0.160000 0.040260
vt 0.169660 0.063890
vt 0.203560 0.112290
vt 0.181700 0.088590
vt 0.219840 0.088170
vt 0.306190 0.325590
vt 0.332300 0.339760
vt 0.273110 0.342410
vt 0.241350 0.316550
vt 0.269100 0.307260
vt 0.232990 0.347100
vt 0.213120 0.335670
vt 0.179510 0.359170
vt 0.182530 0.354340
vt 0.173770 0.354470
vt 0.179570 0.348950
vt 0.168710 0.349970
vt 0.199570 0.318610
vt 0.205840 0.320430
vt 0.190600 0.335270
vt 0.172030 0.343450
vt 0.181040 0.330830
vt 0.154760 0.351710
vt 0.151640 0.357050
vt 0.141040 0.352000
vt 0.137210 0.356530
vt 0.144810 0.364940
vt 0.156770 0.346370
vt 0.166270 0.337080
vt 0.146550 0.344640
vt 0.154090 0.340280
vt 0.148030 0.347350
vt 0.139700 0.347410
vt 0.151440 0.336890
vt 0.145290 0.342370
vt 0.148050 0.334520
vt 0.134690 0.342740
vt 0.142950 0.338870
vt 0.137900 0.345440
vt 0.158320 0.332500
vt 0.161080 0.325620
vt 0.126030 0.360070
vt 0.128940 0.359750
vt 0.126820 0.361950
vt 0.124450 0.361350
vt 0.131710 0.360380
vt 0.135720 0.366160
vt 0.129610 0.362730
vt 0.128070 0.368280
vt 0.129290 0.358150
vt 0.126230 0.358250
vt 0.123360 0.359040
vt 0.127060 0.356010
vt 0.117660 0.357640
vt 0.123570 0.357580
vt 0.117510 0.360350
vt 0.112990 0.356780
vt 0.135220 0.352120
vt 0.133730 0.350640
vt 0.132100 0.354800
vt 0.125400 0.347670
vt 0.130010 0.352450
vt 0.122720 0.351210
vt 0.120010 0.355340
vt 0.131740 0.346450
vt 0.133060 0.348530
vt 0.132850 0.337550
vt 0.136390 0.332970
vt 0.131640 0.329500
vt 0.140520 0.329680
vt 0.107340 0.364080
vt 0.109590 0.356840
vt 0.099950 0.362400
vt 0.107410 0.352600
vt 0.114340 0.351350
vt 0.119190 0.345190
vt 0.126700 0.335960
vt 0.114460 0.341460
vt 0.101110 0.343380
vt 0.107520 0.342380
vt 0.121810 0.331980
vt 0.113850 0.332380
vt 0.102640 0.331210
vt 0.090780 0.346890
vt 0.075770 0.350550
vt 0.136670 0.010060
vt 0.152800 0.001470
vt 0.161530 0.017310
vt 0.164140 0.093430
vt 0.125400 0.104730
vt 0.119810 0.084220
vt 0.221370 0.320050
vt 0.189310 0.580300
vt 0.185380 0.604150
vt 0.158130 0.596100
vt 0.209680 0.583500
vt 0.212210 0.589010
vt 0.199500 0.599580
vt 0.169680 0.328800
vt 0.173820 0.319020
vt 0.179750 0.318740
vt 0.188860 0.311090
vt 0.247600 0.611940
vt 0.242010 0.610970
vt 0.250230 0.602020
vt 0.204490 0.312600
vt 0.201410 0.307140
vt 0.222160 0.614230
vt 0.219200 0.611320
vt 0.224670 0.604320
vt 0.230770 0.607810
vt 0.238470 0.606100
vt 0.231470 0.619330
vt 0.248390 0.622730
vt 0.228540 0.617700
vt 0.157280 0.323860
vt 0.154480 0.330560
vt 0.150620 0.328470
vt 0.153110 0.321370
vt 0.158780 0.311750
vt 0.162140 0.314850
vt 0.164320 0.318030
vt 0.259770 0.617510
vt 0.258590 0.613540
vt 0.269030 0.612110
vt 0.265100 0.624930
vt 0.257450 0.629800
vt 0.142860 0.314140
vt 0.139010 0.325220
vt 0.128810 0.320810
vt 0.129880 0.308990
vt 0.147390 0.306140
vt 0.278360 0.619600
vt 0.276380 0.635060
vt 0.136600 0.299320
vt 0.128520 0.296250
vt 0.123890 0.320040
vt 0.127670 0.329010
vt 0.108260 0.326210
vt 0.117870 0.319620
vt 0.125070 0.308120
vt 0.119470 0.306800
vt 0.099000 0.319740
vt 0.100700 0.315240
vt 0.101540 0.321390
vt 0.106190 0.312130
vt 0.105740 0.291040
vt 0.119600 0.293470
vt 0.089410 0.331590
vt 0.099020 0.331950
vt 0.065110 0.329070
vt 0.046230 0.341260
vt 0.058790 0.353930
vt 0.088820 0.313920
vt 0.143450 0.033960
vt 0.131760 0.060390
vt 0.109970 0.009410
vt 0.097080 0.051180
vt 0.104510 0.076210
vt 0.096830 0.093420
vt 0.128990 0.590940
vt 0.102220 0.597900
vt 0.103410 0.578430
vt 0.338450 0.275940
vt 0.337430 0.297550
vt 0.321390 0.283960
vt 0.080270 0.588750
vt 0.084660 0.579380
vt 0.160330 0.577750
vt 0.298620 0.298690
vt 0.193080 0.614390
vt 0.173120 0.626500
vt 0.149380 0.612340
vt 0.137280 0.634140
vt 0.125690 0.612960
vt 0.160700 0.670040
vt 0.148080 0.655990
vt 0.152860 0.638250
vt 0.216260 0.607980
vt 0.212230 0.617890
vt 0.210140 0.608600
vt 0.197100 0.615020
vt 0.197090 0.630670
vt 0.187590 0.633080
vt 0.215330 0.620820
vt 0.222160 0.624790
vt 0.224870 0.617900
vt 0.224120 0.626400
vt 0.237060 0.621410
vt 0.229090 0.628890
vt 0.238370 0.630500
vt 0.244920 0.631330
vt 0.218730 0.630310
vt 0.217580 0.622140
vt 0.225090 0.634330
vt 0.232550 0.638710
vt 0.209870 0.629470
vt 0.221860 0.640410
vt 0.220040 0.639440
vt 0.226260 0.642370
vt 0.234580 0.641790
vt 0.215010 0.643860
vt 0.204700 0.644420
vt 0.212850 0.632210
vt 0.217160 0.644960
vt 0.218880 0.646260
vt 0.221190 0.631830
vt 0.218190 0.638310
vt 0.199450 0.639720
vt 0.213300 0.648300
vt 0.225980 0.654760
vt 0.217240 0.652510
vt 0.283250 0.651480
vt 0.279890 0.641110
vt 0.294820 0.643350
vt 0.271500 0.650510
vt 0.273160 0.643010
vt 0.250200 0.645320
vt 0.269210 0.638950
vt 0.266990 0.648220
vt 0.260750 0.658830
vt 0.254080 0.654850
vt 0.265440 0.662720
vt 0.275160 0.672300
vt 0.099250 0.307580
vt 0.099490 0.293940
vt 0.300350 0.656110
vt 0.292690 0.666310
vt 0.306040 0.668580
vt 0.296660 0.688740
vt 0.281700 0.679450
vt 0.069280 0.308550
vt 0.061400 0.289600
vt 0.084900 0.284290
vt 0.310450 0.675770
vt 0.313300 0.693220
vt 0.039680 0.315700
vt 0.033530 0.288220
vt 0.017630 0.296140
vt 0.085970 0.072720
vt 0.063360 0.058740
vt 0.063270 0.082630
vt 0.090200 0.101880
vt 0.099600 0.617040
vt 0.071040 0.606400
vt 0.118230 0.633210
vt 0.110560 0.653620
vt 0.092410 0.635830
vt 0.126350 0.661700
vt 0.177970 0.661380
vt 0.191070 0.649230
vt 0.215050 0.650610
vt 0.211420 0.656390
vt 0.224370 0.669330
vt 0.220710 0.665300
vt 0.207530 0.666490
vt 0.195070 0.667410
vt 0.204830 0.652780
vt 0.215020 0.658140
vt 0.212290 0.667360
vt 0.213400 0.673010
vt 0.209180 0.675600
vt 0.220790 0.681580
vt 0.204110 0.679200
vt 0.212550 0.685470
vt 0.214980 0.680620
vt 0.217270 0.687220
vt 0.215970 0.692550
vt 0.224160 0.684770
vt 0.221920 0.691810
vt 0.247130 0.668720
vt 0.239630 0.661640
vt 0.251400 0.671230
vt 0.245370 0.682270
vt 0.240450 0.678860
vt 0.231290 0.673210
vt 0.233860 0.687780
vt 0.238430 0.691130
vt 0.250270 0.695620
vt 0.225570 0.698250
vt 0.291440 0.706140
vt 0.270680 0.691020
vt 0.276690 0.700290
vt 0.266700 0.706320
vt 0.251180 0.704850
vt 0.260820 0.700090
vt 0.333920 0.730260
vt 0.303590 0.736250
vt 0.070970 0.273020
vt 0.031090 0.257350
vt 0.052290 0.032410
vt 0.033740 0.045880
vt 0.296530 0.003660
vt 0.309580 0.001470
vt 0.314870 0.021270
vt 0.084340 0.664190
vt 0.120290 0.686130
vt 0.104880 0.676830
vt 0.141430 0.684560
vt 0.199000 0.691340
vt 0.187340 0.686650
vt 0.217300 0.700990
vt 0.210060 0.693820
vt 0.200560 0.698160
vt 0.210140 0.700530
vt 0.219580 0.706720
vt 0.210930 0.708460
vt 0.194900 0.704620
vt 0.180430 0.713270
vt 0.174500 0.692360
vt 0.228650 0.704220
vt 0.222400 0.715940
vt 0.242920 0.723980
vt 0.229840 0.723920
vt 0.212200 0.718660
vt 0.263620 0.723550
vt 0.327780 0.014000
vt 0.324580 0.023390
vt 0.320380 0.031800
vt 0.001470 0.266920
vt 0.305400 0.757210
vt 0.292700 0.761800
vt 0.280980 0.744320
vt 0.348270 0.769620
vt 0.333590 0.766440
vt 0.324590 0.751400
vt 0.362760 0.741640
vt 0.320930 0.775380
vt 0.311720 0.030290
vt 0.291370 0.023740
vt 0.064280 0.675670
vt 0.059280 0.700090
vt 0.040670 0.686900
vt 0.079400 0.694310
vt 0.098150 0.701380
vt 0.083170 0.724090
vt 0.137930 0.710090
vt 0.136180 0.739930
vt 0.117400 0.708340
vt 0.158310 0.708030
vt 0.227820 0.737130
vt 0.207670 0.742900
vt 0.219500 0.758420
vt 0.210970 0.761970
vt 0.237980 0.754690
vt 0.302470 0.785610
vt 0.323490 0.033240
vt 0.321080 0.040660
vt 0.326480 0.033890
vt 0.320230 0.047720
vt 0.316720 0.047200
vt 0.311000 0.046940
vt 0.315970 0.039900
vt 0.320670 0.055360
vt 0.317110 0.054720
vt 0.313650 0.054240
vt 0.300150 0.062010
vt 0.301440 0.051770
vt 0.311460 0.062630
vt 0.314940 0.062870
vt 0.315080 0.070910
vt 0.311570 0.071330
vt 0.293290 0.042810
vt 0.277490 0.037060
vt 0.284090 0.073000
vt 0.276100 0.060980
vt 0.282730 0.046790
vt 0.333530 0.787230
vt 0.325720 0.802810
vt 0.257870 0.055060
vt 0.334640 0.059940
vt 0.327130 0.063070
vt 0.325990 0.056100
vt 0.317870 0.063420
vt 0.032410 0.714710
vt 0.080060 0.750890
vt 0.057320 0.724710
vt 0.089750 0.761920
vt 0.109640 0.739880
vt 0.146680 0.772980
vt 0.127090 0.755910
vt 0.168850 0.742300
vt 0.186690 0.777860
vt 0.192760 0.761180
vt 0.195910 0.771100
vt 0.213150 0.775420
vt 0.233250 0.777040
vt 0.203480 0.797250
vt 0.258370 0.772700
vt 0.249240 0.828420
vt 0.234500 0.816170
vt 0.242700 0.794530
vt 0.304650 0.069970
vt 0.300600 0.075070
vt 0.316690 0.078950
vt 0.319810 0.077550
vt 0.326380 0.074590
vt 0.324410 0.082030
vt 0.303400 0.083300
vt 0.324480 0.087910
vt 0.330300 0.084990
vt 0.321740 0.089650
vt 0.319490 0.091280
vt 0.320690 0.086850
vt 0.307130 0.077660
vt 0.313350 0.080060
vt 0.321770 0.092390
vt 0.319770 0.097050
vt 0.310970 0.098380
vt 0.270800 0.809680
vt 0.294620 0.809090
vt 0.288980 0.835280
vt 0.257200 0.086210
vt 0.326940 0.068910
vt 0.332550 0.070930
vt 0.318260 0.070550
vt 0.043830 0.739390
vt 0.024710 0.739650
vt 0.059350 0.758040
vt 0.118170 0.792070
vt 0.108800 0.777880
vt 0.167910 0.798210
vt 0.126410 0.821570
vt 0.194010 0.812200
vt 0.215050 0.840360
vt 0.238750 0.842150
vt 0.317000 0.110050
vt 0.293380 0.127540
vt 0.314290 0.121610
vt 0.317350 0.135800
vt 0.312720 0.831360
vt 0.309550 0.861980
vt 0.264830 0.116100
vt 0.289190 0.096150
vt 0.040470 0.764470
vt 0.020380 0.758560
vt 0.015600 0.777790
vt 0.097290 0.794140
vt 0.229830 0.871250
vt 0.246270 0.860500
vt 0.245390 0.878890
vt 0.218240 0.886120
vt 0.191730 0.857350
vt 0.280690 0.894630
vt 0.268840 0.905750
vt 0.261770 0.887630
vt 0.277560 0.861690
vt 0.259300 0.872800
vt 0.306490 0.892390
vt 0.289720 0.924310
vt 0.307590 0.917200
vt 0.300370 0.155350
vt 0.272080 0.146370
vt 0.322170 0.154480
vt 0.322650 0.169510
vt 0.499550 0.455720
vt 0.497270 0.424340
vt 0.524250 0.443550
vt 0.521100 0.490110
vt 0.504580 0.488770
vt 0.522480 0.470040
vt 0.497190 0.474710
vt 0.472670 0.443310
vt 0.517800 0.509180
vt 0.488500 0.502870
vt 0.487990 0.525610
vt 0.512670 0.530800
vt 0.508890 0.547820
vt 0.504960 0.565420
vt 0.485920 0.546930
vt 0.464070 0.483520
vt 0.444870 0.453730
vt 0.460890 0.518270
vt 0.459640 0.549280
vt 0.495550 0.589390
vt 0.460680 0.577420
vt 0.459600 0.614200
vt 0.464850 0.596010
vt 0.485610 0.610410
vt 0.477200 0.623200
vt 0.469790 0.633430
vt 0.459410 0.628580
vt 0.443280 0.487360
vt 0.432860 0.467270
vt 0.435420 0.534740
vt 0.434390 0.603340
vt 0.438480 0.622670
vt 0.430630 0.650060
vt 0.413340 0.639540
vt 0.416440 0.663070
vt 0.421220 0.491650
vt 0.427320 0.514620
vt 0.442960 0.506410
vt 0.428630 0.558830
vt 0.437750 0.574890
vt 0.421390 0.586510
vt 0.408620 0.550840
vt 0.405240 0.568310
vt 0.376540 0.554150
vt 0.393960 0.558320
vt 0.385580 0.569320
vt 0.374660 0.452280
vt 0.414500 0.522940
vt 0.401460 0.501960
vt 0.397250 0.539410
vt 0.417770 0.534170
vt 0.409690 0.574750
vt 0.402230 0.576380
vt 0.397140 0.586300
vt 0.400810 0.590440
vt 0.398250 0.570110
vt 0.389610 0.577020
vt 0.388000 0.588800
vt 0.388840 0.594600
vt 0.403940 0.620150
vt 0.405860 0.602560
vt 0.390800 0.604130
vt 0.389470 0.614480
vt 0.384270 0.633660
vt 0.384490 0.604300
vt 0.382520 0.610900
vt 0.378670 0.616140
vt 0.382170 0.622310
vt 0.387360 0.645180
vt 0.394180 0.661590
vt 0.367760 0.569530
vt 0.355680 0.559830
vt 0.362960 0.583600
vt 0.369400 0.577680
vt 0.367650 0.587030
vt 0.367450 0.594740
vt 0.364920 0.592130
vt 0.369400 0.590660
vt 0.357450 0.590010
vt 0.357320 0.595370
vt 0.348190 0.596940
vt 0.367580 0.710060
vt 0.395760 0.714550
vt 0.379850 0.728020
vt 0.235960 0.128600
vt 0.370470 0.514170
vt 0.218290 0.156190
vt 0.390270 0.529860
vt 0.189190 0.223420
vt 0.205430 0.223170
vt 0.193970 0.234930
vt 0.356260 0.549170
vt 0.375610 0.544380
vt 0.181990 0.225390
vt 0.182100 0.212190
vt 0.376490 0.589680
vt 0.378130 0.585260
vt 0.384130 0.590660
vt 0.382790 0.579030
vt 0.373670 0.592550
vt 0.375340 0.599730
vt 0.357080 0.572430
vt 0.203710 0.244700
vt 0.193630 0.241650
vt 0.203250 0.233070
vt 0.347130 0.586670
vt 0.194090 0.258070
vt 0.196990 0.267430
vt 0.193610 0.268100
vt 0.372620 0.604760
vt 0.371350 0.607990
vt 0.372750 0.617960
vt 0.364950 0.616000
vt 0.369710 0.610280
vt 0.361840 0.609410
vt 0.358910 0.611450
vt 0.355130 0.601860
vt 0.371040 0.623690
vt 0.364700 0.603720
vt 0.358270 0.599840
vt 0.365210 0.599180
vt 0.354480 0.611500
vt 0.356070 0.624280
vt 0.362010 0.618200
vt 0.194140 0.275700
vt 0.196880 0.276420
vt 0.201820 0.272970
vt 0.201940 0.284460
vt 0.364010 0.659170
vt 0.359640 0.643140
vt 0.370630 0.681510
vt 0.399190 0.685230
vt 0.159360 0.206770
vt 0.156410 0.208880
vt 0.152350 0.198080
vt 0.164250 0.219070
vt 0.171340 0.228140
vt 0.162410 0.221250
vt 0.174000 0.239560
vt 0.168450 0.230100
vt 0.164720 0.231580
vt 0.160110 0.223180
vt 0.157470 0.215310
vt 0.159840 0.214240
vt 0.154820 0.217340
vt 0.153360 0.210840
vt 0.179200 0.236340
vt 0.898660 0.006220
vt 0.901760 0.005760
vt 0.900600 0.009750
vt 0.895260 0.007200
vt 0.986180 0.096940
vt 0.958970 0.097340
vt 0.972770 0.069310
vt 0.175430 0.117780
vt 0.189890 0.135150
vt 0.224050 0.190180
vt 0.191970 0.170050
vt 0.174800 0.198780
vt 0.162180 0.169260
vt 0.186080 0.191460
vt 0.157330 0.188780
vt 0.158200 0.180250
vt 0.170940 0.201920
vt 0.176960 0.212850
vt 0.198000 0.201860
vt 0.164500 0.214930
vt 0.174120 0.223880
vt 0.164670 0.238970
vt 0.160030 0.231480
vt 0.165380 0.200690
vt 0.152380 0.234070
vt 0.148970 0.231340
vt 0.150790 0.230010
vt 0.183470 0.249710
vt 0.176010 0.259180
vt 0.188020 0.263270
vt 0.157490 0.236130
vt 0.152500 0.237720
vt 0.197370 0.294970
vt 0.190960 0.289920
vt 0.906960 0.015970
vt 0.908840 0.009670
vt 0.915730 0.011310
vt 0.176570 0.283190
vt 0.177200 0.271080
vt 0.188600 0.275780
vt 0.885770 0.007470
vt 0.890650 0.014610
vt 0.894000 0.024550
vt 0.895740 0.013350
vt 0.162970 0.284460
vt 0.874590 0.015500
vt 0.901380 0.037890
vt 0.919730 0.020960
vt 0.912370 0.046160
vt 0.887250 0.030690
vt 0.943890 0.072680
vt 0.942140 0.028450
vt 0.959880 0.043680
vt 0.927720 0.055870
vt 0.930180 0.016890
vt 0.140010 0.193470
vt 0.148720 0.200540
vt 0.145380 0.202960
vt 0.144710 0.189860
vt 0.142650 0.204930
vt 0.137120 0.196630
vt 0.131900 0.203080
vt 0.134600 0.199610
vt 0.140100 0.206840
vt 0.128390 0.191130
vt 0.129600 0.185600
vt 0.138990 0.178980
vt 0.125830 0.194830
vt 0.118930 0.188310
vt 0.157050 0.225580
vt 0.151570 0.220030
vt 0.150620 0.212230
vt 0.147600 0.213490
vt 0.137180 0.210430
vt 0.143500 0.214150
vt 0.945240 0.114670
vt 0.926690 0.094120
vt 0.914450 0.114160
vt 0.142350 0.127210
vt 0.151930 0.147380
vt 0.139170 0.166930
vt 0.115150 0.211440
vt 0.122040 0.203100
vt 0.125780 0.213460
vt 0.146630 0.228080
vt 0.146770 0.232560
vt 0.145970 0.246220
vt 0.136890 0.216850
vt 0.138760 0.225390
vt 0.144820 0.229190
vt 0.137910 0.232890
vt 0.132800 0.219090
vt 0.130540 0.227940
vt 0.122800 0.252770
vt 0.125670 0.242060
vt 0.122910 0.219200
vt 0.130850 0.222690
vt 0.121070 0.222340
vt 0.113230 0.215150
vt 0.153600 0.254180
vt 0.141880 0.270770
vt 0.160320 0.263940
vt 0.879620 0.033050
vt 0.884540 0.028700
vt 0.877520 0.031000
vt 0.871520 0.021750
vt 0.886290 0.022600
vt 0.870580 0.034140
vt 0.873970 0.039310
vt 0.866520 0.038640
vt 0.862150 0.026500
vt 0.867940 0.048460
vt 0.859550 0.037340
vt 0.849420 0.014760
vt 0.846990 0.035150
vt 0.827500 0.034290
vt 0.884940 0.037780
vt 0.884980 0.058450
vt 0.892360 0.065690
vt 0.906710 0.079120
vt 0.114490 0.165790
vt 0.126090 0.149320
vt 0.123360 0.176370
vt 0.111280 0.174110
vt 0.088190 0.137950
vt 0.080170 0.131340
vt 0.107150 0.121010
vt 0.096000 0.162840
vt 0.101450 0.151330
vt 0.107630 0.157610
vt 0.122270 0.185890
vt 0.115150 0.183290
vt 0.114890 0.191550
vt 0.112060 0.184640
vt 0.118600 0.180250
vt 0.101380 0.172540
vt 0.103890 0.169530
vt 0.108300 0.177420
vt 0.106620 0.179770
vt 0.106480 0.184950
vt 0.097750 0.179250
vt 0.109030 0.195390
vt 0.094140 0.195090
vt 0.095000 0.168400
vt 0.089940 0.177100
vt 0.085200 0.170330
vt 0.093570 0.171200
vt 0.929100 0.136900
vt 0.908800 0.138170
vt 0.906080 0.126150
vt 0.943190 0.163660
vt 0.950270 0.152060
vt 0.936560 0.175500
vt 0.921250 0.160830
vt 0.104990 0.206730
vt 0.088230 0.204440
vt 0.090390 0.215730
vt 0.088740 0.217850
vt 0.087280 0.210890
vt 0.084430 0.187970
vt 0.090110 0.210430
vt 0.078750 0.199230
vt 0.078240 0.191640
vt 0.083710 0.206200
vt 0.082500 0.212730
vt 0.080200 0.207610
vt 0.085020 0.211700
vt 0.075360 0.216490
vt 0.073750 0.209580
vt 0.077680 0.209920
vt 0.070580 0.209310
vt 0.076070 0.200860
vt 0.070050 0.216060
vt 0.107170 0.239600
vt 0.112380 0.218860
vt 0.102060 0.228050
vt 0.094990 0.227970
vt 0.092070 0.228460
vt 0.093190 0.221830
vt 0.867280 0.408030
vt 0.878320 0.389510
vt 0.884150 0.402420
vt 0.907590 0.390520
vt 0.902500 0.393240
vt 0.899960 0.385630
vt 0.911700 0.392090
vt 0.910650 0.398000
vt 0.898260 0.398770
vt 0.895200 0.404840
vt 0.889780 0.393290
vt 0.883960 0.385430
vt 0.888150 0.388750
vt 0.889980 0.386890
vt 0.893580 0.391880
vt 0.898310 0.388740
vt 0.893140 0.385610
vt 0.096980 0.213560
vt 0.899370 0.395110
vt 0.898910 0.396330
vt 0.896330 0.391830
vt 0.087800 0.230100
vt 0.084720 0.232220
vt 0.086370 0.224610
vt 0.900360 0.394220
vt 0.894230 0.389170
vt 0.888030 0.383190
vt 0.085600 0.220280
vt 0.079480 0.214940
vt 0.075560 0.230580
vt 0.082730 0.222230
vt 0.892460 0.381770
vt 0.892550 0.377040
vt 0.886930 0.376190
vt 0.853950 0.386740
vt 0.871020 0.378900
vt 0.859310 0.361000
vt 0.838300 0.370950
vt 0.879720 0.377210
vt 0.879590 0.369840
vt 0.864740 0.077730
vt 0.847740 0.054750
vt 0.834910 0.069240
vt 0.841560 0.075350
vt 0.826870 0.078520
vt 0.873590 0.083430
vt 0.855120 0.091140
vt 0.846020 0.088520
vt 0.882420 0.102050
vt 0.890330 0.124370
vt 0.860880 0.099470
vt 0.885720 0.136160
vt 0.068260 0.223830
vt 0.075010 0.223020
vt 0.072250 0.231430
vt 0.933250 0.384920
vt 0.923030 0.389500
vt 0.921200 0.383950
vt 0.929970 0.373710
vt 0.932290 0.369660
vt 0.932860 0.375710
vt 0.928090 0.372340
vt 0.929920 0.368530
vt 0.926000 0.378800
vt 0.926310 0.371150
vt 0.923160 0.370330
vt 0.927700 0.367520
vt 0.943890 0.381270
vt 0.934940 0.364400
vt 0.936310 0.372630
vt 0.932250 0.363070
vt 0.939970 0.366820
vt 0.949170 0.369380
vt 0.919670 0.364620
vt 0.923880 0.360800
vt 0.912240 0.389220
vt 0.913580 0.388260
vt 0.915830 0.391170
vt 0.907150 0.386950
vt 0.906840 0.384650
vt 0.910520 0.387010
vt 0.917300 0.386400
vt 0.919430 0.381370
vt 0.899570 0.382420
vt 0.900480 0.379430
vt 0.907660 0.382400
vt 0.910020 0.384850
vt 0.911850 0.381280
vt 0.903330 0.376680
vt 0.918610 0.372980
vt 0.922100 0.375300
vt 0.917350 0.379390
vt 0.923900 0.376890
vt 0.911010 0.374640
vt 0.896030 0.369200
vt 0.070140 0.132320
vt 0.070240 0.138620
vt 0.062240 0.122300
vt 0.055820 0.110550
vt 0.087420 0.157010
vt 0.092740 0.148620
vt 0.081670 0.163540
vt 0.088300 0.166740
vt 0.084930 0.159570
vt 0.078810 0.154030
vt 0.081230 0.150640
vt 0.075850 0.142920
vt 0.083240 0.161580
vt 0.076920 0.156340
vt 0.073350 0.147380
vt 0.071540 0.150520
vt 0.066780 0.166490
vt 0.074180 0.159150
vt 0.075760 0.169460
vt 0.068430 0.141130
vt 0.065420 0.143410
vt 0.064630 0.133730
vt 0.061840 0.136250
vt 0.056870 0.149730
vt 0.060240 0.139550
vt 0.062660 0.148170
vt 0.090290 0.164650
vt 0.916000 0.177560
vt 0.902700 0.159160
vt 0.929780 0.187000
vt 0.917310 0.203420
vt 0.073380 0.183960
vt 0.061870 0.169930
vt 0.076620 0.179710
vt 0.062490 0.158880
vt 0.058080 0.160500
vt 0.053140 0.153980
vt 0.071410 0.196130
vt 0.064820 0.208100
vt 0.059720 0.195120
vt 0.052750 0.206460
vt 0.039460 0.200920
vt 0.046980 0.187220
vt 0.051160 0.171050
vt 0.056950 0.176960
vt 0.049440 0.172260
vt 0.825150 0.352430
vt 0.828900 0.348450
vt 0.834760 0.353210
vt 0.845340 0.357810
vt 0.851240 0.346330
vt 0.837040 0.337870
vt 0.841370 0.345230
vt 0.819480 0.347200
vt 0.823240 0.342250
vt 0.811280 0.337470
vt 0.834410 0.095720
vt 0.827500 0.084520
vt 0.839160 0.106730
vt 0.822100 0.101030
vt 0.820280 0.088330
vt 0.820230 0.108280
vt 0.841370 0.125250
vt 0.872320 0.117260
vt 0.861610 0.142880
vt 0.933820 0.356310
vt 0.937190 0.357060
vt 0.929150 0.362150
vt 0.930230 0.355600
vt 0.932800 0.349480
vt 0.940780 0.358700
vt 0.945480 0.355500
vt 0.938910 0.352060
vt 0.947260 0.348030
vt 0.939190 0.344140
vt 0.942620 0.345330
vt 0.936230 0.342630
vt 0.936060 0.350610
vt 0.946560 0.338380
vt 0.941050 0.338840
vt 0.958280 0.344280
vt 0.935440 0.337010
vt 0.932820 0.329490
vt 0.940290 0.332760
vt 0.931020 0.340410
vt 0.952020 0.329610
vt 0.960940 0.331920
vt 0.944210 0.334800
vt 0.943710 0.327770
vt 0.888670 0.368120
vt 0.884830 0.355540
vt 0.899240 0.356060
vt 0.916690 0.352080
vt 0.901220 0.330210
vt 0.883990 0.332590
vt 0.918890 0.327600
vt 0.869640 0.338710
vt 0.872700 0.366120
vt 0.843170 0.333670
vt 0.857250 0.336670
vt 0.831820 0.327940
vt 0.831920 0.334600
vt 0.054340 0.128510
vt 0.055130 0.132400
vt 0.045690 0.094570
vt 0.047640 0.121330
vt 0.044620 0.124400
vt 0.038890 0.115240
vt 0.041200 0.111340
vt 0.046540 0.105750
vt 0.031130 0.108130
vt 0.034230 0.131350
vt 0.036620 0.117960
vt 0.041260 0.130080
vt 0.051760 0.134740
vt 0.045110 0.145060
vt 0.048050 0.130220
vt 0.052000 0.130750
vt 0.899420 0.228150
vt 0.889170 0.209220
vt 0.023410 0.122410
vt 0.046020 0.163780
vt 0.056270 0.164960
vt 0.044490 0.166800
vt 0.041350 0.167890
vt 0.038580 0.178510
vt 0.054440 0.180300
vt 0.036760 0.156930
vt 0.018370 0.185450
vt 0.022700 0.164520
vt 0.050450 0.158340
vt 0.034340 0.160640
vt 0.031340 0.153540
vt 0.038390 0.150520
vt 0.030700 0.147050
vt 0.845450 0.164390
vt 0.826100 0.150410
vt 0.798170 0.143400
vt 0.810360 0.130870
vt 0.869850 0.182310
vt 0.882290 0.155440
vt 0.897360 0.183200
vt 0.974990 0.302750
vt 0.970640 0.315740
vt 0.968490 0.300150
vt 0.971050 0.288220
vt 0.028040 0.197410
vt 0.952080 0.321330
vt 0.961390 0.323900
vt 0.946450 0.311840
vt 0.949690 0.313140
vt 0.947080 0.320680
vt 0.947500 0.328570
vt 0.940580 0.319850
vt 0.943090 0.310460
vt 0.954370 0.310890
vt 0.961090 0.310870
vt 0.949270 0.305340
vt 0.952160 0.305710
vt 0.938170 0.306590
vt 0.927630 0.312260
vt 0.936790 0.300040
vt 0.950900 0.298570
vt 0.955990 0.300880
vt 0.947040 0.304870
vt 0.948210 0.298600
vt 0.952350 0.290020
vt 0.959430 0.293750
vt 0.949350 0.289960
vt 0.892550 0.308040
vt 0.907240 0.303390
vt 0.897100 0.284780
vt 0.916010 0.286720
vt 0.928820 0.295020
vt 0.866380 0.321240
vt 0.872810 0.308610
vt 0.850090 0.290010
vt 0.864970 0.294150
vt 0.847930 0.307020
vt 0.847400 0.326140
vt 0.855300 0.318520
vt 0.818490 0.330680
vt 0.820560 0.313220
vt 0.839110 0.306630
vt 0.835840 0.320640
vt 0.807380 0.331100
vt 0.027190 0.100730
vt 0.034200 0.105450
vt 0.026310 0.105060
vt 0.026870 0.110380
vt 0.035630 0.090860
vt 0.013420 0.103550
vt 0.327780 0.024970
vt 0.331640 0.015240
vt 0.679920 0.058540
vt 0.710410 0.079610
vt 0.686210 0.088020
vt 0.711010 0.109930
vt 0.008320 0.119940
vt 0.020380 0.136930
vt 0.361270 0.025270
vt 0.358460 0.023310
vt 0.366770 0.018670
vt 0.352440 0.016030
vt 0.343560 0.029040
vt 0.335730 0.015800
vt 0.354120 0.030270
vt 0.002940 0.165220
vt 0.001470 0.147960
vt 0.016880 0.154080
vt 0.371300 0.021930
vt 0.381110 0.013300
vt 0.383590 0.027170
vt 0.827380 0.178560
vt 0.849070 0.206010
vt 0.977870 0.277330
vt 0.979800 0.290770
vt 0.972440 0.273940
vt 0.960500 0.263880
vt 0.964360 0.265720
vt 0.959710 0.273680
vt 0.408150 0.030530
vt 0.394010 0.039790
vt 0.392410 0.030100
vt 0.943960 0.292100
vt 0.943170 0.298330
vt 0.932230 0.289670
vt 0.952270 0.282100
vt 0.961190 0.282930
vt 0.945800 0.283280
vt 0.921880 0.279770
vt 0.944020 0.304870
vt 0.949630 0.278560
vt 0.937280 0.274930
vt 0.939160 0.288350
vt 0.951400 0.271020
vt 0.928580 0.267560
vt 0.942380 0.256310
vt 0.955930 0.260130
vt 0.906430 0.273160
vt 0.870710 0.295910
vt 0.870460 0.280190
vt 0.878050 0.283840
vt 0.842690 0.271040
vt 0.852320 0.274930
vt 0.843070 0.289760
vt 0.872980 0.270320
vt 0.879050 0.270390
vt 0.816390 0.287310
vt 0.795840 0.291320
vt 0.797120 0.308710
vt 0.766870 0.146740
vt 0.774240 0.172880
vt 0.327570 0.049120
vt 0.332020 0.052060
vt 0.357750 0.032750
vt 0.352260 0.042750
vt 0.348350 0.040170
vt 0.361880 0.047670
vt 0.332730 0.027820
vt 0.331100 0.040090
vt 0.338710 0.043950
vt 0.372580 0.053000
vt 0.372920 0.062200
vt 0.382800 0.042850
vt 0.368740 0.036510
vt 0.390890 0.049370
vt 0.799150 0.178830
vt 0.799060 0.194770
vt 0.779800 0.199660
vt 0.574700 0.076570
vt 0.594940 0.095030
vt 0.565890 0.099310
vt 0.628160 0.091220
vt 0.627090 0.069810
vt 0.646260 0.087030
vt 0.652890 0.117460
vt 0.631010 0.120940
vt 0.652550 0.151550
vt 0.609420 0.093190
vt 0.609450 0.115580
vt 0.411310 0.032380
vt 0.406730 0.050310
vt 0.402340 0.061260
vt 0.910670 0.245440
vt 0.912690 0.265930
vt 0.897930 0.259920
vt 0.419010 0.074730
vt 0.410320 0.071960
vt 0.413990 0.055120
vt 0.478040 0.061800
vt 0.453990 0.074960
vt 0.453380 0.060760
vt 0.495550 0.068730
vt 0.490110 0.067090
vt 0.499710 0.050760
vt 0.517550 0.044600
vt 0.514260 0.069070
vt 0.507490 0.087560
vt 0.814780 0.266060
vt 0.553430 0.059600
vt 0.536230 0.086810
vt 0.520360 0.089610
vt 0.522360 0.072200
vt 0.325810 0.091210
vt 0.323450 0.091680
vt 0.334530 0.088830
vt 0.325070 0.096250
vt 0.333950 0.094830
vt 0.322830 0.096840
vt 0.325930 0.102490
vt 0.323920 0.104570
vt 0.329130 0.102820
vt 0.327690 0.102580
vt 0.327990 0.100610
vt 0.327510 0.095520
vt 0.332420 0.100250
vt 0.326820 0.104330
vt 0.336580 0.101870
vt 0.331930 0.105170
vt 0.331950 0.107970
vt 0.673770 0.139760
vt 0.672860 0.117250
vt 0.685010 0.130570
vt 0.693010 0.148490
vt 0.686840 0.111130
vt 0.698030 0.129590
vt 0.708750 0.138100
vt 0.707910 0.146900
vt 0.699580 0.141820
vt 0.707140 0.159420
vt 0.342260 0.073080
vt 0.341880 0.085100
vt 0.331530 0.079770
vt 0.340470 0.096230
vt 0.346120 0.101160
vt 0.339490 0.105330
vt 0.351470 0.091030
vt 0.358960 0.081140
vt 0.365890 0.090340
vt 0.357600 0.095630
vt 0.390000 0.072250
vt 0.414480 0.093640
vt 0.401260 0.098360
vt 0.407530 0.084120
vt 0.403840 0.075240
vt 0.393670 0.092390
vt 0.379940 0.072600
vt 0.381720 0.089640
vt 0.377450 0.102970
vt 0.363150 0.110230
vt 0.385040 0.107220
vt 0.388750 0.109280
vt 0.393030 0.112190
vt 0.403010 0.104270
vt 0.408730 0.106390
vt 0.491540 0.084660
vt 0.487750 0.097530
vt 0.482390 0.082200
vt 0.477170 0.112810
vt 0.480320 0.097810
vt 0.484520 0.114520
vt 0.603480 0.140180
vt 0.583370 0.120370
vt 0.578060 0.145780
vt 0.677090 0.155710
vt 0.406280 0.064720
vt 0.432940 0.056490
vt 0.442930 0.064900
vt 0.439480 0.081640
vt 0.422480 0.098550
vt 0.426470 0.083740
vt 0.412640 0.108530
vt 0.461900 0.105710
vt 0.445460 0.102350
vt 0.455580 0.123300
vt 0.515110 0.110440
vt 0.500040 0.106070
vt 0.533250 0.118220
vt 0.508720 0.130010
vt 0.521940 0.134770
vt 0.561410 0.122290
vt 0.333210 0.114680
vt 0.329380 0.114780
vt 0.326090 0.107140
vt 0.325490 0.115130
vt 0.328820 0.107400
vt 0.330780 0.123600
vt 0.327250 0.123560
vt 0.334480 0.125790
vt 0.345100 0.114240
vt 0.345970 0.120100
vt 0.329170 0.131420
vt 0.331660 0.129640
vt 0.326110 0.132760
vt 0.323300 0.122810
vt 0.334640 0.135710
vt 0.346310 0.131630
vt 0.337070 0.132480
vt 0.332540 0.137850
vt 0.329650 0.139050
vt 0.336480 0.139670
vt 0.338360 0.137690
vt 0.340980 0.140160
vt 0.706030 0.173880
vt 0.681230 0.178380
vt 0.671470 0.195960
vt 0.648610 0.199740
vt 0.657090 0.170930
vt 0.353850 0.108780
vt 0.351740 0.117570
vt 0.346790 0.140420
vt 0.355520 0.142960
vt 0.400470 0.118030
vt 0.379690 0.120990
vt 0.375920 0.118750
vt 0.370250 0.130300
vt 0.362230 0.129030
vt 0.377780 0.129270
vt 0.388660 0.123110
vt 0.403230 0.128000
vt 0.386850 0.134530
vt 0.404310 0.142510
vt 0.437090 0.120360
vt 0.423510 0.144490
vt 0.410980 0.141230
vt 0.420730 0.125670
vt 0.408320 0.128380
vt 0.436240 0.136690
vt 0.471720 0.126660
vt 0.453550 0.138980
vt 0.467020 0.141800
vt 0.473970 0.138990
vt 0.478140 0.127550
vt 0.496790 0.123390
vt 0.480300 0.142390
vt 0.477060 0.147850
vt 0.472270 0.145600
vt 0.469070 0.153760
vt 0.554860 0.155260
vt 0.603810 0.166440
vt 0.574870 0.178730
vt 0.636860 0.173420
vt 0.632530 0.149970
vt 0.406010 0.118380
vt 0.490830 0.141470
vt 0.532280 0.157170
vt 0.336650 0.144420
vt 0.335730 0.145070
vt 0.335220 0.142850
vt 0.328440 0.151520
vt 0.324700 0.143510
vt 0.340540 0.144880
vt 0.345720 0.149160
vt 0.346840 0.154920
vt 0.353510 0.159160
vt 0.346490 0.162570
vt 0.339540 0.156130
vt 0.332720 0.162110
vt 0.335160 0.148530
vt 0.346000 0.167160
vt 0.344210 0.172690
vt 0.338830 0.165080
vt 0.335300 0.172520
vt 0.350370 0.165420
vt 0.363240 0.157880
vt 0.362240 0.173530
vt 0.351920 0.170290
vt 0.701390 0.227860
vt 0.675100 0.227720
vt 0.702560 0.220300
vt 0.368090 0.144520
vt 0.386340 0.156380
vt 0.393380 0.170360
vt 0.374900 0.185680
vt 0.401670 0.155170
vt 0.422920 0.158900
vt 0.408430 0.155980
vt 0.411240 0.168850
vt 0.401930 0.167230
vt 0.429900 0.175360
vt 0.447530 0.160720
vt 0.434120 0.153160
vt 0.467190 0.159620
vt 0.457790 0.166950
vt 0.464040 0.155350
vt 0.417590 0.186440
vt 0.408490 0.182910
vt 0.439150 0.199670
vt 0.471090 0.156170
vt 0.481600 0.163080
vt 0.467310 0.168180
vt 0.493960 0.183270
vt 0.503630 0.152690
vt 0.462370 0.197960
vt 0.553610 0.186230
vt 0.525450 0.181890
vt 0.539900 0.203640
vt 0.591240 0.205710
vt 0.572510 0.209440
vt 0.609180 0.193970
vt 0.006240 0.831590
vt 0.010700 0.803860
vt 0.032490 0.834550
vt 0.049890 0.813650
vt 0.065420 0.787800
vt 0.095570 0.819930
vt 0.084220 0.846700
vt 0.059100 0.842510
vt 0.112570 0.845210
vt 0.177590 0.876380
vt 0.156450 0.871700
vt 0.168820 0.855860
vt 0.137840 0.859750
vt 0.161140 0.894300
vt 0.190960 0.878860
vt 0.179590 0.862550
vt 0.203720 0.899270
vt 0.176470 0.892700
vt 0.189710 0.912880
vt 0.243190 0.888590
vt 0.223090 0.907200
vt 0.221000 0.899130
vt 0.238710 0.904530
vt 0.241920 0.894370
vt 0.211860 0.907700
vt 0.218660 0.909250
vt 0.219270 0.911920
vt 0.214800 0.915690
vt 0.257290 0.895280
vt 0.248990 0.908290
vt 0.257050 0.910320
vt 0.246940 0.920080
vt 0.231540 0.914490
vt 0.256770 0.920310
vt 0.266750 0.921210
vt 0.278820 0.950950
vt 0.256170 0.941300
vt 0.310060 0.179900
vt 0.281270 0.169760
vt 0.036850 0.865030
vt 0.111470 0.867560
vt 0.138360 0.891980
vt 0.144560 0.920620
vt 0.171980 0.909850
vt 0.176940 0.927580
vt 0.195740 0.927510
vt 0.136100 0.907480
vt 0.221420 0.914510
vt 0.199390 0.917810
vt 0.229270 0.931930
vt 0.214000 0.933880
vt 0.220450 0.923150
vt 0.204560 0.939810
vt 0.207310 0.926380
vt 0.218500 0.945550
vt 0.233850 0.944400
vt 0.219120 0.952800
vt 0.209980 0.949640
vt 0.226100 0.924450
vt 0.225930 0.914310
vt 0.250200 0.930530
vt 0.243590 0.952380
vt 0.233450 0.973420
vt 0.226970 0.961420
vt 0.266770 0.182600
vt 0.290690 0.189700
vt 0.297530 0.209810
vt 0.265180 0.210920
vt 0.279970 0.236460
vt 0.378500 0.912170
vt 0.398400 0.920920
vt 0.372030 0.947440
vt 0.440560 0.904880
vt 0.424960 0.930740
vt 0.409060 0.894280
vt 0.408170 0.861410
vt 0.425710 0.879540
vt 0.391220 0.871840
vt 0.111060 0.889580
vt 0.117240 0.909700
vt 0.098300 0.915970
vt 0.125890 0.923150
vt 0.137230 0.941170
vt 0.116970 0.939540
vt 0.168300 0.941170
vt 0.160870 0.958080
vt 0.193780 0.959560
vt 0.212520 0.954670
vt 0.211520 0.972110
vt 0.261000 0.971810
vt 0.303340 0.236030
vt 0.286620 0.259160
vt 0.256100 0.236180
vt 0.252940 0.259640
vt 0.419380 0.957030
vt 0.396650 0.952440
vt 0.462310 0.882600
vt 0.513600 0.791850
vt 0.486340 0.813380
vt 0.473720 0.789260
vt 0.510160 0.738210
vt 0.526630 0.763740
vt 0.495260 0.766710
vt 0.249080 0.992700
vt 0.211530 0.993990
vt 0.530870 0.695910
vt 0.538290 0.734440
vt 0.509820 0.699720
vt 0.547860 0.682360
vt 0.549900 0.657520
vt 0.556480 0.676430
vt 0.556970 0.690350
vt 0.556210 0.698210
vt 0.564940 0.681850
vt 0.564280 0.689670
vt 0.568630 0.657430
vt 0.578200 0.663050
vt 0.567400 0.672280
vt 0.447970 0.941900
vt 0.448410 0.963730
vt 0.474410 0.932310
vt 0.478940 0.971660
vt 0.479280 0.901570
vt 0.476820 0.854950
vt 0.499950 0.886640
vt 0.506980 0.850020
vt 0.511640 0.899390
vt 0.500700 0.915360
vt 0.523250 0.855750
vt 0.517680 0.823540
vt 0.533280 0.810890
vt 0.547270 0.827050
vt 0.547050 0.786260
vt 0.564130 0.759940
vt 0.555860 0.710740
vt 0.566420 0.708480
vt 0.567300 0.720670
vt 0.571410 0.708100
vt 0.576170 0.706850
vt 0.577760 0.713780
vt 0.578720 0.723120
vt 0.574410 0.716260
vt 0.581420 0.721400
vt 0.586040 0.712430
vt 0.586000 0.718750
vt 0.560710 0.728800
vt 0.585700 0.725670
vt 0.583190 0.728050
vt 0.571140 0.682200
vt 0.567150 0.689960
vt 0.565290 0.700120
vt 0.587310 0.675420
vt 0.568970 0.698490
vt 0.576640 0.697240
vt 0.589800 0.692920
vt 0.603050 0.691500
vt 0.592630 0.707470
vt 0.501600 0.947890
vt 0.525290 0.910960
vt 0.518380 0.871160
vt 0.530360 0.879720
vt 0.567070 0.805410
vt 0.577150 0.818550
vt 0.591870 0.764500
vt 0.576860 0.746900
vt 0.593400 0.756760
vt 0.599230 0.752000
vt 0.604990 0.756020
vt 0.587320 0.784850
vt 0.596100 0.748830
vt 0.573480 0.728790
vt 0.581490 0.729690
vt 0.579400 0.733380
vt 0.580890 0.738580
vt 0.584390 0.741320
vt 0.588330 0.729230
vt 0.583810 0.732920
vt 0.585940 0.736220
vt 0.589580 0.720480
vt 0.588040 0.741550
vt 0.587760 0.735550
vt 0.590490 0.740100
vt 0.594120 0.724080
vt 0.595420 0.734190
vt 0.598420 0.713660
vt 0.590880 0.746060
vt 0.593670 0.743990
vt 0.595120 0.741440
vt 0.593100 0.738700
vt 0.596880 0.737490
vt 0.601930 0.726320
vt 0.598070 0.748180
vt 0.607300 0.717500
vt 0.610810 0.717940
vt 0.604500 0.739890
vt 0.600450 0.747330
vt 0.599500 0.740410
vt 0.598780 0.734990
vt 0.612050 0.731400
vt 0.604920 0.701700
vt 0.605900 0.708870
vt 0.608340 0.710980
vt 0.612760 0.701880
vt 0.613550 0.692590
vt 0.617300 0.701600
vt 0.619010 0.717120
vt 0.611150 0.708530
vt 0.618380 0.703680
vt 0.614060 0.706480
vt 0.623940 0.698840
vt 0.630460 0.702480
vt 0.633870 0.693850
vt 0.631690 0.707680
vt 0.639980 0.708190
vt 0.626340 0.733810
vt 0.509890 0.977850
vt 0.529050 0.980110
vt 0.524830 0.959990
vt 0.541820 0.949820
vt 0.525500 0.932850
vt 0.537430 0.980740
vt 0.544270 0.904990
vt 0.565400 0.933710
vt 0.563110 0.879430
vt 0.571560 0.833730
vt 0.601400 0.809480
vt 0.587720 0.835880
vt 0.611100 0.772300
vt 0.614820 0.790790
vt 0.630520 0.808210
vt 0.602010 0.750450
vt 0.617370 0.754900
vt 0.616140 0.760740
vt 0.609190 0.751750
vt 0.628630 0.758390
vt 0.626470 0.762080
vt 0.633930 0.746690
vt 0.643490 0.736610
vt 0.625010 0.772370
vt 0.647580 0.761890
vt 0.642410 0.765170
vt 0.637500 0.769500
vt 0.642450 0.742580
vt 0.644910 0.688440
vt 0.652790 0.728830
vt 0.659490 0.744770
vt 0.561690 0.952850
vt 0.550360 0.981230
vt 0.570720 0.981860
vt 0.592780 0.939810
vt 0.581750 0.956790
vt 0.583360 0.907920
vt 0.591930 0.885710
vt 0.617170 0.879680
vt 0.611800 0.898610
vt 0.580700 0.854510
vt 0.606380 0.832490
vt 0.630730 0.852040
vt 0.626090 0.782880
vt 0.656270 0.813750
vt 0.648880 0.786390
vt 0.666810 0.795880
vt 0.636930 0.787780
vt 0.647150 0.771800
vt 0.649840 0.768460
vt 0.653740 0.775410
vt 0.655560 0.772320
vt 0.659520 0.766270
vt 0.662930 0.760840
vt 0.666960 0.755880
vt 0.655560 0.748470
vt 0.661230 0.780560
vt 0.659330 0.785180
vt 0.664210 0.775130
vt 0.675400 0.762870
vt 0.670960 0.738420
vt 0.598980 0.980850
vt 0.618540 0.945660
vt 0.600460 0.961260
vt 0.620090 0.917750
vt 0.626680 0.893510
vt 0.648960 0.888440
vt 0.661360 0.842540
vt 0.687030 0.808040
vt 0.691770 0.832760
vt 0.669880 0.787280
vt 0.672930 0.781100
vt 0.686160 0.778730
vt 0.675210 0.771930
vt 0.681900 0.793850
vt 0.701240 0.798480
vt 0.714270 0.744930
vt 0.688850 0.759020
vt 0.696570 0.732210
vt 0.715990 0.760620
vt 0.628080 0.981420
vt 0.660240 0.945790
vt 0.669800 0.869920
vt 0.700830 0.874120
vt 0.713990 0.813450
vt 0.720500 0.775350
vt 0.733170 0.785360
vt 0.732880 0.746120
vt 0.744250 0.755160
vt 0.695740 0.950160
vt 0.687000 0.979200
vt 0.730310 0.950970
vt 0.712960 0.957800
vt 0.718900 0.930440
vt 0.667140 0.916570
vt 0.733420 0.900550
vt 0.719040 0.848520
vt 0.735860 0.872930
vt 0.735250 0.822830
vt 0.742520 0.830740
vt 0.743840 0.845340
vt 0.751190 0.833090
vt 0.746130 0.808740
vt 0.747230 0.820210
vt 0.739940 0.808740
vt 0.754900 0.806280
vt 0.755200 0.796220
vt 0.757760 0.804950
vt 0.749300 0.825060
vt 0.759420 0.813390
vt 0.761360 0.801560
vt 0.759500 0.796670
vt 0.765550 0.797650
vt 0.760860 0.806270
vt 0.764280 0.812260
vt 0.755340 0.822070
vt 0.772210 0.809870
vt 0.766760 0.806980
vt 0.766880 0.799850
vt 0.764760 0.803700
vt 0.763640 0.819170
vt 0.760370 0.826920
vt 0.773320 0.804200
vt 0.757750 0.780260
vt 0.743330 0.790810
vt 0.746260 0.770970
vt 0.762410 0.787180
vt 0.765440 0.776320
vt 0.768730 0.796970
vt 0.773650 0.796000
vt 0.766760 0.791780
vt 0.771650 0.799910
vt 0.768530 0.799730
vt 0.712960 0.976310
vt 0.731770 0.972780
vt 0.761560 0.871630
vt 0.770330 0.886650
vt 0.761600 0.915710
vt 0.770580 0.856850
vt 0.750770 0.858620
vt 0.763160 0.841670
vt 0.768050 0.825230
vt 0.768210 0.816790
vt 0.774510 0.815350
vt 0.772680 0.820910
vt 0.781470 0.819990
vt 0.785670 0.809570
vt 0.780880 0.799460
vt 0.802490 0.808980
vt 0.787080 0.836780
vt 0.812090 0.843060
vt 0.753780 0.946020
vt 0.756360 0.968830
vt 0.785070 0.903410
vt 0.775590 0.935970
vt 0.806070 0.885420
vt 0.826590 0.860790
vt 0.795640 0.862560
vt 0.804140 0.777970
vt 0.824380 0.791890
vt 0.812990 0.944100
vt 0.786570 0.958420
vt 0.798470 0.923080
vt 0.817740 0.908490
vt 0.832700 0.933370
vt 0.850490 0.861790
vt 0.835360 0.888790
vt 0.856390 0.840460
vt 0.835410 0.826610
vt 0.865740 0.822730
vt 0.849040 0.922540
vt 0.857920 0.885870
vt 0.868790 0.909070
vt 0.890330 0.890190
vt 0.873410 0.869080
vt 0.877070 0.842920
vt 0.886840 0.822480
vt 0.894880 0.842290
vt 0.891220 0.861480
vt 0.914370 0.857990
vt 0.906160 0.871500
vt 0.899700 0.816850
vt 0.925920 0.837840
vt 0.346550 0.181330
vt 0.337760 0.183090
vt 0.340630 0.196300
vt 0.315820 0.204730
vt 0.358450 0.186590
vt 0.355130 0.177580
vt 0.363850 0.184030
vt 0.351180 0.179140
vt 0.355520 0.188110
vt 0.350530 0.190130
vt 0.359470 0.196080
vt 0.355010 0.201230
vt 0.363600 0.194210
vt 0.365180 0.204200
vt 0.657300 0.261840
vt 0.625120 0.276120
vt 0.633670 0.251250
vt 0.386550 0.185360
vt 0.384390 0.202490
vt 0.376570 0.201100
vt 0.380450 0.216250
vt 0.395200 0.187450
vt 0.396480 0.177850
vt 0.402900 0.176860
vt 0.391240 0.201000
vt 0.398220 0.202350
vt 0.409800 0.197100
vt 0.423450 0.194950
vt 0.404380 0.213100
vt 0.401020 0.210210
vt 0.412680 0.203550
vt 0.442990 0.222550
vt 0.430470 0.229730
vt 0.420620 0.210160
vt 0.465310 0.236220
vt 0.489510 0.225370
vt 0.509390 0.210080
vt 0.561600 0.220860
vt 0.564880 0.232250
vt 0.556430 0.236130
vt 0.594220 0.230960
vt 0.638310 0.337270
vt 0.628450 0.350640
vt 0.606020 0.339530
vt 0.656530 0.235550
vt 0.631640 0.230970
vt 0.610380 0.229260
vt 0.628480 0.201050
vt 0.337860 0.215750
vt 0.321100 0.228580
vt 0.360540 0.204220
vt 0.356540 0.215460
vt 0.349340 0.221780
vt 0.363930 0.225240
vt 0.359170 0.225160
vt 0.362710 0.215980
vt 0.380420 0.222750
vt 0.370490 0.224790
vt 0.357520 0.235240
vt 0.354690 0.233680
vt 0.368880 0.238540
vt 0.350900 0.245520
vt 0.384170 0.232730
vt 0.388860 0.214170
vt 0.392870 0.218090
vt 0.400100 0.233610
vt 0.413040 0.221750
vt 0.409550 0.241830
vt 0.387380 0.239820
vt 0.438190 0.245980
vt 0.417200 0.255320
vt 0.502830 0.246220
vt 0.485970 0.254810
vt 0.546300 0.220670
vt 0.543280 0.242990
vt 0.528850 0.261900
vt 0.527520 0.235060
vt 0.610850 0.431020
vt 0.610120 0.414550
vt 0.628950 0.424040
vt 0.562560 0.252220
vt 0.601690 0.374530
vt 0.629840 0.380540
vt 0.612060 0.394580
vt 0.625460 0.360230
vt 0.614480 0.319000
vt 0.648700 0.314780
vt 0.667070 0.332460
vt 0.646860 0.343460
vt 0.668270 0.341950
vt 0.642690 0.353930
vt 0.682220 0.276290
vt 0.677010 0.306240
vt 0.626800 0.296190
vt 0.538570 0.640320
vt 0.533190 0.621420
vt 0.556800 0.622920
vt 0.332570 0.252520
vt 0.345130 0.241760
vt 0.317120 0.264230
vt 0.366100 0.255440
vt 0.355460 0.246090
vt 0.344520 0.258210
vt 0.547760 0.590290
vt 0.565760 0.604040
vt 0.542600 0.612030
vt 0.395700 0.249140
vt 0.566510 0.539400
vt 0.583310 0.542910
vt 0.583820 0.558980
vt 0.565320 0.515710
vt 0.565500 0.486280
vt 0.594630 0.496650
vt 0.587800 0.452190
vt 0.623000 0.462880
vt 0.590000 0.471860
vt 0.653550 0.434890
vt 0.632010 0.444180
vt 0.631730 0.397330
vt 0.642460 0.380430
vt 0.624430 0.412590
vt 0.642840 0.410420
vt 0.650790 0.414750
vt 0.661140 0.405880
vt 0.653450 0.398170
vt 0.670640 0.394800
vt 0.662730 0.420290
vt 0.641000 0.362780
vt 0.661080 0.374280
vt 0.661800 0.362250
vt 0.682770 0.367240
vt 0.682600 0.388990
vt 0.668910 0.391110
vt 0.682200 0.380750
vt 0.687360 0.342120
vt 0.686420 0.359670
vt 0.696430 0.352560
vt 0.701460 0.313310
vt 0.709420 0.291210
vt 0.551220 0.645370
vt 0.571390 0.633420
vt 0.572820 0.645310
vt 0.601970 0.667470
vt 0.587160 0.653260
vt 0.586340 0.643600
vt 0.596060 0.616230
vt 0.591100 0.628880
vt 0.579620 0.612820
vt 0.725250 0.327930
vt 0.735700 0.307770
vt 0.747210 0.340410
vt 0.590910 0.597450
vt 0.588950 0.570260
vt 0.592250 0.568370
vt 0.590880 0.556330
vt 0.601690 0.565310
vt 0.584640 0.582730
vt 0.567500 0.567050
vt 0.595790 0.580000
vt 0.598310 0.577380
vt 0.600100 0.586930
vt 0.598300 0.591710
vt 0.603010 0.584430
vt 0.604350 0.595080
vt 0.603600 0.609850
vt 0.611580 0.583250
vt 0.608470 0.574310
vt 0.616280 0.584080
vt 0.590730 0.548370
vt 0.612650 0.545370
vt 0.599950 0.524230
vt 0.623940 0.549150
vt 0.618590 0.556140
vt 0.615690 0.569090
vt 0.602050 0.556290
vt 0.621120 0.516520
vt 0.629060 0.528780
vt 0.641320 0.516030
vt 0.647640 0.529560
vt 0.616430 0.482350
vt 0.641120 0.491330
vt 0.632850 0.506300
vt 0.652620 0.474270
vt 0.664070 0.481320
vt 0.658080 0.495960
vt 0.649130 0.503370
vt 0.652780 0.509100
vt 0.641030 0.510340
vt 0.662990 0.500590
vt 0.653130 0.458680
vt 0.682220 0.451700
vt 0.665500 0.446250
vt 0.671390 0.441310
vt 0.663260 0.429100
vt 0.672410 0.426600
vt 0.672940 0.417100
vt 0.685160 0.424140
vt 0.684710 0.447740
vt 0.677500 0.436640
vt 0.695790 0.412540
vt 0.683160 0.429380
vt 0.688820 0.442430
vt 0.700160 0.426960
vt 0.693810 0.436340
vt 0.697390 0.372340
vt 0.683170 0.396330
vt 0.692810 0.383010
vt 0.692730 0.388510
vt 0.692860 0.394530
vt 0.706880 0.395410
vt 0.704530 0.402190
vt 0.710350 0.383200
vt 0.715670 0.346740
vt 0.695950 0.334240
vt 0.700760 0.367950
vt 0.707260 0.363160
vt 0.724960 0.372820
vt 0.720740 0.381850
vt 0.736010 0.358700
vt 0.596580 0.647380
vt 0.593110 0.643220
vt 0.574300 0.650410
vt 0.597300 0.637960
vt 0.611930 0.636900
vt 0.622640 0.618430
vt 0.613210 0.624840
vt 0.624340 0.628620
vt 0.613660 0.593030
vt 0.610510 0.600220
vt 0.631960 0.610030
vt 0.625020 0.593790
vt 0.636370 0.592120
vt 0.641170 0.602610
vt 0.640190 0.580090
vt 0.650030 0.584940
vt 0.623950 0.583550
vt 0.626670 0.556330
vt 0.637470 0.546670
vt 0.643350 0.560080
vt 0.655940 0.558960
vt 0.656400 0.568980
vt 0.652410 0.568910
vt 0.656040 0.577360
vt 0.659040 0.568840
vt 0.658200 0.560700
vt 0.663120 0.556750
vt 0.665410 0.565100
vt 0.663500 0.515580
vt 0.659520 0.527980
vt 0.653080 0.524310
vt 0.671470 0.522890
vt 0.655440 0.537880
vt 0.666200 0.529900
vt 0.657600 0.550620
vt 0.652930 0.550990
vt 0.667610 0.538940
vt 0.666500 0.548240
vt 0.665920 0.556730
vt 0.680360 0.540270
vt 0.671770 0.511040
vt 0.673360 0.492670
vt 0.696870 0.491180
vt 0.701380 0.499730
vt 0.698760 0.502750
vt 0.682520 0.504360
vt 0.686830 0.490000
vt 0.691370 0.454870
vt 0.683740 0.475450
vt 0.674260 0.467930
vt 0.685460 0.466190
vt 0.697570 0.451370
vt 0.693550 0.460180
vt 0.688850 0.458720
vt 0.695130 0.468030
vt 0.703600 0.457790
vt 0.699380 0.480040
vt 0.711030 0.465230
vt 0.708800 0.476660
vt 0.708740 0.488830
vt 0.716170 0.436730
vt 0.718490 0.422120
vt 0.705300 0.447230
vt 0.719130 0.456900
vt 0.710660 0.413780
vt 0.718090 0.395720
vt 0.719810 0.405050
vt 0.724130 0.419220
vt 0.724600 0.396920
vt 0.725350 0.403730
vt 0.728750 0.432740
vt 0.731320 0.416080
vt 0.738260 0.411800
vt 0.734420 0.428120
vt 0.730510 0.388080
vt 0.737250 0.381810
vt 0.737220 0.401440
vt 0.756850 0.373960
vt 0.759330 0.395270
vt 0.777970 0.336430
vt 0.783830 0.365080
vt 0.616150 0.681950
vt 0.620740 0.696280
vt 0.628620 0.685020
vt 0.633970 0.670320
vt 0.658250 0.683860
vt 0.651930 0.670340
vt 0.626400 0.646730
vt 0.610080 0.644370
vt 0.621410 0.639540
vt 0.646950 0.620600
vt 0.640720 0.639960
vt 0.631990 0.639520
vt 0.659950 0.643930
vt 0.652690 0.649950
vt 0.651480 0.642050
vt 0.657700 0.628820
vt 0.666510 0.636070
vt 0.650980 0.597690
vt 0.663020 0.603640
vt 0.654640 0.612360
vt 0.668320 0.600330
vt 0.668790 0.613790
vt 0.669630 0.594770
vt 0.677540 0.604360
vt 0.664180 0.621500
vt 0.671620 0.622690
vt 0.657290 0.586870
vt 0.660880 0.578500
vt 0.667090 0.564370
vt 0.669730 0.569740
vt 0.659070 0.585590
vt 0.661130 0.584550
vt 0.663350 0.587820
vt 0.668120 0.579220
vt 0.666530 0.585580
vt 0.670360 0.579150
vt 0.667210 0.570800
vt 0.665340 0.593930
vt 0.669960 0.585160
vt 0.670380 0.560260
vt 0.676750 0.567040
vt 0.684030 0.561730
vt 0.676280 0.557060
vt 0.707200 0.579840
vt 0.690590 0.593970
vt 0.673410 0.591920
vt 0.677460 0.585790
vt 0.677360 0.519900
vt 0.670790 0.549740
vt 0.688580 0.538580
vt 0.702910 0.550950
vt 0.708020 0.537690
vt 0.704710 0.493270
vt 0.713020 0.517510
vt 0.715540 0.524810
vt 0.701100 0.528870
vt 0.708280 0.508000
vt 0.708220 0.500150
vt 0.715720 0.496170
vt 0.728900 0.500020
vt 0.723370 0.510330
vt 0.717460 0.516810
vt 0.712970 0.511780
vt 0.719370 0.533530
vt 0.719000 0.524020
vt 0.722870 0.532520
vt 0.728610 0.520090
vt 0.712060 0.485850
vt 0.715500 0.478930
vt 0.720390 0.492800
vt 0.719680 0.485130
vt 0.727880 0.475390
vt 0.737540 0.491840
vt 0.730590 0.463840
vt 0.732030 0.448010
vt 0.773450 0.434360
vt 0.766000 0.456990
vt 0.750130 0.430340
vt 0.743860 0.445530
vt 0.743870 0.469390
vt 0.745450 0.396210
vt 0.746770 0.407230
vt 0.760100 0.416880
vt 0.779890 0.421910
vt 0.644280 0.656610
vt 0.673290 0.667000
vt 0.670930 0.677170
vt 0.662260 0.703380
vt 0.664290 0.691130
vt 0.678970 0.670980
vt 0.671270 0.644010
vt 0.663100 0.647410
vt 0.674550 0.654960
vt 0.660610 0.655820
vt 0.685210 0.656780
vt 0.679180 0.637640
vt 0.686150 0.613840
vt 0.702360 0.625610
vt 0.689350 0.637920
vt 0.717410 0.600960
vt 0.704150 0.598440
vt 0.701860 0.611520
vt 0.723120 0.578600
vt 0.716890 0.569520
vt 0.714800 0.556530
vt 0.725700 0.550660
vt 0.728560 0.560870
vt 0.728700 0.548890
vt 0.730640 0.567350
vt 0.734910 0.558640
vt 0.720450 0.543130
vt 0.724770 0.541590
vt 0.733460 0.533170
vt 0.744250 0.549190
vt 0.747980 0.515810
vt 0.757810 0.500250
vt 0.762280 0.475450
vt 0.787020 0.490300
vt 0.781910 0.462920
vt 0.795260 0.450680
vt 0.782860 0.392170
vt 0.808840 0.411770
vt 0.675790 0.679950
vt 0.689090 0.688790
vt 0.673780 0.699160
vt 0.694060 0.674790
vt 0.687410 0.707710
vt 0.687300 0.715950
vt 0.697660 0.661580
vt 0.710300 0.678090
vt 0.700590 0.690640
vt 0.717300 0.687960
vt 0.740010 0.645850
vt 0.723880 0.655700
vt 0.729840 0.639060
vt 0.707310 0.646560
vt 0.709080 0.659870
vt 0.699070 0.653900
vt 0.719610 0.646190
vt 0.716970 0.637310
vt 0.730520 0.613450
vt 0.711210 0.612000
vt 0.721820 0.633780
vt 0.714480 0.619400
vt 0.733930 0.628180
vt 0.742000 0.567760
vt 0.744500 0.594970
vt 0.759830 0.550340
vt 0.745130 0.530720
vt 0.780060 0.509820
vt 0.764210 0.529310
vt 0.804290 0.522840
vt 0.789180 0.541950
vt 0.805380 0.478620
vt 0.832970 0.465480
vt 0.829090 0.435500
vt 0.799800 0.436860
vt 0.695090 0.713650
vt 0.713000 0.712100
vt 0.704840 0.722830
vt 0.723030 0.709920
vt 0.719900 0.701980
vt 0.725620 0.727160
vt 0.721180 0.734320
vt 0.729770 0.716870
vt 0.727210 0.705450
vt 0.734410 0.702830
vt 0.734600 0.726150
vt 0.737910 0.740850
vt 0.726480 0.670810
vt 0.754860 0.671250
vt 0.741770 0.689120
vt 0.723550 0.698030
vt 0.723860 0.685370
vt 0.728950 0.693670
vt 0.740200 0.698190
vt 0.750410 0.625740
vt 0.767250 0.598260
vt 0.763770 0.620210
vt 0.783300 0.644720
vt 0.755640 0.644260
vt 0.785000 0.628390
vt 0.775070 0.561390
vt 0.800250 0.576060
vt 0.822970 0.544090
vt 0.810650 0.558930
vt 0.809770 0.511200
vt 0.836050 0.527900
vt 0.825030 0.489180
vt 0.851720 0.500380
vt 0.859310 0.475880
vt 0.853460 0.452640
vt 0.751020 0.726990
vt 0.741600 0.710770
vt 0.754890 0.717560
vt 0.744430 0.745160
vt 0.742810 0.735570
vt 0.755240 0.737170
vt 0.760400 0.736130
vt 0.764830 0.726890
vt 0.764650 0.745090
vt 0.752300 0.694310
vt 0.772900 0.685800
vt 0.768220 0.701980
vt 0.783120 0.712940
vt 0.767750 0.722050
vt 0.757450 0.708800
vt 0.789380 0.696880
vt 0.764330 0.666810
vt 0.890520 0.475320
vt 0.877550 0.482090
vt 0.883740 0.464400
vt 0.901890 0.493390
vt 0.876360 0.497500
vt 0.788200 0.669700
vt 0.782300 0.680980
vt 0.790530 0.684300
vt 0.817370 0.622640
vt 0.804560 0.651920
vt 0.845220 0.642220
vt 0.846440 0.604740
vt 0.830510 0.577740
vt 0.856350 0.545440
vt 0.846740 0.560920
vt 0.762290 0.762400
vt 0.768460 0.742710
vt 0.777030 0.753360
vt 0.777730 0.770390
vt 0.776080 0.734130
vt 0.777750 0.747840
vt 0.786800 0.743570
vt 0.792660 0.738160
vt 0.788710 0.749140
vt 0.770510 0.786290
vt 0.792470 0.774120
vt 0.784830 0.688850
vt 0.787160 0.686400
vt 0.801430 0.704740
vt 0.795390 0.723780
vt 0.777650 0.728210
vt 0.811580 0.708550
vt 0.796520 0.691840
vt 0.807130 0.697790
vt 0.809260 0.694170
vt 0.800330 0.687770
vt 0.818600 0.701540
vt 0.816750 0.703930
vt 0.865410 0.517150
vt 0.893810 0.525970
vt 0.807100 0.676620
vt 0.833950 0.663170
vt 0.866620 0.583440
vt 0.800850 0.746860
vt 0.822670 0.709920
vt 0.829990 0.715530
vt 0.814280 0.728960
vt 0.832380 0.712290
vt 0.838590 0.718130
vt 0.841560 0.740710
vt 0.834000 0.726420
vt 0.845600 0.729470
vt 0.824060 0.706760
vt 0.824460 0.701200
vt 0.816570 0.688110
vt 0.825620 0.688480
vt 0.839200 0.710270
vt 0.830020 0.697990
vt 0.842740 0.725190
vt 0.849640 0.715660
vt 0.858760 0.727890
vt 0.847760 0.728160
vt 0.854130 0.711000
vt 0.879250 0.557240
vt 0.907070 0.539460
vt 0.842290 0.701680
vt 0.830230 0.678350
vt 0.854850 0.681510
vt 0.869630 0.669340
vt 0.871610 0.629850
vt 0.928300 0.556700
vt 0.902350 0.568970
vt 0.918370 0.583680
vt 0.887640 0.606570
vt 0.838860 0.764270
vt 0.846870 0.759550
vt 0.854380 0.769940
vt 0.822630 0.770840
vt 0.850880 0.778610
vt 0.868900 0.772050
vt 0.863890 0.788340
vt 0.845240 0.755430
vt 0.833810 0.755240
vt 0.846320 0.748260
vt 0.851860 0.733560
vt 0.856000 0.732060
vt 0.852300 0.739910
vt 0.853100 0.746960
vt 0.853910 0.745490
vt 0.854360 0.746960
vt 0.857850 0.739970
vt 0.864730 0.738610
vt 0.852450 0.750330
vt 0.853350 0.756500
vt 0.857110 0.746480
vt 0.862370 0.758260
vt 0.857970 0.754860
vt 0.866610 0.749870
vt 0.857800 0.760230
vt 0.863610 0.767360
vt 0.871660 0.749860
vt 0.868350 0.760760
vt 0.864380 0.720890
vt 0.871420 0.733690
vt 0.934960 0.575120
vt 0.941480 0.593650
vt 0.871610 0.702450
vt 0.879770 0.696040
vt 0.884780 0.721610
vt 0.895500 0.669240
vt 0.901990 0.635480
vt 0.924690 0.646140
vt 0.924900 0.663750
vt 0.925060 0.626060
vt 0.917060 0.605860
vt 0.857300 0.804930
vt 0.846060 0.795110
vt 0.878440 0.796300
vt 0.879360 0.785580
vt 0.885120 0.775550
vt 0.889190 0.796640
vt 0.900000 0.769510
vt 0.880450 0.761540
vt 0.950550 0.657830
vt 0.886630 0.743840
vt 0.903320 0.741420
vt 0.926540 0.691610
vt 0.898160 0.710240
vt 0.879550 0.807570
vt 0.910030 0.792200
vt 0.943850 0.777720
vt 0.927590 0.743090
vt 0.951030 0.696720
vt 0.928590 0.711450
vt 0.948900 0.747310
vt 0.950550 0.719380
vt 0.937010 0.807720
vt 0.934190 0.677200
vt 0.945700 0.618360
vt 0.948270 0.640390
vt 0.950720 0.674140
vt 0.854930 0.756010
vt 0.853570 0.760490
vt 0.854880 0.739600
vt 0.856050 0.743970
vt 0.857920 0.750760
vt 0.855450 0.750840
vt 0.849300 0.734590
vt 0.844050 0.723070
vt 0.822190 0.819310
vt 0.919550 0.524330
vt 0.923110 0.535220
vt 0.786650 0.788330
vt 0.914730 0.512320
vt 0.747070 0.704060
vt 0.776620 0.682560
vt 0.757700 0.579420
vt 0.852980 0.420370
vt 0.708450 0.702690
vt 0.834510 0.394330
vt 0.813810 0.370150
vt 0.791390 0.347660
vt 0.704230 0.513980
vt 0.673840 0.578740
vt 0.671910 0.583410
vt 0.663550 0.595760
vt 0.659350 0.590400
vt 0.662410 0.596170
vt 0.661110 0.589200
vt 0.680510 0.461610
vt 0.647060 0.551870
vt 0.648370 0.541030
vt 0.630820 0.542900
vt 0.653410 0.558600
vt 0.639420 0.570020
vt 0.624070 0.569730
vt 0.605610 0.592000
vt 0.760620 0.323280
vt 0.669810 0.461520
vt 0.543670 0.256380
vt 0.401540 0.223880
vt 0.368620 0.215090
vt 0.602180 0.356250
vt 0.577490 0.236190
vt 0.348270 0.171380
vt 0.746270 0.930860
vt 0.768660 0.803110
vt 0.767040 0.802160
vt 0.753010 0.818050
vt 0.540960 0.868750
vt 0.524830 0.864290
vt 0.535720 0.849180
vt 0.621940 0.710280
vt 0.597610 0.744050
vt 0.586370 0.731690
vt 0.591410 0.735250
vt 0.563780 0.677080
vt 0.562160 0.666600
vt 0.522130 0.667430
vt 0.183400 0.979550
vt 0.456600 0.812820
vt 0.454930 0.833130
vt 0.448230 0.865270
vt 0.431080 0.851460
vt 0.190870 0.939870
vt 0.077280 0.876510
vt 0.211220 0.927500
vt 0.216780 0.920290
vt 0.087970 0.893130
vt 0.001470 0.859470
vt 0.034560 0.787460
vt 0.683320 0.187350
vt 0.343320 0.163340
vt 0.343300 0.155850
vt 0.340170 0.151090
vt 0.332080 0.143500
vt 0.334120 0.144690
vt 0.336910 0.143970
vt 0.336180 0.141810
vt 0.337930 0.141360
vt 0.334290 0.141700
vt 0.704640 0.193630
vt 0.329550 0.104550
vt 0.331130 0.103030
vt 0.587760 0.108740
vt 0.351570 0.058030
vt 0.328030 0.104330
vt 0.326440 0.100540
vt 0.526840 0.049560
vt 0.489540 0.045630
vt 0.477780 0.042000
vt 0.495910 0.047250
vt 0.920200 0.238740
vt 0.919570 0.258300
vt 0.932360 0.244180
vt 0.426570 0.042490
vt 0.414490 0.036420
vt 0.396930 0.018350
vt 0.401920 0.021630
vt 0.666270 0.089360
vt 0.607690 0.079520
vt 0.891240 0.270270
vt 0.869180 0.267240
vt 0.955790 0.272580
vt 0.655360 0.060150
vt 0.820290 0.198210
vt 0.368950 0.007670
vt 0.011260 0.138290
vt 0.870200 0.218790
vt 0.015310 0.099130
vt 0.863640 0.307590
vt 0.009890 0.175790
vt 0.049220 0.128380
vt 0.938490 0.337990
vt 0.924590 0.345990
vt 0.954600 0.359190
vt 0.818720 0.080450
vt 0.820720 0.072190
vt 0.830310 0.358480
vt 0.061440 0.188080
vt 0.065890 0.187460
vt 0.069770 0.154120
vt 0.914170 0.384340
vt 0.912700 0.387020
vt 0.826820 0.057700
vt 0.087140 0.219080
vt 0.089380 0.224460
vt 0.103560 0.218250
vt 0.909340 0.389030
vt 0.102800 0.211020
vt 0.118780 0.230360
vt 0.099520 0.175260
vt 0.123380 0.198170
vt 0.880520 0.043320
vt 0.141650 0.220280
vt 0.140180 0.223010
vt 0.958710 0.138280
vt 0.971010 0.120200
vt 0.209810 0.290670
vt 0.188160 0.288940
vt 0.191900 0.279610
vt 0.194280 0.282140
vt 0.163880 0.253690
vt 0.153820 0.233090
vt 0.207050 0.278340
vt 0.384160 0.594790
vt 0.376270 0.570210
vt 0.360200 0.481620
vt 0.411890 0.701940
vt 0.367130 0.603690
vt 0.365850 0.597090
vt 0.370320 0.599490
vt 0.368020 0.601250
vt 0.362730 0.594590
vt 0.420920 0.693170
vt 0.435600 0.678490
vt 0.448750 0.663160
vt 0.446010 0.637980
vt 0.458850 0.647560
vt 0.455510 0.414670
vt 0.166550 0.833030
vt 0.309750 0.109750
vt 0.288840 0.784520
vt 0.312190 0.087100
vt 0.200530 0.749080
vt 0.258330 0.037910
vt 0.263620 0.015830
vt 0.199670 0.725590
vt 0.017540 0.094960
vt 0.032170 0.077730
vt 0.278430 0.001680
vt 0.054370 0.646360
vt 0.048160 0.663170
vt 0.060280 0.630340
vt 0.084950 0.025170
vt 0.261420 0.685560
vt 0.257260 0.672850
vt 0.238710 0.645200
vt 0.246700 0.639880
vt 0.230230 0.653420
vt 0.228380 0.647800
vt 0.206710 0.626580
vt 0.223250 0.632780
vt 0.203290 0.619120
vt 0.226460 0.627700
vt 0.286120 0.628720
vt 0.256020 0.602590
vt 0.265020 0.605570
vt 0.218270 0.595350
vt 0.223380 0.597790
vt 0.209530 0.312840
vt 0.217350 0.316000
vt 0.204330 0.603570
vt 0.334840 0.323140
vt 0.179390 0.004910
vt 0.061370 0.379990
vt 0.124410 0.334250
vt 0.121510 0.360720
vt 0.121440 0.362550
vt 0.123980 0.364270
vt 0.121920 0.363780
vt 0.125680 0.364100
vt 0.144740 0.446400
vt 0.236410 0.514390
vt 0.426620 0.302270
vt 0.117720 0.363320
vt 0.184830 0.287910
vt 0.921980 0.393080
vt 0.917580 0.389020
vt 0.914470 0.387090
vt 0.338540 0.146670
vt 0.336580 0.146880
vt 0.346960 0.166980
vt 0.089990 0.229050
vt 0.192110 0.274140
vt 0.306300 0.423550
vt 0.266570 0.608830
vt 0.291030 0.635280
vt 0.092930 0.286550
vt 0.030970 0.064040
vt 0.203690 0.298800
vt 0.918450 0.001550
vt 0.117520 0.139460
vt 0.061250 0.211910
vt 0.862840 0.320110
vt 0.882680 0.253740
vt 0.468860 0.050030
vt 0.872350 0.445370
vt 0.715950 0.482350
vt 0.393130 0.266470
vt 0.656240 0.980640
vt 0.994210 0.281260
vt 0.021240 0.196070
vt 0.825360 0.007580
vt 0.992820 0.077800
vt 0.350580 0.604460
vt 0.367850 0.763810
vt 0.306150 0.658720
vt 0.130030 0.573530
vt 0.195000 0.306590
vt 0.121540 0.547900
s 1
f 2331/1/1 2333/2/2 10/3/3
f 2334/4/4 2327/5/5 2325/6/6
f 2328/7/7 2323/8/8 2326/9/9
f 2329/10/10 9/11/11 2323/8/8
f 2323/8/8 9/11/11 13/12/12
f 2329/10/10 2330/13/13 9/11/11
f 2333/2/2 2334/14/4 10/3/3
f 2322/15/14 2332/16/15 2318/17/16
f 11/18/17 10/3/3 2321/19/18
f 2321/20/18 2325/6/6 2324/21/19
f 2324/21/19 2323/8/8 12/22/20
f 14/23/21 13/12/12 2314/24/22
f 15/25/23 2311/26/24 2336/27/25
f 2319/28/26 2322/15/14 2317/29/27
f 2316/30/28 11/18/17 16/31/29
f 11/18/17 2316/30/28 2317/29/27
f 13/12/12 14/23/21 12/22/20
f 14/23/21 19/32/30 2315/33/31
f 2315/33/31 17/34/32 18/35/33
f 14/23/21 2314/24/22 19/32/30
f 2314/24/22 2312/36/34 19/32/30
f 2338/37/35 2337/38/36 20/39/37
f 2311/26/24 15/25/23 2319/28/26
f 2317/29/27 2309/40/38 2319/28/26
f 17/41/32 24/42/39 16/31/29
f 24/42/39 23/43/40 2316/30/28
f 2315/33/31 2307/44/41 2308/45/42
f 2306/46/43 2307/44/41 19/32/30
f 24/42/39 17/41/32 2308/47/42
f 2298/48/44 2308/45/42 2297/49/45
f 2312/36/34 2305/50/46 2306/46/43
f 2306/46/43 2296/51/47 2307/44/41
f 238/52/48 2043/53/49 2033/54/50
f 2304/55/51 2305/50/46 2313/56/52
f 2303/57/53 25/58/54 2340/59/55
f 25/58/54 2303/57/53 20/39/37
f 29/60/56 25/58/54 2505/61/57
f 2292/62/58 29/60/56 26/63/59
f 2302/64/60 26/63/59 2505/61/57
f 2505/61/57 20/39/37 21/65/61
f 2310/66/62 2301/67/63 21/65/61
f 2301/67/63 2310/66/62 27/68/64
f 27/68/64 2309/40/38 2300/69/65
f 24/42/39 2298/70/44 40/71/66
f 2299/72/67 23/43/40 40/71/66
f 2296/73/47 2295/74/68 2297/75/45
f 2278/76/69 2279/77/70 2298/78/44
f 2305/79/46 2304/80/51 2294/81/71
f 2295/74/68 2294/81/71 2275/82/72
f 28/83/73 2342/84/74 2293/85/75
f 2293/85/75 2341/86/76 2340/59/55
f 26/63/59 2302/64/60 30/87/77
f 31/88/78 30/87/77 2302/64/60
f 27/68/64 2288/89/79 31/88/78
f 2288/89/79 2290/90/80 31/88/78
f 2290/90/80 2289/91/81 32/92/82
f 33/93/83 43/94/84 2269/95/85
f 2291/96/86 2267/97/87 47/98/88
f 2257/99/89 2285/100/90 2284/101/91
f 2257/99/89 2280/102/92 2242/103/93
f 2283/104/94 2287/105/95 2300/69/65
f 40/71/66 37/106/96 36/107/97
f 2283/104/94 36/107/97 2282/108/98
f 2287/105/95 2283/104/94 38/109/99
f 2280/102/92 2284/101/91 39/110/100
f 38/109/99 2282/108/98 2281/111/101
f 2279/77/70 2278/76/69 2578/112/102
f 2278/76/69 2276/113/103 2578/112/102
f 78/114/104 40/71/66 2279/115/70
f 2275/82/72 2276/113/103 2295/74/68
f 81/116/105 2276/113/103 2231/117/106
f 275/118/107 2274/119/108 2565/120/109
f 2274/119/108 2231/117/106 2275/82/72
f 28/83/73 2273/121/110 2343/122/111
f 29/60/56 2292/62/58 2272/123/112
f 2227/124/113 84/125/114 2272/123/112
f 30/87/77 41/126/115 2292/62/58
f 2271/127/116 41/126/115 2269/95/85
f 2271/127/116 2269/95/85 43/94/84
f 32/92/82 42/128/117 2516/129/118
f 2270/130/119 44/131/120 2516/129/118
f 44/131/120 2270/130/119 50/132/121
f 2221/133/122 2229/134/123 45/135/124
f 2268/136/125 46/137/126 44/131/120
f 2289/91/81 47/98/88 2270/130/119
f 2265/138/127 48/139/128 2249/140/129
f 64/141/130 48/139/128 2266/142/131
f 2265/138/127 47/98/88 2267/97/87
f 50/132/121 2270/130/119 47/98/88
f 2265/138/127 49/143/132 47/98/88
f 49/143/132 2263/144/133 50/132/121
f 2264/145/134 52/146/135 51/147/136
f 2249/140/129 70/148/137 51/147/136
f 55/149/138 2262/150/139 2261/151/140
f 72/152/141 53/153/142 2244/154/143
f 52/146/135 55/149/138 54/155/144
f 54/155/144 93/156/145 2263/144/133
f 2259/157/146 62/158/147 2258/159/148
f 1/160/149 2259/157/146 2258/159/148
f 2256/161/150 60/162/151 2511/163/152
f 60/162/151 2266/142/131 38/109/99
f 2256/161/150 64/141/130 60/162/151
f 2281/111/101 35/164/153 60/162/151
f 61/165/154 62/158/147 2255/166/155
f 2259/157/146 63/167/156 2255/166/155
f 61/165/154 2255/166/155 2252/168/157
f 63/167/156 2251/169/158 2254/170/159
f 2251/169/158 2250/171/160 2247/172/161
f 2520/173/162 68/174/163 70/148/137
f 2256/161/150 61/165/154 2248/175/164
f 2245/176/165 65/177/166 67/178/167
f 67/178/167 2252/168/157 66/179/168
f 2251/169/158 2247/172/161 66/179/168
f 2245/176/165 71/180/169 65/177/166
f 69/181/170 71/180/169 2244/154/143
f 72/152/141 2245/176/165 73/182/171
f 57/183/172 2243/184/173 2211/185/174
f 39/110/100 74/186/175 2280/102/92
f 2242/103/93 74/186/175 2480/187/176
f 2234/188/177 2241/189/178 2480/187/176
f 2246/190/179 2240/191/180 67/178/167
f 2245/176/165 2240/191/180 2239/192/181
f 2240/191/180 2246/190/179 76/193/182
f 77/194/183 2237/195/184 2241/189/178
f 2238/196/185 76/193/182 2236/197/186
f 2237/195/184 2208/198/187 2236/197/186
f 2234/188/177 74/186/175 37/106/96
f 80/199/188 77/194/183 2234/188/177
f 2233/200/189 80/199/188 78/114/104
f 2198/201/190 79/202/191 2232/203/192
f 2274/119/108 83/204/193 2231/117/106
f 362/205/194 107/206/195 83/204/193
f 2273/121/110 2272/123/112 84/125/114
f 41/126/115 2271/127/116 2228/207/196
f 2227/208/113 2192/209/197 2194/210/198
f 2228/211/196 2226/212/199 2224/213/200
f 2228/211/196 2224/213/200 2227/208/113
f 46/137/126 2260/214/201 94/215/202
f 2220/216/203 87/217/204 45/135/124
f 45/135/124 87/217/204 2221/133/122
f 2218/218/205 88/219/206 2220/220/203
f 85/221/207 2221/133/122 2219/222/208
f 89/223/209 92/224/210 2219/225/208
f 86/226/211 87/227/204 2186/228/212
f 2218/218/205 2217/229/213 88/219/206
f 89/223/209 86/226/211 2596/230/214
f 93/156/145 54/155/144 2216/231/215
f 2263/144/133 2260/214/201 46/137/126
f 2216/231/215 56/232/216 2450/233/217
f 2261/151/140 2211/185/174 2450/233/217
f 2215/234/218 2213/235/219 2560/236/220
f 2214/237/221 94/215/202 2260/214/201
f 95/238/222 2212/239/223 2213/240/219
f 2218/218/205 2212/239/223 2217/229/213
f 95/238/222 98/241/224 2168/242/225
f 96/243/226 2215/234/218 2592/244/227
f 2592/244/227 2243/184/173 101/245/228
f 101/245/228 97/246/229 96/243/226
f 2215/234/218 96/243/226 2210/247/230
f 98/241/224 2210/248/230 99/249/231
f 2460/250/232 97/246/229 2209/251/233
f 2238/196/185 2206/252/234 2235/253/235
f 2207/254/236 2204/255/237 2236/197/186
f 2206/252/234 2238/196/185 2204/255/237
f 2206/252/234 2202/256/238 97/246/229
f 2204/255/237 104/257/239 2202/256/238
f 2205/258/240 2203/259/241 102/260/242
f 104/257/239 2204/255/237 103/261/243
f 130/262/244 129/263/245 104/257/239
f 2202/256/238 104/257/239 2209/251/233
f 2200/264/246 100/265/247 80/199/188
f 2199/266/248 2200/264/246 2233/200/189
f 2198/267/190 2199/266/248 79/268/191
f 2201/269/249 2205/258/240 2200/264/246
f 81/116/105 82/270/250 2232/203/192
f 2197/271/251 106/272/252 82/270/250
f 2156/273/253 2197/271/251 2196/274/254
f 2196/274/254 107/206/195 2155/275/255
f 2195/276/256 108/277/257 2535/278/258
f 2346/279/259 2345/280/260 2535/281/258
f 2347/282/261 2346/283/259 108/277/257
f 84/284/114 2194/210/198 2195/276/256
f 2535/281/258 2345/280/260 2230/285/262
f 2192/209/197 2190/286/263 2187/287/264
f 2193/288/265 2584/289/266 109/290/267
f 138/291/268 136/292/269 2153/293/270
f 91/294/271 113/295/272 2222/296/273
f 2191/297/274 2190/286/263 2224/213/200
f 2188/298/275 110/299/276 2190/286/263
f 2183/300/277 113/295/272 92/224/210
f 92/224/210 89/223/209 2183/300/277
f 2184/301/278 90/302/279 2182/303/280
f 2185/304/281 2181/305/282 2186/228/212
f 116/306/283 2181/305/282 2185/304/281
f 2217/229/213 111/307/284 2185/304/281
f 117/308/285 2184/301/278 2182/303/280
f 2184/301/278 117/308/285 112/309/286
f 2179/310/287 2181/305/282 118/311/288
f 2177/312/289 2183/300/277 112/309/286
f 2173/313/290 2174/314/291 2179/310/287
f 2173/313/290 2179/310/287 121/315/292
f 118/311/288 116/306/283 119/316/293
f 120/317/294 125/318/295 2504/319/296
f 2172/320/297 120/317/294 2174/314/291
f 2173/313/290 121/315/292 2171/321/298
f 114/322/299 2175/323/300 117/308/285
f 122/324/301 2177/312/289 2504/319/296
f 121/315/292 118/311/288 119/316/293
f 120/317/294 2172/320/297 124/325/302
f 140/326/303 2150/327/304 2171/321/298
f 131/328/305 2521/329/306 129/330/245
f 2165/331/307 2167/332/308 131/328/305
f 126/333/309 2168/242/225 127/334/310
f 2166/335/311 127/334/310 2167/332/308
f 2164/336/312 2169/337/313 2166/335/311
f 128/338/314 2164/336/312 2165/331/307
f 149/339/315 128/338/314 131/328/305
f 103/261/243 105/340/316 130/262/244
f 2519/341/317 105/340/316 2201/269/249
f 131/328/305 129/330/245 130/342/244
f 2161/343/318 130/342/244 2163/344/319
f 2161/343/318 2163/344/319 156/345/320
f 2161/343/318 2136/346/321 149/339/315
f 132/347/322 2160/348/323 2162/349/324
f 2162/350/324 2159/351/325 156/345/320
f 106/352/252 2157/353/326 2160/348/323
f 2157/353/326 106/352/252 2158/354/327
f 2156/273/253 2154/355/328 133/356/329
f 2155/275/255 2154/355/328 2196/274/254
f 2131/357/330 2154/355/328 1846/358/331
f 134/359/332 2348/360/333 108/277/257
f 134/359/332 108/277/257 109/290/267
f 109/290/267 135/361/334 134/359/332
f 160/362/335 2130/363/336 135/361/334
f 109/290/267 2195/276/256 2193/288/265
f 136/292/269 161/364/337 2584/289/266
f 2187/287/264 110/299/276 2152/365/338
f 110/299/276 137/366/339 2152/365/338
f 2151/367/340 142/368/341 124/325/302
f 2148/369/342 2149/370/343 140/326/303
f 2147/371/344 148/372/345 139/373/346
f 143/374/347 2146/375/348 142/368/341
f 143/374/347 2149/370/343 2146/375/348
f 2148/369/342 144/376/349 2149/370/343
f 144/376/349 145/377/350 2147/371/344
f 144/376/349 2148/369/342 2491/378/351
f 148/372/345 2147/371/344 146/379/352
f 2144/380/353 2145/381/354 147/382/355
f 145/377/350 2144/380/353 146/379/352
f 147/382/355 2126/383/356 2144/380/353
f 2139/384/357 2121/385/358 147/382/355
f 151/386/359 150/387/360 2169/337/313
f 2169/337/313 2164/336/312 2143/388/361
f 2141/389/362 153/390/363 2143/388/361
f 152/391/364 2148/369/342 150/387/360
f 152/391/364 153/390/363 154/392/365
f 154/392/365 153/390/363 2137/393/366
f 2137/393/366 2141/389/362 2138/394/367
f 2120/395/368 2121/385/358 154/392/365
f 2133/396/369 2136/346/321 156/345/320
f 2135/397/370 2136/346/321 2134/398/371
f 2135/397/370 2134/398/371 2492/399/372
f 2118/400/373 155/401/374 2492/399/372
f 157/402/375 175/403/376 2159/351/325
f 2159/404/325 2160/348/323 157/405/375
f 2132/406/377 133/356/329 158/407/378
f 159/408/379 2113/409/380 172/410/381
f 2130/363/336 160/362/335 2112/411/382
f 161/364/337 2128/412/383 2129/413/384
f 2584/289/266 161/364/337 135/361/334
f 162/414/385 161/364/337 136/292/269
f 162/414/385 2128/412/383 161/364/337
f 146/379/352 164/415/386 2123/416/387
f 2126/383/356 2121/385/358 2124/417/388
f 164/415/386 163/418/389 2125/419/390
f 2124/417/388 165/420/391 2126/383/356
f 2152/365/338 148/372/345 2123/416/387
f 168/421/392 2122/422/393 2124/417/388
f 2125/419/390 166/423/394 164/415/386
f 165/420/391 2122/422/393 2125/419/390
f 166/423/394 2106/424/395 2127/425/396
f 2137/393/366 2138/394/367 2118/400/373
f 168/421/392 167/426/397 169/427/398
f 2119/428/399 170/429/400 167/426/397
f 168/421/392 169/427/398 2122/422/393
f 169/427/398 170/429/400 184/430/401
f 2117/431/402 2119/428/399 2118/400/373
f 2113/409/380 1763/432/403 172/410/381
f 2116/433/404 173/434/405 172/410/381
f 2132/435/377 157/405/375 2157/353/326
f 176/436/406 2115/437/407 171/438/408
f 177/439/409 2114/440/410 2512/441/411
f 2512/441/411 176/436/406 175/403/376
f 157/402/375 2132/442/377 177/439/409
f 197/443/412 176/436/406 2512/441/411
f 172/410/381 174/444/413 178/445/414
f 179/446/415 180/447/416 2352/448/417
f 2110/449/418 180/447/416 179/446/415
f 2111/450/419 2089/451/420 2110/449/418
f 162/414/385 2109/452/421 2128/412/383
f 2111/450/419 2129/413/384 2128/412/383
f 2109/452/421 2107/453/422 181/454/423
f 2127/425/396 2106/424/395 2108/455/424
f 185/456/425 2105/457/426 184/430/401
f 187/458/427 2104/459/428 2105/457/426
f 2105/457/426 185/456/425 187/458/427
f 2103/460/429 2117/431/402 171/438/408
f 185/456/425 2119/428/399 2103/460/429
f 2115/437/407 176/436/406 2094/461/430
f 2101/462/431 2099/463/432 173/434/405
f 2101/462/431 2100/464/433 2099/463/432
f 2097/465/434 188/466/435 2099/463/432
f 189/467/436 2098/468/437 188/466/435
f 192/469/438 2096/470/439 2097/465/434
f 188/466/435 190/471/440 189/467/436
f 195/472/441 191/473/442 194/474/443
f 193/475/444 2080/476/445 204/477/446
f 197/443/412 2094/461/430 176/436/406
f 178/445/414 200/478/447 2093/479/448
f 2070/480/449 2092/481/450 2579/482/451
f 197/443/412 198/483/452 199/484/453
f 199/485/453 2579/482/451 2092/481/450
f 2098/468/437 189/467/436 200/478/447
f 200/478/447 191/473/442 195/472/441
f 1724/486/454 2091/487/455 2571/488/456
f 196/489/457 192/469/438 2571/488/456
f 2353/490/458 2352/448/417 180/447/416
f 2089/451/420 214/491/459 2090/492/460
f 215/493/461 214/491/459 2088/494/462
f 216/495/463 201/496/464 2107/453/422
f 183/497/465 2087/498/466 216/495/463
f 2086/499/467 2084/500/468 2087/498/466
f 2084/500/468 2086/499/467 2104/459/428
f 2085/501/469 2083/502/470 2082/503/471
f 2103/460/429 2102/504/472 2083/502/470
f 2062/505/473 2063/506/474 202/507/475
f 2078/508/476 2079/509/477 195/472/441
f 206/510/478 2080/476/445 207/511/479
f 207/511/479 213/512/480 208/513/481
f 2070/480/449 2079/509/477 2467/514/482
f 1703/515/483 208/513/481 1702/516/484
f 2075/517/485 2074/518/486 2/519/487
f 2075/517/485 2/519/487 1703/515/483
f 2467/514/482 2079/509/477 2077/520/488
f 2077/520/488 2076/521/489 2467/514/482
f 2074/518/486 209/522/490 2073/523/491
f 2073/523/491 211/524/492 2074/518/486
f 203/525/493 2071/526/494 2081/527/495
f 199/485/453 2092/481/450 212/528/496
f 2069/529/497 2091/487/455 558/530/498
f 205/531/499 2069/529/497 213/512/480
f 2068/532/500 2354/533/501 2353/490/458
f 214/491/459 215/493/461 2067/534/502
f 216/495/463 220/535/503 2066/536/504
f 2065/537/505 221/538/506 220/535/503
f 2082/503/471 2064/539/507 2065/537/505
f 202/507/475 2063/506/474 2082/503/471
f 2064/539/507 2063/506/474 222/540/508
f 2063/506/474 2062/505/473 2057/541/509
f 211/524/492 2073/523/491 580/542/510
f 218/543/511 1671/544/512 1666/545/513
f 212/546/496 2071/526/494 199/484/453
f 212/546/496 2061/547/514 2081/527/495
f 2061/548/514 2072/549/515 218/543/511
f 2059/550/516 2355/551/517 2354/533/501
f 2059/550/516 2068/532/500 2067/534/502
f 2355/551/517 2059/550/516 2356/552/518
f 2066/536/504 219/553/519 215/493/461
f 2056/554/520 222/540/508 2057/541/509
f 2056/554/520 224/555/521 2055/556/522
f 647/557/523 223/558/524 2056/554/520
f 224/555/521 2057/541/509 2062/505/473
f 225/559/525 1598/560/526 226/561/527
f 217/562/528 2054/563/529 224/555/521
f 2054/563/529 217/562/528 226/561/527
f 217/562/528 2061/547/514 227/564/530
f 1593/565/531 225/559/525 655/566/532
f 2053/567/533 227/568/530 218/543/511
f 620/569/534 656/570/535 2053/567/533
f 229/571/536 228/572/537 2357/573/538
f 2358/574/539 230/575/540 2359/576/541
f 229/571/536 2052/577/542 2049/578/543
f 2052/577/542 229/571/536 2359/576/541
f 2358/574/539 2360/579/544 230/575/540
f 231/580/545 2360/579/544 2051/581/546
f 2361/582/547 2362/583/548 2051/581/546
f 2362/583/548 2363/584/549 2050/585/550
f 2048/586/551 234/587/552 2049/578/543
f 2051/581/546 2047/588/553 231/580/545
f 2050/585/550 232/589/554 2051/581/546
f 2363/584/549 2364/590/555 233/591/556
f 2363/584/549 233/591/556 2050/585/550
f 2045/592/557 2046/593/558 2365/594/559
f 2366/595/560 2367/596/561 2534/597/562
f 234/587/552 238/52/48 2313/56/52
f 2573/598/563 2044/599/564 234/587/552
f 2047/588/553 232/589/554 2040/600/565
f 233/591/556 2046/593/558 2038/601/566
f 2045/592/557 235/602/567 2038/601/566
f 237/603/568 2037/604/569 235/602/567
f 237/603/568 2036/605/570 2037/604/569
f 2573/598/563 2041/606/571 2044/599/564
f 2040/600/565 2042/607/572 239/608/573
f 243/609/574 232/589/554 242/610/575
f 242/610/575 2038/601/566 2039/611/576
f 246/612/577 243/609/574 2031/613/578
f 243/609/574 242/610/575 2039/611/576
f 2025/614/579 2029/615/580 2548/616/581
f 2034/617/582 2304/55/51 238/52/48
f 2043/53/49 2041/606/571 2033/54/50
f 2042/607/572 240/618/583 245/619/584
f 246/612/577 247/620/585 241/621/586
f 2025/614/579 247/620/585 2029/615/580
f 2032/622/587 249/623/588 2031/613/578
f 246/612/577 2031/613/578 2029/615/580
f 251/624/589 249/623/588 2030/625/590
f 250/626/591 249/623/588 2028/627/592
f 250/626/591 2028/627/592 2548/616/581
f 252/628/593 251/624/589 256/629/594
f 235/602/567 2037/604/569 2027/630/595
f 2030/625/590 254/631/596 2026/632/597
f 2026/632/597 254/631/596 255/633/598
f 258/634/599 2027/630/595 2037/604/569
f 257/635/600 2026/632/597 282/636/601
f 2010/637/602 282/636/601 255/633/598
f 2027/630/595 258/634/599 2012/638/603
f 259/639/604 2037/604/569 244/640/605
f 2025/614/579 2017/641/606 260/642/607
f 2015/643/608 279/644/609 2016/645/610
f 262/646/611 2024/647/612 263/648/613
f 2024/647/612 265/649/614 2015/643/608
f 266/650/615 267/651/616 265/649/614
f 274/652/617 2372/653/618 2373/654/619
f 2565/120/109 2304/80/51 2034/655/582
f 2033/54/50 245/619/584 2020/656/620
f 2034/655/582 2021/657/621 275/118/107
f 2020/656/620 245/619/584 248/658/622
f 1989/659/623 2019/660/624 281/661/625
f 2019/662/624 2020/656/620 276/663/626
f 1989/659/623 305/664/627 2446/665/628
f 278/666/629 277/667/630 2483/668/631
f 277/667/630 279/644/609 253/669/632
f 280/670/633 2011/671/634 262/646/611
f 279/644/609 277/667/630 2016/645/610
f 263/648/613 2016/645/610 278/666/629
f 2017/641/606 279/644/609 2014/672/635
f 2014/673/635 2013/674/636 260/675/607
f 2015/643/608 265/649/614 2022/676/637
f 2022/677/637 267/678/616 1993/679/638
f 282/636/601 268/680/639 257/635/600
f 270/681/640 268/680/639 282/636/601
f 2010/637/602 2012/638/603 2008/682/641
f 2008/682/641 284/683/642 2009/684/643
f 2007/685/644 2005/686/645 286/687/646
f 2008/682/641 283/688/647 284/683/642
f 2563/689/648 285/690/649 271/691/650
f 285/690/649 2563/689/648 2007/685/644
f 2005/686/645 2003/692/651 286/687/646
f 2005/686/645 2007/685/644 284/683/642
f 266/650/615 286/687/646 267/651/616
f 2564/693/652 2003/692/651 2006/694/653
f 1994/695/654 267/678/616 287/696/655
f 2004/697/656 288/698/657 287/696/655
f 2012/638/603 258/634/599 283/688/647
f 2001/699/658 2000/700/659 259/639/604
f 289/701/660 244/640/605 2035/702/661
f 289/701/660 2001/699/658 244/640/605
f 294/703/662 293/704/663 325/705/664
f 290/706/665 1999/707/666 291/708/667
f 297/709/668 1998/710/669 1999/707/666
f 307/711/670 292/712/671 1998/710/669
f 291/708/667 1995/713/672 1997/714/673
f 293/704/663 1997/714/673 1995/713/672
f 1995/713/672 1967/715/674 330/716/675
f 1967/715/674 1995/713/672 291/708/667
f 295/717/676 281/661/625 2013/674/636
f 298/718/677 1991/719/678 299/720/679
f 298/718/677 299/720/679 1979/721/680
f 2374/722/681 300/723/682 274/724/617
f 1990/725/683 275/118/107 301/726/684
f 2021/657/621 2020/727/620 302/728/685
f 308/729/686 1961/730/687 303/731/688
f 335/732/689 336/733/690 2508/734/691
f 305/664/627 295/717/676 1999/707/666
f 2446/665/628 305/664/627 306/735/692
f 303/731/688 304/736/693 2446/665/628
f 1996/737/694 1988/738/695 290/706/665
f 311/739/696 307/711/670 1998/710/669
f 307/711/670 311/739/696 309/740/697
f 1987/741/698 294/703/662 325/705/664
f 1984/742/699 1959/743/700 1960/744/701
f 2014/673/635 2022/677/637 2013/674/636
f 295/717/676 296/745/702 297/709/668
f 1982/746/703 296/745/702 1983/747/704
f 1986/748/705 311/739/696 1958/749/706
f 288/698/657 314/750/707 1991/751/678
f 1978/752/708 314/753/707 2002/754/709
f 1991/719/678 314/753/707 299/720/679
f 317/755/710 316/756/711 1980/757/712
f 1980/757/712 316/756/711 1983/747/704
f 317/758/710 1979/721/680 318/759/713
f 1976/760/714 315/761/715 1978/752/708
f 317/755/710 319/762/716 316/756/711
f 317/758/710 318/759/713 319/763/716
f 322/764/717 320/765/718 321/766/719
f 320/765/718 322/764/717 1978/752/708
f 1976/760/714 322/764/717 2572/767/720
f 300/723/682 323/768/721 274/724/617
f 2001/769/658 289/770/660 324/771/722
f 321/766/719 2000/772/659 2001/769/658
f 1973/773/723 1975/774/724 332/775/725
f 325/705/664 1975/774/724 1974/776/726
f 332/775/725 1964/777/727 326/778/728
f 327/779/729 1972/780/730 333/781/731
f 326/778/728 1972/780/730 328/782/732
f 1970/783/733 1971/784/734 1973/773/723
f 1972/780/730 327/779/729 1969/785/735
f 328/782/732 1969/785/735 1934/786/736
f 1985/787/737 1957/788/738 1967/715/674
f 1975/774/724 293/704/663 330/716/675
f 1964/777/727 332/775/725 331/789/739
f 1957/788/738 1966/790/740 1967/715/674
f 1966/790/740 333/781/731 1964/777/727
f 342/791/741 333/781/731 1965/792/742
f 334/793/743 1939/794/744 300/723/682
f 1939/794/744 334/793/743 2540/795/745
f 362/205/194 83/204/193 1962/796/746
f 1990/725/683 301/726/684 1963/797/747
f 335/732/689 1974/776/726 336/733/690
f 1971/784/734 2487/798/748 336/733/690
f 364/799/749 1968/800/750 1952/801/751
f 1956/802/752 1957/788/738 1960/744/701
f 1959/743/700 1984/742/699 337/803/753
f 1958/749/706 1954/804/754 337/803/753
f 1953/805/755 342/791/741 1965/792/742
f 341/806/756 339/807/757 1955/808/758
f 342/791/741 1953/805/755 2493/809/759
f 1955/808/758 344/810/760 341/806/756
f 1954/804/754 347/811/761 345/812/762
f 1951/813/763 343/814/764 346/815/765
f 365/816/766 364/799/749 1951/813/763
f 1981/817/767 1949/818/768 1954/804/754
f 1949/818/768 1981/817/767 312/819/769
f 1954/804/754 1958/749/706 1981/817/767
f 1947/820/770 348/821/771 2572/767/720
f 1949/818/768 312/819/769 319/762/716
f 1948/822/772 1946/823/773 1977/824/774
f 1945/825/775 1948/822/772 1944/826/776
f 1945/825/775 1944/826/776 350/827/777
f 1945/825/775 350/827/777 1943/828/778
f 352/829/779 351/830/780 350/827/777
f 1949/831/768 1884/832/781 1882/833/782
f 349/834/783 322/764/717 1940/835/784
f 1940/835/784 322/764/717 1941/836/785
f 353/837/786 1941/836/785 321/766/719
f 354/838/787 1922/839/788 2487/798/748
f 354/838/787 1935/840/789 1932/841/790
f 415/842/791 1855/843/792 363/844/793
f 1858/845/794 1937/846/795 1938/847/796
f 1970/783/733 1936/848/797 1935/840/789
f 1934/786/736 1933/849/798 1936/848/797
f 1934/786/736 355/850/799 357/851/800
f 1932/841/790 356/852/801 1933/849/798
f 358/853/802 1929/854/803 1930/855/804
f 1928/856/805 357/851/800 1927/857/806
f 1927/857/806 357/851/800 355/850/799
f 1927/857/806 359/858/807 1928/856/805
f 1931/859/808 368/860/809 1927/857/806
f 358/853/802 1925/861/810 1929/854/803
f 360/862/811 427/863/812 1924/864/813
f 1923/865/814 1878/866/815 391/867/816
f 2378/868/817 1923/865/814 2377/869/818
f 2379/870/819 361/871/820 2378/868/817
f 363/844/793 1846/358/331 2155/275/255
f 364/799/749 1921/872/821 1931/859/808
f 1918/873/822 368/860/809 1921/872/821
f 1921/872/821 368/860/809 1931/859/808
f 380/874/823 1891/875/824 369/876/825
f 368/860/809 1918/873/822 1911/877/826
f 1916/878/827 369/876/825 1918/873/822
f 1910/879/828 372/880/829 1918/873/822
f 1918/873/822 369/876/825 1917/881/830
f 1913/882/831 1915/883/832 370/884/833
f 1919/885/834 1914/886/835 2477/887/836
f 360/862/811 359/858/807 1911/877/826
f 1914/886/835 1909/888/837 2582/889/838
f 1909/888/837 1914/886/835 371/890/839
f 345/812/762 347/811/761 1907/891/840
f 1908/892/841 1907/891/840 374/893/842
f 377/894/843 1896/895/844 1897/896/845
f 347/897/761 1902/898/846 1907/899/840
f 1904/900/847 1900/901/848 1899/902/849
f 1869/903/850 375/904/851 1904/900/847
f 377/905/843 374/906/842 376/907/852
f 377/894/843 1897/896/845 374/893/842
f 1902/898/846 378/908/853 2586/909/854
f 1894/910/855 1901/911/856 2586/909/854
f 1899/902/849 1900/901/848 383/912/857
f 1899/902/849 383/912/857 1898/913/858
f 1897/896/845 380/874/823 1920/914/859
f 381/915/860 1896/916/844 382/917/861
f 1895/918/862 1900/919/848 1888/920/863
f 383/912/857 1895/921/862 382/917/861
f 1894/910/855 1898/913/858 2503/922/864
f 1893/923/865 1894/910/855 2586/909/854
f 1913/882/831 1889/924/866 1912/925/867
f 1900/919/848 375/926/851 384/927/868
f 1893/923/865 1892/928/869 1898/913/858
f 1887/929/870 1892/928/869 1886/930/871
f 1886/930/871 1893/923/865 378/908/853
f 1882/931/782 1885/932/872 1902/898/846
f 1834/933/873 1882/931/782 437/934/874
f 1886/930/871 386/935/875 1835/936/876
f 1943/828/778 351/830/780 1884/832/781
f 1940/835/784 388/937/877 352/829/779
f 1882/833/782 1884/832/781 1883/938/878
f 387/939/879 389/940/880 2513/941/881
f 1940/835/784 1941/836/785 1881/942/882
f 388/937/877 443/943/883 2529/944/884
f 388/937/877 389/940/880 1883/938/878
f 1939/794/744 2540/795/745 353/837/786
f 390/945/885 1881/942/882 353/837/786
f 1879/946/886 390/945/885 2540/795/745
f 1881/942/882 390/945/885 1880/947/887
f 391/867/816 1878/866/815 392/948/888
f 394/949/889 367/950/890 1865/951/891
f 394/952/889 1865/953/891 402/954/892
f 1877/955/893 1874/956/894 1875/957/895
f 393/958/896 1873/959/897 1877/955/893
f 394/949/889 371/890/839 1919/885/834
f 1876/960/898 1877/955/893 1875/957/895
f 395/961/899 396/962/900 1872/963/901
f 394/952/889 1875/957/895 371/964/839
f 1874/956/894 398/965/902 2583/966/903
f 1873/959/897 1871/967/904 1874/956/894
f 2583/966/903 397/968/905 449/969/906
f 1872/963/901 410/970/907 2527/971/908
f 1906/972/909 1868/973/910 1869/974/850
f 1903/975/911 1864/976/912 401/977/913
f 402/954/892 2448/978/914 404/979/915
f 1864/976/912 379/980/916 407/981/917
f 1863/982/918 2475/983/919 1864/976/912
f 403/984/920 1863/982/918 1861/985/921
f 408/986/922 1862/987/923 405/988/924
f 1862/987/923 395/961/899 406/989/925
f 1887/929/870 407/981/917 379/980/916
f 1861/985/921 1860/990/926 403/984/920
f 408/986/922 396/962/900 1862/987/923
f 1887/929/870 409/991/927 407/981/917
f 1850/992/928 1855/843/792 422/993/929
f 1808/994/930 1846/358/331 1855/843/792
f 2131/357/330 1846/358/331 1806/995/931
f 412/996/932 413/997/933 1858/845/794
f 427/863/812 1856/998/934 426/999/935
f 412/996/932 1857/1000/936 1854/1001/937
f 417/1002/938 1853/1003/939 415/842/791
f 1857/1000/936 414/1004/940 1854/1001/937
f 418/1005/941 414/1004/940 1856/998/934
f 1853/1003/939 417/1002/938 420/1006/942
f 420/1006/942 1854/1001/937 1851/1007/943
f 1845/1008/944 419/1009/945 416/1010/946
f 1853/1003/939 420/1006/942 1852/1011/947
f 420/1006/942 1851/1007/943 423/1012/948
f 422/993/929 1852/1011/947 1848/1013/949
f 1852/1011/947 423/1012/948 424/1014/950
f 1847/1015/951 425/1016/952 1849/1017/953
f 426/999/935 411/1018/954 1925/861/810
f 361/871/820 2379/870/819 428/1019/955
f 2494/1020/956 1878/866/815 361/871/820
f 361/871/820 428/1019/955 2494/1020/956
f 2380/1021/957 2381/1022/958 428/1019/955
f 413/997/933 363/844/793 1937/846/795
f 1840/1023/959 430/1024/960 1841/1025/961
f 1845/1008/944 1844/1026/962 419/1009/945
f 1843/1027/963 1844/1026/962 1845/1008/944
f 1843/1027/963 1798/1028/964 1847/1015/951
f 427/863/812 360/862/811 1841/1025/961
f 1840/1023/959 1841/1025/961 1911/877/826
f 372/880/829 1910/879/828 1839/1029/965
f 1841/1025/961 416/1010/946 427/863/812
f 433/1030/966 1838/1031/967 1839/1029/965
f 1841/1025/961 1845/1008/944 416/1010/946
f 1838/1031/967 433/1030/966 454/1032/968
f 454/1032/968 1818/1033/969 435/1034/970
f 431/1035/971 434/1036/972 432/1037/973
f 1885/932/872 1882/931/782 1834/933/873
f 1832/1038/974 1831/1039/975 1833/1040/976
f 1834/933/873 440/1041/977 1829/1042/978
f 2528/1043/979 441/1044/980 1831/1039/975
f 1830/1045/981 442/1046/982 1831/1039/975
f 1829/1042/978 440/1041/977 441/1044/980
f 442/1046/982 1830/1045/981 446/1047/983
f 2529/944/884 444/1048/984 439/1049/985
f 445/1050/986 444/1048/984 2529/944/884
f 446/1051/983 1830/1052/981 444/1048/984
f 445/1050/986 447/1053/987 446/1051/983
f 443/943/883 1880/947/887 445/1050/986
f 447/1053/987 445/1050/986 1827/1054/988
f 390/945/885 1879/946/886 448/1055/989
f 1880/947/887 448/1055/989 1827/1054/988
f 448/1055/989 392/948/888 484/1056/990
f 1824/1057/991 1825/1058/992 1871/967/904
f 1870/1059/993 1823/1060/994 1824/1057/991
f 1823/1060/994 1870/1059/993 2527/971/908
f 1823/1060/994 453/1061/995 1824/1057/991
f 397/968/905 450/1062/996 449/969/906
f 1821/1063/997 451/1064/998 1820/1065/999
f 1819/1066/1000 456/1067/1001 451/1064/998
f 453/1061/995 457/1068/1002 452/1069/1003
f 1816/1070/1004 456/1067/1001 1817/1071/1005
f 1817/1071/1005 1819/1066/1000 457/1068/1002
f 1816/1070/1004 1818/1072/969 1820/1065/999
f 459/1073/1006 1815/1074/1007 462/1075/1008
f 458/1076/1009 459/1073/1006 457/1068/1002
f 1816/1070/1004 1787/1077/1010 487/1078/1011
f 461/1079/1012 462/1075/1008 2488/1080/1013
f 1861/985/921 409/991/927 1860/990/926
f 1859/1081/1014 1813/1082/1015 463/1083/1016
f 463/1083/1016 410/970/907 408/986/922
f 1822/1084/1017 463/1083/1016 464/1085/1018
f 463/1083/1016 1813/1082/1015 1776/1086/1019
f 1815/1074/1007 458/1076/1009 2507/1087/1020
f 1834/933/873 1812/1088/1021 2526/1089/1022
f 1834/933/873 1829/1042/978 1812/1088/1021
f 1829/1042/978 1811/1090/1023 436/1091/1024
f 1809/1092/1025 1811/1090/1023 1828/1093/1026
f 1807/1094/1027 1848/1013/949 1801/1095/1028
f 2131/357/330 1806/995/931 1802/1096/1029
f 1805/1097/1030 465/1098/1031 467/1099/1032
f 1803/1100/1033 1804/1101/1034 1806/995/931
f 467/1099/1032 470/1102/1035 1803/1100/1033
f 1799/1103/1036 468/1104/1037 466/1105/1038
f 471/1106/1039 1801/1095/1028 425/1016/952
f 471/1106/1039 425/1016/952 478/1107/1040
f 471/1106/1039 1800/1108/1041 472/1109/1042
f 471/1106/1039 478/1107/1040 466/1105/1038
f 2381/1022/958 2382/1110/1043 474/1111/1044
f 1799/1103/1036 503/1112/1045 468/1104/1037
f 431/1035/971 476/1113/1046 1842/1114/1047
f 477/1115/1048 432/1037/973 1796/1116/1049
f 475/1117/1050 432/1037/973 1836/1118/1051
f 477/1115/1048 479/1119/1052 476/1113/1046
f 432/1037/973 477/1115/1048 431/1035/971
f 475/1117/1050 1789/1120/1053 481/1121/1054
f 1798/1028/964 1797/1122/1055 478/1107/1040
f 476/1113/1046 479/1119/1052 1797/1122/1055
f 480/1123/1056 479/1119/1052 1796/1116/1049
f 471/1106/1039 466/1105/1038 1800/1108/1041
f 479/1119/1052 1794/1124/1057 1795/1125/1058
f 1794/1124/1057 479/1119/1052 480/1123/1056
f 1799/1103/1036 478/1107/1040 1793/1126/1059
f 1791/1127/1060 485/1128/1061 484/1056/990
f 483/1129/1062 1792/1130/1063 485/1128/1061
f 1790/1131/1064 1826/1132/1065 429/1133/1066
f 1791/1127/1060 484/1056/990 1826/1132/1065
f 1788/1134/1067 1789/1135/1053 486/1136/1068
f 1788/1134/1067 486/1136/1068 1753/1137/1069
f 481/1121/1054 480/1123/1056 475/1117/1050
f 475/1117/1050 487/1138/1011 1789/1120/1053
f 1818/1033/969 487/1138/1011 435/1034/970
f 2488/1080/1013 462/1075/1008 1815/1074/1007
f 1787/1077/1010 1786/1139/1070 2542/1140/1071
f 1782/1141/1072 1783/1142/1073 488/1143/1074
f 488/1143/1074 1814/1144/1075 2488/1080/1013
f 1785/1145/1076 1781/1146/1077 1782/1141/1072
f 1780/1147/1078 1784/1148/1079 1786/1139/1070
f 1783/1142/1073 1779/1149/1080 2543/1150/1081
f 498/1151/1082 489/1152/1083 491/1153/1084
f 2543/1150/1081 1779/1149/1080 490/1154/1085
f 1785/1145/1076 489/1152/1083 498/1151/1082
f 1784/1148/1079 1778/1155/1086 486/1136/1068
f 1784/1148/1079 1780/1147/1078 1778/1155/1086
f 1779/1149/1080 1768/1156/1087 1777/1157/1088
f 515/1158/1089 1748/1159/1090 490/1154/1085
f 490/1154/1085 1777/1157/1088 516/1160/1091
f 459/1073/1006 458/1076/1009 1815/1074/1007
f 1738/1161/1092 464/1085/1018 1776/1086/1019
f 493/1162/1093 1738/1161/1092 1741/1163/1094
f 493/1162/1093 1742/1164/1095 518/1165/1096
f 1812/1088/1021 436/1091/1024 1775/1166/1097
f 1772/1167/1098 1776/1086/1019 1775/1166/1097
f 1737/1168/1099 1771/1169/1100 497/1170/1101
f 436/1091/1024 495/1171/1102 1774/1172/1103
f 1810/1173/1104 1770/1174/1105 1809/1092/1025
f 1769/1175/1106 497/1170/1101 496/1176/1107
f 1810/1173/1104 447/1177/987 1770/1174/1105
f 1768/1156/1087 1782/1141/1072 1781/1146/1077
f 1766/1178/1108 469/1179/1109 1764/1180/1110
f 470/1102/1035 1765/1181/1111 1764/1180/1110
f 469/1179/1109 1766/1178/1108 2557/1182/1112
f 1765/1181/1111 500/1183/1113 1764/1180/1110
f 1762/1184/1114 2116/433/404 499/1185/1115
f 1762/1184/1114 2101/462/431 2116/433/404
f 1761/1186/1116 2383/1187/1117 502/1188/1118
f 2383/1187/1117 2384/1189/1119 502/1188/1118
f 1765/1181/1111 470/1102/1035 468/1104/1037
f 504/1190/1120 503/1112/1045 2549/1191/1121
f 500/1183/1113 1765/1181/1111 504/1190/1120
f 506/1192/1122 505/1193/1123 2550/1194/1124
f 504/1195/1120 507/1196/1125 500/1197/1113
f 505/1193/1123 506/1192/1122 508/1198/1126
f 1754/1199/1127 1759/1200/1128 482/1201/1129
f 510/1202/1130 1759/1203/1128 1758/1204/1131
f 1757/1205/1132 1791/1127/1060 1755/1206/1133
f 1753/1137/1069 1752/1207/1134 1754/1208/1127
f 1752/1207/1134 1753/1137/1069 512/1209/1135
f 513/1210/1136 1749/1211/1137 1751/1212/1138
f 1749/1213/1137 514/1214/1139 2482/1215/1140
f 2559/1216/1141 516/1160/1091 1777/1157/1088
f 492/1217/1142 491/1153/1084 519/1218/1143
f 515/1158/1089 520/1219/1144 2457/1220/1145
f 515/1158/1089 516/1160/1091 520/1219/1144
f 1747/1221/1146 516/1160/1091 2559/1216/1141
f 521/1222/1147 519/1218/1143 1742/1164/1095
f 1767/1223/1148 498/1151/1082 491/1153/1084
f 520/1219/1144 1747/1221/1146 1746/1224/1149
f 519/1218/1143 1745/1225/1150 517/1226/1151
f 522/1227/1152 1746/1224/1149 1745/1225/1150
f 1745/1225/1150 1744/1228/1153 1715/1229/1154
f 1743/1230/1155 522/1227/1152 1715/1229/1154
f 1740/1231/1156 1742/1164/1095 1741/1163/1094
f 1742/1164/1095 1740/1231/1156 521/1222/1147
f 1772/1167/1098 2490/1232/1157 1738/1161/1092
f 1736/1233/1158 524/1234/1159 2490/1232/1157
f 527/1235/1160 1734/1236/1161 525/1237/1162
f 2541/1238/1163 1735/1239/1164 1736/1233/1158
f 525/1237/1162 1737/1168/1099 497/1170/1101
f 525/1237/1162 1769/1175/1106 526/1240/1165
f 483/1241/1062 526/1240/1165 1792/1242/1063
f 528/1243/1166 483/1129/1062 1723/1244/1167
f 530/1245/1168 532/1246/1169 2571/488/456
f 509/1247/1170 1728/1248/1171 531/1249/1172
f 1727/1250/1173 1728/1248/1171 509/1247/1170
f 2100/464/433 501/1251/1174 529/1252/1175
f 532/1246/1169 530/1245/1168 1729/1253/1176
f 1727/1250/1173 1726/1254/1177 533/1255/1178
f 1719/1256/1179 1730/1257/1180 1758/1204/1131
f 1726/1254/1177 1727/1250/1173 1730/1257/1180
f 1719/1256/1179 1718/1258/1181 1726/1254/1177
f 1756/1259/1182 535/1260/1183 1721/1261/1184
f 1723/1262/1167 1721/1263/1184 547/1264/1185
f 538/1265/1186 511/1266/1187 537/1267/1188
f 537/1267/1188 539/1268/1189 538/1265/1186
f 569/1269/1190 539/1268/1189 571/1270/1191
f 1722/1271/1192 538/1265/1186 536/1272/1193
f 1749/1213/1137 513/1273/1136 514/1214/1139
f 1719/1256/1179 514/1214/1139 1718/1258/1181
f 1717/1274/1194 540/1275/1195 1718/1258/1181
f 2462/1276/1196 2558/1277/1197 1713/1278/1198
f 543/1279/1199 544/1280/1200 541/1281/1201
f 545/1282/1202 1712/1283/1203 2462/1284/1196
f 1710/1285/1204 1711/1286/1205 1733/1287/1206
f 1734/1288/1161 1709/1289/1207 1733/1287/1206
f 1709/1289/1207 1708/1290/1208 1710/1285/1204
f 528/1291/1166 527/1235/1160 526/1240/1165
f 528/1292/1166 1723/1262/1167 1706/1293/1209
f 1706/1293/1209 1705/1294/1210 546/1295/1211
f 1701/1296/1212 1704/1297/1213 1703/515/483
f 548/1298/1214 1701/1296/1212 1702/516/484
f 1704/1297/1213 1701/1296/1212 549/1299/1215
f 1701/1296/1212 548/1298/1214 550/1300/1216
f 1699/1301/1217 552/1302/1218 578/1303/1219
f 551/1304/1220 1696/1305/1221 1697/1306/1222
f 1700/1307/1223 550/1300/1216 554/1308/1224
f 552/1302/1218 1696/1305/1221 1678/1309/1225
f 1695/1310/1226 553/1311/1227 554/1308/1224
f 1674/1312/1228 553/1311/1227 1695/1310/1226
f 556/1313/1229 1731/1314/1230 555/1315/1231
f 555/1315/1231 557/1316/1232 556/1313/1229
f 1732/1317/1233 2384/1189/1119 1693/1318/1234
f 4/1319/1235 2385/1320/1236 2502/1321/1237
f 2386/1322/1238 557/1316/1232 2385/1320/1236
f 558/530/498 1724/486/454 1692/1323/1239
f 560/1324/1240 548/1298/1214 559/1325/1241
f 560/1324/1240 559/1325/1241 1692/1323/1239
f 548/1298/1214 560/1324/1240 2459/1326/1242
f 1690/1327/1243 1673/1328/1244 2459/1326/1242
f 1689/1329/1245 1690/1327/1243 2459/1326/1242
f 2459/1326/1242 1695/1310/1226 550/1300/1216
f 1689/1329/1245 560/1324/1240 1691/1330/1246
f 1691/1330/1246 561/1331/1247 2580/1332/1248
f 533/1255/1178 1718/1258/1181 562/1333/1249
f 1686/1334/1250 564/1335/1251 2449/1336/1252
f 562/1333/1249 1680/1337/1253 1687/1338/1254
f 561/1331/1247 1691/1330/1246 1688/1339/1255
f 563/1340/1256 1688/1339/1255 562/1333/1249
f 1663/1341/1257 1661/1342/1258 561/1331/1247
f 1663/1341/1257 563/1340/1256 591/1343/1259
f 1687/1338/1254 564/1335/1251 1662/1344/1260
f 592/1345/1261 1662/1344/1260 565/1346/1262
f 564/1335/1251 1686/1334/1250 575/1347/1263
f 1707/1348/1264 1684/1349/1265 534/1350/1266
f 567/1351/1267 1685/1352/1268 1682/1353/1269
f 604/1354/1270 1681/1355/1271 536/1272/1193
f 1681/1355/1271 604/1354/1270 605/1356/1272
f 536/1272/1193 569/1269/1190 604/1354/1270
f 1731/1314/1230 556/1313/1229 539/1268/1189
f 556/1313/1229 1694/1357/1273 571/1270/1191
f 544/1280/1200 1680/1337/1253 1716/1358/1274
f 1680/1337/1253 562/1333/1249 540/1275/1195
f 543/1279/1199 1714/1359/1275 542/1360/1276
f 573/1361/1277 574/1362/1278 572/1363/1279
f 1686/1334/1250 574/1362/1278 1648/1364/1280
f 566/1365/1281 1712/1283/1203 1685/1352/1268
f 566/1365/1281 1679/1366/1282 1712/1283/1203
f 566/1365/1281 1685/1352/1268 567/1351/1267
f 573/1361/1277 542/1360/1276 1712/1283/1203
f 566/1365/1281 1656/1367/1283 1679/1366/1282
f 1708/1290/1208 1705/1294/1210 577/1368/1284
f 1682/1353/1269 1684/1349/1265 576/1369/1285
f 1705/1294/1210 1706/1293/1209 2590/1370/1286
f 610/1371/1287 577/1368/1284 1646/1372/1288
f 568/1373/1289 2590/1370/1286 547/1264/1185
f 1674/1312/1228 583/1374/1290 582/1375/1291
f 579/1376/1292 581/1377/1293 580/542/510
f 579/1376/1292 1675/1378/1294 582/1375/1291
f 585/1379/1295 1672/1380/1296 582/1375/1291
f 586/1381/1297 585/1379/1295 583/1374/1290
f 1671/544/512 580/542/510 581/1377/1293
f 1664/1382/1298 1670/1383/1299 583/1374/1290
f 589/1384/1300 1672/1380/1296 1669/1385/1301
f 587/1386/1302 1666/545/513 584/1387/1303
f 589/1384/1300 1669/1385/1301 1667/1388/1304
f 588/1389/1305 1668/1390/1306 586/1381/1297
f 1644/1391/1307 613/1392/1308 589/1384/1300
f 1643/1393/1309 1667/1388/1304 1642/1394/1310
f 1642/1394/1310 588/1389/1305 614/1395/1311
f 2387/1396/1312 1665/1397/1313 1694/1357/1273
f 631/1398/1314 1610/1399/1315 607/1400/1316
f 2555/1401/1317 1664/1382/1298 1690/1327/1243
f 2580/1332/1248 561/1331/1247 1661/1342/1258
f 1670/1383/1299 590/1402/1318 588/1389/1305
f 1636/1403/1319 588/1389/1305 615/1404/1320
f 575/1347/1263 594/1405/1321 565/1346/1262
f 591/1343/1259 1662/1344/1260 1660/1406/1322
f 1661/1342/1258 1663/1341/1257 593/1407/1323
f 593/1407/1323 1659/1408/1324 596/1409/1325
f 596/1409/1325 590/1402/1318 1661/1342/1258
f 593/1407/1323 1660/1406/1322 1658/1410/1326
f 1660/1406/1322 595/1411/1327 1658/1410/1326
f 595/1411/1327 594/1405/1321 597/1412/1328
f 1657/1413/1329 597/1412/1328 1626/1414/1330
f 599/1415/1331 574/1362/1278 1679/1366/1282
f 598/1416/1332 1625/1417/1333 1647/1418/1334
f 597/1412/1328 609/1419/1335 1626/1414/1330
f 598/1416/1332 1647/1418/1334 600/1420/1336
f 1655/1421/1337 1656/1367/1283 566/1365/1281
f 1656/1367/1283 601/1422/1338 600/1420/1336
f 1655/1421/1337 1652/1423/1339 1656/1367/1283
f 1652/1423/1339 1655/1421/1337 602/1424/1340
f 567/1351/1267 1682/1353/1269 1654/1425/1341
f 1654/1425/1341 1682/1353/1269 1683/1426/1342
f 1653/1427/1343 603/1428/1344 1651/1429/1345
f 636/1430/1346 1651/1429/1345 603/1428/1344
f 605/1356/1272 1650/1431/1347 568/1373/1289
f 604/1354/1270 606/1432/1348 605/1356/1272
f 606/1432/1348 1613/1433/1349 605/1356/1272
f 1649/1434/1350 606/1432/1348 570/1435/1351
f 570/1435/1351 571/1270/1191 1649/1434/1350
f 575/1347/1263 1648/1364/1280 608/1436/1352
f 609/1419/1335 597/1412/1328 608/1436/1352
f 1683/1426/1342 610/1371/1287 2465/1437/1353
f 1645/1438/1354 1646/1372/1288 1650/1431/1347
f 1639/1439/1355 616/1440/1356 5/1441/1357
f 619/1442/1358 620/569/534 1637/1443/1359
f 617/1444/1360 1636/1403/1319 2463/1445/1361
f 1666/545/513 1637/1443/1359 620/569/534
f 1633/1446/1362 628/1447/1363 622/1448/1364
f 621/1449/1365 1631/1450/1366 619/1442/1358
f 619/1442/1358 2509/1451/1367 621/1449/1365
f 624/1452/1368 627/1453/1369 623/1454/1370
f 1631/1450/1366 623/1454/1370 1430/1455/1371
f 1430/1455/1371 656/570/535 1631/1450/1366
f 628/1447/1363 1629/1456/1372 622/1448/1364
f 1627/1457/1373 630/1458/1374 629/1459/1375
f 7/1460/1376 632/1461/1377 6/1462/1378
f 1628/1463/1379 1627/1457/1373 615/1404/1320
f 1657/1413/1329 633/1464/1380 1628/1463/1379
f 633/1464/1380 1621/1465/1381 1420/1466/1382
f 633/1464/1380 1623/1467/1383 1621/1465/1381
f 598/1416/1332 2561/1468/1384 634/1469/1385
f 1657/1413/1329 1626/1414/1330 633/1464/1380
f 1623/1467/1383 1626/1414/1330 634/1469/1385
f 635/1470/1386 1622/1471/1387 634/1469/1385
f 1618/1472/1388 635/1470/1386 2561/1468/1384
f 601/1422/1338 1619/1473/1389 1624/1474/1390
f 1651/1429/1345 636/1430/1346 1652/1423/1339
f 600/1420/1336 1624/1474/1390 598/1416/1332
f 1617/1475/1391 1620/1476/1392 2458/1477/1393
f 1619/1473/1389 1618/1472/1388 1624/1474/1390
f 1416/1478/1394 1417/1479/1395 635/1470/1386
f 1620/1476/1392 1412/1480/1396 1618/1472/1388
f 637/1481/1397 603/1428/1344 638/1482/1398
f 1616/1483/1399 1617/1475/1391 637/1481/1397
f 1410/1484/1400 638/1482/1398 1609/1485/1401
f 1411/1486/1402 1616/1483/1399 1410/1484/1400
f 1650/1431/1347 1614/1487/1403 1645/1438/1354
f 1615/1488/1404 1614/1487/1403 827/1489/1405
f 639/1490/1406 830/1491/1407 1613/1433/1349
f 606/1432/1348 1649/1434/1350 1611/1492/1408
f 639/1490/1406 1613/1433/1349 1611/1492/1408
f 607/1400/1316 1665/1397/1313 631/1398/1314
f 603/1428/1344 1653/1427/1343 2465/1437/1353
f 1645/1438/1354 1615/1488/1404 1609/1485/1401
f 2390/1493/1409 2389/1494/1410 1590/1495/1411
f 1607/1496/1412 2058/1497/1413 1606/1498/1414
f 640/1499/1415 1589/1500/1416 1606/1498/1414
f 221/538/506 1606/1498/1414 220/535/503
f 1605/1501/1417 640/1499/1415 1606/1498/1414
f 645/1502/1418 1604/1503/1419 643/1504/1420
f 1604/1503/1419 642/1505/1421 643/1504/1420
f 642/1505/1421 1605/1501/1417 221/538/506
f 1604/1503/1419 645/1502/1418 1585/1506/1422
f 1603/1507/1423 645/1502/1418 2574/1508/1424
f 647/557/523 1602/1509/1425 1603/1507/1423
f 645/1502/1418 1603/1507/1423 644/1510/1426
f 1602/1509/1425 1582/1511/1427 644/1510/1426
f 2056/554/520 2055/556/522 646/1512/1428
f 649/1513/1429 648/1514/1430 1595/1515/1431
f 646/1512/1428 1601/1516/1432 647/557/523
f 651/1517/1433 648/1514/1430 650/1518/1434
f 1600/1519/1435 1580/1520/1436 650/1518/1434
f 1599/1521/1437 1597/1522/1438 1601/1516/1432
f 1598/560/526 1596/1523/1439 1599/1521/1437
f 1594/1524/1440 1597/1522/1438 1596/1523/1439
f 654/1525/1441 1595/1515/1431 1594/1524/1440
f 653/1526/1442 1596/1523/1439 1592/1527/1443
f 1575/1528/1444 667/1529/1445 1592/1527/1443
f 2053/567/533 2585/1530/1446 655/1531/532
f 670/1532/1447 1590/1495/1411 1589/1500/1416
f 640/1499/1415 1605/1501/1417 1587/1533/1448
f 642/1505/1421 1587/1533/1448 1605/1501/1417
f 642/1505/1421 657/1534/1449 1587/1533/1448
f 674/1535/1450 1585/1506/1422 1583/1536/1451
f 1581/1537/1452 1582/1511/1427 661/1538/1453
f 674/1535/1450 1584/1539/1454 1585/1506/1422
f 1600/1519/1435 658/1540/1455 1580/1520/1436
f 658/1540/1455 1600/1519/1435 649/1513/1429
f 1602/1509/1425 651/1517/1433 660/1541/1456
f 665/1542/1457 662/1543/1458 2476/1544/1459
f 662/1543/1458 677/1545/1460 1579/1546/1461
f 663/1547/1462 1577/1548/1463 666/1549/1464
f 663/1547/1462 1570/1550/1465 677/1545/1460
f 1579/1546/1461 677/1545/1460 661/1538/1453
f 654/1525/1441 659/1551/1466 652/1552/1467
f 665/1542/1457 1594/1524/1440 664/1553/1468
f 1577/1548/1463 664/1553/1468 667/1529/1445
f 1577/1548/1463 663/1547/1462 665/1542/1457
f 1576/1554/1469 679/1555/1470 1568/1556/1471
f 1593/1557/531 655/1531/532 1591/1558/1472
f 1574/1559/1473 1575/1560/1444 1591/1558/1472
f 1575/1560/1444 1574/1559/1473 1566/1561/1474
f 670/1562/1447 669/1563/1475 2391/1564/1476
f 683/1565/1477 1565/1566/1478 671/1567/1479
f 1586/1568/1480 1573/1569/1481 671/1567/1479
f 1588/1570/1482 671/1567/1479 670/1562/1447
f 2495/1571/1483 672/1572/1484 673/1573/1485
f 672/1572/1484 1584/1539/1454 2496/1574/1486
f 675/1575/1487 1572/1576/1488 2496/1574/1486
f 1571/1577/1489 674/1535/1450 1581/1537/1452
f 1571/1577/1489 676/1578/1490 675/1575/1487
f 1570/1550/1465 663/1547/1462 666/1549/1464
f 1570/1550/1465 1569/1579/1491 677/1545/1460
f 676/1578/1490 1571/1577/1489 1569/1579/1491
f 666/1549/1464 1568/1556/1471 1567/1580/1492
f 1567/1580/1492 680/1581/1493 1569/1579/1491
f 1568/1556/1471 679/1555/1470 680/1581/1493
f 668/1582/1494 1576/1554/1469 667/1529/1445
f 1566/1561/1474 1390/1583/1495 682/1584/1496
f 668/1585/1494 1566/1561/1474 681/1586/1497
f 1565/1566/1478 2393/1587/1498 2392/1588/1499
f 684/1589/1500 683/1565/1477 1573/1569/1481
f 692/1590/1501 1562/1591/1502 676/1592/1490
f 686/1593/1503 685/1594/1504 1561/1595/1505
f 681/1596/1497 686/1597/1503 679/1555/1470
f 1560/1598/1506 687/1599/1507 681/1600/1497
f 1558/1601/1508 875/1602/1509 1557/1603/1510
f 1556/1604/1511 688/1605/1512 1558/1601/1508
f 1560/1598/1506 875/1602/1509 1558/1601/1508
f 689/1606/1513 1538/1607/1514 1556/1604/1511
f 1370/1608/1515 690/1609/1516 2468/1610/1517
f 1554/1611/1518 2394/1612/1519 2393/1587/1498
f 1554/1611/1518 1553/1613/1520 2395/1614/1521
f 1553/1613/1520 683/1565/1477 1552/1615/1522
f 684/1589/1500 1563/1616/1523 1551/1617/1524
f 1551/1617/1524 1563/1616/1523 1550/1618/1525
f 1551/1617/1524 1532/1619/1526 700/1620/1527
f 1563/1616/1523 1562/1591/1502 1550/1618/1525
f 2523/1621/1528 1550/1618/1525 1549/1622/1529
f 691/1623/1530 1549/1622/1529 692/1590/1501
f 691/1623/1530 705/1624/1531 1549/1622/1529
f 685/1594/1504 1548/1625/1532 692/1590/1501
f 1548/1625/1532 685/1594/1504 1547/1626/1533
f 693/1627/1534 1546/1628/1535 1544/1629/1536
f 697/1630/1537 694/1631/1538 2595/1632/1539
f 1542/1633/1540 1543/1634/1541 1541/1635/1542
f 2595/1632/1539 1539/1636/1543 2497/1637/1544
f 2595/1632/1539 694/1631/1538 1539/1636/1543
f 687/1599/1507 1545/1638/1545 1547/1626/1533
f 1541/1635/1542 708/1639/1546 709/1640/1547
f 688/1605/1512 1556/1604/1511 1538/1607/1514
f 689/1606/1513 1536/1641/1548 2556/1642/1549
f 1537/1643/1550 1538/1607/1514 2556/1642/1549
f 696/1644/1551 1536/1641/1548 2468/1610/1517
f 695/1645/1552 697/1630/1537 1546/1628/1535
f 698/1646/1553 695/1645/1552 2556/1642/1549
f 695/1645/1552 698/1646/1553 694/1631/1538
f 698/1646/1553 1536/1641/1548 699/1647/1554
f 699/1647/1554 696/1644/1551 1535/1648/1555
f 729/1649/1556 694/1631/1538 698/1646/1553
f 1553/1613/1520 700/1620/1527 1534/1650/1557
f 1532/1619/1526 1533/1651/1558 700/1620/1527
f 1531/1652/1559 701/1653/1560 1532/1619/1526
f 1531/1652/1559 1550/1618/1525 2523/1621/1528
f 705/1624/1531 1529/1654/1561 2524/1655/1562
f 707/1656/1563 1522/1657/1564 721/1658/1565
f 721/1658/1565 726/1659/1566 741/1660/1567
f 1529/1654/1561 1548/1625/1532 1502/1661/1568
f 726/1659/1566 721/1658/1565 722/1662/1569
f 707/1656/1563 1502/1661/1568 1547/1626/1533
f 1540/1663/1570 1528/1664/1571 1525/1665/1572
f 1541/1635/1542 2497/1637/1544 708/1639/1546
f 1522/1657/1564 1527/1666/1573 713/1667/1574
f 708/1639/1546 711/1668/1575 709/1640/1547
f 1524/1669/1576 1526/1670/1577 1527/1666/1573
f 708/1639/1546 1523/1671/1578 711/1668/1575
f 712/1672/1579 713/1667/1574 1526/1670/1577
f 714/1673/1580 1520/1674/1581 1526/1670/1577
f 711/1668/1575 716/1675/1582 717/1676/1583
f 729/1649/1556 1515/1677/1584 1523/1671/1578
f 718/1678/1585 712/1672/1579 1520/1674/1581
f 712/1672/1579 718/1678/1585 713/1667/1574
f 1519/1679/1586 1520/1674/1581 723/1680/1587
f 1521/1681/1588 719/1682/1589 723/1680/1587
f 717/1676/1583 716/1675/1582 720/1683/1590
f 716/1675/1582 1515/1677/1584 720/1683/1590
f 1517/1684/1591 722/1662/1569 1519/1679/1586
f 1514/1685/1592 731/1686/1593 720/1683/1590
f 728/1687/1594 724/1688/1595 1516/1689/1596
f 728/1687/1594 1516/1689/1596 1518/1690/1597
f 726/1659/1566 722/1662/1569 1517/1684/1591
f 728/1687/1594 1518/1690/1597 725/1691/1598
f 730/1692/1599 729/1649/1556 699/1647/1554
f 729/1649/1556 730/1692/1599 1513/1693/1600
f 731/1686/1593 1514/1685/1592 2532/1694/1601
f 735/1695/1602 1512/1696/1603 1506/1697/1604
f 732/1698/1605 731/1686/1593 734/1699/1606
f 1507/1700/1607 1511/1701/1608 1506/1697/1604
f 1507/1700/1607 1506/1697/1604 1509/1702/1609
f 1508/1703/1610 1509/1702/1609 944/1704/1611
f 2533/1705/1612 749/1706/1613 750/1707/1614
f 730/1692/1599 735/1695/1602 734/1699/1606
f 2396/1708/1615 2395/1614/1521 1534/1650/1557
f 2397/1709/1616 2396/1708/1615 736/1710/1617
f 737/1711/1618 736/1710/1617 1505/1712/1619
f 2397/1709/1616 736/1710/1617 2398/1713/1620
f 1504/1714/1621 752/1715/1622 737/1711/1618
f 1504/1714/1621 1533/1651/1558 701/1653/1560
f 1530/1716/1623 1504/1714/1621 701/1653/1560
f 705/1624/1531 706/1717/1624 1530/1716/1623
f 2524/1655/1562 1501/1718/1625 1503/1719/1626
f 707/1656/1563 741/1660/1567 739/1720/1627
f 707/1656/1563 739/1720/1627 1502/1661/1568
f 740/1721/1628 753/1722/1629 1501/1718/1625
f 726/1659/1566 727/1723/1630 741/1660/1567
f 725/1691/1598 731/1686/1593 732/1698/1605
f 743/1724/1631 742/1725/1632 1500/1726/1633
f 743/1724/1631 1500/1726/1633 750/1707/1614
f 743/1724/1631 745/1727/1634 1499/1728/1635
f 744/1729/1636 750/1707/1614 1497/1730/1637
f 739/1720/1627 742/1725/1632 1498/1731/1638
f 744/1729/1636 755/1732/1639 748/1733/1640
f 747/1734/1641 1499/1728/1635 745/1727/1634
f 744/1729/1636 746/1735/1642 755/1732/1639
f 944/1704/1611 749/1706/1613 1508/1703/1610
f 1497/1730/1637 750/1707/1614 749/1706/1613
f 944/1704/1611 991/1736/1643 749/1706/1613
f 1497/1730/1637 1496/1737/1644 766/1738/1645
f 751/1739/1646 2399/1740/1647 737/1711/1618
f 2399/1740/1647 751/1739/1646 2400/1741/1648
f 752/1715/1622 1495/1742/1649 2498/1743/1650
f 752/1715/1622 1504/1714/1621 1493/1744/1651
f 1494/1745/1652 769/1746/1653 768/1747/1654
f 738/1748/1655 1503/1719/1626 2525/1749/1656
f 738/1748/1655 1486/1750/1657 769/1746/1653
f 2510/1751/1658 1498/1731/1638 747/1734/1641
f 771/1752/1659 1492/1753/1660 1484/1754/1661
f 754/1755/1662 747/1734/1641 757/1756/1663
f 757/1756/1663 748/1733/1640 758/1757/1664
f 757/1756/1663 759/1758/1665 1492/1753/1660
f 758/1757/1664 760/1759/1666 759/1758/1665
f 1491/1760/1667 755/1732/1639 761/1761/1668
f 766/1738/1645 762/1762/1669 756/1763/1670
f 755/1732/1639 1491/1760/1667 758/1757/1664
f 759/1758/1665 760/1759/1666 763/1764/1671
f 759/1758/1665 763/1764/1671 2469/1765/1672
f 1491/1760/1667 761/1761/1668 2522/1766/1673
f 761/1761/1668 762/1762/1669 2518/1767/1674
f 1497/1730/1637 766/1738/1645 756/1763/1670
f 2518/1767/1674 762/1762/1669 767/1768/1675
f 2401/1769/1676 2400/1741/1648 2498/1743/1650
f 1489/1770/1677 1490/1771/1678 1495/1742/1649
f 1493/1744/1651 770/1772/1679 1495/1742/1649
f 1488/1773/1680 1487/1774/1681 770/1772/1679
f 1488/1773/1680 769/1746/1653 1487/1774/1681
f 753/1722/1629 1486/1750/1657 2525/1749/1656
f 771/1752/1659 1485/1775/1682 1486/1750/1657
f 771/1752/1659 777/1776/1683 1479/1777/1684
f 1484/1754/1661 777/1776/1683 771/1752/1659
f 772/1778/1685 763/1764/1671 764/1779/1686
f 773/1780/1687 764/1779/1686 765/1781/1688
f 1483/1782/1689 772/1778/1685 764/1779/1686
f 773/1780/1687 1477/1783/1690 1483/1782/1689
f 1480/1784/1691 1482/1785/1692 1481/1786/1693
f 773/1780/1687 765/1781/1688 1482/1785/1692
f 1480/1784/1691 1476/1787/1694 1482/1785/1692
f 1490/1771/1678 1489/1770/1677 2402/1788/1695
f 1489/1770/1677 774/1789/1696 2402/1788/1695
f 1489/1770/1677 770/1772/1679 774/1789/1696
f 1486/1750/1657 1485/1775/1682 776/1790/1697
f 1479/1777/1684 1478/1791/1698 776/1790/1697
f 1479/1777/1684 777/1776/1683 778/1792/1699
f 1474/1793/1700 779/1794/1701 1477/1783/1690
f 1476/1787/1694 1480/1784/1691 1475/1795/1702
f 1474/1793/1700 1477/1783/1690 773/1780/1687
f 1476/1787/1694 1475/1795/1702 1042/1796/1703
f 2576/1797/1704 2404/1798/1705 774/1789/1696
f 1457/1799/1706 780/1800/1707 797/1801/1708
f 774/1789/1696 775/1802/1709 2576/1797/1704
f 781/1803/1710 797/1801/1708 1478/1791/1698
f 1479/1777/1684 1473/1804/1711 1478/1791/1698
f 1473/1804/1711 798/1805/1712 1478/1791/1698
f 1479/1777/1684 778/1792/1699 1473/1804/1711
f 2514/1806/1713 783/1807/1714 1473/1804/1711
f 1472/1808/1715 783/1807/1714 1463/1809/1716
f 1470/1810/1717 1468/1811/1718 782/1812/1719
f 784/1813/1720 1469/1814/1721 785/1815/1722
f 786/1816/1723 783/1807/1714 1468/1811/1718
f 788/1817/1724 784/1813/1720 785/1815/1722
f 1467/1818/1725 1460/1819/1726 794/1820/1727
f 2452/1821/1728 790/1822/1729 788/1817/1724
f 791/1823/1730 786/1816/1723 1468/1811/1718
f 1452/1824/1731 790/1822/1729 1464/1825/1732
f 1467/1818/1725 1466/1826/1733 789/1827/1734
f 788/1817/1724 790/1822/1729 1465/1828/1735
f 800/1829/1736 1463/1809/1716 786/1816/1723
f 1449/1830/1737 1452/1824/1731 1464/1825/1732
f 792/1831/1738 1471/1832/1739 1461/1833/1740
f 2551/1834/1741 792/1831/1738 793/1835/1742
f 794/1820/1727 1459/1836/1743 1466/1826/1733
f 1448/1837/1744 1459/1836/1743 795/1838/1745
f 2478/1839/1746 1458/1840/1747 1459/1836/1743
f 2405/1841/1748 2404/1798/1705 780/1800/1707
f 780/1800/1707 1457/1799/1706 2406/1842/1749
f 1456/1843/1750 1442/1844/1751 781/1803/1710
f 781/1803/1710 1442/1844/1751 1445/1845/1752
f 1454/1846/1753 1456/1843/1750 1455/1847/1754
f 1455/1847/1754 799/1848/1755 1454/1846/1753
f 2554/1849/1756 800/1829/1736 1465/1828/1735
f 1453/1850/1757 790/1822/1729 1452/1824/1731
f 1453/1850/1757 1451/1851/1758 1450/1852/1759
f 801/1853/1760 1451/1851/1758 2474/1854/1761
f 1447/1855/1762 1449/1830/1737 2478/1839/1746
f 2474/1854/1761 1446/1856/1763 801/1853/1760
f 802/1857/1764 1446/1856/1763 805/1858/1765
f 1457/1799/1706 804/1859/1766 2407/1860/1767
f 1445/1845/1752 1443/1861/1768 1444/1862/1769
f 1456/1843/1750 1454/1846/1753 1442/1844/1751
f 1443/1861/1768 1442/1844/1751 2597/1863/1770
f 805/1858/1765 1438/1864/1771 1441/1865/1772
f 1074/1866/1773 806/1867/1774 1446/1856/1763
f 2409/1868/1775 2408/1869/1776 1439/1870/1777
f 1439/1870/1777 1443/1861/1768 1436/1871/1778
f 1436/1871/1778 2410/1872/1779 2409/1868/1775
f 1438/1864/1771 808/1873/1780 1435/1874/1781
f 808/1873/1780 1438/1864/1771 809/1875/1782
f 1440/1876/1783 1438/1864/1771 805/1858/1765
f 809/1875/1782 1440/1876/1783 1437/1877/1784
f 2410/1872/1779 1436/1871/1778 2411/1878/1785
f 2411/1878/1785 1435/1874/1781 810/1879/1786
f 2412/1880/1787 810/1879/1786 2413/1881/1788
f 1434/1882/1789 808/1873/1780 1433/1883/1790
f 1433/1883/1790 809/1875/1782 1437/1877/1784
f 1433/1883/1790 1432/1884/1791 1431/1885/1792
f 1434/1882/1789 811/1886/1793 2413/1881/1788
f 2415/1887/1794 2414/1888/1795 811/1886/1793
f 1123/1889/1796 2416/1890/1797 1431/1885/1792
f 1427/1891/1798 812/1892/1799 627/1453/1369
f 812/1892/1799 1429/1893/1800 813/1894/1801
f 815/1895/1802 814/1896/1803 1426/1897/1804
f 1428/1898/1805 1425/1899/1806 816/1900/1807
f 814/1896/1803 815/1895/1802 1428/1898/1805
f 1423/1901/1808 1425/1899/1806 815/1895/1802
f 1422/1902/1809 816/1900/1807 1423/1901/1808
f 1424/1903/1810 817/1904/1811 1423/1901/1808
f 1429/1893/1800 812/1892/1799 816/1900/1807
f 2417/1905/1812 632/1906/1377 7/1907/1376
f 819/1908/1813 1419/1909/1814 818/1910/1815
f 1419/1909/1814 1407/1911/1816 818/1910/1815
f 1415/1912/1817 1418/1913/1818 2562/1914/1819
f 821/1915/1820 1415/1912/1817 1413/1916/1821
f 820/1917/1822 1416/1478/1394 823/1918/1823
f 1415/1912/1817 821/1915/1820 819/1908/1813
f 1406/1919/1824 822/1920/1825 1414/1921/1826
f 1413/1916/1821 820/1917/1822 822/1920/1825
f 1412/1480/1396 1411/1486/1402 825/1922/1827
f 1412/1480/1396 851/1923/1828 824/1924/1829
f 1620/1476/1392 1616/1483/1399 1411/1486/1402
f 1400/1925/1830 1411/1486/1402 852/1926/1831
f 1410/1484/1400 826/1927/1832 852/1926/1831
f 2544/1928/1833 831/1929/1834 832/1930/1835
f 830/1491/1407 639/1490/1406 2454/1931/1836
f 1392/1932/1837 1395/1933/1838 833/1934/1839
f 835/1935/1840 834/1936/1841 1610/1399/1315
f 834/1936/1841 833/1937/1839 1612/1938/1842
f 1409/1939/1843 1429/1893/1800 1422/1902/1809
f 1408/1940/1844 813/1894/1801 1409/1939/1843
f 813/1894/1801 1408/1940/1844 1574/1559/1473
f 1422/1902/1809 1421/1941/1845 838/1942/1846
f 842/1943/1847 1409/1939/1843 838/1942/1846
f 840/1944/1848 839/1945/1849 836/1946/1850
f 1407/1911/1816 846/1947/1851 841/1948/1852
f 838/1942/1846 839/1945/1849 842/1943/1847
f 844/1949/1853 843/1950/1854 839/1945/1849
f 840/1944/1848 841/1948/1852 845/1951/1855
f 844/1949/1853 860/1952/1856 843/1950/1854
f 846/1947/1851 847/1953/1857 841/1948/1852
f 1414/1921/1826 824/1924/1829 1406/1919/1824
f 1405/1954/1858 822/1920/1825 1403/1955/1859
f 1403/1955/1859 846/1947/1851 1405/1954/1858
f 847/1953/1857 846/1947/1851 1403/1955/1859
f 849/1956/1860 1404/1957/1861 1402/1958/1862
f 849/1956/1860 850/1959/1863 847/1953/1857
f 851/1923/1828 1401/1960/1864 1384/1961/1865
f 1400/1925/1830 1401/1960/1864 825/1922/1827
f 1398/1962/1866 1399/1963/1867 852/1926/1831
f 828/1964/1868 832/1930/1835 2486/1965/1869
f 853/1966/1870 829/1967/1871 2486/1965/1869
f 853/1968/1870 1397/1969/1872 1378/1970/1873
f 832/1930/1835 831/1929/1834 1396/1971/1874
f 854/1972/1875 856/1973/1876 1396/1974/1874
f 856/1973/1876 854/1972/1875 1394/1975/1877
f 1392/1932/1837 834/1976/1841 1391/1977/1878
f 1391/1977/1878 857/1978/1879 2485/1979/1880
f 870/1980/1881 855/1981/1882 2485/1979/1880
f 2418/1982/1883 858/1983/1884 835/1984/1840
f 859/1985/1885 1386/1986/1886 1389/1987/1887
f 1386/1988/1886 1408/1940/1844 1388/1989/1888
f 859/1990/1885 1390/1583/1495 1386/1988/1886
f 1385/1991/1889 1387/1992/1890 845/1951/1855
f 1385/1991/1889 2461/1993/1891 1387/1992/1890
f 1385/1994/1889 2506/1995/1892 2461/1996/1891
f 847/1953/1857 850/1959/1863 845/1951/1855
f 2517/1997/1893 1402/1958/1862 1384/1961/1865
f 1385/1991/1889 850/1959/1863 2517/1997/1893
f 1384/1998/1865 1382/1999/1894 861/2000/1895
f 1382/1999/1894 1384/1998/1865 1401/2001/1864
f 1400/2002/1830 1380/2003/1896 1401/2001/1864
f 1398/2004/1866 862/2005/1897 1399/2006/1867
f 1398/2004/1866 853/1968/1870 862/2005/1897
f 1357/2007/1898 863/2008/1899 1378/1970/1873
f 1377/2009/1900 856/1973/1876 865/2010/1901
f 1377/2009/1900 864/2011/1902 1396/1974/1874
f 1376/2012/1903 1375/2013/1904 1378/1970/1873
f 1374/2014/1905 1373/2015/1906 868/2016/1907
f 1373/2015/1906 1376/2012/1903 1377/2009/1900
f 1375/2013/1904 1376/2012/1903 1373/2015/1906
f 1357/2007/1898 1375/2013/1904 1354/2017/1908
f 865/2010/1901 1393/2018/1909 867/2019/1910
f 865/2010/1901 867/2019/1910 1373/2015/1906
f 867/2019/1910 866/2020/1911 871/2021/1912
f 905/2022/1913 869/2023/1914 1372/2024/1915
f 871/2021/1912 1372/2024/1915 867/2019/1910
f 870/1980/1881 857/1978/1879 1371/2025/1916
f 872/2026/1917 1371/2025/1916 1345/2027/1918
f 873/2028/1919 858/1983/1884 2419/2029/1920
f 859/1985/1885 1389/1987/1887 874/2030/1921
f 876/2031/1922 877/2032/1923 874/2030/1921
f 875/1602/1509 877/2032/1923 1370/1608/1515
f 912/2033/1924 696/1644/1551 1341/2034/1925
f 877/2032/1923 876/2031/1922 879/2035/1926
f 1339/2036/1927 1340/2037/1928 1369/2038/1929
f 1342/2039/1930 2420/2040/1931 1286/2041/1932
f 1369/2038/1929 884/2042/1933 1339/2036/1927
f 882/2043/1934 861/2000/1895 1368/2044/1935
f 1368/2044/1935 881/2045/1936 1367/2046/1937
f 883/2047/1938 1383/2048/1939 882/2043/1934
f 882/2043/1934 1366/2049/1940 883/2047/1938
f 885/2050/1941 1366/2049/1940 882/2043/1934
f 1365/2051/1942 886/2052/1943 1366/2049/1940
f 1368/2044/1935 1367/2046/1937 885/2050/1941
f 1366/2049/1940 885/2050/1941 888/2053/1944
f 884/2042/1933 880/2054/1945 913/2055/1946
f 886/2052/1943 880/2054/1945 884/2042/1933
f 891/2056/1947 887/2057/1948 1332/2058/1949
f 1364/2059/1950 881/2045/1936 861/2000/1895
f 893/2060/1951 1364/2059/1950 1381/2061/1952
f 893/2060/1951 1362/2062/1953 1363/2063/1954
f 889/2064/1955 892/2065/1956 1363/2063/1954
f 1361/2066/1957 895/2067/1958 1381/2061/1952
f 897/2068/1959 924/2069/1960 895/2067/1958
f 1379/2070/1961 862/2005/1897 1360/2071/1962
f 1360/2071/1962 896/2072/1963 1379/2070/1961
f 900/2073/1964 1358/2074/1965 898/2075/1966
f 1359/2076/1967 1315/2077/1968 2470/2078/1969
f 1314/2079/1970 1315/2077/1968 1359/2076/1967
f 863/2008/1899 1357/2007/1898 1356/2080/1971
f 1311/2081/1972 899/2082/1973 1355/2083/1974
f 902/2084/1975 1354/2017/1908 1353/2085/1976
f 1355/2083/1974 902/2084/1975 1353/2085/1976
f 1353/2085/1976 1352/2086/1977 904/2087/1978
f 930/2088/1979 1355/2083/1974 1351/2089/1980
f 904/2087/1978 1352/2086/1977 907/2090/1981
f 1351/2089/1980 903/2091/1982 1303/2092/1983
f 1302/2093/1984 1301/2094/1985 904/2087/1978
f 871/2021/1912 1344/2095/1986 1372/2024/1915
f 868/2016/1907 1350/2096/1987 1352/2086/1977
f 1349/2097/1988 1348/2098/1989 905/2022/1913
f 871/2021/1912 872/2026/1917 1344/2095/1986
f 1350/2096/1987 905/2022/1913 906/2099/1990
f 1350/2096/1987 906/2099/1990 907/2090/1981
f 1347/2100/1991 908/2101/1992 906/2099/1990
f 1349/2097/1988 1346/2102/1993 1348/2098/1989
f 910/2103/1994 2588/2104/1995 1342/2039/1930
f 1344/2095/1986 909/2105/1996 1346/2102/1993
f 2447/2106/1997 940/2107/1998 1289/2108/1999
f 1342/2039/1930 873/2028/1919 2420/2040/1931
f 2588/2104/1995 910/2103/1994 1345/2027/1918
f 1286/2041/1932 1343/2109/2000 1342/2039/1930
f 911/2110/2001 1341/2034/1925 2530/2111/2002
f 1341/2034/1925 911/2110/2001 912/2033/1924
f 1341/2034/1925 690/1609/1516 878/2112/2003
f 1340/2037/1928 1338/2113/2004 2530/2111/2002
f 1340/2037/1928 1337/2114/2005 1338/2113/2004
f 913/2055/1946 1333/2115/2006 1336/2116/2007
f 1337/2114/2005 1336/2116/2007 914/2117/2008
f 1331/2118/2009 1334/2119/2010 880/2054/1945
f 913/2055/1946 1334/2119/2010 1333/2115/2006
f 2456/2120/2011 1334/2119/2010 1330/2121/2012
f 916/2122/2013 1329/2123/2014 1330/2121/2012
f 916/2122/2013 918/2124/2015 1273/2125/2016
f 915/2126/2017 1332/2058/1949 889/2064/1955
f 1328/2127/2018 1362/2062/1953 1327/2128/2019
f 918/2124/2015 916/2122/2013 915/2126/2017
f 1328/2127/2018 1327/2128/2019 1326/2129/2020
f 2500/2130/2021 920/2131/2022 1323/2132/2023
f 1323/2132/2023 950/2133/2024 918/2124/2015
f 921/2134/2025 920/2131/2022 1324/2135/2026
f 1324/2135/2026 923/2136/2027 922/2137/2028
f 923/2136/2027 1324/2135/2026 2500/2130/2021
f 1322/2138/2029 1320/2139/2030 2539/2140/2031
f 1320/2139/2030 1322/2138/2029 1317/2141/2032
f 925/2142/2033 1320/2139/2030 926/2143/2034
f 1319/2144/2035 2500/2130/2021 927/2145/2036
f 925/2142/2033 1318/2146/2037 1316/2147/2038
f 1272/2148/2039 923/2136/2027 1316/2147/2038
f 1318/2146/2037 926/2143/2034 968/2149/2040
f 1322/2138/2029 1315/2077/1968 1314/2079/1970
f 1322/2138/2029 1313/2150/2041 1317/2141/2032
f 1314/2079/1970 929/2151/2042 1313/2150/2041
f 936/2152/2043 1265/2153/2044 2593/2154/2045
f 2593/2154/2045 971/2155/2046 934/2156/2047
f 930/2088/1979 932/2157/2048 1311/2081/1972
f 1309/2158/2049 1310/2159/2050 1308/2160/2051
f 932/2157/2048 1300/2161/2052 1307/2162/2053
f 1358/2074/1965 1309/2158/2049 929/2151/2042
f 933/2163/2054 1307/2162/2053 1308/2160/2051
f 1309/2158/2049 1308/2160/2051 935/2164/2055
f 1307/2162/2053 1306/2165/2056 935/2164/2055
f 936/2152/2043 934/2156/2047 1305/2166/2057
f 935/2164/2055 1304/2167/2058 977/2168/2059
f 1305/2166/2057 977/2168/2059 978/2169/2060
f 1303/2092/1983 1300/2161/2052 932/2157/2048
f 1298/2170/2061 1302/2093/1984 937/2171/2062
f 1306/2165/2056 1300/2161/2052 1299/2172/2063
f 1299/2172/2063 1301/2094/1985 1302/2093/1984
f 1306/2165/2056 1299/2172/2063 984/2173/2064
f 908/2101/1992 1297/2174/2065 907/2090/1981
f 1346/2102/1993 1289/2108/1999 1296/2175/2066
f 1295/2176/2067 1297/2174/2065 908/2101/1992
f 908/2101/1992 1347/2100/1991 1296/2175/2066
f 1297/2174/2065 1295/2176/2067 1293/2177/2068
f 1295/2176/2067 1296/2175/2066 2587/2178/2069
f 1295/2176/2067 1294/2179/2070 1293/2177/2068
f 1293/2177/2068 1290/2180/2071 937/2171/2062
f 1292/2181/2072 1294/2179/2070 938/2182/2073
f 1290/2180/2071 1293/2177/2068 939/2183/2074
f 1289/2108/1999 941/2184/2075 1296/2175/2066
f 1288/2185/2076 941/2184/2075 940/2107/1998
f 2587/2178/2069 941/2184/2075 1291/2186/2077
f 1287/2187/2078 1251/2188/2079 1288/2185/2076
f 2421/2189/2080 1287/2187/2078 1286/2041/1932
f 1287/2187/2078 2421/2189/2080 990/2190/2081
f 912/2033/1924 2531/2191/2082 1535/1648/1555
f 1535/1648/1555 1512/1696/1603 730/1692/1599
f 1510/2192/2083 1512/1696/1603 2531/2191/2082
f 943/2193/2084 1285/2194/2085 991/1736/1643
f 1509/1702/1609 1510/2192/2083 944/1704/1611
f 1249/2195/2086 991/1736/1643 1250/2196/2087
f 1284/2197/2088 1335/2198/2089 945/2199/2090
f 914/2117/2008 1333/2115/2006 2456/2120/2011
f 1282/2200/2091 1281/2201/2092 1283/2202/2093
f 1284/2197/2088 1283/2202/2093 1281/2201/2092
f 993/2203/2094 1280/2204/2095 2472/2205/2096
f 947/2206/2097 994/2207/2098 993/2203/2094
f 953/2208/2099 1329/2123/2014 916/2122/2013
f 953/2208/2099 1276/2209/2100 948/2210/2101
f 1276/2209/2100 949/2211/2102 1274/2212/2103
f 949/2211/2102 964/2213/2104 1266/2214/2105
f 1275/2215/2106 1244/2216/2107 994/2207/2098
f 1273/2125/2016 950/2133/2024 954/2217/2108
f 921/2134/2025 955/2218/2109 950/2133/2024
f 952/2219/2110 956/2220/2111 922/2137/2028
f 1271/2221/2112 958/2222/2113 960/2223/2114
f 955/2218/2109 959/2224/2115 961/2225/2116
f 1269/2226/2117 959/2224/2115 951/2227/2118
f 961/2225/2116 964/2213/2104 2537/2228/2119
f 961/2225/2116 962/2229/2120 964/2213/2104
f 2538/2230/2121 965/2231/2122 952/2219/2110
f 970/2232/2123 965/2231/2122 957/2233/2124
f 970/2232/2123 967/2234/2125 966/2235/2126
f 1266/2214/2105 1268/2236/2127 966/2235/2126
f 966/2235/2126 1267/2237/2128 965/2231/2122
f 1317/2141/2032 1312/2238/2129 968/2149/2040
f 968/2149/2040 957/2233/2124 928/2239/2130
f 969/2240/2131 970/2232/2123 968/2149/2040
f 1004/2241/2132 969/2240/2131 975/2242/2133
f 1313/2150/2041 971/2155/2046 1312/2238/2129
f 936/2152/2043 1259/2243/2134 1265/2153/2044
f 1263/2244/2135 1260/2245/2136 1264/2246/2137
f 974/2247/2138 972/2248/2139 1258/2249/2140
f 1256/2250/2141 1262/2251/2142 974/2247/2138
f 1261/2252/2143 1263/2244/2135 2594/2253/2144
f 1235/2254/2145 975/2242/2133 1260/2245/2136
f 976/2255/2146 1260/2245/2136 1261/2252/2143
f 1008/2256/2147 1235/2254/2145 976/2255/2146
f 976/2255/2146 1261/2252/2143 1007/2257/2148
f 1259/2243/2134 936/2152/2043 978/2169/2060
f 979/2258/2149 977/2168/2059 980/2259/2150
f 978/2169/2060 1258/2249/2140 1259/2243/2134
f 1257/2260/2151 979/2258/2149 981/2261/2152
f 982/2262/2153 981/2261/2152 980/2259/2150
f 1262/2251/2142 1256/2250/2141 1007/2257/2148
f 1257/2260/2151 981/2261/2152 1255/2263/2154
f 985/2264/2155 982/2262/2153 1304/2167/2058
f 1254/2265/2156 984/2173/2064 1298/2170/2061
f 982/2262/2153 980/2259/2150 1304/2167/2058
f 985/2264/2155 984/2173/2064 1254/2265/2156
f 1014/2266/2157 986/2267/2158 1252/2268/2159
f 983/2269/2160 986/2267/2158 1253/2270/2161
f 985/2264/2155 1254/2265/2156 983/2269/2160
f 1253/2270/2161 1255/2263/2154 982/2262/2153
f 1291/2186/2077 942/2271/2162 2489/2272/2163
f 1290/2180/2071 939/2183/2074 983/2269/2160
f 1014/2266/2157 1252/2268/2159 987/2273/2164
f 1251/2188/2079 987/2273/2164 2489/2272/2163
f 989/2274/2165 987/2273/2164 1251/2188/2079
f 1250/2196/2087 1285/2194/2085 946/2275/2166
f 996/2276/2167 992/2277/2168 1250/2196/2087
f 1229/2278/2169 991/1736/1643 1248/2279/2170
f 996/2276/2167 1246/2280/2171 992/2277/2168
f 994/2207/2098 1247/2281/2172 993/2203/2094
f 2473/2282/2173 1247/2281/2172 1245/2283/2174
f 1280/2204/2095 995/2284/2175 946/2275/2166
f 997/2285/2176 1245/2283/2174 998/2286/2177
f 1245/2283/2174 996/2276/2167 995/2284/2175
f 1245/2283/2174 997/2285/2176 996/2276/2167
f 1244/2216/2107 999/2287/2178 998/2286/2177
f 1244/2216/2107 1274/2212/2103 999/2287/2178
f 1001/2288/2179 1000/2289/2180 999/2287/2178
f 1266/2214/2105 966/2235/2126 999/2287/2178
f 1242/2290/2181 1002/2291/2182 967/2234/2125
f 966/2235/2126 1002/2291/2182 1243/2292/2183
f 1239/2293/2184 967/2234/2125 1241/2294/2185
f 1240/2295/2186 1238/2296/2187 1006/2297/2188
f 1006/2297/2188 1238/2296/2187 1005/2298/2189
f 1237/2299/2190 1239/2293/2184 1241/2294/2185
f 1006/2297/2188 1236/2300/2191 1237/2299/2190
f 1235/2254/2145 1234/2301/2192 975/2242/2133
f 1235/2254/2145 1008/2256/2147 1233/2302/2193
f 1007/2257/2148 1232/2303/2194 1008/2256/2147
f 1005/2298/2189 1238/2296/2187 1233/2302/2193
f 1232/2303/2194 1011/2304/2195 1005/2298/2189
f 1010/2305/2196 1256/2250/2141 1255/2263/2154
f 1012/2306/2197 1255/2263/2154 1013/2307/2198
f 1012/2306/2197 1013/2307/2198 2568/2308/2199
f 2568/2308/2199 1013/2307/2198 1231/2309/2200
f 1015/2310/2201 1231/2309/2200 1014/2266/2157
f 988/2311/2202 1016/2312/2203 989/2274/2165
f 2479/2313/2204 1017/2314/2205 1228/2315/2206
f 2479/2313/2204 1246/2280/2171 1225/2316/2207
f 1228/2315/2206 1227/2317/2208 1226/2318/2209
f 1227/2317/2208 1228/2315/2206 1017/2314/2205
f 1246/2280/2171 997/2285/2176 1225/2316/2207
f 1225/2316/2207 2547/2319/2210 1222/2320/2211
f 1018/2321/2212 1222/2320/2211 1031/2322/2213
f 1027/2323/2214 1020/2324/2215 1221/2325/2216
f 1019/2326/2217 1223/2327/2218 1224/2328/2219
f 1000/2289/2180 1224/2328/2219 997/2285/2176
f 1217/2329/2220 1019/2326/2217 1219/2330/2221
f 1242/2290/2181 1215/2331/2222 1003/2332/2223
f 1218/2333/2224 1220/2334/2225 1216/2335/2226
f 1239/2293/2184 1214/2336/2227 1021/2337/2228
f 1212/2338/2229 1011/2304/2195 1009/2339/2230
f 1214/2336/2227 1236/2300/2191 1011/2304/2195
f 1012/2306/2197 1209/2340/2231 1210/2341/2232
f 1209/2340/2231 1195/2342/2233 1197/2343/2234
f 1208/2344/2235 1015/2310/2201 1037/2345/2236
f 1023/2346/2237 1037/2345/2236 1230/2347/2238
f 1226/2318/2209 1227/2317/2208 2455/2348/2239
f 1024/2349/2240 1206/2350/2241 2455/2348/2239
f 1205/2351/2242 1024/2349/2240 1029/2352/2243
f 1481/1786/1693 1206/2350/2241 1480/1784/1691
f 1204/2353/2244 1025/2354/2245 1206/2350/2241
f 1205/2351/2242 1204/2353/2244 1024/2349/2240
f 1204/2353/2244 1205/2351/2242 1026/2355/2246
f 1030/2356/2247 1201/2357/2248 1026/2355/2246
f 1204/2353/2244 1026/2355/2246 1192/2358/2249
f 1204/2353/2244 1039/2359/2250 1025/2354/2245
f 2484/2360/2251 1203/2361/2252 1199/2362/2253
f 2484/2360/2251 1020/2324/2215 1027/2323/2214
f 1201/2357/2248 1030/2356/2247 1032/2363/2254
f 1031/2322/2213 1222/2320/2211 1200/2364/2255
f 1032/2363/2254 1029/2352/2243 1031/2322/2213
f 1033/2365/2256 1200/2364/2255 1199/2362/2253
f 1033/2365/2256 1199/2362/2253 1183/2366/2257
f 1216/2335/2226 1022/2367/2258 1027/2323/2214
f 1036/2368/2259 1035/2369/2260 1021/2337/2228
f 1049/2370/2261 1028/2371/2262 1035/2369/2260
f 1036/2368/2259 1181/2372/2263 1035/2369/2260
f 1211/2373/2264 1198/2374/2265 1036/2368/2259
f 1180/2375/2266 1196/2376/2267 1197/2343/2234
f 1195/2342/2233 1193/2377/2268 1055/2378/2269
f 1193/2377/2268 1195/2342/2233 1209/2340/2231
f 1194/2379/2270 1193/2377/2268 1208/2344/2235
f 1194/2379/2270 1054/2380/2271 1055/2378/2269
f 1178/2381/2272 1037/2345/2236 1202/2382/2273
f 1040/2383/2274 1038/2384/2275 1041/2385/2276
f 1039/2359/2250 1190/2386/2277 1475/1795/1702
f 1191/2387/2278 1192/2358/2249 1040/2383/2274
f 1190/2386/2277 1191/2387/2278 1189/2388/2279
f 1189/2388/2279 1040/2383/2274 1188/2389/2280
f 1040/2383/2274 1041/2385/2276 1187/2390/2281
f 1042/1796/1703 1190/2386/2277 1057/2391/2282
f 1034/2392/2283 1203/2361/2252 1045/2393/2284
f 1186/2394/2285 1063/2395/2286 1043/2396/2287
f 1186/2394/2285 1043/2396/2287 1044/2397/2288
f 1045/2393/2284 1064/2398/2289 1186/2394/2285
f 1185/2399/2290 1203/2361/2252 1028/2371/2262
f 2427/2400/2291 1184/2401/2292 2428/2402/2293
f 2429/2403/2294 1056/2404/2295 1184/2401/2292
f 1178/2381/2272 1202/2382/2273 2428/2402/2293
f 1034/2392/2283 1186/2394/2285 1044/2397/2288
f 1185/2399/2290 1182/2405/2296 2545/2406/2297
f 1182/2405/2296 1185/2399/2290 1049/2370/2261
f 1182/2405/2296 1048/2407/2298 2545/2406/2297
f 1051/2408/2299 1050/2409/2300 1181/2372/2263
f 1051/2408/2299 1073/2410/2301 1050/2409/2300
f 1072/2411/2302 1051/2408/2299 1052/2412/2303
f 1180/2375/2266 1055/2378/2269 1163/2413/2304
f 1053/2414/2305 1052/2412/2303 1180/2375/2266
f 1042/1796/1703 1057/2391/2282 1058/2415/2306
f 1177/2416/2307 1057/2391/2282 1188/2389/2280
f 1175/2417/2308 1174/2418/2309 1058/2415/2306
f 1177/2416/2307 1059/2419/2310 1060/2420/2311
f 2570/2421/2312 1059/2419/2310 1061/2422/2313
f 1175/2417/2308 1060/2420/2311 1062/2423/2314
f 1174/2418/2309 796/2424/2315 793/1835/1742
f 1173/2425/2316 1174/2418/2309 1062/2423/2314
f 1062/2423/2314 2570/2421/2312 1061/2422/2313
f 1064/2398/2289 1046/2426/2317 1047/2427/2318
f 1067/2428/2319 1171/2429/2320 1063/2395/2286
f 1061/2422/2313 1176/2430/2321 1171/2429/2320
f 1067/2428/2319 1069/2431/2322 1171/2429/2320
f 1047/2427/2318 1048/2407/2298 1170/2432/2323
f 1066/2433/2324 1067/2428/2319 1170/2432/2323
f 1068/2434/2325 1066/2433/2324 1065/2435/2326
f 1069/2431/2322 1067/2428/2319 1066/2433/2324
f 1070/2436/2327 1169/2437/2328 1066/2433/2324
f 1179/2438/2329 1056/2404/2295 1161/2439/2330
f 1167/2440/2331 1065/2435/2326 1048/2407/2298
f 1167/2440/2331 1182/2405/2296 1050/2409/2300
f 1050/2409/2300 1165/2441/2332 1167/2440/2331
f 1053/2414/2305 1164/2442/2333 1052/2412/2303
f 1173/2425/2316 1062/2423/2314 1172/2443/2334
f 1158/2444/2335 1075/2445/2336 1160/2446/2337
f 1172/2443/2334 1061/2422/2313 1160/2446/2337
f 1154/2447/2338 1076/2448/2339 1075/2445/2336
f 1088/2449/2340 1159/2450/2341 1087/2451/2342
f 1158/2444/2335 1169/2437/2328 1157/2452/2343
f 1156/2453/2344 1157/2452/2343 1070/2436/2327
f 1156/2453/2344 1071/2454/2345 1166/2455/2346
f 1157/2452/2343 1154/2447/2338 1158/2444/2335
f 1153/2456/2347 1154/2447/2338 1156/2453/2344
f 1156/2453/2344 1155/2457/2348 1153/2456/2347
f 1154/2447/2338 1153/2456/2347 1076/2448/2339
f 1159/2450/2341 1076/2448/2339 1077/2458/2349
f 1079/2459/2350 1107/2460/2351 1147/2461/2352
f 1079/2459/2350 1153/2456/2347 1081/2462/2353
f 1162/2463/2354 1161/2439/2330 1168/2464/2355
f 1080/2465/2356 2546/2466/2357 1082/2467/2358
f 1073/2410/2301 1083/2468/2359 1165/2441/2332
f 1073/2410/2301 1084/2469/2360 1083/2468/2359
f 2432/2470/2361 1152/2471/2362 1168/2464/2355
f 1164/2442/2333 1162/2463/2354 1152/2471/2362
f 1152/2471/2362 1110/2472/2363 1151/2473/2364
f 1149/2474/2365 1101/2475/2366 1148/2476/2367
f 1150/2477/2368 1085/2478/2369 806/1867/1774
f 1085/2478/2369 1134/2479/2370 1115/2480/2371
f 1134/2479/2370 1085/2478/2369 1148/2476/2367
f 1145/2481/2372 1089/2482/2373 1092/2483/2374
f 1090/2484/2375 1147/2461/2352 1091/2485/2376
f 1088/2449/2340 1094/2486/2377 1093/2487/2378
f 1088/2449/2340 1093/2487/2378 1092/2483/2374
f 1093/2487/2378 1098/2488/2379 1097/2489/2380
f 1101/2475/2366 1149/2474/2365 1145/2481/2372
f 1143/2490/2381 1091/2485/2376 1100/2491/2382
f 1096/2492/2383 1144/2493/2384 1145/2481/2372
f 1143/2490/2381 1100/2491/2382 2453/2494/2385
f 1105/2495/2386 1103/2496/2387 1139/2497/2388
f 2453/2494/2385 1100/2491/2382 1139/2497/2388
f 1140/2498/2389 1137/2499/2390 1148/2476/2367
f 1106/2500/2391 1132/2501/2392 1139/2497/2388
f 1106/2500/2391 1139/2497/2388 1100/2491/2382
f 1079/2459/2350 1081/2462/2353 1136/2502/2393
f 1136/2502/2393 1138/2503/2394 1107/2460/2351
f 1152/2471/2362 2432/2470/2361 1110/2472/2363
f 2435/2504/2395 2436/2505/2396 1110/2472/2363
f 1081/2462/2353 1111/2506/2397 1136/2502/2393
f 1111/2506/2397 1113/2507/2398 1112/2508/2399
f 1083/2468/2359 1114/2509/2400 1113/2507/2398
f 1135/2510/2401 1127/2511/2402 1126/2512/2403
f 1109/2513/2404 1135/2510/2401 1108/2514/2405
f 2499/2515/2406 1086/2516/2407 1115/2480/2371
f 1115/2480/2371 1116/2517/2408 2499/2515/2406
f 1133/2518/2409 1118/2519/2410 1117/2520/2411
f 1137/2499/2390 1132/2501/2392 1134/2479/2370
f 1118/2519/2410 1133/2518/2409 1134/2479/2370
f 1130/2521/2412 1118/2519/2410 1131/2522/2413
f 1117/2520/2411 1116/2517/2408 1133/2518/2409
f 1135/2510/2401 1109/2513/2404 1127/2511/2402
f 2437/2523/2414 1126/2512/2403 1127/2511/2402
f 1106/2500/2391 1138/2503/2394 1125/2524/2415
f 1125/2524/2415 1112/2508/2399 1129/2525/2416
f 1114/2509/2400 1128/2526/2417 1120/2527/2418
f 1124/2528/2419 1116/2517/2408 1117/2520/2411
f 1117/2520/2411 1123/1889/1796 1124/2528/2419
f 1121/2529/2420 1130/2521/2412 2444/2530/2421
f 2444/2530/2421 1130/2521/2412 1122/2531/2422
f 1128/2526/2417 2441/2532/2423 1119/2533/2424
f 2440/2534/2425 1122/2531/2422 2442/2535/2426
f 1123/1889/1796 1121/2529/2420 2443/2536/2427
f 2441/2532/2423 1128/2526/2417 2569/2537/2428
f 2444/2530/2421 1122/2531/2422 2440/2534/2425
f 1130/2521/2412 1121/2529/2420 1117/2520/2411
f 2434/2538/2429 2439/2539/2430 1109/2513/2404
f 2437/2523/2414 2438/2540/2431 2569/2537/2428
f 1114/2509/2400 1126/2512/2403 1128/2526/2417
f 1122/2531/2422 1129/2525/2416 1119/2533/2424
f 1131/2522/2413 1125/2524/2415 1130/2521/2412
f 1125/2524/2415 1131/2522/2413 1106/2500/2391
f 1084/2469/2360 1151/2473/2364 1135/2510/2401
f 1083/2468/2359 1113/2507/2398 1082/2467/2358
f 1138/2503/2394 1136/2502/2393 1112/2508/2399
f 1080/2465/2356 1082/2467/2358 1081/2462/2353
f 2434/2538/2429 1109/2513/2404 1108/2514/2405
f 1140/2498/2389 1105/2495/2386 1137/2499/2390
f 1103/2496/2387 1105/2495/2386 1140/2498/2389
f 1144/2493/2384 1142/2541/2432 1102/2542/2433
f 1102/2542/2433 1101/2475/2366 1144/2493/2384
f 1095/2543/2434 1143/2490/2381 1099/2544/2435
f 2453/2494/2385 1104/2545/2436 1141/2546/2437
f 1141/2546/2437 1096/2492/2383 1097/2489/2380
f 1091/2485/2376 1143/2490/2381 1095/2543/2434
f 1090/2484/2375 1095/2543/2434 1094/2486/2377
f 1146/2547/2438 1087/2451/2342 1147/2461/2352
f 1146/2547/2438 1094/2486/2377 1088/2449/2340
f 1088/2449/2340 1087/2451/2342 1146/2547/2438
f 1077/2458/2349 1078/2548/2439 1147/2461/2352
f 1159/2450/2341 1088/2449/2340 1089/2482/2373
f 1086/2516/2407 807/2549/2440 806/1867/1774
f 807/2549/2440 1086/2516/2407 1440/1876/1783
f 1148/2476/2367 1085/2478/2369 1149/2474/2365
f 1150/2477/2368 1089/2482/2373 1149/2474/2365
f 1151/2473/2364 1084/2469/2360 1072/2411/2302
f 1155/2457/2348 1166/2455/2346 2546/2466/2357
f 2433/2550/2441 1168/2464/2355 1161/2439/2330
f 2431/2551/2442 1168/2464/2355 2433/2550/2441
f 1153/2456/2347 1079/2459/2350 1076/2448/2339
f 1156/2453/2344 1070/2436/2327 1071/2454/2345
f 1089/2482/2373 1150/2477/2368 1172/2443/2334
f 1172/2443/2334 1150/2477/2368 1074/1866/1773
f 1160/2446/2337 1069/2431/2322 1158/2444/2335
f 1446/1856/1763 803/2552/2443 1074/1866/1773
f 1179/2438/2329 1161/2439/2330 1162/2463/2354
f 1164/2442/2333 1053/2414/2305 1162/2463/2354
f 1084/2469/2360 1073/2410/2301 1072/2411/2302
f 1071/2454/2345 1167/2440/2331 2546/2466/2357
f 1167/2440/2331 1071/2454/2345 1065/2435/2326
f 1161/2439/2330 2429/2403/2294 2430/2553/2444
f 1174/2418/2309 1173/2425/2316 803/2552/2443
f 1060/2420/2311 1175/2417/2308 1057/2391/2282
f 1059/2419/2310 1177/2416/2307 1188/2389/2280
f 1059/2419/2310 1187/2390/2281 1176/2430/2321
f 1184/2401/2292 1056/2404/2295 1178/2381/2272
f 1178/2381/2272 1056/2404/2295 1054/2380/2271
f 1054/2380/2271 1179/2438/2329 1055/2378/2269
f 1196/2376/2267 1052/2412/2303 1198/2374/2265
f 1051/2408/2299 1181/2372/2263 1198/2374/2265
f 1034/2392/2283 1044/2397/2288 2589/2554/2445
f 1201/2357/2248 1183/2366/2257 1038/2384/2275
f 1046/2426/2317 2445/2555/2446 2545/2406/2297
f 1203/2361/2252 1185/2399/2290 1045/2393/2284
f 1064/2398/2289 1045/2393/2284 1046/2426/2317
f 1039/2359/2250 1191/2387/2278 1190/2386/2277
f 1191/2387/2278 1039/2359/2250 1192/2358/2249
f 1194/2379/2270 1037/2345/2236 1178/2381/2272
f 1197/2343/2234 1196/2376/2267 1211/2373/2264
f 1213/2556/2447 1036/2368/2259 1021/2337/2228
f 1027/2323/2214 1022/2367/2258 1028/2371/2262
f 1021/2337/2228 1022/2367/2258 1215/2331/2222
f 1199/2362/2253 1034/2392/2283 1183/2366/2257
f 1200/2364/2255 1033/2365/2256 1031/2322/2213
f 1205/2351/2242 1029/2352/2243 1030/2356/2247
f 1023/2346/2237 2424/2557/2448 1202/2382/2273
f 1227/2317/2208 1018/2321/2212 1207/2558/2449
f 1023/2346/2237 1016/2312/2203 2425/2559/2450
f 1016/2312/2203 1023/2346/2237 1230/2347/2238
f 1015/2310/2201 1208/2344/2235 1231/2309/2200
f 1009/2339/2230 1010/2305/2196 1210/2341/2232
f 1197/2343/2234 1211/2373/2264 1212/2338/2229
f 1214/2336/2227 1212/2338/2229 1213/2556/2447
f 1215/2331/2222 1242/2290/2181 1021/2337/2228
f 1237/2299/2190 1214/2336/2227 1239/2293/2184
f 1216/2335/2226 1221/2325/2216 1218/2333/2224
f 1221/2325/2216 1217/2329/2220 1219/2330/2221
f 1217/2329/2220 1020/2324/2215 1223/2327/2218
f 1218/2333/2224 1219/2330/2221 1220/2334/2225
f 1220/2334/2225 1001/2288/2179 1003/2332/2223
f 1001/2288/2179 1019/2326/2217 1000/2289/2180
f 1020/2324/2215 2484/2360/2251 1223/2327/2218
f 1017/2314/2205 1225/2316/2207 1018/2321/2212
f 988/2311/2202 2423/2560/2451 1016/2312/2203
f 2423/2560/2451 988/2311/2202 990/2190/2081
f 1015/2310/2201 1014/2266/2157 1230/2347/2238
f 1232/2303/2194 1007/2257/2148 1009/2339/2230
f 1236/2300/2191 1005/2298/2189 1011/2304/2195
f 1004/2241/2132 1234/2301/2192 1240/2295/2186
f 1241/2294/2185 967/2234/2125 1004/2241/2132
f 967/2234/2125 970/2232/2123 1004/2241/2132
f 1003/2332/2223 1243/2292/2183 1002/2291/2182
f 1002/2291/2182 966/2235/2126 967/2234/2125
f 1247/2281/2172 998/2286/2177 1245/2283/2174
f 1247/2281/2172 994/2207/2098 998/2286/2177
f 1280/2204/2095 993/2203/2094 2473/2282/2173
f 1249/2195/2086 992/2277/2168 1248/2279/2170
f 1229/2278/2169 1248/2279/2170 1228/2315/2206
f 990/2190/2081 8/2561/2452 2423/2560/2451
f 1287/2187/2078 988/2311/2202 1251/2188/2079
f 987/2273/2164 1252/2268/2159 2489/2272/2163
f 1252/2268/2159 939/2183/2074 938/2182/2073
f 1298/2170/2061 1290/2180/2071 1254/2265/2156
f 1255/2263/2154 1256/2250/2141 1257/2260/2151
f 1258/2249/2140 978/2169/2060 979/2258/2149
f 2594/2253/2144 1263/2244/2135 973/2562/2453
f 969/2240/2131 1312/2238/2129 1264/2246/2137
f 971/2155/2046 2593/2154/2045 973/2562/2453
f 972/2248/2139 974/2247/2138 1265/2153/2044
f 968/2149/2040 928/2239/2130 1318/2146/2037
f 2538/2230/2121 1272/2148/2039 928/2239/2130
f 1268/2236/2127 962/2229/2120 1267/2237/2128
f 965/2231/2122 963/2563/2454 956/2220/2111
f 959/2224/2115 1269/2226/2117 2501/2564/2455
f 955/2218/2109 961/2225/2116 958/2222/2113
f 951/2227/2118 959/2224/2115 955/2218/2109
f 955/2218/2109 958/2222/2113 950/2133/2024
f 1273/2125/2016 954/2217/2108 953/2208/2099
f 952/2219/2110 1272/2148/2039 2538/2230/2121
f 952/2219/2110 922/2137/2028 923/2136/2027
f 922/2137/2028 951/2227/2118 921/2134/2025
f 950/2133/2024 1323/2132/2023 920/2131/2022
f 1274/2212/2103 1244/2216/2107 1275/2215/2106
f 1282/2200/2091 948/2210/2101 1275/2215/2106
f 1276/2209/2100 1274/2212/2103 948/2210/2101
f 949/2211/2102 1277/2565/2456 2537/2228/2119
f 1282/2200/2091 2456/2120/2011 1329/2123/2014
f 1279/2566/2457 1278/2567/2458 953/2208/2099
f 954/2217/2108 1271/2221/2112 1270/2568/2459
f 1278/2567/2458 1277/2565/2456 949/2211/2102
f 1278/2567/2458 1279/2566/2457 1277/2565/2456
f 1282/2200/2091 947/2206/2097 1281/2201/2092
f 946/2275/2166 1281/2201/2092 1280/2204/2095
f 1284/2197/2088 945/2199/2090 1283/2202/2093
f 1336/2116/2007 1333/2115/2006 914/2117/2008
f 1285/2194/2085 943/2193/2084 2531/2191/2082
f 1285/2194/2085 912/2033/1924 1284/2197/2088
f 1291/2186/2077 941/2184/2075 942/2271/2162
f 1288/2185/2076 940/2107/1998 1343/2109/2000
f 1343/2109/2000 940/2107/1998 910/2103/1994
f 1300/2161/2052 1303/2092/1983 1301/2094/1985
f 1308/2160/2051 931/2569/2460 933/2163/2054
f 932/2157/2048 1307/2162/2053 933/2163/2054
f 1308/2160/2051 1310/2159/2050 931/2569/2460
f 900/2073/1964 1310/2159/2050 1358/2074/1965
f 1314/2079/1970 898/2075/1966 929/2151/2042
f 1319/2144/2035 927/2145/2036 925/2142/2033
f 927/2145/2036 917/2570/2461 1321/2571/2462
f 925/2142/2033 924/2069/1960 1320/2139/2030
f 925/2142/2033 1321/2571/2462 924/2069/1960
f 897/2068/1959 1315/2077/1968 2539/2140/2031
f 1327/2128/2019 894/2572/2463 1321/2571/2462
f 919/2573/2464 1323/2132/2023 1326/2129/2020
f 1326/2129/2020 917/2570/2461 919/2573/2464
f 1325/2574/2465 918/2124/2015 2466/2575/2466
f 1326/2129/2020 1325/2574/2465 1328/2127/2018
f 915/2126/2017 1330/2121/2012 1332/2058/1949
f 1332/2058/1949 1331/2118/2009 891/2056/1947
f 1363/2063/1954 1328/2127/2018 2466/2575/2466
f 1331/2118/2009 890/2576/2467 891/2056/1947
f 1286/2041/1932 2422/2577/2468 2421/2189/2080
f 1339/2036/1927 1336/2116/2007 1340/2037/1928
f 1335/2198/2089 911/2110/2001 1338/2113/2004
f 1349/2097/1988 1344/2095/1986 1346/2102/1993
f 2447/2106/1997 909/2105/1996 1345/2027/1918
f 1352/2086/1977 1354/2017/1908 1374/2014/1905
f 1350/2096/1987 868/2016/1907 905/2022/1913
f 907/2090/1981 1302/2093/1984 904/2087/1978
f 1351/2089/1980 1353/2085/1976 903/2091/1982
f 902/2084/1975 1355/2083/1974 899/2082/1973
f 931/2569/2460 901/2578/2469 1311/2081/1972
f 1310/2159/2050 900/2073/1964 901/2578/2469
f 901/2578/2469 1356/2080/1971 899/2082/1973
f 863/2008/1899 1356/2080/1971 862/2005/1897
f 1360/2071/1962 898/2075/1966 1359/2076/1967
f 1360/2071/1962 1359/2076/1967 896/2072/1963
f 1361/2066/1957 896/2072/1963 897/2068/1959
f 1362/2062/1953 893/2060/1951 894/2572/2463
f 1381/2061/1952 1380/2003/1896 1361/2066/1957
f 892/2065/1956 889/2064/1955 1367/2046/1937
f 893/2060/1951 892/2065/1956 1364/2059/1950
f 891/2056/1947 888/2053/1944 887/2057/1948
f 1383/2048/1939 883/2047/1938 2506/1995/1892
f 884/2042/1933 1369/2038/1929 2506/1995/1892
f 876/2031/1922 1389/1987/1887 1369/2038/1929
f 877/2032/1923 879/2035/1926 878/2112/2003
f 874/2030/1921 875/1602/1509 859/1985/1885
f 857/1978/1879 858/1983/1884 2588/2104/1995
f 857/1978/1879 1391/1977/1878 858/1983/1884
f 1371/2025/1916 872/2026/1917 870/1980/1881
f 1393/2018/1909 855/1981/1882 866/2020/1911
f 865/2010/1901 856/1973/1876 1393/2018/1909
f 1378/1970/1873 864/2011/1902 1376/2012/1903
f 1379/2070/1961 1380/2003/1896 1399/2006/1867
f 849/1956/1860 1402/1958/1862 2517/1997/1893
f 1388/1989/1888 860/1952/1856 2461/1993/1891
f 845/1951/1855 1387/1992/1890 844/1949/1853
f 2418/1982/1883 835/1984/1840 2417/1905/1812
f 1395/1933/1838 1392/1932/1837 855/1981/1882
f 855/1981/1882 1393/2018/1909 1395/1933/1838
f 1396/1971/1874 1397/2579/1872 2486/1965/1869
f 853/1966/1870 1398/1962/1866 829/1967/1871
f 848/2580/2470 1404/1957/1861 849/1956/1860
f 1404/1957/1861 848/2580/2470 1406/1919/1824
f 1407/1911/1816 1419/1909/1814 1405/1954/1858
f 822/1920/1825 1405/1954/1858 1413/1916/1821
f 843/1950/1854 1388/1989/1888 842/1943/1847
f 841/1948/1852 840/1944/1848 837/2581/2471
f 835/1935/1840 1610/1399/1315 632/1461/1377
f 1395/1933/1838 1394/1975/1877 2454/2582/1836
f 2454/1931/1836 639/1490/1406 833/1937/1839
f 854/2583/1875 831/1929/1834 2544/1928/1833
f 828/1964/1868 829/1967/1871 827/1489/1405
f 827/1489/1405 826/1927/1832 1615/1488/1404
f 825/1922/1827 851/1923/1828 1412/1480/1396
f 1412/1480/1396 824/1924/1829 823/1918/1823
f 1412/1480/1396 823/1918/1823 1618/1472/1388
f 820/1917/1822 1415/1912/1817 1417/1479/1395
f 1415/1912/1817 819/1908/1813 1418/1913/1818
f 1417/1479/1395 2562/1914/1819 635/1470/1386
f 817/1904/1811 818/1910/1815 837/2581/2471
f 817/1904/1811 1424/1903/1810 818/1910/1815
f 1420/1466/1382 630/1458/1374 633/1464/1380
f 1420/1466/1382 1426/1897/1804 630/1458/1374
f 837/2581/2471 836/1946/1850 817/1904/1811
f 1420/1466/1382 1424/1903/1810 1426/1897/1804
f 2585/1530/1446 813/1894/1801 1591/1558/1472
f 1430/1455/1371 812/1892/1799 656/570/535
f 626/2584/2472 1428/1898/1805 627/1453/1369
f 1434/1882/1789 1433/1883/1790 811/1886/1793
f 1432/1884/1791 1437/1877/1784 1124/2528/2419
f 810/1879/1786 808/1873/1780 1434/1882/1789
f 1435/1874/1781 1436/1871/1778 2597/1863/1770
f 1454/1846/1753 802/1857/1764 1441/1865/1772
f 804/1859/1766 1444/1862/1769 2408/1869/1776
f 1444/1862/1769 804/1859/1766 2575/2585/2473
f 2575/2585/2473 804/1859/1766 1457/1799/1706
f 803/2552/2443 1446/1856/1763 2474/1854/1761
f 1447/1855/1762 1448/1837/1744 803/2552/2443
f 800/1829/1736 2554/1849/1756 799/1848/1755
f 801/1853/1760 802/1857/1764 2554/1849/1756
f 1449/1830/1737 1447/1855/1762 2474/1854/1761
f 800/1829/1736 799/1848/1755 1463/1809/1716
f 1453/1850/1757 1450/1852/1759 2554/1849/1756
f 1455/1847/1754 1472/1808/1715 799/1848/1755
f 781/1803/1710 1445/1845/1752 2575/2585/2473
f 798/1805/1712 1473/1804/1711 1472/1808/1715
f 1462/2586/2474 1458/1840/1747 2478/1839/1746
f 1458/1840/1747 1462/2586/2474 2552/2587/2475
f 795/1838/1745 1460/1819/1726 2551/1834/1741
f 792/1831/1738 1461/1833/1740 1058/2415/2306
f 1469/1814/1721 792/1831/1738 2551/1834/1741
f 792/1831/1738 1469/1814/1721 1471/1832/1739
f 1058/2415/2306 1461/1833/1740 1042/1796/1703
f 1042/1796/1703 1461/1833/1740 1474/1793/1700
f 1464/1825/1732 789/1827/1734 1462/2586/2474
f 1465/1828/1735 791/1823/1730 788/1817/1724
f 789/1827/1734 1464/1825/1732 2452/1821/1728
f 788/1817/1724 787/2588/2476 784/1813/1720
f 787/2588/2476 1468/1811/1718 1470/1810/1717
f 1460/1819/1726 1467/1818/1725 785/1815/1722
f 1471/1832/1739 1470/1810/1717 782/1812/1719
f 1469/1814/1721 784/1813/1720 1470/1810/1717
f 779/1794/1701 782/1812/1719 778/1792/1699
f 775/1802/1709 1487/1774/1681 776/1790/1697
f 2469/1765/1672 763/1764/1671 772/1778/1685
f 777/1776/1683 1484/1754/1661 1483/1782/1689
f 1488/1773/1680 770/1772/1679 768/1747/1654
f 770/1772/1679 1493/1744/1651 768/1747/1654
f 1481/1786/1693 1226/2318/2209 2455/2348/2239
f 1481/1786/1693 767/1768/1675 1226/2318/2209
f 766/1738/1645 767/1768/1675 762/1762/1669
f 767/1768/1675 1496/1737/1644 1229/2278/2169
f 760/1759/1666 1491/1760/1667 2522/1766/1673
f 771/1752/1659 753/1722/1629 1492/1753/1660
f 753/1722/1629 740/1721/1628 2510/1751/1658
f 1495/1742/1649 752/1715/1622 1493/1744/1651
f 1493/1744/1651 1530/1716/1623 1494/1745/1652
f 1499/1728/1635 747/1734/1641 1498/1731/1638
f 745/1727/1634 743/1724/1631 744/1729/1636
f 725/1691/1598 1500/1726/1633 728/1687/1594
f 739/1720/1627 1498/1731/1638 2510/1751/1658
f 1502/1661/1568 1501/1718/1625 2524/1655/1562
f 738/1748/1655 706/1717/1624 1503/1719/1626
f 704/2589/2477 702/2590/2478 703/2591/2479
f 1533/1651/1558 1504/1714/1621 1505/1712/1619
f 1507/1700/1607 733/2592/2480 1511/1701/1608
f 733/2592/2480 1508/1703/1610 2533/1705/1612
f 1509/1702/1609 1508/1703/1610 733/2592/2480
f 730/1692/1599 734/1699/1606 1513/1693/1600
f 1515/1677/1584 1513/1693/1600 1514/1685/1592
f 729/1649/1556 1523/1671/1578 1539/1636/1543
f 724/1688/1595 728/1687/1594 1500/1726/1633
f 724/1688/1595 727/1723/1630 1517/1684/1591
f 1517/1684/1591 1519/1679/1586 2515/2593/2481
f 723/1680/1587 1516/1689/1596 2515/2593/2481
f 717/1676/1583 1518/1690/1597 719/1682/1589
f 714/1673/1580 710/2594/2482 715/2595/2483
f 1526/1670/1577 1524/1669/1576 714/1673/1580
f 1525/1665/1572 1527/1666/1573 1540/1663/1570
f 1522/1657/1564 1545/1638/1545 1540/1663/1570
f 1548/1625/1532 1529/1654/1561 691/1623/1530
f 705/1624/1531 1530/1716/1623 703/2591/2479
f 702/2590/2478 704/2589/2477 701/1653/1560
f 689/1606/1513 1555/2596/2484 1536/1641/1548
f 709/1640/1547 1528/1664/1571 1542/1633/1540
f 1540/1663/1570 1544/1629/1536 1543/1634/1541
f 697/1630/1537 1543/1634/1541 1546/1628/1535
f 1546/1628/1535 693/1627/1534 1537/1643/1550
f 693/1627/1534 1560/1598/1506 688/1605/1512
f 700/1620/1527 1553/1613/1520 1552/1615/1522
f 1553/1613/1520 1554/1611/1518 683/1565/1477
f 1555/2596/2484 689/1606/1513 1557/1603/1510
f 1557/1603/1510 1559/2597/2485 1555/2596/2484
f 1370/1608/1515 1559/2597/2485 875/1602/1509
f 875/1602/1509 1560/1598/1506 682/2598/1496
f 1560/1598/1506 693/1627/1534 687/1599/1507
f 687/1599/1507 685/1594/1504 686/1593/1503
f 1561/2599/1505 1569/1579/1491 680/1581/1493
f 675/2600/1487 676/1592/1490 1562/1591/1502
f 1572/2601/1488 675/2600/1487 1562/1591/1502
f 1564/2602/2486 673/2603/1485 1572/2601/1488
f 1563/1616/1523 684/1589/1500 1564/2602/2486
f 681/1596/1497 679/1555/1470 668/1582/1494
f 678/2604/2487 1569/1579/1491 1571/1577/1489
f 1571/1577/1489 1581/1537/1452 678/2604/2487
f 673/1573/1485 672/1572/1484 2496/1574/1486
f 1564/2602/2486 1573/1569/1481 673/2603/1485
f 670/1532/1447 1589/1500/1416 1588/2605/1482
f 683/1565/1477 671/1567/1479 1573/1569/1481
f 1575/1560/1444 1566/1561/1474 668/1585/1494
f 659/1551/1466 654/1525/1441 665/1542/1457
f 1592/1527/1443 667/1529/1445 664/1553/1468
f 662/1543/1458 1578/2606/2488 2476/1544/1459
f 660/1541/1456 1579/1546/1461 661/1538/1453
f 2553/2607/2489 1578/2606/2488 1579/1546/1461
f 1579/1546/1461 660/1541/1456 1580/1520/1436
f 1581/1537/1452 1583/1536/1451 1582/1511/1427
f 657/1534/1449 642/1505/1421 1604/1503/1419
f 2495/1571/1483 657/1534/1449 672/1572/1484
f 1588/2605/1482 1587/1533/1448 1586/2608/1480
f 2390/1493/1409 1590/1495/1411 2391/2609/1476
f 225/559/525 1593/565/531 1598/560/526
f 653/1526/1442 664/1553/1468 1594/1524/1440
f 226/561/527 1599/1521/1437 646/1512/1428
f 652/1552/1467 649/1513/1429 654/1525/1441
f 651/1517/1433 1602/1509/1425 648/1514/1430
f 2389/1494/1410 1608/2610/2490 1607/1496/1412
f 2356/552/518 1608/2610/2490 2389/1494/1410
f 1649/1434/1350 1610/1399/1315 1612/1938/1842
f 827/1489/1405 830/1491/1407 2544/1928/1833
f 1613/1433/1349 1614/1487/1403 1650/1431/1347
f 1617/1475/1391 1616/1483/1399 1620/1476/1392
f 637/1481/1397 1617/1475/1391 636/1430/1346
f 2458/1477/1393 1619/1473/1389 601/1422/1338
f 1621/1465/1381 1622/1471/1387 2562/1914/1819
f 596/1409/1325 1659/1408/1324 1628/1463/1379
f 1657/1413/1329 1628/1463/1379 1658/1410/1326
f 628/1447/1363 1633/1446/1362 2463/1445/1361
f 631/1398/1314 2536/2611/2491 6/1462/1378
f 1627/1457/1373 629/1459/1375 628/1447/1363
f 814/1896/1803 1428/1898/1805 629/1459/1375
f 627/1453/1369 624/1452/1368 626/2584/2472
f 1631/1450/1366 621/1449/1365 623/1454/1370
f 1630/2612/2492 622/1448/1364 624/1452/1368
f 621/1449/1365 1632/2613/2493 1630/2612/2492
f 2463/1445/1361 618/2614/2494 617/1444/1360
f 1632/2613/2493 618/2614/2494 2463/1445/1361
f 1641/2615/2495 1640/2616/2496 2509/1451/1367
f 1638/2617/2497 612/2618/2498 2471/2619/2499
f 1639/1439/1355 5/1441/1357 1638/2617/2497
f 1636/1403/1319 617/1444/1360 614/1395/1311
f 1637/1443/1359 1666/545/513 587/1386/1302
f 5/1441/1357 611/2620/2500 612/2618/2498
f 1609/1485/1401 610/1371/1287 1646/1372/1288
f 577/1368/1284 610/1371/1287 1683/1426/1342
f 609/1419/1335 608/1436/1352 1647/1418/1334
f 599/1415/1331 1647/1418/1334 1648/1364/1280
f 602/1424/1340 1654/1425/1341 1653/1427/1343
f 602/1424/1340 1651/1429/1345 1652/1423/1339
f 595/1411/1327 1660/1406/1322 1662/1344/1260
f 592/1345/1261 594/1405/1321 595/1411/1327
f 1670/1383/1299 1664/1382/1298 590/1402/1318
f 1690/1327/1243 1689/1329/1245 2580/1332/1248
f 2387/1396/1312 2388/2621/2501 2536/2611/2491
f 557/1316/1232 2386/1322/1238 2387/1396/1312
f 1642/1394/1310 1668/1390/1306 588/1389/1305
f 586/1381/1297 1668/1390/1306 1669/1385/1301
f 585/1379/1295 586/1381/1297 1669/1385/1301
f 1673/1328/1244 1664/1382/1298 583/1374/1290
f 1675/1378/1294 1676/2622/2502 553/1311/1227
f 1676/2622/2502 551/1304/1220 2481/2623/2503
f 579/1376/1292 578/1303/1219 1678/1309/1225
f 1684/1349/1265 1707/1348/1264 1708/1290/1208
f 546/1295/1211 1705/1294/1210 1708/1290/1208
f 1712/1283/1203 545/1282/1202 534/1350/1266
f 572/1363/1279 543/1279/1199 573/1361/1277
f 543/1279/1199 572/1363/1279 2449/1336/1252
f 544/1280/1200 543/1279/1199 2449/1336/1252
f 568/1373/1289 547/1264/1185 1681/1355/1271
f 2591/2624/2504 1721/1263/1184 536/1272/1193
f 563/1340/1256 561/1331/1247 1688/1339/1255
f 213/512/480 2069/529/497 558/530/498
f 1725/2625/2505 533/1255/1178 1691/1330/1246
f 555/1315/1231 1693/1318/1234 2502/1321/1237
f 4/1319/1235 1693/1318/1234 2384/1189/1119
f 1696/1305/1221 551/1304/1220 1677/2626/2506
f 549/1299/1215 1700/1307/1223 1698/2627/2507
f 549/1299/1215 1699/1301/1217 1704/1297/1213
f 1706/1293/1209 546/1295/1211 528/1292/1166
f 1709/1289/1207 1734/1288/1161 527/2628/1160
f 1735/2629/1164 545/1282/1202 1739/2630/2508
f 2541/2631/1163 1711/1286/1205 1735/2629/1164
f 542/2632/1276 523/2633/2509 2462/1276/1196
f 543/1279/1199 541/1281/1201 1714/1359/1275
f 541/1281/1201 1716/1358/1274 540/1275/1195
f 1744/1228/1153 523/2633/2509 1714/2634/1275
f 1715/2635/1154 541/1281/1201 1743/2636/1155
f 1743/2636/1155 1717/1274/1194 513/1273/1136
f 1752/2637/1134 512/2638/1135 2482/1215/1140
f 1720/2639/2510 1731/1314/1230 539/1268/1189
f 1731/1314/1230 1720/2639/2510 1732/1317/1233
f 539/1268/1189 537/1267/1188 1720/2639/2510
f 1722/1271/1192 535/2640/1183 538/1265/1186
f 1721/1263/1184 535/2640/1183 1722/1271/1192
f 1710/1285/1204 1707/1348/1264 1711/1286/1205
f 1727/1250/1173 1725/2625/2505 1728/1248/1171
f 532/1246/1169 1729/1253/1176 1725/2625/2505
f 1728/1248/1171 1725/2625/2505 1729/1253/1176
f 1729/1253/1176 507/1196/1125 531/1249/1172
f 529/1252/1175 501/1251/1174 507/1196/1125
f 528/1291/1166 526/1240/1165 483/1241/1062
f 1734/1236/1161 1736/1233/1158 1771/1169/1100
f 1741/1163/1094 524/1234/1159 1739/2641/2508
f 1734/1236/1161 1733/2642/1206 1736/1233/1158
f 1740/1231/1156 1741/1163/1094 1739/2641/2508
f 1744/1228/1153 521/1222/1147 2558/1277/1197
f 522/1227/1152 1743/1230/1155 513/1210/1136
f 519/1218/1143 521/1222/1147 1745/1225/1150
f 1750/2643/2511 520/1219/1144 1746/1224/1149
f 1750/2643/2511 1751/1212/1138 520/1219/1144
f 519/1218/1143 517/1226/1151 492/1217/1142
f 1719/1256/1179 1758/1204/1131 2482/1215/1140
f 1749/1211/1137 512/1209/1135 1751/1212/1138
f 486/1136/1068 1748/1159/1090 1753/1137/1069
f 1755/2644/1133 1761/1186/1116 1720/2639/2510
f 1757/1205/1132 1755/1206/1133 511/2645/1187
f 535/1260/1183 1756/1259/1182 511/2645/1187
f 483/1129/1062 485/1128/1061 1756/1259/1182
f 509/1247/1170 506/1192/1122 1730/1257/1180
f 1759/1203/1128 510/1202/1130 1760/2646/2512
f 482/1201/1129 1760/2647/2512 2549/1191/1121
f 2549/1191/1121 503/1112/1045 1799/1103/1036
f 508/1198/1126 507/1196/1125 504/1195/1120
f 2550/1194/1124 505/1193/1123 504/1195/1120
f 1761/2648/1116 474/1111/1044 2382/1110/1043
f 2100/464/433 2101/462/431 1762/1184/1114
f 499/1185/1115 500/1197/1113 1762/1184/1114
f 1766/1178/1108 1764/1180/1110 499/2649/1115
f 492/1217/1142 1777/1157/1088 1767/1223/1148
f 1781/1146/1077 498/1151/1082 1767/1223/1148
f 496/1176/1107 1770/1174/1105 1769/1175/1106
f 1774/1172/1103 495/1171/1102 497/1170/1101
f 496/1176/1107 495/1171/1102 1811/1090/1023
f 1773/2650/2513 1771/1169/1100 2490/1232/1157
f 497/1170/1101 1773/2650/2513 1774/1172/1103
f 1772/1167/1098 1775/1166/1097 1773/2650/2513
f 2507/1087/1020 493/1162/1093 489/1152/1083
f 1738/1161/1092 493/1162/1093 464/1085/1018
f 2507/1087/1020 489/1152/1083 1815/1074/1007
f 1784/1148/1079 1789/1135/1053 2542/1140/1071
f 488/1143/1074 1786/1139/1070 1814/1144/1075
f 1788/2651/1067 1754/1199/1127 481/1121/1054
f 1761/2648/1116 1790/1131/1064 474/1111/1044
f 1791/1127/1060 1757/1205/1132 485/1128/1061
f 481/1121/1054 482/1201/1129 1794/1124/1057
f 1847/1015/951 1798/1028/964 478/1107/1040
f 1761/2648/1116 1755/1206/1133 1790/1131/1064
f 471/1106/1039 472/1109/1042 1801/1095/1028
f 1802/1096/1029 1804/1101/1034 469/1179/1109
f 467/1099/1032 1803/1100/1033 1805/1097/1030
f 466/1105/1038 465/1098/1031 1800/1108/1041
f 1806/995/931 1808/994/930 1805/1097/1030
f 1807/1094/1027 473/2652/2514 1805/1097/1030
f 1807/1094/1027 1808/994/930 1848/1013/949
f 446/1047/983 447/1177/987 1810/1173/1104
f 1810/1173/1104 1809/1092/1025 1828/1093/1026
f 1859/1081/1014 1835/936/876 1813/1082/1015
f 1822/1084/1017 464/1085/1018 2507/1087/1020
f 463/1083/1016 1822/1084/1017 410/970/907
f 408/986/922 1860/990/926 463/1083/1016
f 1787/1077/1010 1816/1070/1004 461/1079/1012
f 1817/1071/1005 460/2653/2515 462/1075/1008
f 453/1061/995 455/2654/2516 458/1076/1009
f 1818/1072/969 454/2655/968 1820/1065/999
f 1822/1084/1017 455/2654/2516 1823/1060/994
f 1821/1063/997 450/1062/996 451/1064/998
f 449/969/906 1821/1063/997 454/2655/968
f 397/968/905 398/965/902 450/1062/996
f 392/948/888 1878/866/815 2494/1020/956
f 1829/1042/978 441/1044/980 1811/1090/1023
f 442/1046/982 1828/1093/1026 2528/1043/979
f 1830/1052/981 1832/2656/974 439/1049/985
f 438/2657/2517 387/939/879 2513/941/881
f 440/1041/977 437/934/874 438/2658/2517
f 1836/1118/1051 1837/2659/2518 435/1034/970
f 1836/1118/1051 434/1036/972 1837/2659/2518
f 1838/1031/967 1837/2659/2518 2581/2660/2519
f 430/1024/960 1840/1023/959 434/1036/972
f 2581/2660/2519 1840/1023/959 1839/1029/965
f 1909/888/837 371/890/839 433/1030/966
f 1843/1027/963 1842/1114/1047 1797/1122/1055
f 434/1036/972 431/1035/971 430/1024/960
f 430/1024/960 1842/1114/1047 1843/1027/963
f 421/2661/2520 1844/1026/962 1849/1017/953
f 1851/1007/943 421/2661/2520 1849/1017/953
f 422/993/929 1848/1013/949 1850/992/928
f 419/1009/945 421/2661/2520 418/1005/941
f 417/1002/938 415/842/791 413/997/933
f 411/1018/954 426/999/935 1857/1000/936
f 1858/845/794 411/1018/954 412/996/932
f 413/997/933 415/842/791 363/844/793
f 1887/929/870 1886/930/871 1859/1081/1014
f 404/979/915 405/988/924 1862/987/923
f 403/984/920 405/988/924 1866/2662/2521
f 406/989/925 1876/960/898 404/979/915
f 1863/982/918 403/984/920 2475/983/919
f 400/2663/2522 401/977/913 2475/983/919
f 401/977/913 400/2663/2522 1906/972/909
f 1872/963/901 1873/959/897 393/958/896
f 1880/947/887 443/943/883 1881/942/882
f 1883/938/878 387/939/879 437/2664/874
f 437/2664/874 387/939/879 438/2657/2517
f 1883/938/878 1884/832/781 351/830/780
f 386/935/875 1885/932/872 1835/936/876
f 1902/898/846 1885/932/872 386/935/875
f 384/927/868 1889/924/866 1888/920/863
f 385/2665/2523 1890/2666/2524 1889/924/866
f 384/927/868 367/950/890 1912/925/867
f 382/917/861 1901/911/856 2503/922/864
f 1897/896/845 1920/914/859 373/2667/2525
f 1892/928/869 379/980/916 1898/913/858
f 1903/975/911 1905/2668/2526 1904/900/847
f 1896/916/844 377/905/843 1901/911/856
f 1899/902/849 379/980/916 1864/976/912
f 373/2667/2525 366/2669/2527 365/816/766
f 1907/891/840 1908/892/841 1950/2670/2528
f 2582/889/838 1915/883/832 1914/886/835
f 2477/887/836 1915/883/832 1913/882/831
f 370/884/833 369/876/825 1891/875/824
f 366/2669/2527 1920/914/859 1918/873/822
f 364/799/749 365/816/766 1921/872/821
f 1963/797/747 1922/839/788 1962/796/746
f 362/205/194 1962/796/746 363/844/793
f 1926/2671/2529 359/858/807 1924/864/813
f 358/853/802 1926/2671/2529 1924/864/813
f 1926/2671/2529 358/853/802 1930/855/804
f 354/838/787 1929/854/803 1938/847/796
f 1928/856/805 1930/855/804 357/851/800
f 1932/841/790 1929/854/803 354/838/787
f 329/2672/2530 1968/800/750 1931/859/808
f 355/850/799 1934/786/736 1969/785/735
f 354/838/787 1938/847/796 1922/839/788
f 2487/798/748 1971/784/734 1935/840/789
f 1939/794/744 353/837/786 323/768/721
f 1940/835/784 352/829/779 1942/2673/2531
f 1942/2673/2531 1944/826/776 349/834/783
f 1943/828/778 1946/823/773 1945/825/775
f 1946/823/773 1943/828/778 319/763/716
f 1977/824/774 348/821/771 1948/822/772
f 1908/892/841 365/816/766 346/815/765
f 344/810/760 345/812/762 1950/2670/2528
f 1952/801/751 2493/809/759 1951/813/763
f 341/806/756 343/814/764 2493/809/759
f 338/2674/2532 340/2675/2533 1953/805/755
f 344/810/760 1955/808/758 345/812/762
f 340/2675/2533 338/2674/2532 1956/802/752
f 338/2674/2532 1965/792/742 1957/788/738
f 1960/744/701 1959/743/700 1956/802/752
f 1963/797/747 1961/730/687 2487/798/748
f 2377/869/818 1923/865/814 2376/2676/2534
f 2376/2676/2534 334/793/743 2375/2677/2535
f 333/781/731 342/791/741 327/779/729
f 327/779/729 1968/800/750 329/2672/2530
f 1970/783/733 328/782/732 1936/848/797
f 1970/783/733 1973/773/723 328/782/732
f 335/732/689 325/705/664 1974/776/726
f 320/765/718 2002/754/709 2000/772/659
f 1977/824/774 1976/760/714 2572/767/720
f 315/761/715 1976/760/714 318/759/713
f 1983/747/704 1993/679/638 1980/757/712
f 314/750/707 288/698/657 2564/2678/652
f 298/2679/677 1992/2680/2536 313/2681/2537
f 287/696/655 313/2681/2537 1992/2680/2536
f 2567/2682/2538 1982/746/703 312/819/769
f 1982/746/703 2567/2682/2538 297/709/668
f 1958/749/706 1984/742/699 310/2683/2539
f 1985/787/737 292/712/671 309/740/697
f 1960/744/701 1985/787/737 310/2683/2539
f 309/740/697 1986/748/705 310/2683/2539
f 2508/734/691 306/735/692 1996/737/694
f 2508/734/691 308/729/686 306/735/692
f 281/661/625 295/717/676 305/664/627
f 2508/734/691 336/733/690 308/729/686
f 294/703/662 1987/741/698 1996/737/694
f 302/728/685 304/736/693 303/731/688
f 2021/657/621 302/728/685 301/726/684
f 1963/797/747 301/726/684 1961/730/687
f 275/118/107 1990/725/683 2274/119/108
f 300/723/682 2374/722/681 2375/2677/2535
f 267/678/616 1994/695/654 1993/679/638
f 1996/737/694 1997/714/673 294/703/662
f 1997/714/673 1996/737/694 290/706/665
f 2564/693/652 2006/694/653 283/688/647
f 2564/2678/652 288/698/657 2003/2684/651
f 266/650/615 285/690/649 286/687/646
f 2008/682/641 2009/684/643 2010/637/602
f 257/635/600 2011/671/634 2018/2685/2540
f 279/644/609 2017/641/606 261/2686/2541
f 280/670/633 278/666/629 2011/671/634
f 253/669/632 252/628/593 277/667/630
f 1989/659/623 304/736/693 2019/660/624
f 2019/662/624 276/663/626 2025/614/579
f 276/663/626 248/658/622 247/620/585
f 2033/54/50 2021/2687/621 2034/617/582
f 274/652/617 289/701/660 2035/702/661
f 2372/653/618 2035/702/661 2371/2688/2542
f 270/681/640 2009/684/643 272/2689/2543
f 264/2690/2544 262/646/611 269/2691/2545
f 273/2692/2546 269/2691/2545 268/680/639
f 266/650/615 2023/2693/2547 271/691/650
f 2018/2685/2540 256/629/594 257/635/600
f 2027/630/595 254/631/596 2038/601/566
f 256/629/594 2018/2685/2540 2483/668/631
f 253/669/632 2028/627/592 252/628/593
f 253/669/632 261/2686/2541 2548/616/581
f 2032/622/587 2039/611/576 2030/625/590
f 240/618/583 241/621/586 247/620/585
f 2371/2688/2542 2035/702/661 2370/2694/2548
f 2369/2695/2549 2370/2694/2548 2036/605/570
f 2040/600/565 243/609/574 241/621/586
f 240/618/583 2042/607/572 241/621/586
f 2042/607/572 2041/606/571 239/608/573
f 2043/53/49 238/52/48 2044/599/564
f 2036/605/570 237/603/568 2369/2695/2549
f 2368/2696/2550 237/603/568 236/2697/2551
f 2534/597/562 2367/596/561 3/2698/2552
f 235/602/567 2045/592/557 2534/597/562
f 2047/588/553 239/608/573 2048/586/551
f 9/11/11 228/572/537 2320/2699/2553
f 2364/590/555 2365/594/559 2046/593/558
f 2048/586/551 2052/577/542 231/580/545
f 228/572/537 229/571/536 2049/578/543
f 2054/563/529 226/561/527 2055/556/522
f 641/2700/2554 2064/539/507 223/558/524
f 641/2700/2554 223/558/524 643/1504/1420
f 2064/539/507 641/2700/2554 2065/537/505
f 2066/536/504 220/535/503 219/553/519
f 2067/534/502 2058/1497/1413 2059/550/516
f 218/543/511 2060/2701/2555 1671/544/512
f 2061/548/514 212/528/496 2072/549/515
f 580/542/510 2060/2701/2555 211/524/492
f 211/524/492 2072/549/515 2467/514/482
f 203/525/493 2081/527/495 2062/505/473
f 2066/536/504 215/493/461 201/496/464
f 2094/461/430 2071/526/494 2095/2702/2556
f 210/2703/2557 2076/521/489 206/510/478
f 207/511/479 208/513/481 206/510/478
f 2078/508/476 204/477/446 2077/520/488
f 196/489/457 2091/487/455 2069/529/497
f 205/531/499 2080/476/445 196/489/457
f 195/472/441 194/474/443 2078/508/476
f 202/507/475 2102/504/472 203/525/493
f 2084/500/468 2085/501/469 2082/503/471
f 2104/459/428 2086/499/467 186/2704/2558
f 2107/453/422 201/496/464 2088/494/462
f 183/497/465 2107/453/422 2108/455/424
f 2089/451/420 2111/450/419 181/454/423
f 2090/492/460 180/447/416 2089/451/420
f 2093/479/448 198/2705/452 177/2706/409
f 200/478/447 174/444/413 2098/468/437
f 198/2705/452 2093/479/448 199/485/453
f 197/443/412 2114/440/410 198/483/452
f 2096/470/439 192/469/438 196/489/457
f 2096/470/439 193/475/444 190/471/440
f 2097/465/434 2096/470/439 188/466/435
f 2097/465/434 2099/463/432 530/1245/1168
f 171/438/408 2115/437/407 2102/504/472
f 187/458/427 2103/460/429 2083/502/470
f 2104/459/428 187/458/427 2085/501/469
f 170/429/400 2119/428/399 185/456/425
f 2105/457/426 186/2704/2558 182/2707/2559
f 183/497/465 2106/424/395 182/2707/2559
f 184/430/401 182/2707/2559 2122/422/393
f 2109/452/421 162/414/385 2108/455/424
f 2110/449/418 2112/411/382 2129/413/384
f 1763/2708/403 2113/2709/380 2557/1182/1112
f 133/356/329 2131/357/330 2113/2709/380
f 177/2706/409 158/2710/378 178/445/414
f 175/403/376 171/438/408 2133/396/369
f 2133/396/369 2117/431/402 2492/399/372
f 2138/394/367 155/401/374 2118/400/373
f 167/426/397 168/421/392 2120/395/368
f 167/426/397 2120/395/368 2137/393/366
f 163/418/389 164/415/386 146/379/352
f 2108/455/424 138/291/268 2127/425/396
f 2112/411/382 2350/2711/2560 2130/363/336
f 2351/2712/2561 2350/2711/2560 179/446/415
f 2349/2713/2562 2348/360/333 2130/363/336
f 2131/357/330 1802/1096/1029 2113/2709/380
f 2132/406/377 2158/2714/327 133/356/329
f 2140/2715/2563 2135/397/370 155/401/374
f 2136/346/321 2135/397/370 149/339/315
f 2143/388/361 2142/2716/2564 2141/389/362
f 2142/2716/2564 128/338/314 149/339/315
f 150/387/360 151/386/359 152/391/364
f 2491/378/351 2148/369/342 152/391/364
f 2142/2716/2564 2143/388/361 2164/336/312
f 2491/378/351 2139/384/357 147/382/355
f 144/376/349 2145/381/354 145/377/350
f 2152/365/338 137/366/339 148/372/345
f 2150/327/304 140/326/303 143/374/347
f 142/368/341 2151/367/340 2150/327/304
f 2176/2717/2565 2170/2718/2566 126/333/309
f 139/373/346 137/366/339 125/318/295
f 122/324/301 137/366/339 110/299/276
f 2187/287/264 2153/293/270 2193/288/265
f 2201/269/249 132/347/322 2162/349/324
f 2168/242/225 98/241/224 127/334/310
f 126/333/309 150/387/360 2176/2717/2565
f 126/333/309 2170/2718/2566 2168/242/225
f 2176/2717/2565 141/2719/2567 123/2720/2568
f 140/326/303 123/2720/2568 141/2719/2567
f 2172/320/297 2171/321/298 2151/367/340
f 124/325/302 139/373/346 125/318/295
f 2171/321/298 2172/320/297 2173/313/290
f 2188/298/275 2178/2721/2569 2177/312/289
f 2175/323/300 114/322/299 2180/2722/2570
f 2170/2718/2566 2176/2717/2565 119/316/293
f 2177/312/289 2178/2721/2569 2183/300/277
f 113/295/272 2178/2721/2569 2189/2723/2571
f 115/2724/2572 2182/303/280 2186/228/212
f 88/219/206 2185/304/281 2186/228/212
f 112/309/286 89/223/209 90/302/279
f 2189/2723/2571 2188/298/275 2191/297/274
f 2189/2723/2571 2191/297/274 2222/296/273
f 2192/209/197 2224/213/200 2190/286/263
f 2193/288/265 2194/210/198 2187/287/264
f 2158/2714/327 106/272/252 2156/273/253
f 106/352/252 132/347/322 2199/266/248
f 132/347/322 2201/269/249 2199/266/248
f 2205/258/240 2201/269/249 2203/259/241
f 2203/259/241 105/340/316 103/261/243
f 103/261/243 2207/254/236 102/260/242
f 2205/258/240 102/260/242 100/265/247
f 2521/329/306 99/249/231 2460/2725/232
f 127/334/310 99/249/231 2167/332/308
f 95/238/222 2213/240/219 98/241/224
f 96/243/226 97/246/229 2460/250/232
f 2168/242/225 111/307/284 2217/229/213
f 2212/239/223 2218/218/205 94/2726/202
f 94/2726/202 2214/2727/221 2212/239/223
f 92/224/210 91/294/271 2219/225/208
f 2225/2728/2573 85/2729/207 91/294/271
f 2225/2730/2573 2226/2731/199 2229/134/123
f 2225/2730/2573 2229/134/123 85/221/207
f 2222/296/273 2223/2732/2574 2225/2728/2573
f 2226/2731/199 2228/207/196 2229/134/123
f 2345/280/260 2344/2733/2575 2273/121/110
f 81/116/105 2231/117/106 2197/271/251
f 2232/203/192 2277/2734/2576 2578/112/102
f 2277/2735/2576 79/268/191 2233/200/189
f 2234/188/177 37/106/96 78/114/104
f 77/194/183 100/265/247 2208/198/187
f 75/2736/2577 2238/196/185 2235/253/235
f 2235/253/235 2243/184/173 2239/192/181
f 57/183/172 73/182/171 2243/184/173
f 76/193/182 2238/196/185 75/2736/2577
f 2211/185/174 2261/151/140 53/153/142
f 72/152/141 71/180/169 2245/176/165
f 53/153/142 72/152/141 73/182/171
f 2244/154/143 70/148/137 69/181/170
f 2246/190/179 2247/172/161 2480/187/176
f 2248/175/164 61/165/154 2252/168/157
f 2246/190/179 67/178/167 66/179/168
f 65/177/166 68/174/163 2520/173/162
f 64/141/130 2248/175/164 2520/173/162
f 2253/2737/2578 63/167/156 1/160/149
f 2253/2737/2578 2464/2738/2579 2250/171/160
f 34/2739/2580 58/2740/2581 2464/2738/2579
f 54/155/144 2263/144/133 52/146/135
f 2264/145/134 70/148/137 2262/150/139
f 49/143/132 2265/138/127 51/147/136
f 45/135/124 43/94/84 44/131/120
f 43/94/84 33/93/83 32/92/82
f 28/83/73 2293/85/75 29/60/56
f 2273/121/110 28/83/73 2272/123/112
f 2344/2733/2575 2343/122/111 2273/121/110
f 2282/108/98 36/107/97 37/106/96
f 2299/72/67 36/107/97 2283/104/94
f 2285/100/90 35/164/153 2281/111/101
f 1/160/149 2286/2741/2582 34/2739/2580
f 48/139/128 2267/97/87 2287/105/95
f 2291/96/86 2288/89/79 2287/105/95
f 2287/105/95 2288/89/79 2300/69/65
f 33/93/83 2269/95/85 30/87/77
f 2290/90/80 2288/89/79 2291/96/86
f 2295/74/68 2296/73/47 2294/81/71
f 23/43/40 2299/72/67 22/2742/2583
f 20/39/37 2303/57/53 2338/37/35
f 2309/40/38 2317/29/27 22/2742/2583
f 2311/26/24 2319/28/26 21/65/61
f 2312/36/34 2314/24/22 2313/56/52
f 15/25/23 2335/2743/2584 2322/15/14
f 16/2744/29 2321/20/18 18/35/33
f 11/18/17 2318/17/16 10/3/3
f 2336/27/25 2335/2743/2584 15/25/23
f 2327/5/5 2326/9/9 2324/21/19
f 34/2739/2580 2286/2741/2582 2285/100/90
f 55/149/138 52/146/135 2264/145/134
f 55/149/138 2261/151/140 56/232/216
f 58/2740/2581 34/2739/2580 2285/100/90
f 2257/99/89 59/2745/2585 58/2740/2581
f 1/160/149 2464/2738/2579 2253/2737/2578
f 69/181/170 68/174/163 65/177/166
f 2181/305/282 2179/310/287 115/2724/2572
f 114/322/299 2182/303/280 2180/2722/2570
f 204/477/446 2080/476/445 2076/521/489
f 1704/1297/1213 209/522/490 2075/517/485
f 266/650/615 265/649/614 2023/2693/2547
f 269/2691/2545 273/2692/2546 264/2690/2544
f 272/2689/2543 273/2692/2546 268/680/639
f 273/2692/2546 272/2689/2543 2563/689/648
f 1979/2746/680 1980/757/712 1992/2680/2536
f 339/807/757 1956/802/752 1959/743/700
f 340/2675/2533 1956/802/752 339/807/757
f 380/874/823 1897/896/845 1891/875/824
f 1895/918/862 1888/920/863 1890/2666/2524
f 1889/924/866 1913/882/831 385/2665/2523
f 406/989/925 393/958/896 1876/960/898
f 1865/953/891 375/2747/851 399/2748/2586
f 1868/973/910 1867/2749/2587 399/2748/2586
f 1868/973/910 400/2663/2522 1867/2749/2587
f 1903/975/911 401/977/913 1905/2668/2526
f 1865/953/891 399/2748/2586 2448/978/914
f 1858/845/794 1925/861/810 411/1018/954
f 451/1064/998 1825/1058/992 1824/1057/991
f 461/1079/1012 1816/1070/1004 1817/1071/1005
f 1807/1094/1027 472/1109/1042 473/2652/2514
f 2481/2623/2503 551/1304/1220 1697/1306/1222
f 1678/1309/1225 1677/2626/2506 1675/1378/1294
f 1677/2626/2506 1676/2622/2502 1675/1378/1294
f 584/1387/1303 1672/1380/1296 587/1386/1302
f 611/2620/2500 1644/1391/1307 1643/1393/1309
f 1641/2615/2495 613/1392/1308 611/2620/2500
f 614/1395/1311 2471/2619/2499 1642/1394/1310
f 1639/1439/1355 1634/2750/2588 1635/2751/2589
f 1634/2750/2588 1639/1439/1355 1638/2617/2497
f 626/2584/2472 625/2752/2590 629/1459/1375
f 652/1552/1467 2476/1544/1459 658/1540/1455
f 709/1640/1547 710/2594/2482 1524/1669/1576
f 715/2595/2483 1521/1681/1588 1520/1674/1581
f 717/1676/1583 719/1682/1589 1521/1681/1588
f 1459/1836/1743 794/1820/1727 795/1838/1745
f 888/2053/1944 890/2576/2467 1365/2051/1942
f 886/2052/1943 1365/2051/1942 890/2576/2467
f 1094/2486/2377 1095/2543/2434 1099/2544/2435
f 1144/2493/2384 1096/2492/2383 1142/2541/2432
f 1098/2488/2379 1099/2544/2435 2453/2494/2385
f 1142/2541/2432 1141/2546/2437 1103/2496/2387
f 1008/2256/2147 1232/2303/2194 1233/2302/2193
f 1267/2237/2128 2501/2564/2455 963/2563/2454
f 1270/2568/2459 960/2223/2114 2537/2228/2119
f 1421/1941/1845 1422/1902/1809 1423/1901/1808
f 1600/1519/1435 650/1518/1434 649/1513/1429
f 1632/2613/2493 621/1449/1365 618/2614/2494
f 1634/2750/2588 618/2614/2494 2509/1451/1367
f 616/1440/1356 1635/2751/2589 1640/2616/2496
f 619/1442/1358 1637/1443/1359 1641/2615/2495
f 5/1441/1357 1640/2616/2496 611/2620/2500
f 611/2620/2500 1643/1393/1309 612/2618/2498
f 1672/1380/1296 584/1387/1303 581/1377/1293
f 552/1302/1218 1698/2627/2507 1696/1305/1221
f 1698/2627/2507 552/1302/1218 1699/1301/1217
f 1768/1156/1087 1779/1149/1080 1782/1141/1072
f 1866/2662/2521 2448/978/914 1867/2749/2587
f 1870/1059/993 1871/967/904 1872/963/901
f 1897/896/845 1890/2666/2524 1891/875/824
f 1896/895/844 381/2753/860 1890/2666/2524
f 1905/2668/2526 1906/972/909 1869/903/850
f 1917/881/830 1915/883/832 1910/879/828
f 1980/757/712 2566/2754/2591 1992/2680/2536
f 2023/2693/2547 2024/647/612 262/646/611
f 93/156/145 2216/231/215 2214/237/221
f 2242/103/93 2250/171/160 59/2745/2585
f 2253/2737/2578 2250/171/160 2251/169/158
f 61/165/154 2256/161/150 62/158/147
f 2286/2741/2582 2258/159/148 2511/163/152
f 2286/2741/2582 2511/163/152 35/164/153
f 2256/161/150 2511/163/152 62/158/147
f 2253/2737/2578 2251/169/158 63/167/156
f 2216/231/215 2560/236/220 2214/237/221
f 2023/2693/2547 262/646/611 264/2690/2544
f 2566/2754/2591 1994/695/654 1992/2680/2536
f 1915/883/832 2582/889/838 1910/879/828
f 1905/2668/2526 1869/903/850 1904/900/847
f 1890/2666/2524 385/2665/2523 1891/875/824
f 1871/967/904 1873/959/897 1872/963/901
f 1779/1149/1080 1783/1142/1073 1782/1141/1072
f 1698/2627/2507 1699/1301/1217 549/1299/1215
f 1698/2627/2507 1697/1306/1222 1696/1305/1221
f 1643/1393/1309 2471/2619/2499 612/2618/2498
f 1640/2616/2496 1641/2615/2495 611/2620/2500
f 1637/1443/1359 613/1392/1308 1641/2615/2495
f 1635/2751/2589 2509/1451/1367 1640/2616/2496
f 1634/2750/2588 2509/1451/1367 1635/2751/2589
f 1270/2568/2459 2537/2228/2119 1277/2565/2456
f 2501/2564/2455 1269/2226/2117 963/2563/2454
f 1141/2546/2437 1104/2545/2436 1103/2496/2387
f 1098/2488/2379 2453/2494/2385 1097/2489/2380
f 1096/2492/2383 1141/2546/2437 1142/2541/2432
f 1094/2486/2377 1099/2544/2435 1098/2488/2379
f 886/2052/1943 890/2576/2467 880/2054/1945
f 794/1820/1727 1460/1819/1726 795/1838/1745
f 717/1676/1583 1521/1681/1588 715/2595/2483
f 715/2595/2483 1520/1674/1581 714/1673/1580
f 709/1640/1547 1524/1669/1576 1528/1664/1571
f 2476/1544/1459 2553/2607/2489 658/1540/1455
f 625/2752/2590 1629/1456/1372 629/1459/1375
f 1634/2750/2588 1638/2617/2497 617/1444/1360
f 1639/1439/1355 1635/2751/2589 616/1440/1356
f 2471/2619/2499 1643/1393/1309 1642/1394/1310
f 613/1392/1308 1644/1391/1307 611/2620/2500
f 1644/1391/1307 1667/1388/1304 1643/1393/1309
f 1672/1380/1296 589/1384/1300 587/1386/1302
f 1678/1309/1225 1675/1378/1294 579/1376/1292
f 2481/2623/2503 1697/1306/1222 554/1308/1224
f 451/1064/998 1824/1057/991 452/1069/1003
f 1865/953/891 2448/978/914 402/954/892
f 401/977/913 1906/972/909 1905/2668/2526
f 400/2663/2522 1866/2662/2521 1867/2749/2587
f 1867/2749/2587 2448/978/914 399/2748/2586
f 375/2747/851 1869/974/850 399/2748/2586
f 393/958/896 1877/955/893 1876/960/898
f 1913/882/831 370/884/833 385/2665/2523
f 1895/918/862 1890/2666/2524 381/2753/860
f 340/2675/2533 339/807/757 341/806/756
f 339/807/757 1959/743/700 337/803/753
f 1979/2746/680 1992/2680/2536 298/2679/677
f 273/2692/2546 2563/689/648 271/691/650
f 272/2689/2543 268/680/639 270/681/640
f 273/2692/2546 271/691/650 264/2690/2544
f 265/649/614 2024/647/612 2023/2693/2547
f 209/522/490 2074/518/486 2075/517/485
f 2080/476/445 206/510/478 2076/521/489
f 2182/303/280 115/2724/2572 2180/2722/2570
f 2179/310/287 2180/2722/2570 115/2724/2572
f 59/2745/2585 2464/2738/2579 58/2740/2581
f 58/2740/2581 2285/100/90 2257/99/89
f 2261/151/140 2450/233/217 56/232/216
f 55/149/138 2264/145/134 2262/150/139
f 2286/2741/2582 35/164/153 2285/100/90
f 2321/20/18 12/22/20 18/35/33
f 2335/2743/2584 2332/16/15 2322/15/14
f 2314/24/22 2320/2699/2553 2313/56/52
f 2319/28/26 2310/66/62 21/65/61
f 2317/29/27 2316/30/28 22/2742/2583
f 2303/57/53 2339/2755/2592 2338/37/35
f 2299/72/67 2300/69/65 22/2742/2583
f 2296/73/47 2305/79/46 2294/81/71
f 2290/90/80 2291/96/86 2289/91/81
f 33/93/83 30/87/77 31/88/78
f 2288/89/79 27/68/64 2300/69/65
f 2291/96/86 2287/105/95 2267/97/87
f 48/139/128 2287/105/95 2266/142/131
f 2285/100/90 2281/111/101 2284/101/91
f 2282/108/98 37/106/96 39/110/100
f 28/83/73 29/60/56 2272/123/112
f 2293/85/75 25/58/54 29/60/56
f 33/93/83 2290/90/80 32/92/82
f 43/94/84 2516/129/118 44/131/120
f 2265/138/127 2249/140/129 51/147/136
f 70/148/137 2244/154/143 2262/150/139
f 2263/144/133 49/143/132 52/146/135
f 34/2739/2580 2464/2738/2579 1/160/149
f 2464/2738/2579 59/2745/2585 2250/171/160
f 63/167/156 2259/157/146 1/160/149
f 64/141/130 2520/173/162 2249/140/129
f 65/177/166 2520/173/162 2248/175/164
f 2248/175/164 2252/168/157 65/177/166
f 2246/190/179 2480/187/176 2241/189/178
f 70/148/137 68/174/163 69/181/170
f 53/153/142 73/182/171 57/183/172
f 2211/185/174 53/153/142 57/183/172
f 76/193/182 75/2736/2577 2240/191/180
f 73/182/171 2239/192/181 2243/184/173
f 2235/253/235 2239/192/181 75/2736/2577
f 77/194/183 2208/198/187 2237/195/184
f 37/106/96 40/71/66 78/114/104
f 2277/2735/2576 2233/200/189 78/114/104
f 2232/203/192 2578/112/102 81/116/105
f 81/116/105 2197/271/251 82/270/250
f 2228/207/196 2271/127/116 2229/134/123
f 2223/2732/2574 2226/212/199 2225/2728/2573
f 2229/134/123 2221/133/122 85/221/207
f 2225/2728/2573 91/294/271 2222/296/273
f 91/294/271 85/2729/207 2219/225/208
f 2214/2727/221 2560/2756/220 2212/239/223
f 2218/218/205 2220/220/203 94/2726/202
f 96/243/226 2460/250/232 2210/247/230
f 2213/240/219 2210/248/230 98/241/224
f 99/249/231 2521/329/306 2167/332/308
f 2521/329/306 2460/2725/232 2209/2757/233
f 102/260/242 2208/198/187 100/265/247
f 2207/254/236 2208/198/187 102/260/242
f 2201/269/249 105/340/316 2203/259/241
f 2201/269/249 2200/264/246 2199/266/248
f 106/352/252 2199/266/248 2198/267/190
f 106/272/252 2197/271/251 2156/273/253
f 2194/210/198 2192/209/197 2187/287/264
f 2191/297/274 2223/2732/2574 2222/296/273
f 112/309/286 90/302/279 2184/301/278
f 88/219/206 2186/228/212 87/227/204
f 2182/303/280 2596/230/214 2186/228/212
f 2178/2721/2569 2188/298/275 2189/2723/2571
f 2178/2721/2569 113/295/272 2183/300/277
f 2170/2718/2566 119/316/293 111/307/284
f 2175/323/300 2180/2722/2570 2174/314/291
f 2188/298/275 2177/312/289 122/324/301
f 2172/320/297 2174/314/291 2173/313/290
f 124/325/302 125/318/295 120/317/294
f 2171/321/298 2150/327/304 2151/367/340
f 2176/2717/2565 123/2720/2568 119/316/293
f 2170/2718/2566 111/307/284 2168/242/225
f 150/387/360 141/2719/2567 2176/2717/2565
f 98/241/224 99/249/231 127/334/310
f 2201/269/249 2162/349/324 2163/2758/319
f 2153/293/270 2584/289/266 2193/288/265
f 122/324/301 110/299/276 2188/298/275
f 137/366/339 122/324/301 125/318/295
f 142/368/341 2150/327/304 143/374/347
f 140/326/303 2149/370/343 143/374/347
f 137/366/339 139/373/346 148/372/345
f 2145/381/354 2144/380/353 145/377/350
f 2142/2716/2564 2164/336/312 128/338/314
f 2491/378/351 152/391/364 2139/384/357
f 151/386/359 153/390/363 152/391/364
f 2142/2716/2564 149/339/315 2140/2715/2563
f 2142/2716/2564 2140/2715/2563 2141/389/362
f 2135/397/370 2140/2715/2563 149/339/315
f 2140/2715/2563 155/401/374 2138/394/367
f 2158/2714/327 2156/273/253 133/356/329
f 1802/1096/1029 2557/1182/1112 2113/2709/380
f 2348/360/333 134/359/332 2130/363/336
f 2350/2711/2560 2112/411/382 179/446/415
f 2350/2711/2560 2349/2713/2562 2130/363/336
f 138/291/268 2152/365/338 2127/425/396
f 2120/395/368 154/392/365 2137/393/366
f 168/421/392 2124/417/388 2120/395/368
f 2133/396/369 2492/399/372 2134/398/371
f 171/438/408 2117/431/402 2133/396/369
f 158/2710/378 159/408/379 178/445/414
f 133/356/329 2113/2709/380 159/2759/379
f 1763/2708/403 2557/1182/1112 1766/1178/1108
f 2110/449/418 2129/413/384 2111/450/419
f 162/414/385 138/291/268 2108/455/424
f 182/2707/2559 166/423/394 2122/422/393
f 2106/424/395 166/423/394 182/2707/2559
f 186/2704/2558 183/497/465 182/2707/2559
f 187/458/427 2083/502/470 2085/501/469
f 2115/437/407 2095/2702/2556 2102/504/472
f 2099/463/432 529/1252/1175 530/1245/1168
f 2096/470/439 190/471/440 188/466/435
f 193/475/444 194/474/443 190/471/440
f 2096/470/439 196/489/457 193/475/444
f 2114/440/410 177/439/409 198/483/452
f 2093/479/448 2579/482/451 199/485/453
f 174/444/413 173/434/405 2098/468/437
f 2093/479/448 177/2706/409 178/445/414
f 180/447/416 2110/449/418 2089/451/420
f 2089/451/420 181/454/423 2088/494/462
f 2107/453/422 2109/452/421 2108/455/424
f 2086/499/467 183/497/465 186/2704/2558
f 2084/500/468 2082/503/471 2087/498/466
f 2102/504/472 2095/2702/2556 203/525/493
f 194/474/443 204/477/446 2078/508/476
f 2080/476/445 193/475/444 196/489/457
f 196/489/457 2069/529/497 205/531/499
f 204/477/446 2076/521/489 2077/520/488
f 208/513/481 2/519/487 206/510/478
f 210/2703/2557 206/510/478 2/519/487
f 2071/526/494 203/525/493 2095/2702/2556
f 215/493/461 2088/494/462 201/496/464
f 2081/527/495 217/562/528 2062/505/473
f 211/524/492 2467/514/482 210/2703/2557
f 2060/2701/2555 2072/549/515 211/524/492
f 212/528/496 2070/480/449 2072/549/515
f 2060/2701/2555 580/542/510 1671/544/512
f 2058/1497/1413 1608/2610/2490 2059/550/516
f 641/2700/2554 221/538/506 2065/537/505
f 223/558/524 2574/1508/1424 643/1504/1420
f 2064/539/507 222/540/508 223/558/524
f 226/561/527 646/1512/1428 2055/556/522
f 2052/577/542 230/575/540 231/580/545
f 228/572/537 2049/578/543 2320/2699/2553
f 239/608/573 2573/598/563 2048/586/551
f 235/602/567 2534/597/562 236/2697/2551
f 2534/597/562 3/2698/2552 236/2697/2551
f 2368/2696/2550 236/2697/2551 3/2698/2552
f 237/603/568 2368/2696/2550 2369/2695/2549
f 238/52/48 234/587/552 2044/599/564
f 2041/606/571 2573/598/563 239/608/573
f 2042/607/572 2040/600/565 241/621/586
f 243/609/574 246/612/577 241/621/586
f 2370/2694/2548 2035/702/661 2036/605/570
f 240/618/583 247/620/585 248/658/622
f 2039/611/576 254/631/596 2030/625/590
f 253/669/632 2548/616/581 2028/627/592
f 2028/627/592 251/624/589 252/628/593
f 256/629/594 2483/668/631 252/628/593
f 254/631/596 2039/611/576 2038/601/566
f 256/629/594 2026/632/597 257/635/600
f 2023/2693/2547 264/2690/2544 271/691/650
f 269/2691/2545 2011/671/634 268/680/639
f 262/646/611 2011/671/634 269/2691/2545
f 2009/684/643 2563/689/648 272/2689/2543
f 274/652/617 2035/702/661 2372/653/618
f 276/663/626 247/620/585 2025/614/579
f 2019/662/624 2025/614/579 260/642/607
f 304/736/693 2020/727/620 2019/660/624
f 252/628/593 2483/668/631 277/667/630
f 2017/641/606 2025/614/579 261/2686/2541
f 2011/671/634 278/666/629 2018/2685/2540
f 2009/684/643 270/681/640 2010/637/602
f 288/698/657 2004/697/656 2003/2684/651
f 2564/693/652 283/688/647 2000/700/659
f 1997/714/673 293/704/663 294/703/662
f 1994/695/654 2566/2754/2591 1993/679/638
f 1990/725/683 83/204/193 2274/119/108
f 301/726/684 302/728/685 1961/730/687
f 1987/741/698 2508/734/691 1996/737/694
f 336/733/690 1961/730/687 308/729/686
f 281/661/625 305/664/627 1989/659/623
f 308/729/686 2446/665/628 306/735/692
f 306/735/692 1988/738/695 1996/737/694
f 1985/787/737 309/740/697 310/2683/2539
f 292/712/671 307/711/670 309/740/697
f 1958/749/706 310/2683/2539 1986/748/705
f 2567/2682/2538 311/739/696 297/709/668
f 1982/746/703 316/756/711 312/819/769
f 287/696/655 1992/2680/2536 1994/695/654
f 298/2679/677 313/2681/2537 1991/751/678
f 314/750/707 2564/2678/652 2002/2760/709
f 1993/679/638 2566/2754/2591 1980/757/712
f 1976/760/714 1977/824/774 318/759/713
f 1977/824/774 2572/767/720 348/821/771
f 2002/754/709 2564/2761/652 2000/772/659
f 1973/773/723 326/778/728 328/782/732
f 342/791/741 1952/801/751 327/779/729
f 334/793/743 300/723/682 2375/2677/2535
f 1923/865/814 334/793/743 2376/2676/2534
f 1963/797/747 2487/798/748 1922/839/788
f 1965/792/742 1966/790/740 1957/788/738
f 338/2674/2532 1957/788/738 1956/802/752
f 340/2675/2533 2493/809/759 1953/805/755
f 341/806/756 2493/809/759 340/2675/2533
f 2493/809/759 343/814/764 1951/813/763
f 344/810/760 1950/2670/2528 346/815/765
f 365/816/766 1951/813/763 346/815/765
f 348/821/771 1947/820/770 1948/822/772
f 1943/828/778 1949/831/768 319/763/716
f 1946/823/773 1948/822/772 1945/825/775
f 1944/826/776 1947/820/770 349/834/783
f 352/829/779 1944/826/776 1942/2673/2531
f 353/837/786 324/771/722 323/768/721
f 1971/784/734 1970/783/733 1935/840/789
f 1938/847/796 2451/2762/2593 1922/839/788
f 355/850/799 1969/785/735 329/2672/2530
f 329/2672/2530 1931/859/808 355/850/799
f 1930/855/804 1933/849/798 357/851/800
f 1929/854/803 1858/845/794 1938/847/796
f 1926/2671/2529 1930/855/804 1928/856/805
f 358/853/802 1924/864/813 1925/861/810
f 359/858/807 360/862/811 1924/864/813
f 1962/796/746 2451/2762/2593 363/844/793
f 1922/839/788 2451/2762/2593 1962/796/746
f 365/816/766 366/2669/2527 1921/872/821
f 1920/914/859 1916/878/827 1918/873/822
f 370/884/833 1891/875/824 385/2665/2523
f 2477/887/836 1913/882/831 1912/925/867
f 1915/883/832 2477/887/836 1914/886/835
f 1908/892/841 346/815/765 1950/2670/2528
f 373/2667/2525 365/816/766 1908/892/841
f 1899/902/849 1864/976/912 1903/975/911
f 377/905/843 376/907/852 1901/911/856
f 379/980/916 1899/902/849 1898/913/858
f 1920/914/859 366/2669/2527 373/2667/2525
f 382/917/861 2503/922/864 383/912/857
f 367/950/890 1919/885/834 1912/925/867
f 1890/2666/2524 1888/920/863 1889/924/866
f 1902/898/846 386/935/875 378/908/853
f 1885/932/872 2526/1089/1022 1835/936/876
f 1883/938/878 351/830/780 352/829/779
f 1883/938/878 437/2664/874 1882/833/782
f 443/943/883 388/937/877 1881/942/882
f 1872/963/901 393/958/896 395/961/899
f 400/2663/2522 1868/973/910 1906/972/909
f 400/2663/2522 2475/983/919 1866/2662/2521
f 403/984/920 1866/2662/2521 2475/983/919
f 1876/960/898 402/954/892 404/979/915
f 405/988/924 404/979/915 1866/2662/2521
f 404/979/915 1862/987/923 406/989/925
f 1887/929/870 1859/1081/1014 409/991/927
f 411/1018/954 1857/1000/936 412/996/932
f 426/999/935 414/1004/940 1857/1000/936
f 417/1002/938 413/997/933 412/996/932
f 421/2661/2520 1851/1007/943 418/1005/941
f 1851/1007/943 1849/1017/953 423/1012/948
f 1844/1026/962 1847/1015/951 1849/1017/953
f 431/1035/971 1842/1114/1047 430/1024/960
f 1843/1027/963 1797/1122/1055 1798/1028/964
f 371/890/839 449/2763/906 433/1030/966
f 1840/1023/959 372/880/829 1839/1029/965
f 1840/1023/959 2581/2660/2519 434/1036/972
f 1838/1031/967 2581/2660/2519 1839/1029/965
f 434/1036/972 2581/2660/2519 1837/2659/2518
f 1837/2659/2518 1838/1031/967 435/1034/970
f 440/1041/977 438/2658/2517 1833/1040/976
f 438/2657/2517 2513/941/881 1832/2656/974
f 1832/2656/974 2513/941/881 439/1049/985
f 442/1046/982 2528/1043/979 1831/1039/975
f 441/1044/980 2528/1043/979 1811/1090/1023
f 392/948/888 2494/1020/956 1826/1132/1065
f 398/965/902 1825/1058/992 450/1062/996
f 450/1062/996 1825/1058/992 451/1064/998
f 455/2654/2516 453/1061/995 1823/1060/994
f 454/2655/968 1821/1063/997 1820/1065/999
f 453/1061/995 458/1076/1009 457/1068/1002
f 1817/1071/1005 462/1075/1008 461/1079/1012
f 1787/1077/1010 461/1079/1012 1814/1144/1075
f 1860/990/926 409/991/927 463/1083/1016
f 1822/1084/1017 2527/971/908 410/970/907
f 1822/1084/1017 2507/1087/1020 455/2654/2516
f 1835/936/876 2526/1089/1022 1813/1082/1015
f 1810/1173/1104 1828/1093/1026 442/1046/982
f 1808/994/930 1850/992/928 1848/1013/949
f 473/2652/2514 465/1098/1031 1805/1097/1030
f 1808/994/930 1807/1094/1027 1805/1097/1030
f 465/1098/1031 473/2652/2514 1800/1108/1041
f 1803/1100/1033 1806/995/931 1805/1097/1030
f 1804/1101/1034 1803/1100/1033 469/1179/1109
f 472/1109/1042 1807/1094/1027 1801/1095/1028
f 482/1201/1129 1793/1126/1059 1794/1124/1057
f 1790/1131/1064 429/1133/1066 474/1111/1044
f 1754/1199/1127 482/1201/1129 481/1121/1054
f 1786/1139/1070 1787/1077/1010 1814/1144/1075
f 1784/1148/1079 2542/1140/1071 1786/1139/1070
f 489/1152/1083 1785/1145/1076 1815/1074/1007
f 493/1162/1093 2507/1087/1020 464/1085/1018
f 1775/1166/1097 494/2764/2594 1773/2650/2513
f 1773/2650/2513 494/2764/2594 1774/1172/1103
f 1773/2650/2513 2490/1232/1157 1772/1167/1098
f 496/1176/1107 1811/1090/1023 1809/1092/1025
f 1777/1157/1088 1768/1156/1087 1767/1223/1148
f 1766/1178/1108 499/2649/1115 1763/2708/403
f 500/1197/1113 501/1251/1174 1762/1184/1114
f 2100/464/433 1762/1184/1114 501/1251/1174
f 1761/2648/1116 2382/1110/1043 2383/2765/1117
f 2550/1194/1124 504/1195/1120 1760/2646/2512
f 508/1198/1126 504/1195/1120 505/1193/1123
f 2549/1191/1121 1799/1103/1036 1793/1126/1059
f 482/1201/1129 2549/1191/1121 1793/1126/1059
f 510/1202/1130 2550/1194/1124 1760/2646/2512
f 506/1192/1122 510/1202/1130 1730/1257/1180
f 485/1128/1061 1757/1205/1132 1756/1259/1182
f 1756/1259/1182 1757/1205/1132 511/2645/1187
f 1761/1186/1116 502/1188/1118 1720/2639/2510
f 1748/1159/1090 2457/1220/1145 1753/1137/1069
f 512/1209/1135 2457/1220/1145 1751/1212/1138
f 1719/1256/1179 2482/1215/1140 514/1214/1139
f 517/1226/1151 2559/1216/1141 492/1217/1142
f 1751/1212/1138 2457/1220/1145 520/1219/1144
f 1750/2643/2511 1746/1224/1149 522/1227/1152
f 521/1222/1147 1744/1228/1153 1745/1225/1150
f 522/1227/1152 513/1210/1136 1750/2643/2511
f 1744/1228/1153 2558/1277/1197 523/2633/2509
f 1740/1231/1156 1739/2641/2508 1713/1278/1198
f 1733/2642/1206 2541/1238/1163 1736/1233/1158
f 524/1234/1159 1735/1239/1164 1739/2641/2508
f 1734/1236/1161 1771/1169/1100 1737/1168/1099
f 529/1252/1175 507/1196/1125 1729/1253/1176
f 507/1196/1125 508/1198/1126 531/1249/1172
f 1728/1248/1171 1729/1253/1176 531/1249/1172
f 532/1246/1169 1725/2625/2505 1724/486/454
f 1707/1348/1264 534/1350/1266 1711/1286/1205
f 535/2640/1183 511/1266/1187 538/1265/1186
f 537/1267/1188 1755/2644/1133 1720/2639/2510
f 1720/2639/2510 502/1188/1118 1732/1317/1233
f 1752/2637/1134 2482/1215/1140 1758/1204/1131
f 1717/1274/1194 1718/1258/1181 513/1273/1136
f 541/1281/1201 1717/1274/1194 1743/2636/1155
f 523/2633/2509 542/2632/1276 1714/2634/1275
f 541/1281/1201 540/1275/1195 1717/1274/1194
f 541/1281/1201 1715/2635/1154 1714/1359/1275
f 523/2633/2509 2558/1277/1197 2462/1276/1196
f 1711/1286/1205 545/1282/1202 1735/2629/1164
f 545/1282/1202 1713/2766/1198 1739/2630/2508
f 1709/1289/1207 527/2628/1160 546/1295/1211
f 546/1295/1211 527/2628/1160 528/1292/1166
f 1699/1301/1217 209/522/490 1704/1297/1213
f 1700/1307/1223 1697/1306/1222 1698/2627/2507
f 551/1304/1220 1676/2622/2502 1677/2626/2506
f 555/1315/1231 2502/1321/1237 557/1316/1232
f 1725/2625/2505 1691/1330/1246 1692/1323/1239
f 213/512/480 558/530/498 559/1325/1241
f 1721/1263/1184 1722/1271/1192 536/1272/1193
f 547/1264/1185 2591/2624/2504 1681/1355/1271
f 544/1280/1200 2449/1336/1252 1680/1337/1253
f 572/1363/1279 1686/1334/1250 2449/1336/1252
f 545/1282/1202 1711/1286/1205 534/1350/1266
f 546/1295/1211 1708/1290/1208 1709/1289/1207
f 1684/1349/1265 1708/1290/1208 576/1369/1285
f 578/1303/1219 552/1302/1218 1678/1309/1225
f 1676/2622/2502 2481/2623/2503 553/1311/1227
f 1675/1378/1294 553/1311/1227 1674/1312/1228
f 1673/1328/1244 583/1374/1290 1674/1312/1228
f 1668/1390/1306 1667/1388/1304 1669/1385/1301
f 557/1316/1232 2387/1396/1312 1694/1357/1273
f 2387/1396/1312 2536/2611/2491 1665/1397/1313
f 1690/1327/1243 2580/1332/1248 2555/1401/1317
f 1664/1382/1298 2555/1401/1317 590/1402/1318
f 595/1411/1327 1662/1344/1260 592/1345/1261
f 1654/1425/1341 2465/1437/1353 1653/1427/1343
f 599/1415/1331 1648/1364/1280 574/1362/1278
f 608/1436/1352 1648/1364/1280 1647/1418/1334
f 577/1368/1284 1683/1426/1342 576/1369/1285
f 1609/1485/1401 1646/1372/1288 1645/1438/1354
f 1637/1443/1359 587/1386/1302 613/1392/1308
f 617/1444/1360 2471/2619/2499 614/1395/1311
f 5/1441/1357 612/2618/2498 1638/2617/2497
f 1638/2617/2497 2471/2619/2499 617/1444/1360
f 1641/2615/2495 2509/1451/1367 619/1442/1358
f 1632/2613/2493 2463/1445/1361 1633/1446/1362
f 618/2614/2494 1634/2750/2588 617/1444/1360
f 1632/2613/2493 622/1448/1364 1630/2612/2492
f 622/1448/1364 625/2752/2590 624/1452/1368
f 621/1449/1365 1630/2612/2492 623/1454/1370
f 624/1452/1368 625/2752/2590 626/2584/2472
f 1428/1898/1805 626/2584/2472 629/1459/1375
f 629/1459/1375 1629/1456/1372 628/1447/1363
f 2536/2611/2491 2388/2621/2501 6/1462/1378
f 628/1447/1363 2463/1445/1361 1627/1457/1373
f 1628/1463/1379 1659/1408/1324 1658/1410/1326
f 596/1409/1325 1628/1463/1379 615/1404/1320
f 1621/1465/1381 2562/1914/1819 1418/1913/1818
f 2458/1477/1393 601/1422/1338 1652/1423/1339
f 1617/1475/1391 2458/1477/1393 636/1430/1346
f 827/1489/1405 2544/1928/1833 828/1964/1868
f 1608/2610/2490 2058/1497/1413 1607/1496/1412
f 1602/1509/1425 647/557/523 648/1514/1430
f 649/1513/1429 1595/1515/1431 654/1525/1441
f 1599/1521/1437 1601/1516/1432 646/1512/1428
f 1593/565/531 1592/1527/1443 1598/560/526
f 1590/1495/1411 670/1532/1447 2391/2609/1476
f 1587/1533/1448 2495/1571/1483 1586/2608/1480
f 657/1534/1449 1584/1539/1454 672/1572/1484
f 657/1534/1449 1604/1503/1419 1585/1506/1422
f 660/1541/1456 651/1517/1433 1580/1520/1436
f 2553/2607/2489 1579/1546/1461 1580/1520/1436
f 1578/2606/2488 2553/2607/2489 2476/1544/1459
f 1592/1527/1443 664/1553/1468 653/1526/1442
f 654/1525/1441 1594/1524/1440 665/1542/1457
f 1589/1500/1416 640/1499/1415 1588/2605/1482
f 1573/1569/1481 1586/1568/1480 673/2603/1485
f 673/1573/1485 2496/1574/1486 1572/1576/1488
f 1581/1537/1452 661/1538/1453 678/2604/2487
f 679/1555/1470 1576/1554/1469 668/1582/1494
f 1564/2602/2486 1572/2601/1488 1563/1616/1523
f 1572/2601/1488 1562/1591/1502 1563/1616/1523
f 1561/2599/1505 680/1581/1493 686/1597/1503
f 693/1627/1534 1545/1638/1545 687/1599/1507
f 1560/1598/1506 681/1600/1497 682/2598/1496
f 1559/2597/2485 2468/1610/1517 1555/2596/2484
f 689/1606/1513 1558/1601/1508 1557/1603/1510
f 1554/1611/1518 1565/1566/1478 683/1565/1477
f 1560/1598/1506 1558/1601/1508 688/1605/1512
f 693/1627/1534 688/1605/1512 1537/1643/1550
f 1543/1634/1541 1544/1629/1536 1546/1628/1535
f 1540/1663/1570 1543/1634/1541 1542/1633/1540
f 1528/1664/1571 1540/1663/1570 1542/1633/1540
f 1555/2596/2484 2468/1610/1517 1536/1641/1548
f 702/2590/2478 701/1653/1560 1531/1652/1559
f 1530/1716/1623 704/2589/2477 703/2591/2479
f 1529/1654/1561 705/1624/1531 691/1623/1530
f 1545/1638/1545 1544/1629/1536 1540/1663/1570
f 1527/1666/1573 1522/1657/1564 1540/1663/1570
f 1524/1669/1576 710/2594/2482 714/1673/1580
f 710/2594/2482 711/1668/1575 715/2595/2483
f 723/1680/1587 2515/2593/2481 1519/1679/1586
f 1517/1684/1591 2515/2593/2481 724/1688/1595
f 727/1723/1630 726/1659/1566 1517/1684/1591
f 724/1688/1595 1500/1726/1633 727/1723/1630
f 1523/1671/1578 2497/1637/1544 1539/1636/1543
f 1513/1693/1600 2532/1694/1601 1514/1685/1592
f 734/1699/1606 2532/1694/1601 1513/1693/1600
f 1509/1702/1609 733/2592/2480 1507/1700/1607
f 733/2592/2480 2533/1705/1612 732/1698/1605
f 733/2592/2480 732/1698/1605 1511/1701/1608
f 1504/1714/1621 737/1711/1618 1505/1712/1619
f 702/2590/2478 2523/1621/1528 703/2591/2479
f 706/1717/1624 2524/1655/1562 1503/1719/1626
f 1502/1661/1568 2524/1655/1562 1529/1654/1561
f 739/1720/1627 2510/1751/1658 740/1721/1628
f 743/1724/1631 750/1707/1614 744/1729/1636
f 1530/1716/1623 738/1748/1655 1494/1745/1652
f 753/1722/1629 2510/1751/1658 754/1755/1662
f 753/1722/1629 754/1755/1662 1492/1753/1660
f 1496/1737/1644 749/1706/1613 1229/2278/2169
f 767/1768/1675 1229/2278/2169 1226/2318/2209
f 1481/1786/1693 2455/2348/2239 1206/2350/2241
f 1493/1744/1651 1494/1745/1652 768/1747/1654
f 1484/1754/1661 772/1778/1685 1483/1782/1689
f 2469/1765/1672 772/1778/1685 1484/1754/1661
f 775/1802/1709 776/1790/1697 1478/1791/1698
f 782/1812/1719 2514/1806/1713 778/1792/1699
f 1469/1814/1721 1470/1810/1717 1471/1832/1739
f 1471/1832/1739 782/1812/1719 779/1794/1701
f 1467/1818/1725 2452/1821/1728 785/1815/1722
f 787/2588/2476 1470/1810/1717 784/1813/1720
f 789/1827/1734 2452/1821/1728 1467/1818/1725
f 791/1823/1730 787/2588/2476 788/1817/1724
f 789/1827/1734 2552/2587/2475 1462/2586/2474
f 1461/1833/1740 779/1794/1701 1474/1793/1700
f 1469/1814/1721 2551/1834/1741 1460/1819/1726
f 792/1831/1738 1058/2415/2306 793/1835/1742
f 795/1838/1745 2551/1834/1741 796/2424/2315
f 1458/1840/1747 2552/2587/2475 1466/1826/1733
f 1462/2586/2474 2478/1839/1746 1449/1830/1737
f 798/1805/1712 1472/1808/1715 1455/1847/1754
f 781/1803/1710 2575/2585/2473 797/1801/1708
f 1453/1850/1757 2554/1849/1756 1465/1828/1735
f 799/1848/1755 1472/1808/1715 1463/1809/1716
f 1449/1830/1737 2474/1854/1761 1452/1824/1731
f 801/1853/1760 2554/1849/1756 1450/1852/1759
f 2554/1849/1756 802/1857/1764 799/1848/1755
f 1448/1837/1744 796/2424/2315 803/2552/2443
f 803/2552/2443 2474/1854/1761 1447/1855/1762
f 2575/2585/2473 1457/1799/1706 797/1801/1708
f 1444/1862/1769 2575/2585/2473 1445/1845/1752
f 804/1859/1766 2408/1869/1776 2407/1860/1767
f 802/1857/1764 805/1858/1765 1441/1865/1772
f 1435/1874/1781 2597/1863/1770 1438/1864/1771
f 1437/1877/1784 2499/2515/2406 1124/2528/2419
f 1433/1883/1790 1431/1885/1792 811/1886/1793
f 1428/1898/1805 1427/1891/1798 627/1453/1369
f 812/1892/1799 2585/1530/1446 656/570/535
f 813/1894/1801 1574/1559/1473 1591/1558/1472
f 1424/1903/1810 815/1895/1802 1426/1897/1804
f 836/1946/1850 1421/1941/1845 817/1904/1811
f 630/1458/1374 1627/1457/1373 633/1464/1380
f 1424/1903/1810 1420/1466/1382 818/1910/1815
f 2562/1914/1819 1622/1471/1387 635/1470/1386
f 819/1908/1813 1621/1465/1381 1418/1913/1818
f 820/1917/1822 1417/1479/1395 1416/1478/1394
f 823/1918/1823 1416/1478/1394 1618/1472/1388
f 824/1924/1829 1414/1921/1826 823/1918/1823
f 826/1927/1832 1410/1484/1400 1615/1488/1404
f 829/1967/1871 826/1927/1832 827/1489/1405
f 854/2583/1875 2544/1928/1833 830/1491/1407
f 639/1490/1406 1611/1492/1408 833/1937/1839
f 1395/1933/1838 2454/2582/1836 833/1934/1839
f 1610/1399/1315 631/1398/1314 632/1461/1377
f 840/1944/1848 836/1946/1850 837/2581/2471
f 1388/1989/1888 1409/1939/1843 842/1943/1847
f 1405/1954/1858 821/1915/1820 1413/1916/1821
f 1419/1909/1814 821/1915/1820 1405/1954/1858
f 848/2580/2470 1403/1955/1859 1406/1919/1824
f 1398/1962/1866 826/1927/1832 829/1967/1871
f 1396/1971/1874 2486/1965/1869 832/1930/1835
f 1393/2018/1909 1394/1975/1877 1395/1933/1838
f 1392/1932/1837 2485/1979/1880 855/1981/1882
f 835/1984/1840 632/1906/1377 2417/1905/1812
f 1387/1992/1890 860/1952/1856 844/1949/1853
f 1388/1989/1888 2461/1993/1891 1386/1988/1886
f 849/1956/1860 2517/1997/1893 850/1959/1863
f 1380/2003/1896 1400/2002/1830 1399/2006/1867
f 864/2011/1902 1377/2009/1900 1376/2012/1903
f 856/1973/1876 1394/1975/1877 1393/2018/1909
f 855/1981/1882 870/1980/1881 866/2020/1911
f 872/2026/1917 866/2020/1911 870/1980/1881
f 858/1983/1884 873/2028/1919 2588/2104/1995
f 875/1602/1509 682/2598/1496 859/1985/1885
f 879/2035/1926 1341/2034/1925 878/2112/2003
f 1389/1987/1887 2506/1995/1892 1369/2038/1929
f 884/2042/1933 2506/1995/1892 883/2047/1938
f 1383/2048/1939 2506/1995/1892 1385/1994/1889
f 888/2053/1944 885/2050/1941 887/2057/1948
f 892/2065/1956 881/2045/1936 1364/2059/1950
f 889/2064/1955 887/2057/1948 1367/2046/1937
f 1380/2003/1896 1379/2070/1961 1361/2066/1957
f 893/2060/1951 895/2067/1958 894/2572/2463
f 896/2072/1963 2470/2078/1969 897/2068/1959
f 1359/2076/1967 2470/2078/1969 896/2072/1963
f 1356/2080/1971 900/2073/1964 862/2005/1897
f 900/2073/1964 1356/2080/1971 901/2578/2469
f 901/2578/2469 899/2082/1973 1311/2081/1972
f 902/2084/1975 899/2082/1973 1357/2007/1898
f 868/2016/1907 869/2023/1914 905/2022/1913
f 1354/2017/1908 1375/2013/1904 1374/2014/1905
f 909/2105/1996 872/2026/1917 1345/2027/1918
f 911/2110/2001 2530/2111/2002 1338/2113/2004
f 1336/2116/2007 1337/2114/2005 1340/2037/1928
f 890/2576/2467 888/2053/1944 891/2056/1947
f 1363/2063/1954 2466/2575/2466 889/2064/1955
f 1330/2121/2012 1331/2118/2009 1332/2058/1949
f 1325/2574/2465 2466/2575/2466 1328/2127/2018
f 918/2124/2015 915/2126/2017 2466/2575/2466
f 917/2570/2461 927/2145/2036 919/2573/2464
f 1323/2132/2023 1325/2574/2465 1326/2129/2020
f 894/2572/2463 895/2067/1958 1321/2571/2462
f 897/2068/1959 2539/2140/2031 924/2069/1960
f 1321/2571/2462 895/2067/1958 924/2069/1960
f 924/2069/1960 2539/2140/2031 1320/2139/2030
f 917/2570/2461 1327/2128/2019 1321/2571/2462
f 927/2145/2036 1321/2571/2462 925/2142/2033
f 898/2075/1966 1358/2074/1965 929/2151/2042
f 1310/2159/2050 1309/2158/2049 1358/2074/1965
f 1310/2159/2050 901/2578/2469 931/2569/2460
f 931/2569/2460 1311/2081/1972 933/2163/2054
f 1300/2161/2052 1301/2094/1985 1299/2172/2063
f 940/2107/1998 2447/2106/1997 910/2103/1994
f 1288/2185/2076 1343/2109/2000 1287/2187/2078
f 941/2184/2075 1288/2185/2076 942/2271/2162
f 912/2033/1924 1335/2198/2089 1284/2197/2088
f 1285/2194/2085 2531/2191/2082 912/2033/1924
f 945/2199/2090 914/2117/2008 1283/2202/2093
f 1281/2201/2092 2472/2205/2096 1280/2204/2095
f 947/2206/2097 2472/2205/2096 1281/2201/2092
f 1279/2566/2457 1270/2568/2459 1277/2565/2456
f 1278/2567/2458 949/2211/2102 1276/2209/2100
f 954/2217/2108 1270/2568/2459 1279/2566/2457
f 1278/2567/2458 1276/2209/2100 953/2208/2099
f 1282/2200/2091 1329/2123/2014 948/2210/2101
f 949/2211/2102 2537/2228/2119 964/2213/2104
f 1274/2212/2103 1275/2215/2106 948/2210/2101
f 1282/2200/2091 1275/2215/2106 947/2206/2097
f 951/2227/2118 955/2218/2109 921/2134/2025
f 952/2219/2110 923/2136/2027 1272/2148/2039
f 954/2217/2108 1279/2566/2457 953/2208/2099
f 958/2222/2113 1271/2221/2112 950/2133/2024
f 961/2225/2116 960/2223/2114 958/2222/2113
f 959/2224/2115 2501/2564/2455 962/2229/2120
f 963/2563/2454 1269/2226/2117 956/2220/2111
f 962/2229/2120 2501/2564/2455 1267/2237/2128
f 1272/2148/2039 1316/2147/2038 928/2239/2130
f 928/2239/2130 1316/2147/2038 1318/2146/2037
f 974/2247/2138 2593/2154/2045 1265/2153/2044
f 2593/2154/2045 974/2247/2138 973/2562/2453
f 1312/2238/2129 973/2562/2453 1264/2246/2137
f 2594/2253/2144 973/2562/2453 974/2247/2138
f 1258/2249/2140 979/2258/2149 1257/2260/2151
f 1256/2250/2141 1258/2249/2140 1257/2260/2151
f 1290/2180/2071 983/2269/2160 1254/2265/2156
f 939/2183/2074 1292/2181/2072 938/2182/2073
f 1252/2268/2159 938/2182/2073 2489/2272/2163
f 992/2277/2168 2479/2313/2204 1248/2279/2170
f 1280/2204/2095 2473/2282/2173 995/2284/2175
f 994/2207/2098 1244/2216/2107 998/2286/2177
f 1003/2332/2223 1002/2291/2182 1242/2290/2181
f 970/2232/2123 969/2240/2131 1004/2241/2132
f 1241/2294/2185 1004/2241/2132 1240/2295/2186
f 1234/2301/2192 1238/2296/2187 1240/2295/2186
f 1007/2257/2148 1010/2305/2196 1009/2339/2230
f 1014/2266/2157 989/2274/2165 1230/2347/2238
f 988/2311/2202 1287/2187/2078 990/2190/2081
f 2423/2560/2451 2425/2559/2450 1016/2312/2203
f 1225/2316/2207 1222/2320/2211 1018/2321/2212
f 2484/2360/2251 1222/2320/2211 1223/2327/2218
f 1019/2326/2217 1224/2328/2219 1000/2289/2180
f 1001/2288/2179 1243/2292/2183 1003/2332/2223
f 1219/2330/2221 1001/2288/2179 1220/2334/2225
f 1217/2329/2220 1223/2327/2218 1019/2326/2217
f 1221/2325/2216 1219/2330/2221 1218/2333/2224
f 1242/2290/2181 1239/2293/2184 1021/2337/2228
f 1212/2338/2229 1211/2373/2264 1213/2556/2447
f 1197/2343/2234 1212/2338/2229 1210/2341/2232
f 1009/2339/2230 1210/2341/2232 1212/2338/2229
f 1208/2344/2235 2568/2308/2199 1231/2309/2200
f 1023/2346/2237 2425/2559/2450 2424/2557/2448
f 1227/2317/2208 1207/2558/2449 2455/2348/2239
f 2424/2557/2448 2426/2767/2595 1202/2382/2273
f 1029/2352/2243 1032/2363/2254 1030/2356/2247
f 1033/2365/2256 1032/2363/2254 1031/2322/2213
f 1034/2392/2283 2589/2554/2445 1183/2366/2257
f 1022/2367/2258 1216/2335/2226 1215/2331/2222
f 1196/2376/2267 1198/2374/2265 1211/2373/2264
f 1194/2379/2270 1178/2381/2272 1054/2380/2271
f 1039/2359/2250 1204/2353/2244 1192/2358/2249
f 1045/2393/2284 2445/2555/2446 1046/2426/2317
f 1185/2399/2290 2445/2555/2446 1045/2393/2284
f 1046/2426/2317 2545/2406/2297 1047/2427/2318
f 1183/2366/2257 2589/2554/2445 1038/2384/2275
f 1044/2397/2288 1041/2385/2276 2589/2554/2445
f 1181/2372/2263 1036/2368/2259 1198/2374/2265
f 1179/2438/2329 1163/2413/2304 1055/2378/2269
f 1056/2404/2295 1179/2438/2329 1054/2380/2271
f 1187/2390/2281 1043/2396/2287 1176/2430/2321
f 1059/2419/2310 1188/2389/2280 1187/2390/2281
f 1060/2420/2311 1057/2391/2282 1177/2416/2307
f 1174/2418/2309 803/2552/2443 796/2424/2315
f 1071/2454/2345 1068/2434/2325 1065/2435/2326
f 1071/2454/2345 2546/2466/2357 1166/2455/2346
f 1073/2410/2301 1051/2408/2299 1072/2411/2302
f 1053/2414/2305 1163/2413/2304 1162/2463/2354
f 1179/2438/2329 1162/2463/2354 1163/2413/2304
f 803/2552/2443 1173/2425/2316 1074/1866/1773
f 1069/2431/2322 1169/2437/2328 1158/2444/2335
f 1150/2477/2368 806/1867/1774 1074/1866/1773
f 1089/2482/2373 1172/2443/2334 1160/2446/2337
f 1070/2436/2327 1068/2434/2325 1071/2454/2345
f 1079/2459/2350 1078/2548/2439 1076/2448/2339
f 2433/2550/2441 1161/2439/2330 2430/2553/2444
f 1155/2457/2348 2546/2466/2357 1080/2465/2356
f 1151/2473/2364 1072/2411/2302 1164/2442/2333
f 1085/2478/2369 1150/2477/2368 1149/2474/2365
f 1086/2516/2407 2499/2515/2406 1440/1876/1783
f 1159/2450/2341 1089/2482/2373 1160/2446/2337
f 1077/2458/2349 1147/2461/2352 1087/2451/2342
f 1146/2547/2438 1147/2461/2352 1090/2484/2375
f 1090/2484/2375 1094/2486/2377 1146/2547/2438
f 1091/2485/2376 1095/2543/2434 1090/2484/2375
f 1096/2492/2383 1093/2487/2378 1097/2489/2380
f 2453/2494/2385 1141/2546/2437 1097/2489/2380
f 1101/2475/2366 1145/2481/2372 1144/2493/2384
f 1142/2541/2432 1140/2498/2389 1102/2542/2433
f 1103/2496/2387 1140/2498/2389 1142/2541/2432
f 1105/2495/2386 1132/2501/2392 1137/2499/2390
f 2434/2538/2429 1108/2514/2405 2436/2505/2396
f 1082/2467/2358 1111/2506/2397 1081/2462/2353
f 1136/2502/2393 1111/2506/2397 1112/2508/2399
f 1113/2507/2398 1111/2506/2397 1082/2467/2358
f 1084/2469/2360 1135/2510/2401 1114/2509/2400
f 1131/2522/2413 1132/2501/2392 1106/2500/2391
f 1125/2524/2415 1129/2525/2416 1130/2521/2412
f 1129/2525/2416 1120/2527/2418 1119/2533/2424
f 1126/2512/2403 2569/2537/2428 1128/2526/2417
f 2437/2523/2414 2569/2537/2428 1126/2512/2403
f 1121/2529/2420 1123/1889/1796 1117/2520/2411
f 2441/2532/2423 2569/2537/2428 2438/2540/2431
f 1123/1889/1796 2443/2536/2427 2416/1890/1797
f 1122/2531/2422 1119/2533/2424 2442/2535/2426
f 2441/2532/2423 2442/2535/2426 1119/2533/2424
f 1130/2521/2412 1129/2525/2416 1122/2531/2422
f 1121/2529/2420 2444/2530/2421 2443/2536/2427
f 1123/1889/1796 1432/1884/1791 1124/2528/2419
f 1128/2526/2417 1119/2533/2424 1120/2527/2418
f 1112/2508/2399 1120/2527/2418 1129/2525/2416
f 1138/2503/2394 1112/2508/2399 1125/2524/2415
f 2437/2523/2414 1127/2511/2402 2439/2539/2430
f 1109/2513/2404 2439/2539/2430 1127/2511/2402
f 1116/2517/2408 1115/2480/2371 1133/2518/2409
f 1118/2519/2410 1134/2479/2370 1131/2522/2413
f 1132/2501/2392 1131/2522/2413 1134/2479/2370
f 1118/2519/2410 1130/2521/2412 1117/2520/2411
f 1116/2517/2408 1124/2528/2419 2499/2515/2406
f 1086/2516/2407 1085/2478/2369 1115/2480/2371
f 1135/2510/2401 1151/2473/2364 1108/2514/2405
f 1135/2510/2401 1126/2512/2403 1114/2509/2400
f 1114/2509/2400 1120/2527/2418 1113/2507/2398
f 1113/2507/2398 1120/2527/2418 1112/2508/2399
f 2436/2505/2396 1108/2514/2405 1110/2472/2363
f 2432/2470/2361 2435/2504/2395 1110/2472/2363
f 1138/2503/2394 1100/2491/2382 1107/2460/2351
f 1079/2459/2350 1136/2502/2393 1107/2460/2351
f 1106/2500/2391 1100/2491/2382 1138/2503/2394
f 1132/2501/2392 1105/2495/2386 1139/2497/2388
f 1140/2498/2389 1148/2476/2367 1102/2542/2433
f 2453/2494/2385 1139/2497/2388 1104/2545/2436
f 1103/2496/2387 1104/2545/2436 1139/2497/2388
f 1143/2490/2381 2453/2494/2385 1099/2544/2435
f 1096/2492/2383 1145/2481/2372 1092/2483/2374
f 1091/2485/2376 1107/2460/2351 1100/2491/2382
f 1149/2474/2365 1089/2482/2373 1145/2481/2372
f 1093/2487/2378 1096/2492/2383 1092/2483/2374
f 1094/2486/2377 1098/2488/2379 1093/2487/2378
f 1147/2461/2352 1107/2460/2351 1091/2485/2376
f 1089/2482/2373 1088/2449/2340 1092/2483/2374
f 1134/2479/2370 1148/2476/2367 1137/2499/2390
f 1134/2479/2370 1133/2518/2409 1115/2480/2371
f 1085/2478/2369 1086/2516/2407 806/1867/1774
f 1101/2475/2366 1102/2542/2433 1148/2476/2367
f 1110/2472/2363 1108/2514/2405 1151/2473/2364
f 1164/2442/2333 1152/2471/2362 1151/2473/2364
f 2432/2470/2361 1168/2464/2355 2431/2551/2442
f 1084/2469/2360 1114/2509/2400 1083/2468/2359
f 1083/2468/2359 1082/2467/2358 1165/2441/2332
f 2546/2466/2357 1165/2441/2332 1082/2467/2358
f 1162/2463/2354 1168/2464/2355 1152/2471/2362
f 1153/2456/2347 1080/2465/2356 1081/2462/2353
f 1079/2459/2350 1147/2461/2352 1078/2548/2439
f 1076/2448/2339 1078/2548/2439 1077/2458/2349
f 1155/2457/2348 1080/2465/2356 1153/2456/2347
f 1154/2447/2338 1157/2452/2343 1156/2453/2344
f 1154/2447/2338 1075/2445/2336 1158/2444/2335
f 1156/2453/2344 1166/2455/2346 1155/2457/2348
f 1169/2437/2328 1070/2436/2327 1157/2452/2343
f 1159/2450/2341 1077/2458/2349 1087/2451/2342
f 1076/2448/2339 1159/2450/2341 1075/2445/2336
f 1061/2422/2313 1171/2429/2320 1160/2446/2337
f 1075/2445/2336 1159/2450/2341 1160/2446/2337
f 1173/2425/2316 1172/2443/2334 1074/1866/1773
f 1164/2442/2333 1072/2411/2302 1052/2412/2303
f 1165/2441/2332 2546/2466/2357 1167/2440/2331
f 1182/2405/2296 1049/2370/2261 1050/2409/2300
f 1167/2440/2331 1048/2407/2298 1182/2405/2296
f 1056/2404/2295 2429/2403/2294 1161/2439/2330
f 1070/2436/2327 1066/2433/2324 1068/2434/2325
f 1069/2431/2322 1066/2433/2324 1169/2437/2328
f 1066/2433/2324 1170/2432/2323 1065/2435/2326
f 1067/2428/2319 1064/2398/2289 1170/2432/2323
f 1048/2407/2298 1065/2435/2326 1170/2432/2323
f 1069/2431/2322 1160/2446/2337 1171/2429/2320
f 1176/2430/2321 1063/2395/2286 1171/2429/2320
f 1067/2428/2319 1063/2395/2286 1064/2398/2289
f 1064/2398/2289 1047/2427/2318 1170/2432/2323
f 1062/2423/2314 1061/2422/2313 1172/2443/2334
f 1174/2418/2309 1175/2417/2308 1062/2423/2314
f 1060/2420/2311 2570/2421/2312 1062/2423/2314
f 1059/2419/2310 1176/2430/2321 1061/2422/2313
f 1059/2419/2310 2570/2421/2312 1060/2420/2311
f 1174/2418/2309 793/1835/1742 1058/2415/2306
f 1057/2391/2282 1189/2388/2279 1188/2389/2280
f 1057/2391/2282 1175/2417/2308 1058/2415/2306
f 1052/2412/2303 1196/2376/2267 1180/2375/2266
f 1180/2375/2266 1163/2413/2304 1053/2414/2305
f 1051/2408/2299 1198/2374/2265 1052/2412/2303
f 1073/2410/2301 1165/2441/2332 1050/2409/2300
f 1050/2409/2300 1049/2370/2261 1181/2372/2263
f 1048/2407/2298 1047/2427/2318 2545/2406/2297
f 1185/2399/2290 1028/2371/2262 1049/2370/2261
f 1185/2399/2290 2545/2406/2297 2445/2555/2446
f 1202/2382/2273 2426/2767/2595 2428/2402/2293
f 2429/2403/2294 1184/2401/2292 2427/2400/2291
f 1184/2401/2292 1178/2381/2272 2428/2402/2293
f 1203/2361/2252 1027/2323/2214 1028/2371/2262
f 1064/2398/2289 1063/2395/2286 1186/2394/2285
f 1043/2396/2287 1041/2385/2276 1044/2397/2288
f 1063/2395/2286 1176/2430/2321 1043/2396/2287
f 1034/2392/2283 1045/2393/2284 1186/2394/2285
f 1190/2386/2277 1189/2388/2279 1057/2391/2282
f 1041/2385/2276 1043/2396/2287 1187/2390/2281
f 1040/2383/2274 1187/2390/2281 1188/2389/2280
f 1191/2387/2278 1040/2383/2274 1189/2388/2279
f 1192/2358/2249 1038/2384/2275 1040/2383/2274
f 1190/2386/2277 1042/1796/1703 1475/1795/1702
f 1038/2384/2275 2589/2554/2445 1041/2385/2276
f 1037/2345/2236 1023/2346/2237 1202/2382/2273
f 1194/2379/2270 1055/2378/2269 1193/2377/2268
f 1193/2377/2268 2568/2308/2199 1208/2344/2235
f 1193/2377/2268 1209/2340/2231 2568/2308/2199
f 1195/2342/2233 1055/2378/2269 1180/2375/2266
f 1180/2375/2266 1197/2343/2234 1195/2342/2233
f 1211/2373/2264 1036/2368/2259 1213/2556/2447
f 1181/2372/2263 1049/2370/2261 1035/2369/2260
f 1028/2371/2262 1022/2367/2258 1035/2369/2260
f 1035/2369/2260 1022/2367/2258 1021/2337/2228
f 1216/2335/2226 1027/2323/2214 1221/2325/2216
f 1033/2365/2256 1183/2366/2257 1201/2357/2248
f 1200/2364/2255 2484/2360/2251 1199/2362/2253
f 1029/2352/2243 1207/2558/2449 1031/2322/2213
f 1222/2320/2211 2484/2360/2251 1200/2364/2255
f 1201/2357/2248 1032/2363/2254 1033/2365/2256
f 2484/2360/2251 1027/2323/2214 1203/2361/2252
f 1203/2361/2252 1034/2392/2283 1199/2362/2253
f 1039/2359/2250 1475/1795/1702 1025/2354/2245
f 1026/2355/2246 1038/2384/2275 1192/2358/2249
f 1201/2357/2248 1038/2384/2275 1026/2355/2246
f 1205/2351/2242 1030/2356/2247 1026/2355/2246
f 1204/2353/2244 1206/2350/2241 1024/2349/2240
f 1206/2350/2241 1025/2354/2245 1480/1784/1691
f 1024/2349/2240 1207/2558/2449 1029/2352/2243
f 1024/2349/2240 2455/2348/2239 1207/2558/2449
f 1037/2345/2236 1015/2310/2201 1230/2347/2238
f 1208/2344/2235 1037/2345/2236 1194/2379/2270
f 1209/2340/2231 1197/2343/2234 1210/2341/2232
f 1012/2306/2197 1210/2341/2232 1010/2305/2196
f 1214/2336/2227 1011/2304/2195 1212/2338/2229
f 1011/2304/2195 1232/2303/2194 1009/2339/2230
f 1214/2336/2227 1213/2556/2447 1021/2337/2228
f 1220/2334/2225 1215/2331/2222 1216/2335/2226
f 1215/2331/2222 1220/2334/2225 1003/2332/2223
f 1019/2326/2217 1001/2288/2179 1219/2330/2221
f 1224/2328/2219 2547/2319/2210 997/2285/2176
f 1223/2327/2218 2547/2319/2210 1224/2328/2219
f 1020/2324/2215 1217/2329/2220 1221/2325/2216
f 1018/2321/2212 1031/2322/2213 1207/2558/2449
f 2547/2319/2210 1223/2327/2218 1222/2320/2211
f 997/2285/2176 2547/2319/2210 1225/2316/2207
f 1227/2317/2208 1017/2314/2205 1018/2321/2212
f 1228/2315/2206 1226/2318/2209 1229/2278/2169
f 2479/2313/2204 1225/2316/2207 1017/2314/2205
f 2479/2313/2204 1228/2315/2206 1248/2279/2170
f 1016/2312/2203 1230/2347/2238 989/2274/2165
f 1231/2309/2200 986/2267/2158 1014/2266/2157
f 1013/2307/2198 986/2267/2158 1231/2309/2200
f 1012/2306/2197 2568/2308/2199 1209/2340/2231
f 1255/2263/2154 1253/2270/2161 1013/2307/2198
f 1010/2305/2196 1255/2263/2154 1012/2306/2197
f 1232/2303/2194 1005/2298/2189 1233/2302/2193
f 1238/2296/2187 1234/2301/2192 1233/2302/2193
f 1007/2257/2148 1008/2256/2147 976/2255/2146
f 1235/2254/2145 1233/2302/2193 1234/2301/2192
f 1234/2301/2192 1004/2241/2132 975/2242/2133
f 1236/2300/2191 1214/2336/2227 1237/2299/2190
f 1237/2299/2190 1241/2294/2185 1006/2297/2188
f 1006/2297/2188 1005/2298/2189 1236/2300/2191
f 1240/2295/2186 1006/2297/2188 1241/2294/2185
f 966/2235/2126 1243/2292/2183 999/2287/2178
f 1242/2290/2181 967/2234/2125 1239/2293/2184
f 1001/2288/2179 999/2287/2178 1243/2292/2183
f 1274/2212/2103 1266/2214/2105 999/2287/2178
f 999/2287/2178 1000/2289/2180 998/2286/2177
f 997/2285/2176 1246/2280/2171 996/2276/2167
f 996/2276/2167 1250/2196/2087 995/2284/2175
f 997/2285/2176 998/2286/2177 1000/2289/2180
f 995/2284/2175 1250/2196/2087 946/2275/2166
f 2473/2282/2173 1245/2283/2174 995/2284/2175
f 1247/2281/2172 2473/2282/2173 993/2203/2094
f 1246/2280/2171 2479/2313/2204 992/2277/2168
f 991/1736/1643 1249/2195/2086 1248/2279/2170
f 992/2277/2168 1249/2195/2086 1250/2196/2087
f 1285/2194/2085 1284/2197/2088 946/2275/2166
f 989/2274/2165 1251/2188/2079 988/2311/2202
f 1251/2188/2079 2489/2272/2163 942/2271/2162
f 1014/2266/2157 987/2273/2164 989/2274/2165
f 939/2183/2074 1252/2268/2159 983/2269/2160
f 1291/2186/2077 2489/2272/2163 938/2182/2073
f 1253/2270/2161 982/2262/2153 985/2264/2155
f 985/2264/2155 983/2269/2160 1253/2270/2161
f 986/2267/2158 1013/2307/2198 1253/2270/2161
f 986/2267/2158 983/2269/2160 1252/2268/2159
f 980/2259/2150 977/2168/2059 1304/2167/2058
f 984/2173/2064 1299/2172/2063 1298/2170/2061
f 985/2264/2155 1304/2167/2058 984/2173/2064
f 981/2261/2152 982/2262/2153 1255/2263/2154
f 1256/2250/2141 1010/2305/2196 1007/2257/2148
f 981/2261/2152 2577/2768/2596 980/2259/2150
f 979/2258/2149 2577/2768/2596 981/2261/2152
f 1258/2249/2140 972/2248/2139 1259/2243/2134
f 979/2258/2149 980/2259/2150 2577/2768/2596
f 936/2152/2043 1305/2166/2057 978/2169/2060
f 1261/2252/2143 1262/2251/2142 1007/2257/2148
f 1235/2254/2145 1260/2245/2136 976/2255/2146
f 1260/2245/2136 1263/2244/2135 1261/2252/2143
f 975/2242/2133 1264/2246/2137 1260/2245/2136
f 1261/2252/2143 2594/2253/2144 1262/2251/2142
f 1262/2251/2142 2594/2253/2144 974/2247/2138
f 974/2247/2138 1258/2249/2140 1256/2250/2141
f 1263/2244/2135 1264/2246/2137 973/2562/2453
f 1259/2243/2134 972/2248/2139 1265/2153/2044
f 971/2155/2046 973/2562/2453 1312/2238/2129
f 969/2240/2131 1264/2246/2137 975/2242/2133
f 970/2232/2123 957/2233/2124 968/2149/2040
f 957/2233/2124 2538/2230/2121 928/2239/2130
f 1312/2238/2129 969/2240/2131 968/2149/2040
f 1267/2237/2128 963/2563/2454 965/2231/2122
f 1268/2236/2127 1267/2237/2128 966/2235/2126
f 970/2232/2123 966/2235/2126 965/2231/2122
f 965/2231/2122 2538/2230/2121 957/2233/2124
f 965/2231/2122 956/2220/2111 952/2219/2110
f 962/2229/2120 1268/2236/2127 964/2213/2104
f 961/2225/2116 2537/2228/2119 960/2223/2114
f 1269/2226/2117 951/2227/2118 956/2220/2111
f 959/2224/2115 962/2229/2120 961/2225/2116
f 1271/2221/2112 960/2223/2114 1270/2568/2459
f 956/2220/2111 951/2227/2118 922/2137/2028
f 921/2134/2025 950/2133/2024 920/2131/2022
f 950/2133/2024 1271/2221/2112 954/2217/2108
f 1275/2215/2106 994/2207/2098 947/2206/2097
f 964/2213/2104 1268/2236/2127 1266/2214/2105
f 949/2211/2102 1266/2214/2105 1274/2212/2103
f 953/2208/2099 948/2210/2101 1329/2123/2014
f 953/2208/2099 916/2122/2013 1273/2125/2016
f 947/2206/2097 993/2203/2094 2472/2205/2096
f 1284/2197/2088 1281/2201/2092 946/2275/2166
f 1282/2200/2091 1283/2202/2093 2456/2120/2011
f 914/2117/2008 2456/2120/2011 1283/2202/2093
f 1335/2198/2089 1337/2114/2005 945/2199/2090
f 991/1736/1643 1285/2194/2085 1250/2196/2087
f 1510/2192/2083 943/2193/2084 944/1704/1611
f 943/2193/2084 991/1736/1643 944/1704/1611
f 1510/2192/2083 2531/2191/2082 943/2193/2084
f 1512/1696/1603 735/1695/1602 730/1692/1599
f 2531/2191/2082 1512/1696/1603 1535/1648/1555
f 2421/2189/2080 8/2561/2452 990/2190/2081
f 1287/2187/2078 1343/2109/2000 1286/2041/1932
f 1251/2188/2079 942/2271/2162 1288/2185/2076
f 2587/2178/2069 1291/2186/2077 1294/2179/2070
f 941/2184/2075 1289/2108/1999 940/2107/1998
f 941/2184/2075 2587/2178/2069 1296/2175/2066
f 1293/2177/2068 1292/2181/2072 939/2183/2074
f 1294/2179/2070 1291/2186/2077 938/2182/2073
f 1290/2180/2071 1298/2170/2061 937/2171/2062
f 1294/2179/2070 1292/2181/2072 1293/2177/2068
f 1295/2176/2067 2587/2178/2069 1294/2179/2070
f 1297/2174/2065 1293/2177/2068 937/2171/2062
f 908/2101/1992 1296/2175/2066 1295/2176/2067
f 1346/2102/1993 1296/2175/2066 1347/2100/1991
f 1297/2174/2065 1302/2093/1984 907/2090/1981
f 1306/2165/2056 984/2173/2064 1304/2167/2058
f 1299/2172/2063 1302/2093/1984 1298/2170/2061
f 1302/2093/1984 1297/2174/2065 937/2171/2062
f 1303/2092/1983 932/2157/2048 930/2088/1979
f 977/2168/2059 979/2258/2149 978/2169/2060
f 935/2164/2055 977/2168/2059 1305/2166/2057
f 934/2156/2047 1309/2158/2049 1305/2166/2057
f 1306/2165/2056 1304/2167/2058 935/2164/2055
f 1309/2158/2049 935/2164/2055 1305/2166/2057
f 1307/2162/2053 935/2164/2055 1308/2160/2051
f 1309/2158/2049 934/2156/2047 929/2151/2042
f 1300/2161/2052 1306/2165/2056 1307/2162/2053
f 932/2157/2048 933/2163/2054 1311/2081/1972
f 971/2155/2046 929/2151/2042 934/2156/2047
f 936/2152/2043 2593/2154/2045 934/2156/2047
f 929/2151/2042 971/2155/2046 1313/2150/2041
f 1313/2150/2041 1312/2238/2129 1317/2141/2032
f 1322/2138/2029 1314/2079/1970 1313/2150/2041
f 926/2143/2034 1317/2141/2032 968/2149/2040
f 923/2136/2027 1319/2144/2035 1316/2147/2038
f 925/2142/2033 1316/2147/2038 1319/2144/2035
f 2500/2130/2021 919/2573/2464 927/2145/2036
f 925/2142/2033 926/2143/2034 1318/2146/2037
f 1320/2139/2030 1317/2141/2032 926/2143/2034
f 1322/2138/2029 2539/2140/2031 1315/2077/1968
f 923/2136/2027 2500/2130/2021 1319/2144/2035
f 1324/2135/2026 922/2137/2028 921/2134/2025
f 920/2131/2022 2500/2130/2021 1324/2135/2026
f 1323/2132/2023 918/2124/2015 1325/2574/2465
f 2500/2130/2021 1323/2132/2023 919/2573/2464
f 1327/2128/2019 917/2570/2461 1326/2129/2020
f 916/2122/2013 1330/2121/2012 915/2126/2017
f 1362/2062/1953 894/2572/2463 1327/2128/2019
f 915/2126/2017 889/2064/1955 2466/2575/2466
f 918/2124/2015 950/2133/2024 1273/2125/2016
f 1329/2123/2014 2456/2120/2011 1330/2121/2012
f 1334/2119/2010 1331/2118/2009 1330/2121/2012
f 1334/2119/2010 2456/2120/2011 1333/2115/2006
f 1331/2118/2009 880/2054/1945 890/2576/2467
f 1337/2114/2005 914/2117/2008 945/2199/2090
f 913/2055/1946 1336/2116/2007 1339/2036/1927
f 1337/2114/2005 1335/2198/2089 1338/2113/2004
f 1340/2037/1928 2530/2111/2002 879/2035/1926
f 690/1609/1516 1370/1608/1515 878/2112/2003
f 911/2110/2001 1335/2198/2089 912/2033/1924
f 1341/2034/1925 879/2035/1926 2530/2111/2002
f 1343/2109/2000 910/2103/1994 1342/2039/1930
f 910/2103/1994 2447/2106/1997 1345/2027/1918
f 873/2028/1919 2419/2029/1920 2420/2040/1931
f 2447/2106/1997 1289/2108/1999 909/2105/1996
f 909/2105/1996 1289/2108/1999 1346/2102/1993
f 2588/2104/1995 873/2028/1919 1342/2039/1930
f 1346/2102/1993 1347/2100/1991 1348/2098/1989
f 1347/2100/1991 906/2099/1990 1348/2098/1989
f 906/2099/1990 908/2101/1992 907/2090/1981
f 905/2022/1913 1348/2098/1989 906/2099/1990
f 872/2026/1917 909/2105/1996 1344/2095/1986
f 1349/2097/1988 905/2022/1913 1372/2024/1915
f 868/2016/1907 1352/2086/1977 1374/2014/1905
f 1344/2095/1986 1349/2097/1988 1372/2024/1915
f 1301/2094/1985 903/2091/1982 904/2087/1978
f 903/2091/1982 1301/2094/1985 1303/2092/1983
f 1352/2086/1977 1350/2096/1987 907/2090/1981
f 930/2088/1979 1351/2089/1980 1303/2092/1983
f 1353/2085/1976 904/2087/1978 903/2091/1982
f 1355/2083/1974 1353/2085/1976 1351/2089/1980
f 1354/2017/1908 1352/2086/1977 1353/2085/1976
f 1311/2081/1972 1355/2083/1974 930/2088/1979
f 1357/2007/1898 899/2082/1973 1356/2080/1971
f 1314/2079/1970 1359/2076/1967 898/2075/1966
f 1315/2077/1968 897/2068/1959 2470/2078/1969
f 900/2073/1964 898/2075/1966 1360/2071/1962
f 896/2072/1963 1361/2066/1957 1379/2070/1961
f 862/2005/1897 900/2073/1964 1360/2071/1962
f 897/2068/1959 895/2067/1958 1361/2066/1957
f 895/2067/1958 893/2060/1951 1381/2061/1952
f 892/2065/1956 893/2060/1951 1363/2063/1954
f 1362/2062/1953 1328/2127/2018 1363/2063/1954
f 1364/2059/1950 1382/1999/1894 1381/2061/1952
f 1364/2059/1950 861/2000/1895 1382/1999/1894
f 887/2057/1948 889/2064/1955 1332/2058/1949
f 880/2054/1945 1334/2119/2010 913/2055/1946
f 1366/2049/1940 888/2053/1944 1365/2051/1942
f 1367/2046/1937 887/2057/1948 885/2050/1941
f 886/2052/1943 884/2042/1933 1366/2049/1940
f 885/2050/1941 882/2043/1934 1368/2044/1935
f 1366/2049/1940 884/2042/1933 883/2047/1938
f 1383/2048/1939 861/2000/1895 882/2043/1934
f 881/2045/1936 892/2065/1956 1367/2046/1937
f 861/2000/1895 881/2045/1936 1368/2044/1935
f 884/2042/1933 913/2055/1946 1339/2036/1927
f 2420/2040/1931 2422/2577/2468 1286/2041/1932
f 1340/2037/1928 876/2031/1922 1369/2038/1929
f 876/2031/1922 1340/2037/1928 879/2035/1926
f 696/1644/1551 690/1609/1516 1341/2034/1925
f 877/2032/1923 878/2112/2003 1370/1608/1515
f 877/2032/1923 875/1602/1509 874/2030/1921
f 1389/1987/1887 876/2031/1922 874/2030/1921
f 858/1983/1884 2418/1982/1883 2419/2029/1920
f 1371/2025/1916 2588/2104/1995 1345/2027/1918
f 857/1978/1879 2588/2104/1995 1371/2025/1916
f 869/2023/1914 867/2019/1910 1372/2024/1915
f 866/2020/1911 872/2026/1917 871/2021/1912
f 867/2019/1910 869/2023/1914 1373/2015/1906
f 1393/2018/1909 866/2020/1911 867/2019/1910
f 1357/2007/1898 1354/2017/1908 902/2084/1975
f 1375/2013/1904 1373/2015/1906 1374/2014/1905
f 1373/2015/1906 1377/2009/1900 865/2010/1901
f 1373/2015/1906 869/2023/1914 868/2016/1907
f 1375/2013/1904 1357/2007/1898 1378/1970/1873
f 864/2011/1902 1397/1969/1872 1396/1974/1874
f 863/2008/1899 853/1968/1870 1378/1970/1873
f 853/1968/1870 863/2008/1899 862/2005/1897
f 862/2005/1897 1379/2070/1961 1399/2006/1867
f 1380/2003/1896 1381/2061/1952 1401/2001/1864
f 1382/1999/1894 1401/2001/1864 1381/2061/1952
f 1384/1998/1865 861/2000/1895 1383/2048/1939
f 1385/1991/1889 2517/1997/1893 1383/2769/1939
f 2517/1997/1893 1384/1961/1865 1383/2769/1939
f 850/1959/1863 1385/1991/1889 845/1951/1855
f 2506/1995/1892 1389/1987/1887 2461/1996/1891
f 2461/1993/1891 860/1952/1856 1387/1992/1890
f 1390/1583/1495 1408/1940/1844 1386/1988/1886
f 1408/1940/1844 1409/1939/1843 1388/1989/1888
f 1386/1986/1886 2461/1996/1891 1389/1987/1887
f 858/1983/1884 1391/1977/1878 835/1984/1840
f 870/1980/1881 2485/1979/1880 857/1978/1879
f 1391/1977/1878 2485/1979/1880 1392/1932/1837
f 834/1976/1841 835/1984/1840 1391/1977/1878
f 854/1972/1875 2454/2582/1836 1394/1975/1877
f 856/1973/1876 1377/2009/1900 1396/1974/1874
f 831/1929/1834 854/2583/1875 1396/1971/1874
f 1397/1969/1872 864/2011/1902 1378/1970/1873
f 853/1966/1870 2486/1965/1869 1397/2579/1872
f 828/1964/1868 2486/1965/1869 829/1967/1871
f 1399/1963/1867 1400/1925/1830 852/1926/1831
f 1401/1960/1864 851/1923/1828 825/1922/1827
f 851/1923/1828 1384/1961/1865 1402/1958/1862
f 849/1956/1860 847/1953/1857 848/2580/2470
f 1404/1957/1861 851/1923/1828 1402/1958/1862
f 847/1953/1857 1403/1955/1859 848/2580/2470
f 846/1947/1851 1407/1911/1816 1405/1954/1858
f 822/1920/1825 1406/1919/1824 1403/1955/1859
f 824/1924/1829 1404/1957/1861 1406/1919/1824
f 847/1953/1857 845/1951/1855 841/1948/1852
f 860/1952/1856 1388/1989/1888 843/1950/1854
f 840/1944/1848 845/1951/1855 844/1949/1853
f 844/1949/1853 839/1945/1849 840/1944/1848
f 839/1945/1849 843/1950/1854 842/1943/1847
f 1407/1911/1816 841/1948/1852 837/2581/2471
f 839/1945/1849 838/1942/1846 836/1946/1850
f 1409/1939/1843 1422/1902/1809 838/1942/1846
f 1421/1941/1845 836/1946/1850 838/1942/1846
f 1408/1940/1844 1390/1583/1495 1574/1559/1473
f 813/1894/1801 1429/1893/1800 1409/1939/1843
f 1429/1893/1800 816/1900/1807 1422/1902/1809
f 833/1937/1839 1611/1492/1408 1612/1938/1842
f 834/1936/1841 1612/1938/1842 1610/1399/1315
f 1392/1932/1837 833/1934/1839 834/1976/1841
f 830/1491/1407 2454/1931/1836 854/2583/1875
f 2544/1928/1833 832/1930/1835 828/1964/1868
f 826/1927/1832 1398/1962/1866 852/1926/1831
f 1411/1486/1402 1410/1484/1400 852/1926/1831
f 1620/1476/1392 1411/1486/1402 1412/1480/1396
f 851/1923/1828 1404/1957/1861 824/1924/1829
f 1411/1486/1402 1400/1925/1830 825/1922/1827
f 822/1920/1825 820/1917/1822 1414/1921/1826
f 821/1915/1820 1419/1909/1814 819/1908/1813
f 820/1917/1822 823/1918/1823 1414/1921/1826
f 1415/1912/1817 820/1917/1822 1413/1916/1821
f 1415/1912/1817 2562/1914/1819 1417/1479/1395
f 1407/1911/1816 837/2581/2471 818/1910/1815
f 819/1908/1813 818/1910/1815 1420/1466/1382
f 812/1892/1799 1427/1891/1798 816/1900/1807
f 817/1904/1811 1421/1941/1845 1423/1901/1808
f 816/1900/1807 1425/1899/1806 1423/1901/1808
f 1423/1901/1808 815/1895/1802 1424/1903/1810
f 815/1895/1802 1425/1899/1806 1428/1898/1805
f 1428/1898/1805 816/1900/1807 1427/1891/1798
f 814/1896/1803 630/1458/1374 1426/1897/1804
f 812/1892/1799 813/1894/1801 2585/1530/1446
f 812/1892/1799 1430/1455/1371 627/1453/1369
f 2416/1890/1797 2415/1887/1794 1431/1885/1792
f 2415/1887/1794 811/1886/1793 1431/1885/1792
f 811/1886/1793 2414/1888/1795 2413/1881/1788
f 1432/1884/1791 1123/1889/1796 1431/1885/1792
f 1433/1883/1790 1437/1877/1784 1432/1884/1791
f 808/1873/1780 809/1875/1782 1433/1883/1790
f 810/1879/1786 1434/1882/1789 2413/1881/1788
f 2411/1878/1785 810/1879/1786 2412/1880/1787
f 1436/1871/1778 1435/1874/1781 2411/1878/1785
f 1440/1876/1783 2499/2515/2406 1437/1877/1784
f 1440/1876/1783 805/1858/1765 807/2549/2440
f 1438/1864/1771 1440/1876/1783 809/1875/1782
f 808/1873/1780 810/1879/1786 1435/1874/1781
f 1436/1871/1778 2409/1868/1775 1439/1870/1777
f 1443/1861/1768 2597/1863/1770 1436/1871/1778
f 2408/1869/1776 1444/1862/1769 1439/1870/1777
f 806/1867/1774 807/2549/2440 1446/1856/1763
f 1438/1864/1771 2597/1863/1770 1441/1865/1772
f 1442/1844/1751 1441/1865/1772 2597/1863/1770
f 1454/1846/1753 1441/1865/1772 1442/1844/1751
f 1443/1861/1768 1439/1870/1777 1444/1862/1769
f 1457/1799/1706 2407/1860/1767 2406/1842/1749
f 1446/1856/1763 807/2549/2440 805/1858/1765
f 1446/1856/1763 802/1857/1764 801/1853/1760
f 1447/1855/1762 2478/1839/1746 1448/1837/1744
f 1451/1851/1758 1452/1824/1731 2474/1854/1761
f 1451/1851/1758 801/1853/1760 1450/1852/1759
f 1453/1850/1757 1452/1824/1731 1451/1851/1758
f 800/1829/1736 791/1823/1730 1465/1828/1735
f 799/1848/1755 802/1857/1764 1454/1846/1753
f 1456/1843/1750 798/1805/1712 1455/1847/1754
f 1442/1844/1751 1443/1861/1768 1445/1845/1752
f 1456/1843/1750 781/1803/1710 798/1805/1712
f 780/1800/1707 2406/1842/1749 2405/1841/1748
f 2404/1798/1705 2576/1797/1704 780/1800/1707
f 2478/1839/1746 1459/1836/1743 1448/1837/1744
f 1448/1837/1744 795/1838/1745 796/2424/2315
f 1459/1836/1743 1458/1840/1747 1466/1826/1733
f 2551/1834/1741 793/1835/1742 796/2424/2315
f 1471/1832/1739 779/1794/1701 1461/1833/1740
f 1449/1830/1737 1464/1825/1732 1462/2586/2474
f 800/1829/1736 786/1816/1723 791/1823/1730
f 790/1822/1729 1453/1850/1757 1465/1828/1735
f 1466/1826/1733 2552/2587/2475 789/1827/1734
f 790/1822/1729 2452/1821/1728 1464/1825/1732
f 791/1823/1730 1468/1811/1718 787/2588/2476
f 2452/1821/1728 788/1817/1724 785/1815/1722
f 1467/1818/1725 794/1820/1727 1466/1826/1733
f 783/1807/1714 2514/1806/1713 1468/1811/1718
f 1469/1814/1721 1460/1819/1726 785/1815/1722
f 1468/1811/1718 2514/1806/1713 782/1812/1719
f 783/1807/1714 786/1816/1723 1463/1809/1716
f 783/1807/1714 1472/1808/1715 1473/1804/1711
f 778/1792/1699 2514/1806/1713 1473/1804/1711
f 798/1805/1712 781/1803/1710 1478/1791/1698
f 797/1801/1708 775/1802/1709 1478/1791/1698
f 775/1802/1709 797/1801/1708 2576/1797/1704
f 780/1800/1707 2576/1797/1704 797/1801/1708
f 2404/1798/1705 2403/2770/2597 774/1789/1696
f 1476/1787/1694 1042/1796/1703 1474/1793/1700
f 1474/1793/1700 773/1780/1687 1476/1787/1694
f 1480/1784/1691 1025/2354/2245 1475/1795/1702
f 779/1794/1701 778/1792/1699 1477/1783/1690
f 777/1776/1683 1477/1783/1690 778/1792/1699
f 1479/1777/1684 776/1790/1697 1485/1775/1682
f 1486/1750/1657 776/1790/1697 1487/1774/1681
f 770/1772/1679 775/1802/1709 774/1789/1696
f 774/1789/1696 2403/2770/2597 2402/1788/1695
f 1490/1771/1678 2402/1788/1695 2401/1769/1676
f 1476/1787/1694 773/1780/1687 1482/1785/1692
f 765/1781/1688 2518/1767/1674 1482/1785/1692
f 1482/1785/1692 767/1768/1675 1481/1786/1693
f 1477/1783/1690 777/1776/1683 1483/1782/1689
f 1483/1782/1689 764/1779/1686 773/1780/1687
f 764/1779/1686 2522/1766/1673 765/1781/1688
f 763/1764/1671 2522/1766/1673 764/1779/1686
f 771/1752/1659 1479/1777/1684 1485/1775/1682
f 771/1752/1659 1486/1750/1657 753/1722/1629
f 753/1722/1629 2525/1749/1656 1501/1718/1625
f 769/1746/1653 1486/1750/1657 1487/1774/1681
f 1487/1774/1681 775/1802/1709 770/1772/1679
f 770/1772/1679 1489/1770/1677 1495/1742/1649
f 1490/1771/1678 2498/1743/1650 1495/1742/1649
f 2401/1769/1676 2498/1743/1650 1490/1771/1678
f 2518/1767/1674 767/1768/1675 1482/1785/1692
f 1497/1730/1637 756/1763/1670 746/1735/1642
f 761/1761/1668 2518/1767/1674 765/1781/1688
f 761/1761/1668 765/1781/1688 2522/1766/1673
f 759/1758/1665 2469/1765/1672 1492/1753/1660
f 760/1759/1666 2522/1766/1673 763/1764/1671
f 1491/1760/1667 760/1759/1666 758/1757/1664
f 762/1762/1669 761/1761/1668 756/1763/1670
f 755/1732/1639 756/1763/1670 761/1761/1668
f 758/1757/1664 759/1758/1665 757/1756/1663
f 757/1756/1663 1492/1753/1660 754/1755/1662
f 748/1733/1640 755/1732/1639 758/1757/1664
f 747/1734/1641 748/1733/1640 757/1756/1663
f 1492/1753/1660 2469/1765/1672 1484/1754/1661
f 2510/1751/1658 747/1734/1641 754/1755/1662
f 738/1748/1655 769/1746/1653 1494/1745/1652
f 738/1748/1655 2525/1749/1656 1486/1750/1657
f 769/1746/1653 1488/1773/1680 768/1747/1654
f 1504/1714/1621 1530/1716/1623 1493/1744/1651
f 752/1715/1622 2498/1743/1650 751/1739/1646
f 751/1739/1646 2498/1743/1650 2400/1741/1648
f 2399/1740/1647 2398/1713/1620 737/1711/1618
f 1496/1737/1644 767/1768/1675 766/1738/1645
f 991/1736/1643 1229/2278/2169 749/1706/1613
f 1497/1730/1637 749/1706/1613 1496/1737/1644
f 749/1706/1613 2533/1705/1612 1508/1703/1610
f 746/1735/1642 756/1763/1670 755/1732/1639
f 747/1734/1641 745/1727/1634 748/1733/1640
f 744/1729/1636 748/1733/1640 745/1727/1634
f 742/1725/1632 1499/1728/1635 1498/1731/1638
f 744/1729/1636 1497/1730/1637 746/1735/1642
f 743/1724/1631 1499/1728/1635 742/1725/1632
f 1500/1726/1633 725/1691/1598 750/1707/1614
f 742/1725/1632 741/1660/1567 1500/1726/1633
f 725/1691/1598 732/1698/1605 750/1707/1614
f 727/1723/1630 1500/1726/1633 741/1660/1567
f 740/1721/1628 1501/1718/1625 1502/1661/1568
f 739/1720/1627 740/1721/1628 1502/1661/1568
f 741/1660/1567 742/1725/1632 739/1720/1627
f 1501/1718/1625 2525/1749/1656 1503/1719/1626
f 706/1717/1624 738/1748/1655 1530/1716/1623
f 1530/1716/1623 701/1653/1560 704/2589/2477
f 1533/1651/1558 1532/1619/1526 701/1653/1560
f 752/1715/1622 751/1739/1646 737/1711/1618
f 736/1710/1617 737/1711/1618 2398/1713/1620
f 736/1710/1617 1534/1650/1557 1505/1712/1619
f 2396/1708/1615 1534/1650/1557 736/1710/1617
f 2395/1614/1521 1553/1613/1520 1534/1650/1557
f 735/1695/1602 1511/1701/1608 734/1699/1606
f 2533/1705/1612 750/1707/1614 732/1698/1605
f 1506/1697/1604 1510/2192/2083 1509/1702/1609
f 1511/1701/1608 735/1695/1602 1506/1697/1604
f 732/1698/1605 734/1699/1606 1511/1701/1608
f 1512/1696/1603 1510/2192/2083 1506/1697/1604
f 731/1686/1593 2532/1694/1601 734/1699/1606
f 729/1649/1556 1513/1693/1600 1515/1677/1584
f 730/1692/1599 699/1647/1554 1535/1648/1555
f 1518/1690/1597 720/1683/1590 725/1691/1598
f 1516/1689/1596 719/1682/1589 1518/1690/1597
f 724/1688/1595 2515/2593/2481 1516/1689/1596
f 731/1686/1593 725/1691/1598 720/1683/1590
f 722/1662/1569 718/1678/1585 1519/1679/1586
f 1515/1677/1584 1514/1685/1592 720/1683/1590
f 717/1676/1583 720/1683/1590 1518/1690/1597
f 719/1682/1589 1516/1689/1596 723/1680/1587
f 1520/1674/1581 1521/1681/1588 723/1680/1587
f 718/1678/1585 1522/1657/1564 713/1667/1574
f 718/1678/1585 1520/1674/1581 1519/1679/1586
f 1515/1677/1584 716/1675/1582 1523/1671/1578
f 711/1668/1575 717/1676/1583 715/2595/2483
f 1520/1674/1581 712/1672/1579 1526/1670/1577
f 713/1667/1574 1527/1666/1573 1526/1670/1577
f 1523/1671/1578 716/1675/1582 711/1668/1575
f 1524/1669/1576 1527/1666/1573 1525/1665/1572
f 711/1668/1575 710/2594/2482 709/1640/1547
f 2497/1637/1544 1523/1671/1578 708/1639/1546
f 1528/1664/1571 1524/1669/1576 1525/1665/1572
f 707/1656/1563 1547/1626/1533 1522/1657/1564
f 721/1658/1565 718/1678/1585 722/1662/1569
f 1548/1625/1532 1547/1626/1533 1502/1661/1568
f 721/1658/1565 741/1660/1567 707/1656/1563
f 1522/1657/1564 718/1678/1585 721/1658/1565
f 705/1624/1531 2524/1655/1562 706/1717/1624
f 1531/1652/1559 2523/1621/1528 702/2590/2478
f 1531/1652/1559 1532/1619/1526 1551/1617/1524
f 1533/1651/1558 1505/1712/1619 700/1620/1527
f 700/1620/1527 1505/1712/1619 1534/1650/1557
f 729/1649/1556 698/1646/1553 699/1647/1554
f 696/1644/1551 912/2033/1924 1535/1648/1555
f 1536/1641/1548 696/1644/1551 699/1647/1554
f 695/1645/1552 694/1631/1538 697/1630/1537
f 698/1646/1553 2556/1642/1549 1536/1641/1548
f 695/1645/1552 1546/1628/1535 1537/1643/1550
f 696/1644/1551 2468/1610/1517 690/1609/1516
f 1537/1643/1550 2556/1642/1549 695/1645/1552
f 689/1606/1513 2556/1642/1549 1538/1607/1514
f 688/1605/1512 1538/1607/1514 1537/1643/1550
f 1541/1635/1542 709/1640/1547 1542/1633/1540
f 1545/1638/1545 1522/1657/1564 1547/1626/1533
f 694/1631/1538 729/1649/1556 1539/1636/1543
f 2595/1632/1539 2497/1637/1544 1541/1635/1542
f 1543/1634/1541 2595/1632/1539 1541/1635/1542
f 697/1630/1537 2595/1632/1539 1543/1634/1541
f 693/1627/1534 1544/1629/1536 1545/1638/1545
f 685/1594/1504 687/1599/1507 1547/1626/1533
f 1548/1625/1532 691/1623/1530 692/1590/1501
f 705/1624/1531 703/2591/2479 1549/1622/1529
f 1549/1622/1529 1562/1591/1502 692/1590/1501
f 2523/1621/1528 1549/1622/1529 703/2591/2479
f 1562/1591/1502 1549/1622/1529 1550/1618/1525
f 1551/1617/1524 700/1620/1527 1552/1615/1522
f 1551/1617/1524 1550/1618/1525 1531/1652/1559
f 684/1589/1500 1551/1617/1524 1552/1615/1522
f 683/1565/1477 684/1589/1500 1552/1615/1522
f 1554/1611/1518 2395/1614/1521 2394/1612/1519
f 1554/1611/1518 2393/1587/1498 1565/1566/1478
f 1370/1608/1515 2468/1610/1517 1559/2597/2485
f 689/1606/1513 1556/1604/1511 1558/1601/1508
f 875/1602/1509 1559/2597/2485 1557/1603/1510
f 687/1599/1507 686/1593/1503 681/1600/1497
f 686/1597/1503 680/1581/1493 679/1555/1470
f 685/1594/1504 692/1590/1501 1561/1595/1505
f 692/1590/1501 676/1592/1490 1561/1595/1505
f 684/1589/1500 1573/1569/1481 1564/2602/2486
f 1565/1566/1478 2392/1588/1499 669/1563/1475
f 1566/1561/1474 682/1584/1496 681/1586/1497
f 1390/1583/1495 859/1990/1885 682/1584/1496
f 668/1582/1494 667/1529/1445 1575/1528/1444
f 1567/1580/1492 1569/1579/1491 1570/1550/1465
f 1568/1556/1471 680/1581/1493 1567/1580/1492
f 676/1578/1490 1569/1579/1491 1561/2599/1505
f 1569/1579/1491 678/2604/2487 677/1545/1460
f 1570/1550/1465 666/1549/1464 1567/1580/1492
f 1571/1577/1489 675/1575/1487 674/1535/1450
f 674/1535/1450 1583/1536/1451 1581/1537/1452
f 675/1575/1487 2496/1574/1486 674/1535/1450
f 1584/1539/1454 674/1535/1450 2496/1574/1486
f 2495/1571/1483 673/1573/1485 1586/2608/1480
f 671/1567/1479 669/1563/1475 670/1562/1447
f 1586/1568/1480 671/1567/1479 1588/1570/1482
f 1565/1566/1478 669/1563/1475 671/1567/1479
f 669/1563/1475 2392/1588/1499 2391/1564/1476
f 1574/1559/1473 1390/1583/1495 1566/1561/1474
f 1575/1560/1444 1593/1557/531 1591/1558/1472
f 655/1531/532 2585/1530/1446 1591/1558/1472
f 1576/1554/1469 1568/1556/1471 1577/1548/1463
f 663/1547/1462 662/1543/1458 665/1542/1457
f 1577/1548/1463 667/1529/1445 1576/1554/1469
f 665/1542/1457 664/1553/1468 1577/1548/1463
f 659/1551/1466 2476/1544/1459 652/1552/1467
f 677/1545/1460 678/2604/2487 661/1538/1453
f 663/1547/1462 677/1545/1460 662/1543/1458
f 1577/1548/1463 1568/1556/1471 666/1549/1464
f 662/1543/1458 1579/1546/1461 1578/2606/2488
f 665/1542/1457 2476/1544/1459 659/1551/1466
f 1602/1509/1425 660/1541/1456 1582/1511/1427
f 658/1540/1455 649/1513/1429 652/1552/1467
f 658/1540/1455 2553/2607/2489 1580/1520/1436
f 1584/1539/1454 657/1534/1449 1585/1506/1422
f 1582/1511/1427 660/1541/1456 661/1538/1453
f 1585/1506/1422 644/1510/1426 1583/1536/1451
f 657/1534/1449 2495/1571/1483 1587/1533/1448
f 640/1499/1415 1587/1533/1448 1588/2605/1482
f 1590/1495/1411 1607/1496/1412 1589/1500/1416
f 2053/567/533 655/1531/532 227/568/530
f 1575/1528/1444 1592/1527/1443 1593/565/531
f 1596/1523/1439 1598/560/526 1592/1527/1443
f 1595/1515/1431 1597/1522/1438 1594/1524/1440
f 1594/1524/1440 1596/1523/1439 653/1526/1442
f 1596/1523/1439 1597/1522/1438 1599/1521/1437
f 1597/1522/1438 1595/1515/1431 1601/1516/1432
f 1580/1520/1436 651/1517/1433 650/1518/1434
f 648/1514/1430 649/1513/1429 650/1518/1434
f 1601/1516/1432 648/1514/1430 647/557/523
f 648/1514/1430 1601/1516/1432 1595/1515/1431
f 2056/554/520 646/1512/1428 647/557/523
f 1582/1511/1427 1583/1536/1451 644/1510/1426
f 1603/1507/1423 1602/1509/1425 644/1510/1426
f 647/557/523 1603/1507/1423 223/558/524
f 1603/1507/1423 2574/1508/1424 223/558/524
f 645/1502/1418 644/1510/1426 1585/1506/1422
f 642/1505/1421 221/538/506 641/2700/2554
f 642/1505/1421 641/2700/2554 643/1504/1420
f 645/1502/1418 643/1504/1420 2574/1508/1424
f 1605/1501/1417 1606/1498/1414 221/538/506
f 1606/1498/1414 219/553/519 220/535/503
f 1589/1500/1416 1607/1496/1412 1606/1498/1414
f 2058/1497/1413 219/553/519 1606/1498/1414
f 2389/1494/1410 1607/1496/1412 1590/1495/1411
f 1615/1488/1404 1410/1484/1400 1609/1485/1401
f 603/1428/1344 2465/1437/1353 638/1482/1398
f 1665/1397/1313 2536/2611/2491 631/1398/1314
f 1613/1433/1349 606/1432/1348 1611/1492/1408
f 1649/1434/1350 1612/1938/1842 1611/1492/1408
f 830/1491/1407 1614/1487/1403 1613/1433/1349
f 1614/1487/1403 830/1491/1407 827/1489/1405
f 1614/1487/1403 1615/1488/1404 1645/1438/1354
f 1616/1483/1399 638/1482/1398 1410/1484/1400
f 638/1482/1398 2465/1437/1353 1609/1485/1401
f 1616/1483/1399 637/1481/1397 638/1482/1398
f 1620/1476/1392 1618/1472/1388 1619/1473/1389
f 1416/1478/1394 635/1470/1386 1618/1472/1388
f 1618/1472/1388 2561/1468/1384 1624/1474/1390
f 1620/1476/1392 1619/1473/1389 2458/1477/1393
f 1624/1474/1390 2561/1468/1384 598/1416/1332
f 636/1430/1346 2458/1477/1393 1652/1423/1339
f 601/1422/1338 1624/1474/1390 600/1420/1336
f 635/1470/1386 634/1469/1385 2561/1468/1384
f 1622/1471/1387 1623/1467/1383 634/1469/1385
f 1626/1414/1330 1625/1417/1333 634/1469/1385
f 1626/1414/1330 1623/1467/1383 633/1464/1380
f 598/1416/1332 634/1469/1385 1625/1417/1333
f 1623/1467/1383 1622/1471/1387 1621/1465/1381
f 1621/1465/1381 819/1908/1813 1420/1466/1382
f 633/1464/1380 1627/1457/1373 1628/1463/1379
f 1627/1457/1373 2463/1445/1361 615/1404/1320
f 632/1461/1377 631/1398/1314 6/1462/1378
f 630/1458/1374 814/1896/1803 629/1459/1375
f 1629/1456/1372 625/2752/2590 622/1448/1364
f 656/570/535 620/569/534 1631/1450/1366
f 623/1454/1370 627/1453/1369 1430/1455/1371
f 624/1452/1368 623/1454/1370 1630/2612/2492
f 2509/1451/1367 618/2614/2494 621/1449/1365
f 1631/1450/1366 620/569/534 619/1442/1358
f 1633/1446/1362 622/1448/1364 1632/2613/2493
f 1666/545/513 620/569/534 2053/567/533
f 1636/1403/1319 615/1404/1320 2463/1445/1361
f 616/1440/1356 1640/2616/2496 5/1441/1357
f 1646/1372/1288 2590/1370/1286 1650/1431/1347
f 610/1371/1287 1609/1485/1401 2465/1437/1353
f 597/1412/1328 594/1405/1321 608/1436/1352
f 575/1347/1263 608/1436/1352 594/1405/1321
f 571/1270/1191 607/1400/1316 1649/1434/1350
f 606/1432/1348 604/1354/1270 570/1435/1351
f 1613/1433/1349 1650/1431/1347 605/1356/1272
f 1650/1431/1347 2590/1370/1286 568/1373/1289
f 636/1430/1346 603/1428/1344 637/1481/1397
f 1653/1427/1343 1651/1429/1345 602/1424/1340
f 1654/1425/1341 1683/1426/1342 2465/1437/1353
f 567/1351/1267 1654/1425/1341 1655/1421/1337
f 1655/1421/1337 1654/1425/1341 602/1424/1340
f 1652/1423/1339 601/1422/1338 1656/1367/1283
f 1656/1367/1283 600/1420/1336 599/1415/1331
f 1655/1421/1337 566/1365/1281 567/1351/1267
f 1647/1418/1334 599/1415/1331 600/1420/1336
f 609/1419/1335 1625/1417/1333 1626/1414/1330
f 1625/1417/1333 609/1419/1335 1647/1418/1334
f 574/1362/1278 573/1361/1277 1679/1366/1282
f 595/1411/1327 597/1412/1328 1657/1413/1329
f 595/1411/1327 1657/1413/1329 1658/1410/1326
f 593/1407/1323 1658/1410/1326 1659/1408/1324
f 590/1402/1318 2555/1401/1317 1661/1342/1258
f 593/1407/1323 596/1409/1325 1661/1342/1258
f 1663/1341/1257 591/1343/1259 593/1407/1323
f 591/1343/1259 1660/1406/1322 593/1407/1323
f 594/1405/1321 592/1345/1261 565/1346/1262
f 588/1389/1305 596/1409/1325 615/1404/1320
f 590/1402/1318 596/1409/1325 588/1389/1305
f 2580/1332/1248 1661/1342/1258 2555/1401/1317
f 1664/1382/1298 1673/1328/1244 1690/1327/1243
f 1610/1399/1315 1649/1434/1350 607/1400/1316
f 1665/1397/1313 607/1400/1316 1694/1357/1273
f 588/1389/1305 1636/1403/1319 614/1395/1311
f 1667/1388/1304 1668/1390/1306 1642/1394/1310
f 613/1392/1308 587/1386/1302 589/1384/1300
f 588/1389/1305 586/1381/1297 1670/1383/1299
f 589/1384/1300 1667/1388/1304 1644/1391/1307
f 1666/545/513 1671/544/512 584/1387/1303
f 1672/1380/1296 585/1379/1295 1669/1385/1301
f 1670/1383/1299 586/1381/1297 583/1374/1290
f 1671/544/512 581/1377/1293 584/1387/1303
f 585/1379/1295 582/1375/1291 583/1374/1290
f 1672/1380/1296 581/1377/1293 582/1375/1291
f 579/1376/1292 582/1375/1291 581/1377/1293
f 579/1376/1292 580/542/510 578/1303/1219
f 1674/1312/1228 582/1375/1291 1675/1378/1294
f 2590/1370/1286 1706/1293/1209 547/1264/1185
f 577/1368/1284 2590/1370/1286 1646/1372/1288
f 1705/1294/1210 2590/1370/1286 577/1368/1284
f 1682/1353/1269 576/1369/1285 1683/1426/1342
f 1708/1290/1208 577/1368/1284 576/1369/1285
f 1656/1367/1283 599/1415/1331 1679/1366/1282
f 542/1360/1276 2462/1284/1196 1712/1283/1203
f 1679/1366/1282 573/1361/1277 1712/1283/1203
f 1712/1283/1203 534/1350/1266 1685/1352/1268
f 1686/1334/1250 1648/1364/1280 575/1347/1263
f 574/1362/1278 1686/1334/1250 572/1363/1279
f 543/1279/1199 542/1360/1276 573/1361/1277
f 1680/1337/1253 540/1275/1195 1716/1358/1274
f 1694/1357/1273 607/1400/1316 571/1270/1191
f 556/1313/1229 571/1270/1191 539/1268/1189
f 569/1269/1190 570/1435/1351 604/1354/1270
f 1681/1355/1271 605/1356/1272 568/1373/1289
f 1681/1355/1271 2591/2624/2504 536/1272/1193
f 1685/1352/1268 1684/1349/1265 1682/1353/1269
f 1684/1349/1265 1685/1352/1268 534/1350/1266
f 564/1335/1251 575/1347/1263 565/1346/1262
f 1662/1344/1260 564/1335/1251 565/1346/1262
f 1687/1338/1254 1662/1344/1260 591/1343/1259
f 563/1340/1256 1687/1338/1254 591/1343/1259
f 1663/1341/1257 561/1331/1247 563/1340/1256
f 563/1340/1256 562/1333/1249 1687/1338/1254
f 1691/1330/1246 533/1255/1178 1688/1339/1255
f 1680/1337/1253 2449/1336/1252 1687/1338/1254
f 564/1335/1251 1687/1338/1254 2449/1336/1252
f 533/1255/1178 562/1333/1249 1688/1339/1255
f 1691/1330/1246 2580/1332/1248 1689/1329/1245
f 560/1324/1240 1692/1323/1239 1691/1330/1246
f 1695/1310/1226 554/1308/1224 550/1300/1216
f 1689/1329/1245 2459/1326/1242 560/1324/1240
f 1673/1328/1244 1695/1310/1226 2459/1326/1242
f 548/1298/1214 2459/1326/1242 550/1300/1216
f 559/1325/1241 558/530/498 1692/1323/1239
f 548/1298/1214 1702/516/484 559/1325/1241
f 1724/486/454 1725/2625/2505 1692/1323/1239
f 557/1316/1232 2502/1321/1237 2385/1320/1236
f 4/1319/1235 2502/1321/1237 1693/1318/1234
f 1732/1317/1233 1693/1318/1234 555/1315/1231
f 557/1316/1232 1694/1357/1273 556/1313/1229
f 1731/1314/1230 1732/1317/1233 555/1315/1231
f 1674/1312/1228 1695/1310/1226 1673/1328/1244
f 553/1311/1227 2481/2623/2503 554/1308/1224
f 1696/1305/1221 1677/2626/2506 1678/1309/1225
f 1700/1307/1223 554/1308/1224 1697/1306/1222
f 1699/1301/1217 578/1303/1219 2073/523/491
f 1701/1296/1212 550/1300/1216 1700/1307/1223
f 1701/1296/1212 1700/1307/1223 549/1299/1215
f 1701/1296/1212 1703/515/483 1702/516/484
f 1704/1297/1213 2075/517/485 1703/515/483
f 1723/1262/1167 547/1264/1185 1706/1293/1209
f 527/1235/1160 525/1237/1162 526/1240/1165
f 1708/1290/1208 1707/1348/1264 1710/1285/1204
f 1709/1289/1207 1710/1285/1204 1733/1287/1206
f 1711/1286/1205 2541/2631/1163 1733/1287/1206
f 545/1282/1202 2462/1284/1196 1713/2766/1198
f 544/1280/1200 1716/1358/1274 541/1281/1201
f 2558/1277/1197 1740/1231/1156 1713/1278/1198
f 540/1275/1195 562/1333/1249 1718/1258/1181
f 513/1273/1136 1718/1258/1181 514/1214/1139
f 538/1265/1186 569/1269/1190 536/1272/1193
f 569/1269/1190 571/1270/1191 570/1435/1351
f 539/1268/1189 569/1269/1190 538/1265/1186
f 511/1266/1187 1755/2644/1133 537/1267/1188
f 1721/1263/1184 2591/2624/2504 547/1264/1185
f 1756/1259/1182 1721/1261/1184 1723/1244/1167
f 1718/1258/1181 533/1255/1178 1726/1254/1177
f 1726/1254/1177 1730/1257/1180 1719/1256/1179
f 1730/1257/1180 510/1202/1130 1758/1204/1131
f 1727/1250/1173 533/1255/1178 1725/2625/2505
f 530/1245/1168 529/1252/1175 1729/1253/1176
f 1727/1250/1173 509/1247/1170 1730/1257/1180
f 509/1247/1170 531/1249/1172 508/1198/1126
f 530/1245/1168 2571/488/456 192/469/438
f 483/1129/1062 1756/1259/1182 1723/1244/1167
f 526/1240/1165 1770/1174/1105 1792/1242/1063
f 1769/1175/1106 1770/1174/1105 526/1240/1165
f 525/1237/1162 497/1170/1101 1769/1175/1106
f 1735/1239/1164 524/1234/1159 1736/1233/1158
f 1734/1236/1161 1737/1168/1099 525/1237/1162
f 1736/1233/1158 2490/1232/1157 1771/1169/1100
f 2490/1232/1157 524/1234/1159 1738/1161/1092
f 1740/1231/1156 2558/1277/1197 521/1222/1147
f 1742/1164/1095 493/1162/1093 1741/1163/1094
f 522/1227/1152 1745/1225/1150 1715/1229/1154
f 1744/1228/1153 1714/2634/1275 1715/1229/1154
f 1745/1225/1150 1747/1221/1146 517/1226/1151
f 1747/1221/1146 1745/1225/1150 1746/1224/1149
f 1767/1223/1148 491/1153/1084 492/1217/1142
f 519/1218/1143 518/1165/1096 1742/1164/1095
f 1747/1221/1146 2559/1216/1141 517/1226/1151
f 516/1160/1091 1747/1221/1146 520/1219/1144
f 515/1158/1089 2457/1220/1145 1748/1159/1090
f 491/1153/1084 518/1165/1096 519/1218/1143
f 2559/1216/1141 1777/1157/1088 492/1217/1142
f 1749/1213/1137 2482/1215/1140 512/2638/1135
f 513/1210/1136 1751/1212/1138 1750/2643/2511
f 1753/1137/1069 2457/1220/1145 512/1209/1135
f 1752/1207/1134 1759/2771/1128 1754/1208/1127
f 1791/1127/1060 1790/1131/1064 1755/1206/1133
f 1759/1203/1128 1752/2637/1134 1758/1204/1131
f 1759/1200/1128 1760/2647/2512 482/1201/1129
f 506/1192/1122 509/1247/1170 508/1198/1126
f 507/1196/1125 501/1251/1174 500/1197/1113
f 506/1192/1122 2550/1194/1124 510/1202/1130
f 1765/1181/1111 503/1112/1045 504/1190/1120
f 504/1190/1120 2549/1191/1121 1760/2647/2512
f 470/1102/1035 467/1099/1032 468/1104/1037
f 2384/1189/1119 1732/1317/1233 502/1188/1118
f 2101/462/431 173/434/405 2116/433/404
f 2116/433/404 1763/432/403 499/1185/1115
f 500/1183/1113 499/2649/1115 1764/1180/1110
f 469/1179/1109 2557/1182/1112 1802/1096/1029
f 469/1179/1109 470/1102/1035 1764/1180/1110
f 1768/1156/1087 1781/1146/1077 1767/1223/1148
f 447/1177/987 1792/1242/1063 1770/1174/1105
f 497/1170/1101 495/1171/1102 496/1176/1107
f 1770/1174/1105 496/1176/1107 1809/1092/1025
f 436/1091/1024 1774/1172/1103 494/2764/2594
f 1771/1169/1100 1773/2650/2513 497/1170/1101
f 1776/1086/1019 1812/1088/1021 1775/1166/1097
f 436/1091/1024 494/2764/2594 1775/1166/1097
f 493/1162/1093 518/1165/1096 489/1152/1083
f 1738/1161/1092 524/1234/1159 1741/1163/1094
f 1738/1161/1092 1776/1086/1019 1772/1167/1098
f 490/1154/1085 516/1160/1091 515/1158/1089
f 1748/1159/1090 1778/1155/1086 490/1154/1085
f 1779/1149/1080 1777/1157/1088 490/1154/1085
f 1780/1147/1078 2543/1150/1081 1778/1155/1086
f 1778/1155/1086 1748/1159/1090 486/1136/1068
f 1785/1145/1076 498/1151/1082 1781/1146/1077
f 2543/1150/1081 490/1154/1085 1778/1155/1086
f 489/1152/1083 518/1165/1096 491/1153/1084
f 1783/1142/1073 2543/1150/1081 1780/1147/1078
f 1780/1147/1078 1786/1139/1070 1783/1142/1073
f 1785/1145/1076 1782/1141/1072 488/1143/1074
f 488/1143/1074 2488/1080/1013 1785/1145/1076
f 1783/1142/1073 1786/1139/1070 488/1143/1074
f 1787/1077/1010 2542/1140/1071 487/1078/1011
f 2488/1080/1013 1815/1074/1007 1785/1145/1076
f 487/1138/1011 475/1117/1050 435/1034/970
f 487/1138/1011 2542/2772/1071 1789/1120/1053
f 480/1123/1056 1796/1116/1049 475/1117/1050
f 1788/1134/1067 1753/1137/1069 1754/1208/1127
f 1789/1135/1053 1784/1148/1079 486/1136/1068
f 1791/1127/1060 1826/1132/1065 1790/1131/1064
f 1826/1132/1065 2494/1020/956 429/1133/1066
f 1792/1130/1063 1827/1054/988 485/1128/1061
f 485/1128/1061 1827/1054/988 484/1056/990
f 478/1107/1040 1795/1125/1058 1793/1126/1059
f 1794/1124/1057 480/1123/1056 481/1121/1054
f 1794/1124/1057 1793/1126/1059 1795/1125/1058
f 479/1119/1052 477/1115/1048 1796/1116/1049
f 479/1119/1052 1795/1125/1058 1797/1122/1055
f 1797/1122/1055 1795/1125/1058 478/1107/1040
f 1789/1120/1053 1788/2651/1067 481/1121/1054
f 477/1115/1048 476/1113/1046 431/1035/971
f 475/1117/1050 1836/1118/1051 435/1034/970
f 432/1037/973 475/1117/1050 1796/1116/1049
f 476/1113/1046 1797/1122/1055 1842/1114/1047
f 503/1112/1045 1765/1181/1111 468/1104/1037
f 2381/1022/958 474/1111/1044 429/1133/1066
f 478/1107/1040 1799/1103/1036 466/1105/1038
f 1800/1108/1041 473/2652/2514 472/1109/1042
f 425/1016/952 1847/1015/951 478/1107/1040
f 1801/1095/1028 424/1014/950 425/1016/952
f 468/1104/1037 465/1098/1031 466/1105/1038
f 470/1102/1035 469/1179/1109 1803/1100/1033
f 465/1098/1031 468/1104/1037 467/1099/1032
f 1806/995/931 1804/1101/1034 1802/1096/1029
f 1848/1013/949 424/1014/950 1801/1095/1028
f 1811/1090/1023 2528/1043/979 1828/1093/1026
f 1811/1090/1023 495/1171/1102 436/1091/1024
f 1829/1042/978 436/1091/1024 1812/1088/1021
f 1812/1088/1021 1813/1082/1015 2526/1089/1022
f 458/1076/1009 455/2654/2516 2507/1087/1020
f 1813/1082/1015 1812/1088/1021 1776/1086/1019
f 463/1083/1016 1776/1086/1019 464/1085/1018
f 410/970/907 396/962/900 408/986/922
f 1859/1081/1014 463/1083/1016 409/991/927
f 461/1079/1012 2488/1080/1013 1814/1144/1075
f 1816/1070/1004 487/1078/1011 1818/1072/969
f 459/1073/1006 460/2653/2515 457/1068/1002
f 459/1073/1006 462/1075/1008 460/2653/2515
f 1816/1070/1004 1820/1065/999 456/1067/1001
f 1817/1071/1005 457/1068/1002 460/2653/2515
f 456/1067/1001 1819/1066/1000 1817/1071/1005
f 457/1068/1002 1819/1066/1000 452/1069/1003
f 1819/1066/1000 451/1064/998 452/1069/1003
f 451/1064/998 456/1067/1001 1820/1065/999
f 450/1062/996 1821/1063/997 449/969/906
f 453/1061/995 452/1069/1003 1824/1057/991
f 1823/1060/994 2527/971/908 1822/1084/1017
f 1870/1059/993 1824/1057/991 1871/967/904
f 1825/1058/992 398/965/902 1871/967/904
f 392/948/888 1826/1132/1065 484/1056/990
f 448/1055/989 484/1056/990 1827/1054/988
f 1879/946/886 392/948/888 448/1055/989
f 447/1053/987 1827/1054/988 1792/1130/1063
f 1880/947/887 1827/1054/988 445/1050/986
f 445/1050/986 446/1051/983 444/1048/984
f 1830/1052/981 439/1049/985 444/1048/984
f 445/1050/986 2529/944/884 443/943/883
f 2529/944/884 439/1049/985 389/940/880
f 442/1046/982 446/1047/983 1810/1173/1104
f 440/1041/977 1833/1040/976 441/1044/980
f 1830/1045/981 1831/1039/975 1832/1038/974
f 441/1044/980 1833/1040/976 1831/1039/975
f 1832/1038/974 1833/1040/976 438/2658/2517
f 1885/932/872 1834/933/873 2526/1089/1022
f 434/1036/972 1836/1118/1051 432/1037/973
f 454/1032/968 435/1034/970 1838/1031/967
f 433/1030/966 449/2763/906 454/1032/968
f 433/1030/966 1839/1029/965 1909/888/837
f 416/1010/946 1856/998/934 427/863/812
f 1910/879/828 2582/889/838 1839/1029/965
f 1840/1023/959 1911/877/826 372/880/829
f 360/862/811 1911/877/826 1841/1025/961
f 1843/1027/963 1847/1015/951 1844/1026/962
f 1843/1027/963 1845/1008/944 430/1024/960
f 1844/1026/962 421/2661/2520 419/1009/945
f 430/1024/960 1845/1008/944 1841/1025/961
f 363/844/793 2451/2762/2593 1937/846/795
f 2381/1022/958 429/1133/1066 428/1019/955
f 428/1019/955 429/1133/1066 2494/1020/956
f 1878/866/815 1923/865/814 361/871/820
f 2379/870/819 2380/1021/957 428/1019/955
f 426/999/935 1925/861/810 1924/864/813
f 425/1016/952 423/1012/948 1849/1017/953
f 423/1012/948 425/1016/952 424/1014/950
f 1852/1011/947 424/1014/950 1848/1013/949
f 420/1006/942 423/1012/948 1852/1011/947
f 1853/1003/939 1852/1011/947 422/993/929
f 419/1009/945 1856/998/934 416/1010/946
f 1854/1001/937 418/1005/941 1851/1007/943
f 417/1002/938 1854/1001/937 420/1006/942
f 418/1005/941 1856/998/934 419/1009/945
f 414/1004/940 418/1005/941 1854/1001/937
f 1853/1003/939 1855/843/792 415/842/791
f 412/996/932 1854/1001/937 417/1002/938
f 1856/998/934 414/1004/940 426/999/935
f 413/997/933 1937/846/795 1858/845/794
f 1846/358/331 1808/994/930 1806/995/931
f 1808/994/930 1855/843/792 1850/992/928
f 1855/843/792 1853/1003/939 422/993/929
f 409/991/927 1861/985/921 407/981/917
f 396/962/900 395/961/899 1862/987/923
f 1860/990/926 405/988/924 403/984/920
f 1887/929/870 379/980/916 1892/928/869
f 395/961/899 393/958/896 406/989/925
f 408/986/922 405/988/924 1860/990/926
f 1863/982/918 407/981/917 1861/985/921
f 1864/976/912 407/981/917 1863/982/918
f 2448/978/914 1866/2662/2521 404/979/915
f 1864/976/912 2475/983/919 401/977/913
f 1868/973/910 399/2748/2586 1869/974/850
f 1872/963/901 2527/971/908 1870/1059/993
f 2583/966/903 449/969/906 371/964/839
f 1871/967/904 398/965/902 1874/956/894
f 398/965/902 397/968/905 2583/966/903
f 1875/957/895 2583/966/903 371/964/839
f 396/962/900 410/970/907 1872/963/901
f 1876/960/898 1875/957/895 394/952/889
f 394/949/889 1919/885/834 367/950/890
f 1873/959/897 1874/956/894 1877/955/893
f 1874/956/894 2583/966/903 1875/957/895
f 394/952/889 402/954/892 1876/960/898
f 367/950/890 375/926/851 1865/951/891
f 391/867/816 392/948/888 1879/946/886
f 390/945/885 448/1055/989 1880/947/887
f 1879/946/886 2540/795/745 391/867/816
f 1881/942/882 1941/836/785 353/837/786
f 2540/795/745 390/945/885 353/837/786
f 389/940/880 387/939/879 1883/938/878
f 388/937/877 2529/944/884 389/940/880
f 1940/835/784 1881/942/882 388/937/877
f 389/940/880 439/1049/985 2513/941/881
f 388/937/877 1883/938/878 352/829/779
f 1943/828/778 1884/832/781 1949/831/768
f 1886/930/871 1835/936/876 1859/1081/1014
f 1834/933/873 437/934/874 440/1041/977
f 1882/931/782 1902/898/846 347/897/761
f 1886/930/871 378/908/853 386/935/875
f 1892/928/869 1893/923/865 1886/930/871
f 1893/923/865 1898/913/858 1894/910/855
f 375/926/851 367/950/890 384/927/868
f 1889/924/866 384/927/868 1912/925/867
f 1893/923/865 2586/909/854 378/908/853
f 1894/910/855 2503/922/864 1901/911/856
f 1895/921/862 381/915/860 382/917/861
f 1900/919/848 384/927/868 1888/920/863
f 1896/916/844 1901/911/856 382/917/861
f 380/874/823 1916/878/827 1920/914/859
f 383/912/857 2503/922/864 1898/913/858
f 1900/901/848 1895/921/862 383/912/857
f 1901/911/856 376/907/852 2586/909/854
f 1902/898/846 2586/909/854 376/907/852
f 1897/896/845 373/2667/2525 374/893/842
f 374/906/842 1907/899/840 376/907/852
f 375/904/851 1900/901/848 1904/900/847
f 1904/900/847 1899/902/849 1903/975/911
f 1902/898/846 376/907/852 1907/899/840
f 1896/895/844 1890/2666/2524 1897/896/845
f 1908/892/841 374/893/842 373/2667/2525
f 345/812/762 1907/891/840 1950/2670/2528
f 1914/886/835 1919/885/834 371/890/839
f 1909/888/837 1839/1029/965 2582/889/838
f 359/858/807 368/860/809 1911/877/826
f 1919/885/834 2477/887/836 1912/925/867
f 1915/883/832 1917/881/830 370/884/833
f 369/876/825 370/884/833 1917/881/830
f 1910/879/828 1918/873/822 1917/881/830
f 1918/873/822 372/880/829 1911/877/826
f 380/874/823 369/876/825 1916/878/827
f 1918/873/822 1921/872/821 366/2669/2527
f 364/799/749 1931/859/808 1968/800/750
f 363/844/793 2155/275/255 362/205/194
f 361/871/820 1923/865/814 2378/868/817
f 1923/865/814 391/867/816 2540/795/745
f 427/863/812 426/999/935 1924/864/813
f 1925/861/810 1858/845/794 1929/854/803
f 368/860/809 359/858/807 1927/857/806
f 359/858/807 1926/2671/2529 1928/856/805
f 1927/857/806 355/850/799 1931/859/808
f 1929/854/803 1932/841/790 1930/855/804
f 1932/841/790 1933/849/798 1930/855/804
f 1934/786/736 357/851/800 1933/849/798
f 1933/849/798 356/852/801 1936/848/797
f 1936/848/797 356/852/801 1935/840/789
f 1937/846/795 2451/2762/2593 1938/847/796
f 1855/843/792 1846/358/331 363/844/793
f 1935/840/789 356/852/801 1932/841/790
f 354/838/787 2487/798/748 1935/840/789
f 353/837/786 321/766/719 324/771/722
f 322/764/717 321/766/719 1941/836/785
f 349/834/783 1940/835/784 1942/2673/2531
f 1949/831/768 1882/833/782 347/2773/761
f 350/827/777 351/830/780 1943/828/778
f 1944/826/776 352/829/779 350/827/777
f 1948/822/772 1947/820/770 1944/826/776
f 1946/823/773 319/763/716 1977/824/774
f 312/819/769 316/756/711 319/762/716
f 1947/820/770 2572/767/720 349/834/783
f 1958/749/706 2567/2682/2538 1981/817/767
f 1981/817/767 2567/2682/2538 312/819/769
f 1949/818/768 347/811/761 1954/804/754
f 364/799/749 1952/801/751 1951/813/763
f 343/814/764 344/810/760 346/815/765
f 1954/804/754 345/812/762 1955/808/758
f 344/810/760 343/814/764 341/806/756
f 342/791/741 2493/809/759 1952/801/751
f 339/807/757 337/803/753 1955/808/758
f 1953/805/755 1965/792/742 338/2674/2532
f 1954/804/754 1955/808/758 337/803/753
f 1984/742/699 1958/749/706 337/803/753
f 1957/788/738 1985/787/737 1960/744/701
f 1968/800/750 327/779/729 1952/801/751
f 2487/798/748 1961/730/687 336/733/690
f 1974/776/726 1971/784/734 336/733/690
f 1990/725/683 1963/797/747 1962/796/746
f 83/204/193 1990/725/683 1962/796/746
f 334/793/743 1923/865/814 2540/795/745
f 1939/794/744 323/768/721 300/723/682
f 333/781/731 1966/790/740 1965/792/742
f 1966/790/740 1964/777/727 331/789/739
f 1966/790/740 331/789/739 1967/715/674
f 332/775/725 330/716/675 331/789/739
f 1975/774/724 330/716/675 332/775/725
f 1985/787/737 1967/715/674 292/712/671
f 328/782/732 1934/786/736 1936/848/797
f 327/779/729 329/2672/2530 1969/785/735
f 1971/784/734 1974/776/726 1973/773/723
f 1972/780/730 1969/785/735 328/782/732
f 1972/780/730 1964/777/727 333/781/731
f 1964/777/727 1972/780/730 326/778/728
f 1975/774/724 1973/773/723 1974/776/726
f 1973/773/723 332/775/725 326/778/728
f 321/766/719 2001/769/658 324/771/722
f 289/770/660 323/768/721 324/771/722
f 323/768/721 289/770/660 274/724/617
f 322/764/717 349/834/783 2572/767/720
f 322/764/717 1976/760/714 1978/752/708
f 320/765/718 2000/772/659 321/766/719
f 318/759/713 1977/824/774 319/763/716
f 315/761/715 299/720/679 1978/752/708
f 1979/721/680 315/761/715 318/759/713
f 316/756/711 1982/746/703 1983/747/704
f 317/755/710 1980/757/712 1979/2746/680
f 314/753/707 1978/752/708 299/720/679
f 1978/752/708 2002/754/709 320/765/718
f 288/698/657 1991/751/678 313/2681/2537
f 311/739/696 2567/2682/2538 1958/749/706
f 296/745/702 2022/677/637 1983/747/704
f 296/745/702 1982/746/703 297/709/668
f 2022/677/637 296/745/702 2013/674/636
f 1984/742/699 1960/744/701 310/2683/2539
f 1987/741/698 325/705/664 335/732/689
f 311/739/696 1986/748/705 309/740/697
f 311/739/696 1998/710/669 297/709/668
f 1988/738/695 1999/707/666 290/706/665
f 303/731/688 2446/665/628 308/729/686
f 305/664/627 1988/738/695 306/735/692
f 305/664/627 1999/707/666 1988/738/695
f 335/732/689 2508/734/691 1987/741/698
f 1961/730/687 302/728/685 303/731/688
f 2020/727/620 304/736/693 302/728/685
f 2374/722/681 274/724/617 2373/2774/619
f 299/720/679 315/761/715 1979/721/680
f 295/717/676 2013/674/636 296/745/702
f 1967/715/674 291/708/667 292/712/671
f 1967/715/674 331/789/739 330/716/675
f 293/704/663 1995/713/672 330/716/675
f 291/708/667 1997/714/673 290/706/665
f 292/712/671 291/708/667 1998/710/669
f 297/709/668 1999/707/666 295/717/676
f 1999/707/666 1998/710/669 291/708/667
f 293/704/663 1975/774/724 325/705/664
f 2001/699/658 259/639/604 244/640/605
f 244/640/605 2036/605/570 2035/702/661
f 2000/700/659 258/634/599 259/639/604
f 258/634/599 2000/700/659 283/688/647
f 288/698/657 313/2681/2537 287/696/655
f 267/678/616 2004/697/656 287/696/655
f 2003/692/651 2005/686/645 2006/694/653
f 286/687/646 2004/2775/656 267/651/616
f 2005/686/645 284/683/642 2006/694/653
f 2003/692/651 2004/2775/656 286/687/646
f 2563/689/648 2009/684/643 2007/685/644
f 285/690/649 266/650/615 271/691/650
f 283/688/647 2006/694/653 284/683/642
f 2007/685/644 286/687/646 285/690/649
f 284/683/642 2007/685/644 2009/684/643
f 2012/638/603 283/688/647 2008/682/641
f 270/681/640 282/636/601 2010/637/602
f 268/680/639 2011/671/634 257/635/600
f 2022/677/637 1993/679/638 1983/747/704
f 2015/643/608 2022/676/637 2014/672/635
f 2013/674/636 281/661/625 260/675/607
f 279/644/609 2015/643/608 2014/672/635
f 263/648/613 278/666/629 280/670/633
f 277/667/630 278/666/629 2016/645/610
f 280/670/633 262/646/611 263/648/613
f 279/644/609 261/2686/2541 253/669/632
f 278/666/629 2483/668/631 2018/2685/2540
f 1989/659/623 2446/665/628 304/736/693
f 2020/656/620 248/658/622 276/663/626
f 2019/660/624 260/675/607 281/661/625
f 245/619/584 240/618/583 248/658/622
f 2021/657/621 301/726/684 275/118/107
f 2033/54/50 2020/656/620 2021/2687/621
f 2565/120/109 2034/655/582 275/118/107
f 267/651/616 2022/676/637 265/649/614
f 2024/647/612 2015/643/608 2016/645/610
f 2024/647/612 2016/645/610 263/648/613
f 2017/641/606 2014/672/635 260/642/607
f 2027/630/595 2012/638/603 255/633/598
f 2010/637/602 255/633/598 2012/638/603
f 2026/632/597 255/633/598 282/636/601
f 258/634/599 2037/604/569 259/639/604
f 254/631/596 2027/630/595 255/633/598
f 2030/625/590 2026/632/597 256/629/594
f 235/602/567 2027/630/595 2038/601/566
f 251/624/589 2030/625/590 256/629/594
f 250/626/591 2548/616/581 2029/615/580
f 249/623/588 251/624/589 2028/627/592
f 249/623/588 2032/622/587 2030/625/590
f 2031/613/578 250/626/591 2029/615/580
f 249/623/588 250/626/591 2031/613/578
f 247/620/585 246/612/577 2029/615/580
f 2042/607/572 245/619/584 2041/606/571
f 2041/606/571 245/619/584 2033/54/50
f 2304/55/51 2313/56/52 238/52/48
f 2025/614/579 2548/616/581 261/2686/2541
f 243/609/574 2039/611/576 2032/622/587
f 243/609/574 2032/622/587 2031/613/578
f 232/589/554 233/591/556 242/610/575
f 2040/600/565 239/608/573 2047/588/553
f 2041/606/571 2043/53/49 2044/599/564
f 2036/605/570 244/640/605 2037/604/569
f 237/603/568 235/602/567 236/2697/2551
f 2045/592/557 2038/601/566 2046/593/558
f 233/591/556 2038/601/566 242/610/575
f 232/589/554 243/609/574 2040/600/565
f 2573/598/563 234/587/552 2048/586/551
f 234/587/552 2313/56/52 2320/2699/2553
f 2366/595/560 2534/597/562 2045/592/557
f 2045/592/557 2365/594/559 2366/595/560
f 233/591/556 232/589/554 2050/585/550
f 2364/590/555 2046/593/558 233/591/556
f 232/589/554 2047/588/553 2051/581/546
f 2047/588/553 2048/586/551 231/580/545
f 234/587/552 2320/2699/2553 2049/578/543
f 2362/583/548 2050/585/550 2051/581/546
f 2360/579/544 2361/582/547 2051/581/546
f 2360/579/544 231/580/545 230/575/540
f 229/571/536 2357/573/538 2359/576/541
f 2052/577/542 2048/586/551 2049/578/543
f 230/575/540 2052/577/542 2359/576/541
f 228/572/537 2330/13/13 2357/573/538
f 656/570/535 2585/1530/1446 2053/567/533
f 227/568/530 2061/548/514 218/543/511
f 225/559/525 227/564/530 655/566/532
f 217/562/528 227/564/530 225/559/525
f 217/562/528 225/559/525 226/561/527
f 1598/560/526 1599/1521/1437 226/561/527
f 224/555/521 2062/505/473 217/562/528
f 223/558/524 222/540/508 2056/554/520
f 224/555/521 2054/563/529 2055/556/522
f 2056/554/520 2057/541/509 224/555/521
f 219/553/519 2058/1497/1413 215/493/461
f 2059/550/516 1608/2610/2490 2356/552/518
f 2068/532/500 2090/492/460 2067/534/502
f 2059/550/516 2354/533/501 2068/532/500
f 2072/549/515 2060/2701/2555 218/543/511
f 2061/547/514 217/562/528 2081/527/495
f 2071/526/494 2094/461/430 199/484/453
f 218/543/511 1666/545/513 2053/567/533
f 2073/523/491 578/1303/1219 580/542/510
f 2063/506/474 2057/541/509 222/540/508
f 2063/506/474 2064/539/507 2082/503/471
f 2082/503/471 2065/537/505 2087/498/466
f 2065/537/505 220/535/503 216/495/463
f 216/495/463 2066/536/504 201/496/464
f 215/493/461 2058/1497/1413 2067/534/502
f 2068/532/500 2353/490/458 2090/492/460
f 205/531/499 213/512/480 207/511/479
f 2091/487/455 1724/486/454 558/530/498
f 2092/481/450 2070/480/449 212/528/496
f 2071/526/494 212/546/496 2081/527/495
f 211/524/492 210/2703/2557 2074/518/486
f 209/522/490 1699/1301/1217 2073/523/491
f 2076/521/489 210/2703/2557 2467/514/482
f 2079/509/477 2078/508/476 2077/520/488
f 2/519/487 208/513/481 1703/515/483
f 2074/518/486 210/2703/2557 2/519/487
f 208/513/481 559/1325/1241 1702/516/484
f 2070/480/449 2467/514/482 2072/549/515
f 213/512/480 559/1325/1241 208/513/481
f 2080/476/445 205/531/499 207/511/479
f 2079/509/477 2070/480/449 195/472/441
f 2062/505/473 202/507/475 203/525/493
f 2102/504/472 202/507/475 2083/502/470
f 2083/502/470 202/507/475 2082/503/471
f 2084/500/468 2104/459/428 2085/501/469
f 2086/499/467 2087/498/466 183/497/465
f 2087/498/466 2065/537/505 216/495/463
f 216/495/463 2107/453/422 183/497/465
f 214/491/459 2089/451/420 2088/494/462
f 214/491/459 2067/534/502 2090/492/460
f 2353/490/458 180/447/416 2090/492/460
f 196/489/457 2571/488/456 2091/487/455
f 1724/486/454 2571/488/456 532/1246/1169
f 200/478/447 195/472/441 2070/480/449
f 189/467/436 191/473/442 200/478/447
f 197/443/412 199/484/453 2094/461/430
f 2070/480/449 2579/482/451 200/478/447
f 200/478/447 2579/482/451 2093/479/448
f 193/475/444 204/477/446 194/474/443
f 191/473/442 190/471/440 194/474/443
f 190/471/440 191/473/442 189/467/436
f 192/469/438 2097/465/434 530/1245/1168
f 188/466/435 2098/468/437 2099/463/432
f 2100/464/433 529/1252/1175 2099/463/432
f 2099/463/432 2098/468/437 173/434/405
f 2115/437/407 2094/461/430 2095/2702/2556
f 2119/428/399 2117/431/402 2103/460/429
f 2103/460/429 171/438/408 2102/504/472
f 185/456/425 2103/460/429 187/458/427
f 2104/459/428 186/2704/2558 2105/457/426
f 2105/457/426 182/2707/2559 184/430/401
f 2106/424/395 183/497/465 2108/455/424
f 2107/453/422 2088/494/462 181/454/423
f 2111/450/419 2128/412/383 181/454/423
f 2109/452/421 181/454/423 2128/412/383
f 2110/449/418 179/446/415 2112/411/382
f 179/446/415 2352/448/417 2351/2712/2561
f 174/444/413 200/478/447 178/445/414
f 197/443/412 2512/441/411 2114/440/410
f 2132/442/377 158/2776/378 177/439/409
f 2512/441/411 175/403/376 157/402/375
f 177/439/409 2512/441/411 157/402/375
f 176/436/406 171/438/408 175/403/376
f 2132/435/377 2157/353/326 2158/354/327
f 173/434/405 174/444/413 172/410/381
f 1763/432/403 2116/433/404 172/410/381
f 2119/428/399 167/426/397 2118/400/373
f 170/429/400 185/456/425 184/430/401
f 169/427/398 184/430/401 2122/422/393
f 170/429/400 169/427/398 167/426/397
f 2137/393/366 2118/400/373 167/426/397
f 166/423/394 2127/425/396 2123/416/387
f 2122/422/393 166/423/394 2125/419/390
f 166/423/394 2123/416/387 164/415/386
f 2122/422/393 165/420/391 2124/417/388
f 2152/365/338 2123/416/387 2127/425/396
f 165/420/391 163/418/389 2126/383/356
f 163/418/389 165/420/391 2125/419/390
f 2121/385/358 2120/395/368 2124/417/388
f 146/379/352 2123/416/387 148/372/345
f 162/414/385 136/292/269 138/291/268
f 161/364/337 160/362/335 135/361/334
f 161/364/337 2129/413/384 160/362/335
f 160/362/335 2129/413/384 2112/411/382
f 159/408/379 172/410/381 178/445/414
f 133/356/329 159/2759/379 158/407/378
f 2160/348/323 2157/353/326 157/405/375
f 175/403/376 2133/396/369 2159/351/325
f 2118/400/373 2492/399/372 2117/431/402
f 2135/397/370 2492/399/372 155/401/374
f 2136/346/321 2133/396/369 2134/398/371
f 2136/346/321 2161/343/318 156/345/320
f 2121/385/358 2139/384/357 154/392/365
f 2141/389/362 2140/2715/2563 2138/394/367
f 153/390/363 2141/389/362 2137/393/366
f 152/391/364 154/392/365 2139/384/357
f 2148/369/342 141/2719/2567 150/387/360
f 153/390/363 151/386/359 2143/388/361
f 2169/337/313 2143/388/361 151/386/359
f 150/387/360 126/333/309 2169/337/313
f 2121/385/358 2126/383/356 147/382/355
f 2126/383/356 163/418/389 2144/380/353
f 2144/380/353 163/418/389 146/379/352
f 2145/381/354 2491/378/351 147/382/355
f 2147/371/344 145/377/350 146/379/352
f 144/376/349 2491/378/351 2145/381/354
f 144/376/349 2147/371/344 2146/375/348
f 144/376/349 2146/375/348 2149/370/343
f 2146/375/348 2147/371/344 142/368/341
f 2147/371/344 139/373/346 142/368/341
f 2148/369/342 140/326/303 141/2719/2567
f 142/368/341 139/373/346 124/325/302
f 2187/287/264 2152/365/338 138/291/268
f 136/292/269 2584/289/266 2153/293/270
f 2195/276/256 2194/210/198 2193/288/265
f 135/361/334 2130/363/336 134/359/332
f 108/277/257 2195/276/256 109/290/267
f 2348/360/333 2347/282/261 108/277/257
f 2154/355/328 2155/275/255 1846/358/331
f 2154/355/328 2156/273/253 2196/274/254
f 2154/355/328 2131/357/330 133/356/329
f 106/352/252 2160/348/323 132/347/322
f 2159/351/325 2133/396/369 156/345/320
f 2160/348/323 2159/404/325 2162/349/324
f 2161/343/318 149/339/315 131/328/305
f 2163/344/319 2162/350/324 156/345/320
f 130/342/244 2519/2777/317 2163/344/319
f 131/328/305 130/342/244 2161/343/318
f 2519/341/317 2201/269/249 2163/2758/319
f 105/340/316 2519/341/317 130/262/244
f 128/338/314 2165/331/307 131/328/305
f 2164/336/312 2166/335/311 2165/331/307
f 2169/337/313 126/333/309 2166/335/311
f 2166/335/311 2167/332/308 2165/331/307
f 126/333/309 127/334/310 2166/335/311
f 2167/332/308 2521/329/306 131/328/305
f 2521/329/306 2209/2757/233 129/330/245
f 140/326/303 2171/321/298 123/2720/2568
f 2172/320/297 2151/367/340 124/325/302
f 121/315/292 119/316/293 123/2720/2568
f 122/324/301 2504/319/296 125/318/295
f 2175/323/300 2504/319/296 117/308/285
f 121/315/292 123/2720/2568 2171/321/298
f 120/317/294 2175/323/300 2174/314/291
f 120/317/294 2504/319/296 2175/323/300
f 116/306/283 111/307/284 119/316/293
f 2179/310/287 118/311/288 121/315/292
f 2174/314/291 2180/2722/2570 2179/310/287
f 2177/312/289 112/309/286 2504/319/296
f 2181/305/282 116/306/283 118/311/288
f 117/308/285 2504/319/296 112/309/286
f 117/308/285 2182/303/280 114/322/299
f 111/307/284 116/306/283 2185/304/281
f 2181/305/282 115/2724/2572 2186/228/212
f 90/302/279 2596/230/214 2182/303/280
f 89/223/209 112/309/286 2183/300/277
f 113/295/272 91/294/271 92/224/210
f 2188/298/275 2190/286/263 2191/297/274
f 2191/297/274 2224/213/200 2223/2732/2574
f 113/295/272 2189/2723/2571 2222/296/273
f 138/291/268 2153/293/270 2187/287/264
f 2584/289/266 135/361/334 109/290/267
f 2190/286/263 110/299/276 2187/287/264
f 2345/280/260 2273/121/110 2230/285/262
f 84/284/114 2195/276/256 2230/2778/262
f 2346/283/259 2535/278/258 108/277/257
f 2195/276/256 2535/278/258 2230/2778/262
f 107/206/195 362/205/194 2155/275/255
f 2197/271/251 107/206/195 2196/274/254
f 106/272/252 2198/201/190 82/270/250
f 82/270/250 2198/201/190 2232/203/192
f 2205/258/240 100/265/247 2200/264/246
f 2199/266/248 2233/200/189 79/268/191
f 2200/264/246 80/199/188 2233/200/189
f 100/265/247 77/194/183 80/199/188
f 104/257/239 129/263/245 2209/251/233
f 130/262/244 104/257/239 103/261/243
f 2204/255/237 2207/254/236 103/261/243
f 2203/259/241 103/261/243 102/260/242
f 2204/255/237 2202/256/238 2206/252/234
f 2206/252/234 97/246/229 101/245/228
f 2238/196/185 2236/197/186 2204/255/237
f 2206/252/234 101/245/228 2235/253/235
f 97/246/229 2202/256/238 2209/251/233
f 2210/248/230 2460/2725/232 99/249/231
f 2215/234/218 2210/247/230 2213/235/219
f 101/245/228 96/243/226 2592/244/227
f 2243/184/173 2235/253/235 101/245/228
f 2215/234/218 2450/233/217 2592/244/227
f 95/238/222 2168/242/225 2217/229/213
f 2212/239/223 95/238/222 2217/229/213
f 2212/239/223 2560/2756/220 2213/240/219
f 2214/237/221 2260/214/201 93/156/145
f 2215/234/218 2560/236/220 2216/231/215
f 2211/185/174 2592/244/227 2450/233/217
f 2216/231/215 2450/233/217 2215/234/218
f 2263/144/133 46/137/126 2268/136/125
f 54/155/144 56/232/216 2216/231/215
f 89/223/209 2596/230/214 90/302/279
f 2217/229/213 2185/304/281 88/219/206
f 86/226/211 2186/228/212 2596/230/214
f 89/223/209 2219/225/208 86/226/211
f 2221/133/122 86/2779/211 2219/222/208
f 88/219/206 87/227/204 2220/220/203
f 87/217/204 86/2779/211 2221/133/122
f 2220/216/203 45/135/124 46/137/126
f 46/137/126 94/215/202 2220/216/203
f 2224/213/200 2192/209/197 2227/208/113
f 2226/212/199 2223/2732/2574 2224/213/200
f 2227/208/113 2194/210/198 84/284/114
f 41/126/115 2228/207/196 2227/124/113
f 2273/121/110 84/125/114 2230/285/262
f 107/206/195 2197/271/251 83/204/193
f 83/204/193 2197/271/251 2231/117/106
f 79/202/191 2277/2734/2576 2232/203/192
f 80/199/188 2234/188/177 78/114/104
f 77/194/183 2241/189/178 2234/188/177
f 74/186/175 39/110/100 37/106/96
f 2208/198/187 2207/254/236 2236/197/186
f 76/193/182 2237/195/184 2236/197/186
f 2237/195/184 2246/190/179 2241/189/178
f 2246/190/179 2237/195/184 76/193/182
f 2240/191/180 75/2736/2577 2239/192/181
f 2240/191/180 2245/176/165 67/178/167
f 2234/188/177 2480/187/176 74/186/175
f 2242/103/93 2480/187/176 2247/172/161
f 74/186/175 2242/103/93 2280/102/92
f 2243/184/173 2592/244/227 2211/185/174
f 2245/176/165 2239/192/181 73/182/171
f 71/180/169 72/152/141 2244/154/143
f 71/180/169 69/181/170 65/177/166
f 2247/172/161 2246/190/179 66/179/168
f 2252/168/157 2254/170/159 66/179/168
f 65/177/166 2252/168/157 67/178/167
f 2256/161/150 2248/175/164 64/141/130
f 2520/173/162 70/148/137 2249/140/129
f 2250/171/160 2242/103/93 2247/172/161
f 2251/169/158 66/179/168 2254/170/159
f 2255/166/155 2254/170/159 2252/168/157
f 63/167/156 2254/170/159 2255/166/155
f 62/158/147 2259/157/146 2255/166/155
f 64/141/130 2266/142/131 60/162/151
f 60/162/151 38/109/99 2281/111/101
f 60/162/151 35/164/153 2511/163/152
f 1/160/149 2258/159/148 2286/2741/2582
f 62/158/147 2511/163/152 2258/159/148
f 93/156/145 2260/214/201 2263/144/133
f 55/149/138 56/232/216 54/155/144
f 53/153/142 2262/150/139 2244/154/143
f 2262/150/139 53/153/142 2261/151/140
f 70/148/137 2264/145/134 51/147/136
f 52/146/135 49/143/132 51/147/136
f 2263/144/133 2268/136/125 50/132/121
f 49/143/132 50/132/121 47/98/88
f 2265/138/127 2267/97/87 48/139/128
f 48/139/128 64/141/130 2249/140/129
f 2289/91/81 2270/130/119 42/128/117
f 46/137/126 45/135/124 44/131/120
f 2229/134/123 2271/127/116 45/135/124
f 44/131/120 50/132/121 2268/136/125
f 2270/130/119 2516/129/118 42/128/117
f 32/92/82 2516/129/118 43/94/84
f 2271/127/116 43/94/84 45/135/124
f 41/126/115 30/87/77 2269/95/85
f 2227/124/113 2272/123/112 41/126/115
f 2292/62/58 41/126/115 2272/123/112
f 28/83/73 2343/122/111 2342/84/74
f 2231/117/106 2276/113/103 2275/82/72
f 2274/119/108 2275/82/72 2565/120/109
f 2276/113/103 2278/76/69 2295/74/68
f 78/114/104 2279/115/70 2277/2735/2576
f 2276/113/103 81/116/105 2578/112/102
f 2279/77/70 2578/112/102 2277/2734/2576
f 2282/108/98 2284/101/91 2281/111/101
f 2284/101/91 2282/108/98 39/110/100
f 2287/105/95 38/109/99 2266/142/131
f 2283/104/94 2282/108/98 38/109/99
f 40/71/66 36/107/97 2299/72/67
f 2283/104/94 2300/69/65 2299/72/67
f 2257/99/89 2242/103/93 59/2745/2585
f 2257/99/89 2284/101/91 2280/102/92
f 2291/96/86 47/98/88 2289/91/81
f 2289/91/81 42/128/117 32/92/82
f 2290/90/80 33/93/83 31/88/78
f 27/68/64 31/88/78 2301/67/63
f 31/88/78 2302/64/60 2301/67/63
f 26/63/59 30/87/77 2292/62/58
f 2293/85/75 2340/59/55 25/58/54
f 2342/84/74 2341/86/76 2293/85/75
f 2294/81/71 2565/120/109 2275/82/72
f 2304/80/51 2565/120/109 2294/81/71
f 2278/76/69 2298/78/44 2297/75/45
f 2295/74/68 2278/76/69 2297/75/45
f 23/43/40 24/42/39 40/71/66
f 2298/70/44 2279/115/70 40/71/66
f 2309/40/38 22/2742/2583 2300/69/65
f 2310/66/62 2309/40/38 27/68/64
f 2301/67/63 2302/64/60 21/65/61
f 20/39/37 2311/26/24 21/65/61
f 2302/64/60 2505/61/57 21/65/61
f 29/60/56 2505/61/57 26/63/59
f 25/58/54 20/39/37 2505/61/57
f 2303/57/53 2340/59/55 2339/2755/2592
f 2305/50/46 2312/36/34 2313/56/52
f 238/52/48 2033/54/50 2034/617/582
f 2296/51/47 2297/49/45 2307/44/41
f 2305/50/46 2296/51/47 2306/46/43
f 2308/45/42 2307/44/41 2297/49/45
f 24/42/39 2308/47/42 2298/70/44
f 2307/44/41 2315/33/31 19/32/30
f 2315/33/31 2308/45/42 17/34/32
f 23/43/40 22/2742/2583 2316/30/28
f 24/42/39 2316/30/28 16/31/29
f 2309/40/38 2310/66/62 2319/28/26
f 15/25/23 2322/15/14 2319/28/26
f 2337/38/36 2311/26/24 20/39/37
f 2312/36/34 2306/46/43 19/32/30
f 17/34/32 16/2744/29 18/35/33
f 14/23/21 2315/33/31 18/35/33
f 14/23/21 18/35/33 12/22/20
f 11/18/17 2317/29/27 2318/17/16
f 11/18/17 2321/19/18 16/31/29
f 2322/15/14 2318/17/16 2317/29/27
f 2311/26/24 2337/38/36 2336/27/25
f 13/12/12 2320/2699/2553 2314/24/22
f 2323/8/8 13/12/12 12/22/20
f 2321/20/18 2324/21/19 12/22/20
f 10/3/3 2325/2780/6 2321/19/18
f 2332/16/15 2331/1/1 2318/17/16
f 2334/14/4 2325/2780/6 10/3/3
f 2330/13/13 228/572/537 9/11/11
f 9/11/11 2320/2699/2553 13/12/12
f 2329/10/10 2323/8/8 2328/7/7
f 2323/8/8 2324/21/19 2326/9/9
f 2327/5/5 2324/21/19 2325/6/6
f 2331/1/1 10/3/3 2318/17/16
