# Blender 4.2.1 LTS
# www.blender.org
o ug4kaisva_LOD0_TIER1_004
v -0.010774 0.121280 -0.038596
v 0.076891 0.117493 -0.030134
v 0.078330 0.121404 -0.010189
v 0.077300 0.121702 -0.008549
v 0.075222 0.122524 -0.040367
v 0.075055 0.118958 -0.036951
v 0.073028 0.114955 -0.035495
v 0.073607 0.109096 -0.026042
v 0.071836 0.112849 -0.014882
v 0.072630 0.095823 -0.007361
v 0.072531 0.101212 -0.008206
v 0.075628 0.118063 -0.010700
v 0.073516 0.100034 -0.005092
v 0.072996 0.099591 -0.003148
v 0.073590 0.104461 -0.004217
v 0.072881 0.104908 -0.005519
v 0.069714 0.096429 0.000071
v 0.073721 0.103951 -0.002898
v 0.073294 0.111248 -0.000334
v 0.072472 0.111483 -0.001979
v 0.070756 0.114690 -0.036059
v 0.071271 0.106900 -0.025124
v 0.070122 0.110038 -0.017048
v 0.068752 0.109156 -0.016422
v 0.069795 0.112053 -0.014491
v 0.071811 0.117159 -0.010112
v 0.069917 0.116918 -0.009124
v 0.068816 0.090261 -0.003712
v 0.069493 0.114071 -0.004427
v 0.068704 0.115171 -0.005870
v 0.068587 0.116040 -0.007108
v 0.070316 0.121931 -0.004993
v 0.069313 0.119163 -0.005856
v 0.068955 0.118596 -0.004953
v 0.071712 0.118618 0.000843
v 0.067869 0.107096 -0.029446
v 0.067160 0.104292 -0.024994
v 0.066385 0.101592 -0.019727
v 0.065460 0.100376 -0.020684
v 0.066742 0.103411 -0.022041
v 0.066218 0.098293 -0.017243
v 0.064959 0.097187 -0.017831
v 0.067445 0.105272 -0.019205
v 0.065762 0.094511 -0.014608
v 0.068070 0.105000 -0.012500
v 0.068079 0.093046 -0.011910
v 0.067977 0.089397 -0.004650
v 0.063212 0.096510 -0.018057
v 0.063415 0.093208 -0.012821
v 0.060682 0.093527 -0.009164
v 0.060166 0.092615 -0.007936
v 0.060000 0.096553 -0.018032
v 0.060449 0.093932 -0.013901
v 0.059380 0.093972 -0.011050
v 0.059037 0.093317 -0.008729
v 0.059041 0.092270 -0.007695
v 0.053488 0.110313 -0.025854
v 0.052078 0.097686 -0.014797
v 0.055911 0.091718 -0.009990
v 0.054743 0.091743 -0.009963
v 0.055701 0.092965 -0.012004
v 0.056559 0.092754 -0.011474
v 0.090828 0.166384 -0.040999
v 0.088757 0.161501 -0.051091
v 0.083316 0.148838 -0.054486
v 0.086193 0.160456 -0.055571
v 0.086749 0.154699 -0.053760
v 0.081930 0.175223 -0.039616
v 0.079553 0.162166 -0.058567
v 0.080510 0.142884 -0.051943
v 0.081681 0.139379 -0.047859
v 0.080872 0.126794 -0.010888
v 0.073145 0.148332 -0.055693
v 0.079525 0.134791 -0.047440
v 0.078756 0.134663 -0.048543
v 0.077592 0.134672 -0.048827
v 0.077516 0.126511 -0.041926
v 0.077766 0.129114 -0.043887
v 0.076706 0.128643 -0.044580
v 0.076329 0.125887 -0.042791
v 0.074980 0.125730 -0.043147
v 0.072250 0.127441 -0.044245
v 0.068635 0.175884 -0.012336
v 0.070633 0.126242 -0.002292
v 0.069812 0.123892 -0.002772
v 0.065927 0.184951 -0.017444
v 0.063088 0.185822 -0.009861
v 0.067263 0.173119 -0.008733
v 0.065031 0.180218 -0.004852
v 0.063948 0.144380 -0.052300
v 0.061098 0.187415 -0.041808
v 0.056180 0.191161 -0.014323
v 0.050318 0.175551 -0.064246
v 0.045109 0.174388 -0.065819
v 0.038750 0.171274 -0.065979
v 0.038920 0.174065 -0.066830
v 0.032892 0.175157 -0.067897
v 0.028047 0.177532 -0.068630
v 0.028093 0.175502 -0.068402
v 0.014250 0.175416 -0.068368
v 0.005955 0.184165 -0.065857
v 0.003672 0.177698 -0.068500
v -0.000460 0.175604 -0.067686
v -0.010038 0.180551 -0.063411
v 0.050201 0.009771 -0.012963
v 0.050797 0.011967 -0.005527
v 0.051020 0.003963 0.000053
v 0.045270 0.006743 -0.026586
v 0.048091 0.009812 -0.020018
v 0.047224 0.012644 -0.019310
v 0.049213 0.004166 -0.013666
v 0.049449 0.012599 -0.012259
v 0.049089 0.002751 -0.007435
v 0.047939 0.014506 -0.011538
v 0.043395 0.002247 -0.025168
v 0.043802 0.000437 -0.009404
v 0.041435 0.006735 -0.032330
v 0.034049 0.026824 -0.007864
v 0.033395 0.059548 -0.009838
v 0.033422 0.058110 -0.003914
v 0.031207 0.059460 -0.014630
v 0.029893 0.035036 0.003679
v 0.024640 0.053636 -0.016605
v 0.029404 0.034600 -0.007039
v 0.027455 0.042644 -0.006230
v 0.020311 0.059004 -0.028136
v 0.016902 0.001763 -0.046372
v 0.008722 0.001722 -0.048741
v 0.005094 0.004407 -0.052242
v 0.006375 0.016430 -0.048269
v 0.000109 0.007260 -0.052937
v 0.000015 0.034844 -0.032164
v 0.000360 0.042105 -0.030338
v 0.000118 0.053163 -0.030422
v -0.005025 0.001663 -0.048817
v 0.047501 0.104863 -0.017163
v 0.035282 0.063438 -0.005660
v 0.035802 0.089528 -0.002705
v 0.029908 0.060752 -0.019002
v 0.030359 0.073088 -0.006411
v 0.030202 0.074936 -0.006240
v 0.026555 0.060674 -0.023408
v 0.029041 0.072811 -0.011118
v 0.022467 0.060931 -0.027908
v 0.021769 0.063316 -0.029751
v 0.021995 0.064528 -0.029571
v 0.025817 0.062255 -0.024918
v 0.023293 0.078504 -0.021381
v 0.020561 0.061320 -0.029672
v 0.019360 0.066102 -0.030166
v 0.017313 0.074786 -0.026250
v 0.016529 0.061462 -0.032163
v 0.011649 0.062063 -0.034442
v 0.011530 0.073394 -0.030084
v -0.006481 0.114504 -0.036331
v 0.046146 0.137582 -0.036339
v 0.024110 0.163901 -0.061213
v 0.018038 0.155288 -0.048114
v 0.004930 0.151795 -0.045558
v -0.004070 0.142459 -0.042120
v -0.003189 0.127676 -0.038434
v -0.009340 0.122537 -0.038029
v 0.049368 0.196088 -0.016480
v 0.050806 0.191624 -0.006408
v 0.045854 0.191753 -0.050344
v 0.045030 0.200878 -0.017508
v 0.043394 0.196174 -0.044239
v 0.043567 0.201470 -0.016042
v 0.044240 0.199364 -0.009883
v 0.041378 0.200115 -0.009504
v 0.040523 0.196132 -0.047888
v 0.037235 0.202659 -0.011809
v 0.035795 0.200739 -0.006937
v 0.036295 0.199340 -0.003928
v 0.030458 0.205161 -0.035447
v 0.029868 0.205248 -0.028146
v 0.031370 0.202840 -0.016431
v 0.030748 0.197697 -0.009549
v 0.029480 0.196729 -0.010457
v 0.031975 0.200048 -0.010193
v 0.030019 0.199467 -0.011975
v 0.029038 0.194984 -0.008333
v 0.032207 0.197920 -0.005593
v 0.025441 0.202421 -0.046576
v 0.027842 0.204220 -0.027756
v 0.026410 0.201765 -0.023027
v 0.027084 0.201114 -0.018282
v 0.025492 0.200242 -0.019042
v 0.024118 0.200262 -0.019210
v 0.027876 0.196369 -0.011396
v 0.028350 0.201283 -0.014901
v 0.025681 0.198286 -0.013703
v 0.025152 0.199191 -0.015852
v 0.021658 0.197428 -0.011757
v 0.027860 0.201716 -0.015647
v 0.029271 0.192445 -0.002909
v 0.022780 0.200512 -0.050680
v 0.021843 0.203132 -0.029751
v 0.022080 0.200942 -0.019184
v 0.018864 0.198907 -0.053616
v 0.015575 0.199219 -0.043526
v 0.018472 0.201050 -0.039807
v 0.020890 0.202307 -0.035104
v 0.019422 0.203161 -0.020965
v 0.016038 0.200980 -0.008219
v 0.013426 0.205575 -0.032248
v 0.013292 0.209493 -0.024125
v 0.011951 0.246139 -0.013139
v 0.013676 0.246334 -0.003861
v 0.008787 0.188413 -0.063002
v 0.008308 0.220815 -0.014594
v 0.009709 0.216673 -0.003213
v 0.005361 0.194123 -0.050933
v 0.001674 0.206337 -0.040789
v 0.046582 0.293752 -0.026096
v 0.046158 0.289497 -0.022806
v 0.045686 0.291404 -0.020546
v 0.041821 0.292394 -0.040156
v 0.043679 0.296189 -0.037932
v 0.042535 0.297763 -0.038289
v 0.043986 0.294111 -0.037323
v 0.044646 0.297827 -0.034229
v 0.045017 0.284906 -0.025101
v 0.044951 0.298889 -0.029312
v 0.045733 0.296135 -0.023972
v 0.044634 0.299240 -0.024348
v 0.043510 0.300882 -0.024201
v 0.040471 0.295400 -0.040950
v 0.039723 0.290296 -0.040487
v 0.042194 0.294944 -0.039947
v 0.039194 0.297607 -0.040319
v 0.042775 0.299867 -0.035480
v 0.042151 0.279721 -0.029242
v 0.040010 0.277656 -0.031785
v 0.041995 0.302447 -0.030261
v 0.040968 0.297793 -0.017608
v 0.038740 0.289845 -0.014899
v 0.038295 0.295161 -0.041527
v 0.037471 0.301596 -0.038123
v 0.035402 0.307564 -0.034807
v 0.036589 0.274668 -0.029901
v 0.038461 0.303669 -0.034409
v 0.035878 0.309602 -0.030149
v 0.037957 0.307102 -0.024790
v 0.036308 0.306921 -0.021389
v 0.035235 0.275056 -0.032954
v 0.030673 0.311053 -0.033006
v 0.033738 0.287142 -0.013374
v 0.027585 0.297154 -0.045260
v 0.029295 0.304346 -0.042464
v 0.029401 0.308323 -0.038445
v 0.029333 0.311372 -0.031673
v 0.031235 0.295242 -0.012159
v 0.023762 0.298776 -0.044987
v 0.025282 0.310697 -0.024479
v 0.026981 0.275790 -0.014911
v 0.026194 0.273613 -0.016446
v 0.027548 0.308187 -0.017884
v 0.024370 0.294166 -0.010573
v 0.024259 0.271456 -0.017885
v 0.019420 0.271265 -0.011636
v 0.019827 0.273224 -0.009783
v 0.018963 0.275440 -0.006495
v 0.024444 0.280546 -0.010565
v 0.022961 0.284905 -0.008320
v 0.022429 0.289224 -0.008437
v 0.016615 0.270484 -0.028603
v 0.016936 0.268451 -0.017881
v 0.018490 0.270367 -0.010582
v 0.016333 0.255410 -0.008603
v 0.018386 0.289429 -0.005874
v 0.013519 0.304641 -0.028904
v 0.014342 0.301554 -0.010590
v 0.012961 0.299240 -0.005129
v 0.009281 0.270951 -0.029859
v 0.008543 0.299209 -0.032225
v 0.009407 0.301791 -0.030091
v 0.006223 0.252022 -0.027493
v 0.010723 0.257073 -0.022739
v 0.010444 0.262878 -0.024374
v 0.008128 0.305764 -0.016068
v 0.009640 0.305036 -0.010964
v 0.007957 0.308746 -0.008547
v 0.004291 0.259611 -0.031348
v 0.007364 0.273843 -0.031402
v 0.003575 0.307207 -0.019709
v 0.002475 0.311571 -0.012005
v 0.001467 0.252347 -0.031548
v 0.002369 0.290522 -0.032861
v -0.002525 0.270232 -0.037357
v -0.004848 0.256534 -0.035011
v -0.000832 0.259685 -0.033894
v -0.000100 0.267562 -0.035997
v -0.005944 0.263685 -0.038989
v -0.007359 0.263887 -0.039090
v -0.007350 0.266377 -0.038764
v -0.014473 0.260670 -0.037707
v 0.032922 0.311652 -0.026691
v 0.031479 0.312015 -0.026833
v 0.031182 0.311259 -0.023119
v 0.029577 0.311616 -0.024027
v 0.072124 0.106813 0.002631
v 0.073112 0.110604 0.002716
v 0.072879 0.114719 0.000951
v 0.072697 0.118034 0.004010
v 0.072555 0.118121 0.002451
v 0.072026 0.121503 0.002882
v 0.072641 0.114029 0.004659
v 0.070849 0.113523 0.006994
v 0.072281 0.121811 0.004607
v 0.069038 0.106216 0.006483
v 0.069864 0.118102 0.008476
v 0.070936 0.121588 0.007533
v 0.069099 0.111713 0.009593
v 0.067901 0.113562 0.018056
v 0.066892 0.087123 0.003581
v 0.065327 0.085341 0.008429
v 0.061993 0.082528 0.011429
v 0.059742 0.082259 0.017113
v 0.063532 0.088622 0.020397
v 0.060305 0.081480 0.009255
v 0.056409 0.080673 0.009372
v 0.056839 0.080349 0.012255
v 0.055947 0.082516 0.023754
v 0.057455 0.095760 0.033648
v 0.057072 0.115699 0.039254
v 0.053623 0.083232 0.004483
v 0.054462 0.080171 0.011786
v 0.051887 0.079306 0.014154
v 0.053620 0.084124 0.028742
v 0.053719 0.120753 0.038218
v 0.071517 0.125405 0.005421
v 0.070319 0.128927 0.001132
v 0.071238 0.133435 0.000698
v 0.070604 0.133037 0.001553
v 0.068443 0.123435 0.010127
v 0.065633 0.137353 0.010176
v 0.065296 0.128322 0.017132
v 0.061304 0.158510 0.007797
v 0.060526 0.161253 0.011964
v 0.058832 0.136027 0.022769
v 0.061863 0.128094 0.024981
v 0.056400 0.153473 0.021893
v 0.055248 0.154206 0.025500
v 0.054199 0.155053 0.026427
v 0.052479 0.171637 0.017326
v 0.054329 0.137389 0.026850
v 0.052694 0.143330 0.031525
v 0.053488 0.144597 0.030714
v 0.053511 0.146120 0.028386
v 0.053503 0.143958 0.029760
v 0.052753 0.147174 0.029767
v 0.052686 0.153005 0.027738
v 0.051135 0.011956 0.000110
v 0.049380 0.002330 0.005871
v 0.051882 0.009932 0.006152
v 0.047930 0.002314 0.013572
v 0.050410 0.007137 0.013342
v 0.049470 0.004206 0.013773
v 0.050291 0.010329 0.012855
v 0.046588 0.004444 0.021782
v 0.047186 0.010079 0.021278
v 0.040846 0.000581 0.023489
v 0.044591 0.002994 0.024107
v 0.042819 0.010243 0.029594
v 0.035448 0.024020 0.011336
v 0.038912 0.000069 0.021379
v 0.038743 0.005538 0.035293
v 0.036175 0.014889 0.032939
v 0.035551 0.061142 -0.001114
v 0.034824 0.059332 -0.001387
v 0.034570 0.059304 0.004326
v 0.033329 0.010496 0.040306
v 0.033922 0.007633 0.040516
v 0.031210 0.057116 0.009780
v 0.031072 0.028421 0.012613
v 0.029863 0.059091 0.018752
v 0.025334 0.054668 0.017493
v 0.026047 0.059265 0.024291
v 0.021203 0.001310 0.023601
v 0.024796 0.004526 0.046378
v 0.024688 0.050886 0.015871
v 0.024604 0.056526 0.021249
v 0.021813 0.057329 0.026138
v 0.023686 0.001090 0.043142
v 0.023938 0.002538 0.045431
v 0.023755 0.015549 0.043475
v 0.022091 0.015438 0.045457
v 0.020659 0.017407 0.042789
v 0.022322 0.008871 0.048432
v 0.019310 0.040706 0.022469
v 0.016687 0.057592 0.030493
v 0.019746 0.024642 0.032051
v 0.017467 0.059490 0.031943
v 0.019705 0.001953 0.047096
v 0.018055 0.016578 0.045105
v 0.017339 0.018323 0.043307
v 0.015848 0.005427 0.050946
v 0.015703 0.003435 0.050114
v 0.014440 0.011054 0.050761
v 0.010346 0.061237 0.036502
v 0.012438 0.019442 0.042990
v 0.013385 0.016335 0.046739
v 0.011173 0.002799 0.051176
v 0.011538 0.004631 0.052053
v 0.006878 0.048818 0.031014
v 0.005379 0.020126 0.044097
v 0.006032 0.015238 0.049719
v 0.005427 0.048281 0.031011
v 0.011819 0.028140 0.033160
v 0.008222 0.000581 0.038042
v 0.000094 0.001334 0.051019
v 0.000539 0.002646 0.052588
v -0.000812 0.010415 0.053841
v -0.006523 0.051033 0.031601
v -0.004140 0.024871 0.039433
v -0.005342 0.022933 0.042238
v -0.004681 0.020509 0.045200
v -0.006172 0.021402 0.044374
v -0.000310 0.015525 0.050442
v -0.004757 0.018001 0.047487
v -0.001247 0.013344 0.052248
v -0.008060 0.042787 0.030309
v -0.007104 0.034232 0.033611
v -0.008723 0.034602 0.033140
v -0.008232 0.036748 0.031638
v -0.009696 0.001691 0.050945
v -0.009313 0.003130 0.052530
v -0.008617 0.008040 0.053771
v 0.049343 0.078056 0.017924
v 0.048933 0.077955 0.017332
v 0.051809 0.082179 0.027334
v 0.051290 0.095419 0.037224
v 0.055367 0.102292 0.038331
v 0.050299 0.118383 0.039911
v 0.045212 0.079378 0.017687
v 0.047393 0.078105 0.017520
v 0.045562 0.078596 0.019481
v 0.046815 0.079800 0.024127
v 0.046051 0.082054 0.030544
v 0.041998 0.082930 0.034117
v 0.042798 0.117904 0.041773
v 0.039942 0.088824 0.002993
v 0.038170 0.090989 -0.001084
v 0.038336 0.088522 0.002488
v 0.039568 0.086423 0.006353
v 0.042328 0.083953 0.010066
v 0.037861 0.121171 0.046384
v 0.034670 0.107713 0.048311
v 0.034791 0.066487 0.003352
v 0.034588 0.081517 0.008059
v 0.033778 0.078025 0.019841
v 0.035372 0.078576 0.026087
v 0.034343 0.082061 0.034749
v 0.034334 0.096469 0.041126
v 0.031452 0.100286 0.048528
v 0.031088 0.110621 0.048930
v 0.033139 0.077437 0.006548
v 0.030762 0.061314 0.019146
v 0.032075 0.073085 0.019421
v 0.030651 0.070853 0.017681
v 0.029981 0.064334 0.020584
v 0.031785 0.074990 0.023872
v 0.028868 0.091235 0.046957
v 0.029570 0.096256 0.048394
v 0.026896 0.061166 0.024802
v 0.026853 0.063795 0.025394
v 0.027150 0.069914 0.024550
v 0.027378 0.123599 0.046739
v 0.026203 0.101829 0.049685
v 0.024660 0.070600 0.026943
v 0.022340 0.074727 0.030701
v 0.020355 0.083309 0.045882
v 0.018344 0.061738 0.032508
v 0.017622 0.076535 0.034236
v 0.017555 0.100097 0.049516
v 0.013246 0.062402 0.035441
v 0.014150 0.074295 0.032861
v 0.011020 0.072636 0.032810
v 0.010081 0.118822 0.052925
v 0.006670 0.069879 0.033933
v 0.007757 0.064650 0.037264
v 0.007544 0.118784 0.052119
v 0.003883 0.071544 0.033649
v 0.003918 0.072894 0.033682
v 0.001512 0.108387 0.052069
v 0.001647 0.098687 0.054847
v 0.000857 0.071735 0.033833
v -0.001981 0.070721 0.034144
v -0.004619 0.073169 0.033344
v 0.000385 0.076339 0.036469
v 0.002941 0.081404 0.047473
v -0.000751 0.108635 0.049094
v -0.002697 0.109107 0.048136
v -0.001907 0.083600 0.052106
v -0.005390 0.068879 0.035378
v -0.005623 0.064577 0.038022
v -0.004429 0.120827 0.045921
v -0.006304 0.121316 0.044777
v -0.005337 0.082477 0.048894
v -0.004867 0.098542 0.049541
v -0.003873 0.090675 0.053223
v -0.007327 0.070695 0.033548
v -0.009302 0.116705 0.043852
v -0.006954 0.084882 0.049825
v -0.008781 0.111599 0.046442
v 0.051093 0.141563 0.032737
v 0.048777 0.142517 0.034853
v 0.049640 0.146732 0.034333
v 0.047231 0.145488 0.034874
v 0.049057 0.127855 0.035952
v 0.047870 0.129085 0.036791
v 0.047141 0.133088 0.038960
v 0.048706 0.137256 0.036398
v 0.046109 0.160059 0.028566
v 0.041907 0.145170 0.037242
v 0.044012 0.126051 0.042501
v 0.045552 0.128989 0.040864
v 0.043871 0.135137 0.040416
v 0.042964 0.186321 0.012591
v 0.041588 0.173541 0.024276
v 0.041386 0.158945 0.031160
v 0.041707 0.163021 0.029225
v 0.039615 0.133163 0.042030
v 0.040340 0.141045 0.039463
v 0.040891 0.123625 0.044896
v 0.039260 0.124488 0.045183
v 0.041094 0.128259 0.043747
v 0.038066 0.174859 0.026063
v 0.038061 0.178490 0.022923
v 0.036279 0.171213 0.029461
v 0.038694 0.154342 0.034370
v 0.037303 0.165908 0.032215
v 0.035263 0.156768 0.037227
v 0.035203 0.163024 0.034762
v 0.034453 0.182266 0.019411
v 0.033898 0.175904 0.025992
v 0.031913 0.171586 0.028877
v 0.034356 0.166947 0.032598
v 0.031922 0.134858 0.043709
v 0.029470 0.181654 0.017267
v 0.030608 0.166539 0.032446
v 0.024695 0.185297 0.009182
v 0.028439 0.177392 0.021504
v 0.027280 0.141813 0.045807
v 0.026150 0.134034 0.048129
v 0.020516 0.149816 0.041238
v 0.022689 0.142412 0.045480
v 0.019115 0.134182 0.048600
v 0.019504 0.180004 0.015189
v 0.015727 0.139935 0.046130
v 0.018856 0.147451 0.042700
v 0.015686 0.135438 0.048247
v 0.013800 0.156136 0.035450
v 0.013791 0.143335 0.041978
v 0.012392 0.135798 0.046029
v 0.012838 0.139053 0.044063
v 0.010564 0.182997 0.007885
v 0.008956 0.168340 0.023150
v 0.013803 0.166056 0.027862
v 0.007085 0.123298 0.049046
v 0.006144 0.160644 0.027768
v 0.004158 0.160760 0.027218
v 0.004642 0.149295 0.035426
v 0.002708 0.182509 0.010009
v 0.002390 0.156671 0.028978
v 0.003281 0.140546 0.040786
v 0.002857 0.135151 0.043159
v 0.000829 0.135707 0.042148
v -0.002133 0.179441 0.012097
v -0.002151 0.187084 0.011966
v -0.001783 0.161082 0.028910
v 0.000363 0.165663 0.025541
v -0.002571 0.162596 0.028598
v -0.004190 0.163920 0.027141
v -0.003132 0.131320 0.041760
v -0.004717 0.186657 0.012880
v -0.006750 0.161998 0.029053
v -0.003346 0.163437 0.028109
v -0.003779 0.152425 0.031682
v -0.006060 0.158047 0.032866
v -0.004918 0.160789 0.030668
v -0.005884 0.161550 0.030153
v -0.008108 0.174139 0.014322
v -0.008263 0.159658 0.031970
v -0.009605 0.125980 0.037207
v -0.010682 0.147287 0.036305
v 0.051105 0.188538 0.000065
v 0.047882 0.191658 0.000840
v 0.045394 0.189200 0.007150
v 0.041827 0.194195 0.002393
v 0.037602 0.197498 -0.000570
v 0.036809 0.188333 0.012964
v 0.032129 0.192967 0.001950
v 0.032925 0.195870 -0.001144
v 0.029202 0.190204 0.002343
v 0.011100 0.192053 0.002881
v -0.005431 0.214522 0.020291
v -0.004968 0.197723 0.015958
v -0.006943 0.222643 0.022233
v -0.007594 0.246559 0.027406
v 0.018587 0.284785 0.001914
v 0.017716 0.266424 0.007237
v 0.016060 0.289405 0.013366
v 0.011304 0.304794 0.001445
v 0.012522 0.254916 0.014862
v 0.012020 0.290534 0.020358
v 0.010673 0.273587 0.023737
v 0.007466 0.308888 0.012802
v 0.006492 0.300266 0.020880
v 0.009540 0.264413 0.023492
v 0.002226 0.298886 0.026329
v 0.003322 0.284113 0.031101
v 0.002392 0.301412 0.024611
v -0.001112 0.286504 0.033083
v -0.000818 0.284464 0.034075
v -0.002234 0.251189 0.026438
v -0.005333 0.287698 0.036309
v -0.003277 0.305721 0.026522
v -0.007520 0.308040 0.028940
v -0.008708 0.293936 0.034413
v -0.009178 0.292662 0.035293
v -0.005654 0.282240 0.038454
v -0.009832 0.286823 0.040850
v -0.009596 0.289513 0.039110
v -0.013376 0.290720 0.040881
v -0.014943 0.285984 0.043340
v -0.002946 0.320457 0.002963
v -0.004795 0.316626 0.020857
v -0.007015 0.313592 0.025633
v -0.010441 0.323382 -0.000973
v -0.013978 0.315456 0.027761
v -0.034637 0.166575 -0.066748
v -0.035392 0.177572 -0.067119
v -0.038161 0.175942 -0.067469
v -0.044443 0.172719 -0.068724
v -0.052384 0.162306 -0.065511
v -0.051923 0.175184 -0.068358
v -0.051008 0.179467 -0.065883
v -0.056757 0.176507 -0.066653
v -0.062199 0.170936 -0.067527
v -0.068105 0.165500 -0.066753
v -0.015297 0.006444 -0.051159
v -0.016600 0.035176 -0.028429
v -0.014892 0.002736 -0.049033
v -0.021897 0.048135 -0.022640
v -0.024981 0.004494 -0.047456
v -0.024547 0.002719 -0.046145
v -0.028786 0.002698 -0.044052
v -0.028111 0.001624 -0.042744
v -0.029768 0.012858 -0.043885
v -0.030642 0.059072 -0.021436
v -0.032351 0.043127 -0.000777
v -0.034725 0.012215 -0.040558
v -0.033958 0.014590 -0.038667
v -0.035318 0.020105 -0.027606
v -0.034790 0.059028 -0.015529
v -0.034860 0.033047 -0.002466
v -0.037134 0.003789 -0.039093
v -0.035687 0.017376 -0.032910
v -0.038316 0.001131 -0.032211
v -0.042975 0.001698 -0.029411
v -0.042155 0.014439 -0.030574
v -0.043281 0.020524 -0.013962
v -0.042803 0.011696 -0.032720
v -0.044772 0.004226 -0.031199
v -0.047752 0.003815 -0.025961
v -0.048791 0.001137 -0.015105
v -0.051252 0.011454 -0.017135
v -0.052453 0.005703 -0.016684
v -0.011305 0.122185 -0.038421
v -0.011729 0.120799 -0.037948
v -0.012871 0.122696 -0.037866
v -0.015995 0.117613 -0.036739
v -0.018959 0.117126 -0.034680
v -0.012445 0.064647 -0.034929
v -0.014113 0.114389 -0.035852
v -0.017763 0.064430 -0.033201
v -0.026450 0.095342 -0.026503
v -0.029037 0.105492 -0.026645
v -0.033021 0.071383 -0.013414
v -0.031134 0.081304 -0.017077
v -0.035205 0.071854 -0.008843
v -0.036346 0.091908 -0.010950
v -0.035804 0.073209 -0.003498
v -0.039593 0.103504 -0.017231
v -0.038366 0.064461 -0.008639
v -0.038084 0.083829 -0.001276
v -0.039359 0.084066 -0.001259
v -0.039457 0.086277 -0.003061
v -0.041785 0.089882 -0.006599
v -0.043621 0.085042 -0.001362
v -0.051821 0.084879 -0.006179
v -0.050236 0.097609 -0.019378
v -0.056286 0.096172 -0.024374
v -0.062927 0.108289 -0.035080
v -0.062205 0.099750 -0.030473
v -0.067153 0.114472 -0.040348
v -0.069059 0.106437 -0.035656
v -0.068652 0.122074 -0.043356
v -0.072341 0.101913 -0.031267
v -0.070531 0.095255 -0.024695
v -0.069097 0.089544 -0.019051
v -0.068860 0.086385 -0.014521
v -0.068877 0.087676 -0.017031
v -0.070333 0.090232 -0.018454
v -0.070548 0.087856 -0.013711
v -0.070076 0.083147 -0.006101
v -0.008366 0.131005 -0.039250
v -0.018018 0.134437 -0.040251
v -0.015042 0.130881 -0.038974
v -0.027936 0.159973 -0.058998
v -0.027191 0.133849 -0.037631
v -0.035946 0.185626 -0.005877
v -0.047039 0.179844 -0.003450
v -0.049085 0.161280 -0.063749
v -0.050359 0.124776 -0.030007
v -0.053831 0.181920 -0.063404
v -0.058907 0.143075 -0.043482
v -0.065943 0.178606 -0.012012
v -0.064976 0.170438 -0.004461
v -0.068105 0.173007 -0.064370
v -0.066135 0.175555 -0.062766
v -0.066392 0.178518 -0.060395
v -0.072249 0.160338 -0.064503
v -0.071584 0.171605 -0.064301
v -0.073914 0.177308 -0.055886
v -0.070341 0.126929 -0.045697
v -0.071484 0.176316 -0.013016
v -0.034525 0.234524 -0.020164
v -0.034517 0.188364 -0.005579
v -0.036306 0.212712 -0.015521
v -0.036345 0.229775 -0.015533
v -0.039401 0.190355 -0.013393
v -0.037762 0.230777 -0.014383
v -0.035573 0.209385 -0.005172
v -0.040666 0.199153 -0.038032
v -0.043656 0.247287 -0.019970
v -0.041842 0.224376 -0.008125
v -0.015253 0.289420 -0.038653
v -0.015978 0.301753 -0.037195
v -0.017979 0.266013 -0.038526
v -0.016156 0.273217 -0.040989
v -0.016166 0.279198 -0.041431
v -0.027584 0.276780 -0.039761
v -0.026238 0.283896 -0.038975
v -0.029538 0.287247 -0.038814
v -0.025933 0.257054 -0.034515
v -0.031028 0.273792 -0.038928
v -0.029809 0.262189 -0.036458
v -0.029289 0.272224 -0.038404
v -0.030773 0.281038 -0.038248
v -0.029835 0.257118 -0.032691
v -0.033724 0.258360 -0.031468
v -0.031676 0.260581 -0.034716
v -0.036166 0.262887 -0.032512
v -0.034709 0.309136 -0.030989
v -0.035771 0.276796 -0.038020
v -0.039808 0.283870 -0.037549
v -0.039879 0.256125 -0.029843
v -0.034526 0.262767 -0.033159
v -0.040679 0.288371 -0.037717
v -0.040577 0.276228 -0.037987
v -0.038760 0.295377 -0.036932
v -0.044566 0.275552 -0.036813
v -0.046403 0.269225 -0.033907
v -0.048607 0.278370 -0.035146
v -0.049502 0.284828 -0.033070
v -0.048226 0.306786 -0.026431
v -0.053663 0.295196 -0.027394
v -0.052932 0.299684 -0.024490
v -0.051652 0.302198 -0.024509
v -0.053167 0.307806 -0.018166
v -0.054385 0.308414 -0.014440
v -0.055107 0.293517 -0.027758
v -0.056797 0.263738 -0.022742
v -0.057876 0.293553 -0.025309
v -0.055154 0.298789 -0.023774
v -0.057361 0.302078 -0.019817
v -0.059379 0.298985 -0.023124
v -0.055515 0.305201 -0.017334
v -0.057292 0.306956 -0.013625
v -0.060054 0.273263 -0.026586
v -0.061071 0.272079 -0.023699
v -0.060612 0.274903 -0.026341
v -0.062108 0.282551 -0.023818
v -0.060168 0.298292 -0.022947
v -0.062277 0.295760 -0.017578
v -0.062334 0.302065 -0.019480
v -0.059277 0.263944 -0.019367
v -0.064008 0.300391 -0.014982
v -0.062554 0.303626 -0.018297
v -0.061810 0.305296 -0.016984
v -0.063097 0.305351 -0.016669
v -0.063183 0.303296 -0.018000
v -0.062899 0.306529 -0.015489
v -0.061542 0.306543 -0.015311
v -0.061981 0.263042 -0.011455
v -0.064161 0.278734 -0.021593
v -0.064233 0.280342 -0.022040
v -0.066750 0.282207 -0.015330
v -0.064132 0.304088 -0.015984
v -0.063772 0.304796 -0.016486
v -0.064287 0.305793 -0.014988
v -0.064236 0.307605 -0.013777
v -0.064802 0.306932 -0.013393
v -0.065212 0.308284 -0.011902
v -0.065159 0.295262 -0.010553
v -0.065364 0.309954 -0.010648
v -0.068230 0.275287 -0.013960
v -0.070345 0.277726 -0.008950
v -0.069313 0.264952 -0.003575
v -0.065661 0.312170 -0.007641
v -0.065718 0.312662 -0.006155
v -0.066149 0.311200 -0.007474
v -0.065345 0.312953 -0.004238
v -0.066032 0.311578 -0.003765
v -0.066243 0.311573 -0.005881
v -0.064783 0.313605 -0.004743
v -0.074705 0.164293 -0.065558
v -0.075717 0.165871 -0.064849
v -0.076433 0.113095 -0.039494
v -0.076166 0.106502 -0.031570
v -0.075213 0.104710 -0.026313
v -0.078959 0.110961 -0.036619
v -0.080098 0.110834 -0.031040
v -0.080513 0.115302 -0.021723
v -0.084809 0.113040 -0.034534
v -0.089855 0.119493 -0.018973
v -0.075871 0.149216 -0.058256
v -0.073051 0.134840 -0.049572
v -0.072185 0.122820 -0.045353
v -0.078548 0.162674 -0.064668
v -0.078902 0.164665 -0.064083
v -0.078137 0.174406 -0.055707
v -0.076724 0.132801 -0.050558
v -0.078462 0.167166 -0.007575
v -0.081795 0.163105 -0.064527
v -0.083694 0.163986 -0.064377
v -0.081250 0.164803 -0.064177
v -0.081554 0.166512 -0.063176
v -0.083317 0.165842 -0.064036
v -0.082608 0.167259 -0.062162
v -0.081687 0.170678 -0.058324
v -0.084209 0.165050 -0.064005
v -0.087652 0.168550 -0.058480
v -0.083181 0.131010 -0.050405
v -0.089675 0.176761 -0.018889
v -0.087508 0.173885 -0.013956
v -0.087622 0.165277 -0.005286
v -0.090277 0.139722 -0.054690
v -0.087757 0.170552 -0.056815
v -0.090316 0.169499 -0.056850
v -0.089600 0.171581 -0.055097
v -0.092567 0.130062 -0.047311
v -0.090195 0.175480 -0.047857
v -0.090188 0.120490 -0.039331
v -0.093927 0.177038 -0.040518
v -0.095226 0.156003 -0.061304
v -0.096010 0.161557 -0.059814
v -0.095427 0.143902 -0.055912
v -0.095447 0.128856 -0.017302
v -0.097126 0.156851 -0.060516
v -0.097020 0.144062 -0.054850
v -0.100231 0.163375 -0.054747
v -0.099689 0.169546 -0.049405
v -0.097735 0.134185 -0.006647
v -0.102207 0.166980 -0.049466
v -0.103001 0.168955 -0.046778
v -0.102030 0.170128 -0.046670
v -0.103800 0.170865 -0.043037
v -0.104489 0.169146 -0.042387
v -0.102441 0.172081 -0.043282
v -0.104705 0.171337 -0.038342
v -0.100351 0.176651 -0.031587
v -0.104970 0.172785 -0.032925
v -0.105282 0.173100 -0.026963
v -0.105502 0.167481 -0.019181
v -0.104669 0.162687 -0.013536
v -0.103301 0.170755 -0.013238
v -0.104492 0.169100 -0.014066
v -0.105589 0.170777 -0.033241
v -0.105117 0.163121 -0.031485
v -0.014016 0.026757 0.035968
v -0.015644 0.033533 0.030283
v -0.016654 0.049870 0.027629
v -0.017750 0.003346 0.050563
v -0.015558 0.013199 0.050423
v -0.015420 0.010708 0.051798
v -0.018951 0.028374 0.032273
v -0.025031 0.049788 0.020569
v -0.022037 0.030758 0.028857
v -0.023842 0.058046 0.028950
v -0.026559 0.053804 0.020954
v -0.027155 0.002035 0.045360
v -0.031698 0.044776 0.004584
v -0.032467 0.051899 0.006413
v -0.029889 0.036586 0.013593
v -0.031585 0.001488 0.041959
v -0.032002 0.005543 0.044743
v -0.035771 0.001796 0.039241
v -0.042343 0.022093 0.005084
v -0.046513 0.013926 0.024891
v -0.045378 0.007192 0.032600
v -0.048330 0.001063 0.020671
v -0.051537 0.000796 -0.000426
v -0.015018 0.072745 0.031655
v -0.010603 0.067275 0.036215
v -0.013319 0.116519 0.037824
v -0.014135 0.107438 0.040992
v -0.013086 0.111790 0.040647
v -0.014580 0.087297 0.048044
v -0.012547 0.096096 0.048260
v -0.011351 0.101692 0.047673
v -0.019178 0.098010 0.038317
v -0.015713 0.108575 0.038460
v -0.014912 0.111586 0.038537
v -0.017888 0.086889 0.042911
v -0.016222 0.083364 0.045489
v -0.017410 0.083495 0.043769
v -0.016576 0.085340 0.045858
v -0.015996 0.097329 0.042725
v -0.021035 0.063047 0.033109
v -0.021459 0.060616 0.032314
v -0.020630 0.065423 0.032998
v -0.022901 0.068128 0.030461
v -0.018437 0.078836 0.037797
v -0.020533 0.078416 0.035920
v -0.019743 0.118070 0.036642
v -0.029603 0.072818 0.029103
v -0.024774 0.094341 0.038085
v -0.027955 0.115478 0.039285
v -0.029107 0.063188 0.027334
v -0.030588 0.060640 0.024371
v -0.032460 0.071298 0.026977
v -0.032118 0.067850 0.024249
v -0.033559 0.069783 0.024572
v -0.030101 0.084687 0.037170
v -0.034394 0.066115 0.020379
v -0.036080 0.072107 0.024971
v -0.037913 0.074259 0.025528
v -0.035246 0.072591 0.026467
v -0.036489 0.080657 0.035386
v -0.037101 0.092311 0.040464
v -0.039964 0.083303 0.000751
v -0.037600 0.059376 0.006740
v -0.041192 0.079799 0.009771
v -0.037499 0.061946 0.012194
v -0.038308 0.074844 0.016497
v -0.041103 0.078299 0.013924
v -0.038809 0.074595 0.021063
v -0.040026 0.075230 0.021514
v -0.041518 0.075136 0.023705
v -0.038243 0.119305 0.040460
v -0.042355 0.118788 0.041561
v -0.043071 0.083765 0.001228
v -0.044223 0.081813 0.005213
v -0.046206 0.078309 0.031997
v -0.045073 0.077417 0.030338
v -0.046111 0.102342 0.043644
v -0.046096 0.115636 0.042443
v -0.053517 0.081327 -0.000013
v -0.051286 0.076958 0.027424
v -0.052166 0.089733 0.037429
v -0.053871 0.122742 0.037124
v -0.053823 0.075698 0.016861
v -0.057543 0.079228 0.026117
v -0.054542 0.082736 0.031997
v -0.057685 0.098763 0.038406
v -0.059145 0.076334 0.014360
v -0.061481 0.079163 0.022711
v -0.059515 0.110473 0.039812
v -0.064530 0.078680 0.017913
v -0.063525 0.081745 0.022985
v -0.069458 0.079987 0.006666
v -0.069662 0.079337 0.001697
v -0.069218 0.079726 -0.000274
v -0.072073 0.081104 0.005009
v -0.071395 0.099441 0.017673
v -0.015088 0.158752 0.026694
v -0.012997 0.157646 0.031522
v -0.012847 0.154381 0.036119
v -0.019335 0.171745 0.012932
v -0.012835 0.174169 0.014136
v -0.016968 0.140795 0.035140
v -0.015680 0.144223 0.037239
v -0.018757 0.149961 0.036355
v -0.016956 0.147250 0.037550
v -0.020819 0.143432 0.032255
v -0.022895 0.147585 0.031003
v -0.020119 0.156385 0.031098
v -0.031606 0.184126 -0.000531
v -0.030391 0.144290 0.029674
v -0.031872 0.162418 0.020004
v -0.054858 0.157859 0.011852
v -0.067175 0.139424 0.016711
v -0.070574 0.156546 0.003510
v -0.015306 0.200639 0.014941
v -0.025421 0.194233 0.005350
v -0.023074 0.206241 0.013464
v -0.020317 0.210116 0.016458
v -0.025881 0.223285 0.026518
v -0.029264 0.203425 0.007001
v -0.027558 0.211354 0.012680
v -0.031570 0.236460 0.034917
v -0.031172 0.211664 0.009073
v -0.034315 0.213099 0.006030
v -0.033386 0.216796 0.021431
v -0.035631 0.213194 0.001896
v -0.038151 0.214771 0.003010
v -0.035916 0.214203 0.007152
v -0.047538 0.216881 0.002657
v -0.042800 0.217532 0.025795
v -0.047289 0.214890 0.021421
v -0.049519 0.215602 0.023048
v -0.049341 0.214454 0.019341
v -0.054669 0.215848 0.018526
v -0.055582 0.218595 0.022051
v -0.054938 0.221410 0.023827
v -0.052096 0.232437 0.028075
v -0.058640 0.221540 0.016663
v -0.058289 0.225189 0.019519
v -0.057117 0.229285 0.024686
v -0.058272 0.244065 0.027756
v -0.063276 0.233423 0.016913
v -0.060615 0.231463 0.022143
v -0.059413 0.231328 0.023699
v -0.064987 0.245732 0.006365
v -0.064781 0.238849 0.017625
v -0.063744 0.239285 0.024705
v -0.065904 0.240047 0.024982
v -0.066137 0.240963 0.026717
v -0.066472 0.241997 0.027736
v -0.069488 0.240487 0.020757
v -0.068681 0.239966 0.021521
v -0.069796 0.240689 0.023754
v -0.070561 0.241198 0.022946
v -0.068682 0.241266 0.026419
v -0.068820 0.243179 0.027624
v -0.070035 0.241980 0.026304
v -0.069739 0.241344 0.025793
v -0.068917 0.244970 0.027574
v -0.071203 0.244834 0.025192
v -0.070371 0.244961 0.026541
v -0.071350 0.242733 0.023997
v -0.071491 0.244483 0.023551
v -0.014485 0.272312 0.041532
v -0.020459 0.261680 0.036626
v -0.021000 0.304961 0.034484
v -0.020646 0.296639 0.037464
v -0.022829 0.266958 0.040984
v -0.018283 0.286444 0.044101
v -0.023531 0.288480 0.043957
v -0.025927 0.296370 0.041110
v -0.027896 0.302575 0.036322
v -0.028981 0.301815 0.037441
v -0.025898 0.292789 0.041804
v -0.026877 0.295274 0.041576
v -0.029450 0.298024 0.042129
v -0.035664 0.278442 0.044243
v -0.033014 0.286242 0.044266
v -0.031416 0.291840 0.042225
v -0.032265 0.300256 0.042403
v -0.032025 0.301482 0.041890
v -0.032809 0.298926 0.042309
v -0.033589 0.301732 0.042319
v -0.035058 0.295465 0.041472
v -0.038193 0.301422 0.041903
v -0.035614 0.303869 0.041878
v -0.037177 0.309626 0.033315
v -0.038342 0.309418 0.034669
v -0.040393 0.309764 0.038870
v -0.040454 0.288789 0.043851
v -0.038666 0.305251 0.041694
v -0.039640 0.307075 0.041199
v -0.037632 0.307262 0.040070
v -0.041544 0.308816 0.040448
v -0.040953 0.309420 0.039843
v -0.042803 0.284641 0.044157
v -0.045315 0.275738 0.041033
v -0.045614 0.258589 0.036676
v -0.047127 0.297765 0.037764
v -0.052434 0.262067 0.035128
v -0.050804 0.272345 0.039648
v -0.051571 0.275719 0.038863
v -0.049465 0.307119 0.037352
v -0.050600 0.283609 0.041904
v -0.049267 0.287234 0.042418
v -0.056478 0.263661 0.033471
v -0.048420 0.264935 0.039020
v -0.054661 0.269529 0.038649
v -0.059417 0.249371 0.026939
v -0.059140 0.259614 0.025989
v -0.060062 0.258561 0.025741
v -0.061303 0.263525 0.027523
v -0.062057 0.267060 0.030703
v -0.062792 0.269021 0.031560
v -0.062095 0.288683 0.034527
v -0.063658 0.245785 -0.002650
v -0.065481 0.256569 0.002985
v -0.065149 0.256904 0.007675
v -0.068385 0.260603 0.006154
v -0.065091 0.248983 0.013060
v -0.065859 0.259994 0.011173
v -0.065142 0.258768 0.012384
v -0.068822 0.263619 0.017412
v -0.066752 0.251437 0.026625
v -0.066922 0.258379 0.025366
v -0.065101 0.264043 0.026094
v -0.067458 0.262374 0.024136
v -0.066637 0.265229 0.025189
v -0.071783 0.276153 0.004819
v -0.069242 0.265353 0.018795
v -0.070937 0.247518 0.022651
v -0.069165 0.251820 0.025472
v -0.068557 0.255271 0.024710
v -0.068216 0.251714 0.026236
v -0.067879 0.258856 0.024465
v -0.072654 0.267527 0.005056
v -0.071401 0.266344 0.011199
v -0.071402 0.273911 0.012748
v -0.034822 0.318879 0.022913
v -0.032086 0.315005 0.029650
v -0.037958 0.319803 0.017798
v -0.043979 0.316267 0.019726
v -0.043809 0.314435 0.025004
v -0.041719 0.313368 0.028373
v -0.045808 0.315088 0.033033
v -0.043561 0.313227 0.035393
v -0.047784 0.315147 0.022009
v -0.045391 0.314445 0.025871
v -0.046689 0.314567 0.036288
v -0.047543 0.311084 0.038495
v -0.046625 0.311966 0.038430
v -0.048397 0.314195 0.036842
v -0.049569 0.315195 0.009380
v -0.052543 0.316948 0.019305
v -0.049243 0.315888 0.022859
v -0.052210 0.319354 0.028735
v -0.052731 0.318380 0.032063
v -0.049884 0.313392 0.036812
v -0.051238 0.312068 0.036271
v -0.052067 0.314026 0.001239
v -0.055717 0.320270 0.025114
v -0.054778 0.320046 0.024337
v -0.055157 0.318839 0.030483
v -0.055939 0.320107 0.027227
v -0.060895 0.314442 0.007078
v -0.059648 0.315509 0.014788
v -0.059383 0.316326 0.018007
v -0.057098 0.318020 0.028939
v -0.059763 0.313887 -0.000261
v -0.062040 0.314097 -0.002750
v -0.061927 0.313300 0.007944
v -0.061968 0.312980 0.011591
v -0.074335 0.082128 0.000928
v -0.076051 0.090477 -0.001353
v -0.074957 0.097912 -0.000986
v -0.076040 0.085192 0.005284
v -0.076913 0.099088 0.012270
v -0.081149 0.114445 -0.002069
v -0.079507 0.103635 0.011261
v -0.080522 0.114184 0.011717
v -0.074609 0.162275 -0.001427
v -0.078365 0.155392 0.001290
v -0.077374 0.143410 0.008122
v -0.075699 0.143614 0.009742
v -0.080464 0.149735 0.003735
v -0.082485 0.124378 0.005281
v -0.081709 0.128847 0.007485
v -0.082493 0.138749 0.006075
v -0.079988 0.125322 0.011445
v -0.085966 0.123923 0.000848
v -0.082273 0.133062 0.007079
v -0.089174 0.156879 0.000357
v -0.091287 0.148477 0.003726
v -0.095834 0.131986 -0.002237
v -0.096451 0.141868 0.003834
v -0.101233 0.148231 -0.001767
v -0.101692 0.158369 -0.003069
v -0.096202 0.147282 0.003381
v -0.099749 0.150500 0.001056
v -0.101123 0.146202 -0.004775
v -0.102323 0.151821 -0.004207
v 0.034109 0.064045 -0.010179
v 0.043060 0.287312 -0.034477
v 0.070265 0.132792 0.003426
v 0.026556 0.040829 0.010931
v 0.004269 0.076432 0.036397
v -0.000738 0.176812 0.013114
v 0.008468 0.214004 0.004098
v -0.026552 0.058353 -0.025151
v -0.047454 0.013765 -0.021991
v -0.050032 0.003675 -0.021387
v -0.063414 0.092858 -0.024191
v -0.064145 0.087343 -0.017149
v -0.071154 0.090366 -0.016008
v -0.061571 0.303122 -0.019135
v -0.087453 0.148154 -0.058995
v -0.090097 0.129597 -0.048450
v -0.051760 0.009862 0.018652
v -0.015379 0.073785 0.032045
v -0.014714 0.102317 0.042476
v -0.016823 0.150282 0.037639
v -0.015781 0.295793 0.036506
v -0.080314 0.118261 0.013495
v -0.098120 0.139025 0.001126
v -0.099685 0.157749 -0.001228
v -0.100737 0.149482 -0.000058
v -0.097938 0.135946 -0.001747
v -0.080258 0.120036 0.012036
v -0.079027 0.138020 0.008450
v -0.073734 0.121865 0.019189
v -0.080318 0.114177 0.013197
v -0.080202 0.113567 0.010137
v -0.078038 0.110848 0.005363
v -0.079883 0.101128 0.007012
v -0.079237 0.097846 0.004442
v -0.078713 0.093962 0.002743
v -0.078336 0.098326 0.003038
v -0.078200 0.112019 0.004195
v -0.074835 0.082307 0.002786
v -0.076407 0.084712 0.002260
v -0.065849 0.311070 -0.001194
v -0.060350 0.314762 0.010835
v -0.062047 0.314390 0.003550
v -0.062966 0.314377 -0.002417
v -0.060270 0.314886 0.024321
v -0.055462 0.319990 0.028254
v -0.055374 0.319532 0.022218
v -0.054031 0.314620 0.033767
v -0.051230 0.316893 0.034070
v -0.045737 0.312734 0.037963
v -0.048681 0.315383 0.016809
v -0.044352 0.313375 0.036643
v -0.038191 0.319937 -0.003899
v -0.041084 0.315572 0.023954
v -0.039720 0.314185 0.027620
v -0.031968 0.311963 0.031843
v -0.027914 0.323214 0.012777
v -0.072743 0.269349 0.007721
v -0.069857 0.251864 0.023943
v -0.069868 0.248206 0.026053
v -0.069208 0.255923 0.021092
v -0.068676 0.259512 0.022662
v -0.068796 0.275498 0.020483
v -0.069326 0.268361 0.019475
v -0.070593 0.263243 0.003608
v -0.071117 0.264796 0.000580
v -0.071262 0.266549 -0.000683
v -0.065512 0.267614 0.027265
v -0.067371 0.262172 0.012893
v -0.064684 0.249844 0.010349
v -0.062881 0.262463 0.026368
v -0.058232 0.286817 0.037857
v -0.056930 0.278624 0.036263
v -0.058456 0.255805 0.025991
v -0.056690 0.249133 0.027684
v -0.054345 0.302903 0.032518
v -0.057393 0.260201 0.027292
v -0.050342 0.269160 0.040017
v -0.048363 0.309730 0.038187
v -0.045639 0.300836 0.038304
v -0.045744 0.308050 0.039652
v -0.044381 0.310696 0.039424
v -0.043726 0.311879 0.038341
v -0.043345 0.305998 0.040487
v -0.044806 0.280836 0.043358
v -0.042524 0.311841 0.037387
v -0.038147 0.296305 0.040913
v -0.039584 0.258558 0.038681
v -0.037048 0.306104 0.041013
v -0.035734 0.310255 0.032514
v -0.030384 0.297250 0.042112
v -0.033498 0.257718 0.038856
v -0.028526 0.309361 0.033447
v -0.026035 0.305152 0.035123
v -0.020610 0.298351 0.036740
v -0.018540 0.289580 0.043275
v -0.013667 0.267518 0.039068
v -0.013715 0.260457 0.034343
v -0.017625 0.249916 0.033839
v -0.068565 0.248387 0.026944
v -0.071111 0.243048 0.025334
v -0.071077 0.243940 0.021702
v -0.070933 0.241766 0.024304
v -0.067139 0.239733 0.023017
v -0.069933 0.241444 0.020348
v -0.066477 0.243320 0.028289
v -0.066486 0.239974 0.018477
v -0.065521 0.238973 0.020493
v -0.065633 0.244527 0.014004
v -0.062131 0.243546 0.028257
v -0.062610 0.238211 0.024478
v -0.060576 0.236153 0.025823
v -0.063132 0.236209 0.022396
v -0.060753 0.229730 0.016934
v -0.060314 0.229295 0.019920
v -0.062536 0.235987 0.006129
v -0.059363 0.234023 -0.002212
v -0.056185 0.244823 0.028267
v -0.057040 0.225127 0.021873
v -0.058984 0.225700 0.017039
v -0.057947 0.219144 0.016272
v -0.059390 0.228948 0.008273
v -0.056680 0.218235 0.011581
v -0.056336 0.221109 0.006000
v -0.053894 0.235803 0.028335
v -0.048568 0.240233 0.033063
v -0.052369 0.217246 0.006817
v -0.049722 0.216486 0.005073
v -0.049847 0.217239 0.003393
v -0.049330 0.219881 0.000223
v -0.046859 0.247287 0.035366
v -0.047782 0.231457 0.030492
v -0.042572 0.214434 0.012543
v -0.038089 0.227839 0.031868
v -0.033493 0.211930 0.005557
v -0.034517 0.211554 0.001661
v -0.032882 0.198483 -0.000722
v -0.032923 0.246432 0.037394
v -0.031093 0.215286 0.014967
v -0.016158 0.244914 0.032176
v -0.017737 0.205507 0.015777
v -0.012337 0.194897 0.014752
v -0.014547 0.194137 0.013003
v -0.063154 0.122884 0.031254
v -0.061825 0.154601 0.008982
v -0.058338 0.131866 0.028031
v -0.039978 0.163662 0.015076
v -0.035046 0.127220 0.037206
v -0.036669 0.169815 0.011941
v -0.033153 0.180150 0.000480
v -0.021229 0.157909 0.028447
v -0.014008 0.140778 0.036364
v -0.012239 0.141015 0.035961
v -0.012719 0.161837 0.023148
v -0.012203 0.169444 0.016861
v -0.072627 0.080901 0.001198
v -0.068460 0.081163 0.011890
v -0.067278 0.079262 0.011123
v -0.067149 0.078615 0.003374
v -0.062012 0.114435 0.036792
v -0.065705 0.086900 0.023225
v -0.065459 0.078074 0.009947
v -0.055389 0.075750 0.018698
v -0.056959 0.088976 0.033925
v -0.053120 0.079201 0.029906
v -0.049732 0.075317 0.020611
v -0.051693 0.108735 0.043978
v -0.048864 0.119859 0.040402
v -0.049165 0.083821 0.035408
v -0.046058 0.075603 0.025011
v -0.046498 0.075223 0.022690
v -0.045883 0.075399 0.020800
v -0.039398 0.075088 0.025791
v -0.041486 0.075444 0.021801
v -0.040646 0.076777 0.017615
v -0.036000 0.123045 0.039672
v -0.034795 0.120473 0.039935
v -0.036768 0.084354 0.037785
v -0.036663 0.074681 0.027397
v -0.034395 0.068136 0.021382
v -0.037035 0.071939 0.015597
v -0.037421 0.081695 -0.000097
v -0.034131 0.075497 0.029488
v -0.032046 0.063883 0.023765
v -0.030303 0.077134 0.032248
v -0.024896 0.076325 0.032496
v -0.029516 0.065112 0.026921
v -0.023121 0.099203 0.038175
v -0.021843 0.085251 0.037399
v -0.021952 0.081499 0.036889
v -0.024077 0.079041 0.034980
v -0.026042 0.065637 0.029590
v -0.023380 0.071757 0.029902
v -0.019470 0.103073 0.037732
v -0.022115 0.093565 0.037732
v -0.020319 0.093014 0.038214
v -0.016626 0.082024 0.043792
v -0.015233 0.116777 0.036869
v -0.016368 0.111884 0.037557
v -0.012174 0.068850 0.034366
v -0.013660 0.085511 0.048114
v -0.010987 0.085235 0.048223
v -0.013034 0.081518 0.045119
v -0.012715 0.102046 0.046458
v -0.015629 0.081166 0.043481
v -0.011087 0.121366 0.038149
v -0.012477 0.073986 0.032631
v -0.054097 0.009858 0.011508
v -0.053282 0.001662 -0.000469
v -0.050526 0.004386 0.023068
v -0.048179 0.014782 0.017376
v -0.051241 0.002627 0.016638
v -0.049744 0.001185 0.015785
v -0.044117 0.002569 0.031631
v -0.041180 0.007438 0.037503
v -0.032679 0.036702 0.005697
v -0.029066 0.057769 0.023224
v -0.021750 0.054424 0.025878
v -0.015659 0.005099 0.051909
v -0.014228 0.003056 0.051324
v -0.014341 0.001691 0.049930
v -0.014964 0.000761 0.047651
v -0.012291 0.047452 0.028995
v -0.011423 0.036097 0.030877
v -0.105665 0.169667 -0.022255
v -0.104418 0.164392 -0.011472
v -0.104890 0.161650 -0.022757
v -0.103392 0.173480 -0.018991
v -0.103671 0.174945 -0.025906
v -0.101786 0.161712 -0.053065
v -0.101852 0.162849 -0.005554
v -0.100737 0.169235 -0.009270
v -0.097494 0.173810 -0.045158
v -0.098925 0.149185 -0.055753
v -0.094160 0.173084 -0.012361
v -0.095556 0.139154 -0.052268
v -0.093896 0.139081 -0.053516
v -0.094314 0.159606 -0.061529
v -0.094230 0.177931 -0.024092
v -0.088513 0.124570 -0.045412
v -0.090751 0.170760 -0.055333
v -0.091788 0.157701 -0.062376
v -0.086566 0.179185 -0.029525
v -0.085937 0.120449 -0.043021
v -0.089554 0.173215 -0.051550
v -0.084379 0.140666 -0.055435
v -0.084722 0.165632 -0.063257
v -0.087086 0.161261 -0.063279
v -0.084073 0.166428 -0.062910
v -0.082892 0.165082 -0.064432
v -0.079278 0.167781 -0.062012
v -0.076575 0.169399 -0.062038
v -0.087734 0.115015 -0.031093
v -0.083971 0.112918 -0.031749
v -0.085932 0.115512 -0.037956
v -0.076557 0.108255 -0.024906
v -0.073519 0.162781 -0.065593
v -0.065511 0.311104 -0.009370
v -0.064947 0.311525 -0.009432
v -0.064049 0.311782 -0.009136
v -0.064779 0.312686 -0.007620
v -0.053858 0.313158 -0.002759
v -0.071579 0.281017 -0.005420
v -0.070128 0.276144 -0.005829
v -0.069088 0.272748 -0.004879
v -0.069466 0.262882 -0.001271
v -0.069488 0.289676 -0.008097
v -0.065974 0.308945 -0.009657
v -0.068394 0.285864 -0.011793
v -0.063716 0.310541 -0.010822
v -0.064693 0.310403 -0.010959
v -0.058837 0.262067 -0.016405
v -0.063513 0.302567 -0.017560
v -0.062671 0.301056 -0.019218
v -0.061141 0.300163 -0.021394
v -0.060357 0.300840 -0.021374
v -0.059317 0.295837 -0.023951
v -0.064724 0.284753 -0.017739
v -0.061980 0.280162 -0.025238
v -0.058347 0.288966 -0.022762
v -0.062003 0.286749 -0.019610
v -0.058837 0.296618 -0.024612
v -0.058155 0.297219 -0.024768
v -0.055813 0.307311 -0.014064
v -0.054894 0.258808 -0.017158
v -0.055180 0.302929 -0.020194
v -0.051760 0.306303 -0.022472
v -0.053832 0.291377 -0.029053
v -0.053310 0.274769 -0.032096
v -0.047601 0.272414 -0.034353
v -0.043758 0.255647 -0.026328
v -0.042645 0.285776 -0.036632
v -0.038803 0.251119 -0.026091
v -0.032984 0.249719 -0.026403
v -0.034148 0.293633 -0.037721
v -0.036446 0.271783 -0.037819
v -0.024769 0.275401 -0.039465
v -0.019590 0.303580 -0.036241
v -0.023410 0.280007 -0.040703
v -0.020314 0.288808 -0.038460
v -0.016500 0.287203 -0.039578
v -0.017135 0.283186 -0.041798
v -0.066080 0.188299 -0.039716
v -0.056616 0.189007 -0.021805
v -0.048438 0.244326 -0.016300
v -0.038307 0.218503 -0.004014
v -0.037015 0.217364 -0.004772
v -0.036275 0.216374 -0.006329
v -0.036863 0.220128 -0.008133
v -0.036933 0.225880 -0.012788
v -0.035704 0.228179 -0.017268
v -0.033934 0.192471 -0.004698
v -0.028819 0.207446 -0.038588
v -0.017052 0.206967 -0.044544
v -0.073573 0.179082 -0.018406
v -0.068690 0.155435 -0.061144
v -0.058801 0.131780 -0.036935
v -0.055317 0.157467 -0.059279
v -0.037223 0.137855 -0.038101
v -0.015888 0.134581 -0.040422
v -0.010742 0.127489 -0.038401
v -0.072806 0.095217 -0.005923
v -0.072523 0.081663 -0.001487
v -0.068842 0.083719 -0.008458
v -0.069902 0.085651 -0.011201
v -0.069815 0.086847 -0.014005
v -0.073080 0.099848 -0.026721
v -0.073649 0.102457 -0.030064
v -0.065745 0.107898 -0.036162
v -0.063732 0.114877 -0.037769
v -0.058916 0.093624 -0.023791
v -0.057803 0.103568 -0.028951
v -0.059877 0.108765 -0.032448
v -0.054506 0.099800 -0.024314
v -0.052036 0.092934 -0.017996
v -0.046886 0.089413 -0.008841
v -0.039541 0.093727 -0.009890
v -0.037947 0.062150 -0.010053
v -0.037460 0.064360 -0.011908
v -0.037264 0.083455 -0.001982
v -0.034755 0.068934 -0.013065
v -0.035268 0.063519 -0.017153
v -0.032603 0.078234 -0.013488
v -0.023322 0.063953 -0.030301
v -0.023138 0.061567 -0.030001
v -0.018812 0.075093 -0.027978
v -0.015942 0.120418 -0.036385
v -0.009820 0.067592 -0.035177
v -0.010815 0.120145 -0.037833
v -0.010321 0.120720 -0.038215
v -0.053305 0.003462 -0.010785
v -0.051959 0.003730 -0.016332
v -0.048957 0.011467 -0.022443
v -0.045926 0.020724 -0.003176
v -0.044298 0.008941 -0.032421
v -0.041183 0.008894 -0.036222
v -0.041748 0.006168 -0.035692
v -0.038511 0.017136 -0.030097
v -0.039072 0.014299 -0.035243
v -0.032503 0.000759 -0.033254
v -0.031140 0.047831 -0.009305
v -0.029249 0.052601 -0.015647
v -0.029722 0.000870 -0.037628
v -0.031588 0.001424 -0.039914
v -0.029677 0.006627 -0.045600
v -0.025228 0.007132 -0.048236
v -0.022331 0.059246 -0.028976
v -0.010170 0.004255 -0.051256
v -0.070452 0.169571 -0.066197
v -0.069401 0.167695 -0.066954
v -0.067220 0.171121 -0.066203
v -0.066200 0.169600 -0.067183
v -0.062493 0.173276 -0.066295
v -0.062816 0.168242 -0.067709
v -0.057033 0.170076 -0.068494
v -0.056486 0.172321 -0.068466
v -0.043236 0.168974 -0.067971
v -0.046216 0.179895 -0.065922
v -0.036827 0.172961 -0.068379
v 0.005530 0.310643 0.015388
v -0.014028 0.288052 0.042715
v -0.010254 0.284744 0.041254
v -0.005021 0.292532 0.032319
v -0.005216 0.259494 0.032887
v -0.005327 0.284690 0.037736
v -0.004738 0.265745 0.035284
v -0.001003 0.279828 0.034661
v -0.002070 0.296625 0.030463
v 0.000305 0.291614 0.028512
v 0.003513 0.282251 0.031107
v 0.006097 0.265235 0.027378
v 0.003838 0.294913 0.025010
v 0.004682 0.305234 0.018155
v 0.008768 0.275891 0.025936
v 0.006323 0.297959 0.022661
v 0.005398 0.308910 0.016464
v 0.007626 0.306570 0.014116
v 0.007153 0.303135 0.016063
v 0.010578 0.296144 0.017909
v 0.009518 0.299863 0.013114
v 0.009677 0.306439 0.007859
v 0.011129 0.300004 0.004315
v 0.015225 0.261052 0.013595
v 0.015141 0.291957 0.007236
v 0.018692 0.279620 0.002713
v -0.010341 0.185263 0.011918
v -0.009383 0.212731 0.020398
v -0.002258 0.220327 0.019539
v 0.015551 0.187293 0.002713
v 0.024392 0.188258 0.001390
v 0.036167 0.195341 0.003385
v 0.041225 0.191100 0.007445
v 0.045478 0.193229 0.001868
v -0.007524 0.150433 0.034535
v -0.007843 0.134445 0.035179
v -0.004031 0.125870 0.044277
v -0.006935 0.125749 0.041395
v -0.003575 0.159456 0.030533
v -0.007156 0.159104 0.032594
v -0.006657 0.139026 0.033963
v -0.008613 0.166727 0.019726
v -0.002298 0.125532 0.045154
v -0.001023 0.151430 0.031400
v 0.000890 0.149731 0.031984
v -0.000972 0.166394 0.024178
v 0.002851 0.145074 0.037215
v 0.004424 0.168968 0.021894
v -0.000006 0.172778 0.015684
v 0.005212 0.145644 0.038747
v 0.007858 0.151980 0.036026
v 0.006629 0.156571 0.030797
v 0.005574 0.167906 0.023203
v 0.005880 0.165019 0.024952
v 0.011282 0.159676 0.031764
v 0.012625 0.131420 0.049148
v 0.014238 0.130661 0.049841
v 0.018026 0.172403 0.023719
v 0.013222 0.180853 0.009695
v 0.017138 0.139499 0.046652
v 0.018860 0.143415 0.044788
v 0.020367 0.137976 0.047023
v 0.024307 0.164959 0.030421
v 0.025136 0.124683 0.048779
v 0.026147 0.146739 0.044035
v 0.023885 0.159339 0.035067
v 0.031369 0.151140 0.040689
v 0.033921 0.150837 0.039928
v 0.035087 0.142090 0.040517
v 0.032869 0.163608 0.034682
v 0.034424 0.171630 0.029634
v 0.038188 0.148099 0.037189
v 0.042720 0.127280 0.043423
v 0.043203 0.130999 0.042352
v 0.046172 0.124583 0.039668
v 0.045654 0.147220 0.034672
v 0.045196 0.168295 0.023902
v 0.045180 0.185188 0.011773
v 0.048418 0.148565 0.033226
v 0.048901 0.144284 0.034406
v 0.051075 0.146245 0.033090
v 0.051738 0.135539 0.030593
v -0.008980 0.100797 0.048415
v -0.008153 0.088100 0.049195
v -0.009958 0.070882 0.032965
v -0.009783 0.072034 0.032501
v -0.007171 0.072011 0.032954
v -0.002649 0.095553 0.052880
v -0.002351 0.085032 0.053290
v -0.006361 0.083419 0.049540
v -0.005904 0.077354 0.038030
v -0.004603 0.072070 0.033337
v -0.004664 0.070950 0.033754
v -0.000052 0.098648 0.054197
v -0.000654 0.086132 0.054153
v -0.002378 0.103623 0.049627
v -0.001959 0.073144 0.033715
v 0.000713 0.074406 0.034569
v 0.001200 0.118368 0.046898
v 0.003044 0.085267 0.053157
v 0.004371 0.078997 0.040620
v 0.006048 0.066859 0.036472
v 0.010361 0.065196 0.036296
v 0.009848 0.068240 0.034481
v 0.011044 0.074200 0.033532
v 0.013598 0.086806 0.048688
v 0.014613 0.079620 0.040323
v 0.017524 0.074672 0.032119
v 0.019637 0.068688 0.029786
v 0.020476 0.070089 0.029115
v 0.023189 0.110407 0.048082
v 0.020074 0.107655 0.049364
v 0.024206 0.084467 0.045757
v 0.026583 0.073168 0.027771
v 0.030929 0.076373 0.026937
v 0.028593 0.072173 0.025468
v 0.032211 0.103451 0.048783
v 0.033215 0.091529 0.039284
v 0.032787 0.077049 0.024534
v 0.035573 0.078801 0.023248
v 0.035558 0.081903 0.012933
v 0.035526 0.063812 -0.001119
v 0.037544 0.116567 0.047285
v 0.036223 0.102193 0.042315
v 0.038544 0.078905 0.023146
v 0.038703 0.081172 0.017385
v 0.036982 0.082599 0.013462
v 0.044238 0.112427 0.040784
v 0.045956 0.120951 0.039696
v 0.048162 0.077908 0.018895
v 0.047674 0.077783 0.018112
v 0.052047 0.080618 0.022470
v 0.049037 0.078572 0.016183
v 0.050250 0.078418 0.016268
v 0.052046 0.081287 0.009703
v -0.009032 0.005151 0.053522
v 0.000883 0.004596 0.053549
v -0.001532 0.021457 0.042827
v 0.006656 0.045090 0.029451
v 0.006774 0.037343 0.030555
v 0.006117 0.013531 0.051733
v 0.006564 0.007890 0.053385
v 0.008107 0.047570 0.029772
v 0.021547 0.005812 0.048640
v 0.015024 0.013686 0.048980
v 0.020234 0.047433 0.021148
v 0.021689 0.037645 0.020942
v 0.026923 0.010838 0.045466
v 0.027620 0.001505 0.041759
v 0.027283 0.034396 0.013737
v 0.027996 0.057066 0.017780
v 0.030427 0.055080 0.002716
v 0.035392 0.001569 0.034683
v 0.033023 0.060664 0.014452
v 0.032392 0.059221 0.014097
v 0.033545 0.059210 0.010312
v 0.034281 0.061035 0.010444
v 0.035283 0.061061 0.004371
v 0.038489 0.012874 0.033790
v 0.041601 0.012676 0.029043
v 0.042340 0.005011 0.030290
v 0.046934 0.015292 0.011596
v 0.052525 0.144483 0.032101
v 0.051046 0.150415 0.029798
v 0.052878 0.149168 0.028129
v 0.052990 0.145303 0.031568
v 0.052856 0.142627 0.030193
v 0.054141 0.151809 0.026414
v 0.062094 0.167661 0.008884
v 0.066885 0.129759 0.011391
v 0.064392 0.174283 0.002507
v 0.064247 0.166720 0.000483
v 0.070484 0.129650 0.006537
v 0.071045 0.125614 0.006896
v 0.070540 0.130275 0.000462
v 0.052970 0.115256 0.040371
v 0.060248 0.104617 0.036631
v 0.058698 0.081215 0.007884
v 0.062277 0.115912 0.035522
v 0.064732 0.118842 0.028446
v 0.061692 0.082892 0.005882
v 0.064707 0.105024 0.032227
v 0.064771 0.108757 0.033386
v 0.065945 0.098647 0.024110
v 0.067467 0.089516 0.005031
v 0.073326 0.107103 0.000801
v -0.009908 0.265167 -0.038565
v -0.006792 0.278968 -0.039528
v -0.005914 0.268364 -0.038591
v 0.000884 0.264798 -0.034519
v -0.003062 0.265528 -0.038061
v -0.003048 0.262416 -0.037148
v -0.004373 0.263283 -0.038412
v 0.005333 0.272849 -0.031853
v 0.006622 0.258703 -0.029004
v 0.013335 0.262447 -0.019156
v 0.012008 0.267437 -0.024786
v 0.013403 0.272035 -0.030306
v 0.017351 0.289106 -0.004514
v 0.018587 0.271591 -0.006712
v 0.016871 0.267259 -0.012386
v 0.018603 0.269872 -0.014059
v 0.016278 0.261946 -0.012252
v 0.018999 0.272541 -0.008557
v 0.023108 0.298543 -0.012478
v 0.022413 0.300507 -0.044164
v 0.023137 0.275176 -0.011436
v 0.024485 0.302636 -0.043737
v 0.029388 0.273472 -0.019514
v 0.026654 0.300579 -0.044806
v 0.031967 0.290205 -0.011941
v 0.033461 0.309050 -0.034990
v 0.035291 0.310184 -0.026098
v 0.037587 0.292706 -0.014043
v 0.040375 0.303659 -0.024116
v 0.039826 0.280194 -0.021962
v 0.038590 0.276083 -0.026483
v 0.038585 0.280313 -0.036354
v 0.041209 0.288225 -0.037617
v 0.040596 0.293864 -0.041043
v 0.041503 0.293911 -0.016293
v 0.043340 0.291758 -0.017461
v 0.044666 0.295670 -0.021034
v 0.043606 0.300886 -0.026905
v 0.043304 0.282038 -0.031753
v 0.043417 0.290621 -0.036033
v 0.042867 0.293374 -0.039283
v 0.007143 0.243949 -0.022499
v 0.004636 0.215263 -0.030962
v 0.007922 0.193439 -0.052406
v 0.007519 0.236093 -0.012739
v 0.011466 0.196452 -0.048501
v 0.012625 0.210878 -0.011855
v 0.016460 0.201297 -0.038608
v 0.015209 0.196479 -0.055633
v 0.016783 0.196254 -0.056752
v 0.013193 0.196952 -0.001212
v 0.016066 0.206363 -0.024162
v 0.021148 0.198508 -0.053974
v 0.023279 0.199115 -0.015736
v 0.020156 0.201025 -0.048383
v 0.026503 0.200140 -0.015974
v 0.027199 0.199217 -0.014033
v 0.031575 0.202117 -0.014098
v 0.033448 0.202920 -0.014320
v 0.038016 0.199025 -0.003989
v 0.037589 0.200876 -0.008218
v 0.041822 0.197637 -0.004277
v 0.039771 0.202585 -0.012611
v 0.047149 0.194874 -0.005244
v 0.045820 0.199902 -0.015685
v -0.008298 0.153139 -0.048855
v -0.002498 0.154696 -0.048136
v -0.002195 0.183782 -0.060887
v 0.011290 0.070525 -0.031984
v 0.023737 0.071751 -0.020368
v 0.026348 0.122274 -0.029888
v 0.023333 0.064620 -0.027979
v 0.023180 0.063034 -0.028345
v 0.028560 0.074682 -0.011652
v 0.026425 0.067326 -0.022099
v 0.032503 0.079423 -0.000079
v 0.031583 0.072262 -0.000486
v 0.031059 0.080598 -0.007429
v 0.031743 0.070283 -0.008301
v 0.030734 0.065839 -0.017264
v 0.035003 0.092911 -0.007966
v 0.034095 0.061393 -0.010124
v 0.039723 0.097410 -0.007783
v 0.050997 0.093431 -0.009518
v -0.006717 0.010574 -0.052344
v -0.000019 0.004653 -0.052307
v 0.004484 0.001793 -0.049397
v 0.004786 0.002832 -0.051153
v 0.009033 0.002714 -0.050402
v 0.019743 0.042165 -0.021711
v 0.024906 0.058829 -0.023493
v 0.028259 0.041503 0.003433
v 0.032000 0.057910 -0.009178
v 0.029980 0.057680 -0.013197
v 0.034655 0.059646 -0.005079
v 0.041238 0.000956 -0.024117
v 0.040063 0.002569 -0.030623
v 0.037392 0.006328 -0.036860
v 0.046832 0.001345 -0.006520
v 0.043860 0.000803 -0.017521
v 0.043779 0.012777 -0.026135
v 0.044697 0.004264 -0.026053
v 0.046936 0.001883 -0.013357
v 0.048263 0.006840 -0.020042
v 0.047552 0.004338 -0.019679
v 0.044807 0.009942 -0.026811
v -0.004814 0.171811 -0.066638
v -0.001985 0.178923 -0.065731
v 0.003081 0.179209 -0.068037
v 0.023124 0.168376 -0.064979
v 0.032273 0.179173 -0.067465
v 0.033157 0.171239 -0.066387
v 0.039196 0.176813 -0.066666
v 0.052323 0.178087 -0.061651
v 0.049510 0.173708 -0.065006
v 0.055490 0.186577 -0.001825
v 0.060940 0.190597 -0.023421
v 0.053640 0.151229 -0.052659
v 0.054907 0.174002 -0.061664
v 0.065535 0.178086 -0.004728
v 0.065450 0.171265 -0.004821
v 0.066615 0.170123 -0.006015
v 0.064902 0.184241 -0.010217
v 0.067073 0.181838 -0.019168
v 0.066606 0.184317 -0.027538
v 0.071073 0.130689 -0.000278
v 0.070301 0.128439 -0.000286
v 0.073494 0.122756 -0.041105
v 0.075320 0.128324 -0.044882
v 0.072687 0.135371 -0.048872
v 0.076628 0.130930 -0.002281
v 0.077339 0.125545 -0.005584
v 0.073194 0.139037 -0.050956
v 0.079806 0.137152 -0.048923
v 0.078881 0.137417 -0.049752
v 0.079100 0.129656 -0.003995
v 0.081430 0.150039 -0.055973
v 0.082607 0.154239 -0.057452
v 0.085608 0.148250 -0.004218
v 0.083561 0.158110 -0.057840
v 0.084510 0.153186 -0.055950
v 0.088213 0.157989 -0.008558
v 0.089762 0.167043 -0.017445
v 0.055200 0.089680 -0.007222
v 0.059770 0.089921 -0.006667
v 0.059093 0.093787 -0.009733
v 0.056287 0.090275 -0.007997
v 0.058488 0.093837 -0.013304
v 0.056270 0.096128 -0.016413
v 0.060375 0.085239 0.000046
v 0.061682 0.093544 -0.010543
v 0.060414 0.094009 -0.010833
v 0.061203 0.090969 -0.007423
v 0.063794 0.091874 -0.010313
v 0.061970 0.093573 -0.012405
v 0.064171 0.099764 -0.021194
v 0.064811 0.121174 -0.039699
v 0.067006 0.087767 -0.001468
v 0.066622 0.088935 -0.005547
v 0.068181 0.111221 -0.012243
v 0.067991 0.099242 -0.014274
v 0.066585 0.095661 -0.015171
v 0.067945 0.108221 -0.015293
v 0.065911 0.102683 -0.023200
v 0.065009 0.110731 -0.032900
v 0.068004 0.120046 -0.039695
v 0.069538 0.123484 -0.002003
v 0.069691 0.122898 -0.001032
v 0.069981 0.119598 -0.001275
v 0.069327 0.092150 -0.002394
v 0.069572 0.121577 -0.004198
v 0.070109 0.119458 -0.006773
v 0.071735 0.122486 -0.005595
v 0.070640 0.091985 -0.006941
v 0.068270 0.113095 -0.009696
v 0.067989 0.110651 -0.010867
v 0.070604 0.095653 -0.011987
v 0.070058 0.094051 -0.011646
v 0.073473 0.110910 0.001217
v 0.071447 0.094849 -0.010510
v 0.075131 0.111912 -0.027825
v 0.071357 0.119252 -0.039041
v 0.079021 0.121421 -0.012382
v 0.078303 0.119151 -0.022178
v 0.053223 0.170331 -0.063497
v 0.056958 0.168206 -0.062530
v -0.102152 0.158191 -0.050877
v 0.070572 0.121897 0.000442
v 0.091267 0.160092 -0.025926
v 0.091981 0.164003 -0.024692
v 0.089742 0.154920 -0.013319
v 0.090791 0.161869 -0.015184
v 0.083385 0.138570 -0.003723
v 0.083659 0.174595 -0.030114
v 0.080301 0.176128 -0.035677
v 0.080553 0.172670 -0.016322
v 0.081413 0.129819 -0.007211
v 0.083903 0.148955 -0.003052
v 0.074314 0.179003 -0.035315
v 0.069531 0.165887 -0.060302
v 0.062302 0.163699 -0.061768
v 0.065178 0.166065 -0.001719
v 0.052017 0.161796 -0.061048
v 0.063337 0.189022 -0.025153
v 0.004222 0.168994 -0.065062
v 0.033939 0.013376 -0.037900
v 0.026958 0.013297 -0.043195
v 0.017518 0.002963 -0.047991
v 0.017387 0.023455 -0.035306
v 0.012065 0.009856 -0.051298
v 0.005516 0.006882 -0.052796
v 0.004103 0.013164 -0.051376
v -0.004770 0.001037 -0.045741
v -0.009724 0.001585 -0.047865
v 0.042506 0.101265 -0.011496
v 0.046190 0.099768 -0.011859
v 0.006189 0.067396 -0.035173
v 0.009206 0.144861 -0.041722
v 0.039510 0.202418 -0.031265
v 0.016190 0.203516 -0.033323
v 0.001822 0.189439 -0.055795
v -0.000378 0.215063 -0.035452
v -0.006759 0.215770 -0.037592
v 0.019239 0.284219 -0.005760
v 0.017531 0.305117 -0.037086
v 0.017985 0.284229 -0.002766
v 0.008440 0.286368 -0.034527
v 0.060005 0.088956 0.026099
v 0.054389 0.143475 0.024724
v 0.034896 0.000329 0.011765
v 0.028249 0.025772 0.021797
v 0.014885 0.054881 0.028294
v 0.038031 0.107380 0.043049
v 0.035722 0.106812 0.047179
v 0.031982 0.073275 0.005730
v 0.031719 0.070702 0.012580
v 0.031150 0.084761 0.037519
v 0.027017 0.112998 0.047577
v 0.023885 0.068720 0.027097
v 0.021328 0.098581 0.049489
v 0.020491 0.103749 0.048711
v 0.021270 0.106980 0.048544
v 0.021923 0.111086 0.048698
v 0.018902 0.099514 0.049021
v 0.016217 0.104689 0.052313
v 0.018608 0.115104 0.052667
v 0.007209 0.072711 0.033332
v 0.001524 0.124989 0.045496
v -0.001566 0.119593 0.046372
v -0.000160 0.103505 0.052328
v -0.007146 0.073105 0.032967
v -0.004459 0.103183 0.048776
v -0.009973 0.075349 0.034399
v 0.033565 0.126620 0.044829
v 0.029145 0.133102 0.045700
v 0.000369 0.190400 0.011241
v 0.016771 0.254041 0.001433
v -0.006537 0.320408 0.014001
v -0.018065 0.181263 -0.064150
v -0.010182 0.008565 -0.052231
v -0.013934 0.001085 -0.043613
v -0.015182 0.004284 -0.050364
v -0.015228 0.009252 -0.051230
v -0.025673 0.029760 -0.025185
v -0.028096 0.001020 -0.024058
v -0.039737 0.020075 -0.021091
v -0.051110 0.000925 -0.005466
v -0.054190 0.008058 -0.009709
v -0.016344 0.072242 -0.030075
v -0.022836 0.066394 -0.029915
v -0.037903 0.093124 -0.010189
v -0.037646 0.097350 -0.013882
v -0.043368 0.115393 -0.024241
v -0.044536 0.094978 -0.012475
v -0.054745 0.107120 -0.026381
v -0.019717 0.130344 -0.037907
v -0.034092 0.229450 -0.022058
v -0.036618 0.204149 -0.014958
v -0.036122 0.236705 -0.018420
v -0.029810 0.252262 -0.029306
v -0.039026 0.302807 -0.033037
v -0.055559 0.287496 -0.026840
v -0.061777 0.292289 -0.017703
v -0.063196 0.313058 -0.006548
v -0.074006 0.101417 -0.010778
v -0.080179 0.111832 -0.006995
v -0.076355 0.155740 -0.062324
v -0.082913 0.176353 -0.019206
v -0.015309 0.008149 0.052391
v -0.012665 0.001298 0.025525
v -0.021710 0.005672 0.050098
v -0.021680 0.008337 0.050206
v -0.022324 0.003510 0.049075
v -0.033688 0.023446 0.023738
v -0.033222 0.036329 -0.002090
v -0.034707 0.056017 -0.001635
v -0.036990 0.005564 0.041223
v -0.046426 0.000285 0.009250
v -0.043737 0.000198 0.024050
v -0.048399 0.004439 0.027476
v -0.012915 0.075241 0.033888
v -0.027204 0.088159 0.037736
v -0.038712 0.077815 0.008757
v -0.051617 0.076675 0.014787
v -0.042252 0.152958 0.021826
v -0.015075 0.228474 0.024799
v -0.030585 0.301598 0.039974
v -0.030412 0.294022 0.041638
v -0.065410 0.258347 -0.001846
v -0.067465 0.298082 -0.002063
v -0.065527 0.288480 0.028913
v -0.041987 0.312095 0.033260
v -0.054138 0.313314 0.002487
v -0.072926 0.093573 0.012686
v -0.078817 0.095338 0.007849
v -0.079039 0.115377 0.007754
v -0.080402 0.109611 0.010906
v -0.078057 0.131306 0.013173
v 0.002833 0.024352 0.038887
v 0.023444 0.114803 0.048268
v 0.022580 0.131296 0.049834
v -0.055026 0.123195 -0.031238
v -0.027340 0.228277 -0.029928
v -0.031375 0.157001 0.023514
v -0.080217 0.117787 0.011109
v -0.059630 0.316496 0.021829
v -0.066602 0.302621 -0.003269
v -0.042588 0.132198 0.033717
v -0.054569 0.004096 0.004253
v -0.026021 0.008143 0.048240
v -0.031450 0.317799 -0.022079
v -0.024149 0.318039 -0.023725
v -0.035846 0.221127 -0.018225
v -0.034829 0.242826 -0.022199
v -0.054393 0.134369 -0.036187
v -0.055080 0.005073 -0.000488
v -0.054171 0.010299 -0.006274
v -0.010196 0.006192 -0.052052
v -0.023187 0.173960 -0.067999
v -0.017761 0.167210 -0.065722
v -0.003182 0.141956 0.033715
v 0.006924 0.133063 0.043979
v 0.005232 0.107611 0.054388
v 0.021959 0.103232 0.048717
v 0.032667 0.069637 0.007849
v 0.068444 0.145335 0.003672
v 0.034720 0.193030 -0.055340
v 0.037724 0.203399 -0.018943
v -0.011615 0.165719 -0.063548
v 0.029181 0.133637 -0.033024
v 0.035650 0.164543 -0.062114
v -0.006915 0.047214 -0.029060
v 0.005846 0.056089 -0.031128
v 0.009434 0.004379 -0.051480
v 0.016567 0.000540 -0.036360
v 0.021591 0.001869 -0.044554
v 0.022438 0.011933 -0.046532
v 0.027193 0.004690 -0.044208
v 0.077107 0.159972 -0.003696
v 0.074750 0.178965 -0.027305
v 0.079405 0.159563 -0.059284
v 0.080216 0.125762 -0.026561
v 0.088163 0.155107 -0.047654
v 0.091136 0.160175 -0.017526
v 0.091722 0.166529 -0.023946
v 0.034207 0.020292 -0.024029
v 0.029430 0.026879 -0.019568
v 0.026182 0.000720 -0.008532
v 0.020253 0.000980 -0.041969
v 0.011833 0.000873 -0.028544
v 0.048047 0.111404 -0.022515
v 0.041380 0.118921 -0.024563
v 0.019646 0.138176 -0.037394
v 0.013576 0.164811 -0.061675
v 0.007015 0.100467 0.054984
v -0.012296 0.001794 -0.016036
v -0.046039 0.000648 -0.014115
v -0.052061 0.113754 -0.026058
v -0.022374 0.122775 -0.034780
v -0.036821 0.125462 -0.031389
v -0.026502 0.001025 0.043791
v -0.042696 0.000086 0.017723
v -0.067883 0.106410 0.028005
v -0.079534 0.099880 0.009033
v -0.047703 0.000391 -0.004966
v -0.001009 0.002341 -0.006222
v 0.025341 0.023872 -0.028958
v 0.013853 0.169131 -0.065286
v 0.055948 0.165714 -0.062586
v 0.076525 0.122722 -0.039079
v 0.077302 0.117028 -0.016062
v 0.076621 0.117150 -0.013287
v 0.079495 0.122022 -0.015005
v 0.073653 0.118787 -0.038103
v 0.076363 0.119548 -0.035079
v 0.074626 0.115438 -0.034043
v 0.072457 0.111177 -0.032373
v 0.071553 0.093679 -0.008942
v 0.071524 0.097588 -0.010914
v 0.072488 0.096670 -0.009216
v 0.075661 0.122430 -0.007023
v 0.072574 0.096799 -0.005091
v 0.073360 0.100536 -0.006727
v 0.072851 0.108510 -0.003392
v 0.073182 0.103330 -0.001310
v 0.070285 0.101388 0.001933
v 0.073574 0.108119 -0.002087
v 0.072056 0.114929 -0.000730
v 0.069581 0.124409 -0.042210
v 0.071239 0.108784 -0.030345
v 0.069794 0.110367 -0.032664
v 0.070318 0.106405 -0.026806
v 0.069134 0.106417 -0.028128
v 0.071744 0.108911 -0.020786
v 0.068464 0.106715 -0.020103
v 0.068804 0.111719 -0.013524
v 0.070721 0.114468 -0.012425
v 0.069549 0.114292 -0.011652
v 0.068732 0.113899 -0.010791
v 0.069606 0.091138 -0.007552
v 0.070415 0.092783 -0.009646
v 0.071375 0.093550 -0.005919
v 0.069230 0.110328 -0.006885
v 0.071460 0.119740 -0.007512
v 0.069695 0.117066 -0.002766
v 0.069036 0.117859 -0.003997
v 0.069261 0.121094 -0.003368
v 0.069345 0.120469 -0.002422
v 0.065434 0.116303 -0.037238
v 0.067695 0.104709 -0.023513
v 0.067239 0.097037 -0.015191
v 0.067147 0.103674 -0.017315
v 0.067705 0.106876 -0.013795
v 0.064610 0.089043 -0.006609
v 0.065516 0.087171 -0.002182
v 0.064746 0.102471 -0.024094
v 0.062987 0.102861 -0.025016
v 0.058582 0.099905 -0.021313
v 0.064850 0.093438 -0.013468
v 0.062833 0.089642 -0.007465
v 0.062699 0.087210 -0.003487
v 0.060651 0.112420 -0.032885
v 0.054870 0.100534 -0.019540
v 0.060952 0.094518 -0.015401
v 0.057675 0.094418 -0.014705
v 0.054503 0.093746 -0.012513
v 0.052910 0.088720 -0.004765
v 0.090177 0.159875 -0.043054
v 0.091185 0.163932 -0.041068
v 0.091832 0.167196 -0.029819
v 0.091588 0.163352 -0.019861
v 0.087466 0.159236 -0.054131
v 0.087611 0.163300 -0.052086
v 0.088253 0.166088 -0.047710
v 0.090269 0.162196 -0.046045
v 0.089095 0.169219 -0.040544
v 0.090542 0.169025 -0.035626
v 0.090801 0.169507 -0.029544
v 0.088817 0.171630 -0.029414
v 0.090586 0.168676 -0.023106
v 0.087698 0.171055 -0.022307
v 0.087259 0.168809 -0.016523
v 0.087973 0.151780 -0.007583
v 0.086504 0.147407 -0.005590
v 0.086972 0.153206 -0.005929
v 0.085509 0.157335 -0.056414
v 0.083867 0.160423 -0.057281
v 0.084177 0.162818 -0.055695
v 0.084382 0.147887 -0.051808
v 0.086669 0.151978 -0.050265
v 0.085689 0.164825 -0.052656
v 0.083462 0.169246 -0.048953
v 0.086878 0.148930 -0.039011
v 0.083244 0.134553 -0.007250
v 0.082140 0.134119 -0.004389
v 0.085838 0.141637 -0.008251
v 0.085876 0.159045 -0.006882
v 0.085155 0.142874 -0.004665
v 0.083984 0.143700 -0.003061
v 0.083763 0.154336 -0.003847
v 0.078920 0.146254 -0.054145
v 0.079324 0.166128 -0.055548
v 0.080207 0.139850 -0.050333
v 0.081582 0.141808 -0.050435
v 0.081552 0.146222 -0.053427
v 0.082798 0.172972 -0.043831
v 0.080519 0.129493 -0.005471
v 0.080653 0.134159 -0.002884
v 0.081992 0.163419 -0.007038
v 0.077982 0.135039 -0.001440
v 0.080849 0.145078 -0.001551
v 0.078787 0.156966 -0.059075
v 0.074827 0.165772 -0.058309
v 0.078480 0.141651 -0.052115
v 0.077460 0.137752 -0.050241
v 0.073831 0.161948 -0.060382
v 0.074330 0.163800 -0.059803
v 0.075902 0.131624 -0.046706
v 0.074959 0.177515 -0.044146
v 0.073401 0.178596 -0.022002
v 0.072186 0.130752 -0.001012
v 0.070961 0.167678 -0.058513
v 0.069654 0.132176 -0.046975
v 0.068635 0.137380 -0.049719
v 0.074141 0.175802 -0.047999
v 0.068661 0.180482 -0.020240
v 0.072394 0.170102 -0.008394
v 0.068934 0.172553 -0.009388
v 0.070480 0.124294 -0.003432
v 0.070046 0.126041 -0.001519
v 0.071421 0.128335 -0.001713
v 0.065037 0.168415 -0.060371
v 0.065424 0.134832 -0.047343
v 0.063161 0.128267 -0.042650
v 0.067641 0.182498 -0.036542
v 0.067588 0.179366 -0.014424
v 0.066292 0.178715 -0.009434
v 0.069103 0.165001 -0.004137
v 0.066003 0.175394 -0.007788
v 0.069906 0.158493 -0.001697
v 0.066600 0.165361 -0.003012
v 0.064817 0.170688 -0.002332
v 0.063760 0.178829 -0.050548
v 0.065439 0.124955 -0.041973
v 0.060168 0.183270 -0.001896
v 0.058432 0.171377 -0.060878
v 0.058537 0.185214 -0.048646
v 0.055475 0.136596 -0.041272
v 0.053154 0.127452 -0.034753
v 0.057758 0.152642 -0.055952
v 0.053207 0.146062 -0.046344
v 0.064557 0.186899 -0.015919
v 0.062528 0.188520 -0.015201
v 0.053453 0.192357 -0.040020
v 0.057651 0.187502 -0.007579
v 0.044404 0.172004 -0.065825
v 0.045892 0.176925 -0.064691
v 0.044760 0.167089 -0.063720
v 0.041386 0.179400 -0.064931
v 0.028136 0.179610 -0.067939
v 0.028030 0.171891 -0.066877
v 0.020596 0.182509 -0.067382
v 0.003991 0.175835 -0.068328
v 0.002161 0.180688 -0.066656
v 0.000539 0.173534 -0.067342
v 0.000067 0.182188 -0.063289
v -0.005125 0.173892 -0.067020
v -0.005606 0.175726 -0.066548
v -0.005583 0.178991 -0.064509
v -0.010610 0.168465 -0.065331
v -0.010178 0.171296 -0.066523
v -0.010186 0.173454 -0.066738
v 0.013814 0.182096 -0.068036
v 0.050134 0.006698 -0.013517
v 0.050564 0.004405 -0.007284
v 0.051412 0.006599 -0.006975
v 0.051926 0.009257 0.000186
v 0.046094 0.002305 -0.019022
v 0.042576 0.018168 -0.010116
v 0.049588 0.002296 -0.000216
v 0.049461 0.014178 -0.002589
v 0.041621 0.015302 -0.025006
v 0.045456 0.014824 -0.018346
v 0.042987 0.018830 -0.002610
v 0.040542 0.010260 -0.033090
v 0.040620 0.000231 -0.016024
v 0.037690 0.000329 -0.022453
v 0.037502 0.000391 -0.006559
v 0.037406 0.004216 -0.035785
v 0.036775 0.001118 -0.030730
v 0.033655 0.000454 -0.015705
v 0.032266 0.004102 -0.040254
v 0.033165 0.006481 -0.040578
v 0.030242 0.001093 -0.036156
v 0.028974 0.059125 -0.018563
v 0.032119 0.061338 -0.014692
v 0.030181 0.055208 -0.002819
v 0.030004 0.002836 -0.040667
v 0.025740 0.002594 -0.043361
v 0.027904 0.007359 -0.044454
v 0.025282 0.033261 -0.018391
v 0.025498 0.056061 -0.017664
v 0.029035 0.052282 -0.002380
v 0.022583 0.004917 -0.047022
v 0.022764 0.007713 -0.047341
v 0.022957 0.014925 -0.043850
v 0.022171 0.003224 -0.046127
v 0.020332 0.034782 -0.023407
v 0.019342 0.047230 -0.021527
v 0.020837 0.055160 -0.022502
v 0.015728 0.029975 -0.029867
v 0.016116 0.059601 -0.031212
v 0.016537 0.055025 -0.026143
v 0.019220 0.000667 -0.023955
v 0.013290 0.013116 -0.049707
v 0.013221 0.015823 -0.047512
v 0.013291 0.047438 -0.025940
v 0.010228 0.006962 -0.051968
v 0.006147 0.052929 -0.029682
v 0.004162 0.000984 -0.045866
v -0.000468 0.030662 -0.034240
v -0.000146 0.055917 -0.031624
v 0.000225 0.047884 -0.029900
v -0.000173 0.001681 -0.049022
v -0.000111 0.002901 -0.051035
v -0.005129 0.002798 -0.050788
v -0.000230 0.000987 -0.045749
v -0.007574 0.040170 -0.029613
v -0.005223 0.004581 -0.052078
v -0.005706 0.007138 -0.052713
v -0.005897 0.055846 -0.030822
v 0.046457 0.119055 -0.026410
v 0.046154 0.092917 -0.004715
v 0.044508 0.096773 -0.007898
v 0.041891 0.091187 -0.000203
v 0.042422 0.094153 -0.004060
v 0.037114 0.117434 -0.023917
v 0.036704 0.100432 -0.012536
v 0.039359 0.106404 -0.016135
v 0.038002 0.093856 -0.004856
v 0.042072 0.097432 -0.007663
v 0.039962 0.091426 -0.000519
v 0.039881 0.094301 -0.004232
v 0.033151 0.067339 -0.010195
v 0.034140 0.067605 -0.001748
v 0.033395 0.085942 -0.004116
v 0.030175 0.062497 -0.019124
v 0.032203 0.063641 -0.014992
v 0.029651 0.068628 -0.016226
v 0.031844 0.088441 -0.010752
v 0.027698 0.062293 -0.022576
v 0.026701 0.080450 -0.017255
v 0.026490 0.074125 -0.016169
v 0.026887 0.064328 -0.023281
v 0.021460 0.065546 -0.029262
v 0.022083 0.067801 -0.026422
v 0.023342 0.073676 -0.020306
v 0.016994 0.065608 -0.031871
v 0.016941 0.068437 -0.030222
v 0.016353 0.086696 -0.028637
v 0.015234 0.096690 -0.030543
v 0.011728 0.064540 -0.034674
v 0.011576 0.067299 -0.034145
v 0.012449 0.077320 -0.029424
v 0.006177 0.062104 -0.035753
v 0.006314 0.080943 -0.031841
v 0.008011 0.093138 -0.032714
v 0.005788 0.060079 -0.034894
v 0.006570 0.064584 -0.035854
v 0.005627 0.071579 -0.032794
v -0.003139 0.072280 -0.033059
v -0.003101 0.067763 -0.035798
v 0.000583 0.110331 -0.036133
v -0.001524 0.080759 -0.032553
v -0.002771 0.089914 -0.033696
v -0.010241 0.118402 -0.036834
v -0.008484 0.120834 -0.037476
v 0.047751 0.158319 -0.058632
v 0.049125 0.185553 -0.055509
v 0.046054 0.181612 -0.061351
v 0.044739 0.156250 -0.055415
v 0.039318 0.147508 -0.040826
v 0.037472 0.139179 -0.035358
v 0.034899 0.161035 -0.058890
v 0.030704 0.150918 -0.042847
v 0.015744 0.150250 -0.043596
v 0.003135 0.184220 -0.063184
v -0.004203 0.157324 -0.050984
v -0.005749 0.147601 -0.044292
v -0.007217 0.159578 -0.054840
v -0.012243 0.152570 -0.047457
v -0.006384 0.124478 -0.038256
v 0.048168 0.197222 -0.023729
v 0.050316 0.193873 -0.011100
v 0.041735 0.202112 -0.022701
v 0.044779 0.196725 -0.004544
v 0.039750 0.196704 -0.000786
v 0.035973 0.204349 -0.025480
v 0.035976 0.197467 -0.000456
v 0.034016 0.204832 -0.030489
v 0.034003 0.203832 -0.017616
v 0.033487 0.201455 -0.010420
v 0.034979 0.202197 -0.010783
v 0.034325 0.199524 -0.005347
v 0.030282 0.189470 -0.060642
v 0.033617 0.203989 -0.037504
v 0.028509 0.205106 -0.033957
v 0.031687 0.205493 -0.028981
v 0.030125 0.204183 -0.023119
v 0.031544 0.203629 -0.018772
v 0.029011 0.201855 -0.015463
v 0.023373 0.202723 -0.045538
v 0.030177 0.203779 -0.041328
v 0.027357 0.204394 -0.039782
v 0.024203 0.202483 -0.027073
v 0.024785 0.201458 -0.023091
v 0.022992 0.201751 -0.022654
v 0.028621 0.202132 -0.016696
v 0.025286 0.193813 -0.008675
v 0.026437 0.190981 -0.003347
v 0.021375 0.201046 -0.049656
v 0.021258 0.202103 -0.042410
v 0.024138 0.203532 -0.037461
v 0.023295 0.202836 -0.030680
v 0.021427 0.199311 -0.014859
v 0.019426 0.200845 -0.014519
v 0.022710 0.193789 -0.008084
v 0.022742 0.189733 -0.002399
v 0.019066 0.191336 -0.003318
v 0.023749 0.194818 -0.058102
v 0.016951 0.199187 -0.045257
v 0.019130 0.198380 -0.010793
v 0.016225 0.193209 -0.002809
v 0.018549 0.189117 -0.063373
v 0.013157 0.192806 -0.059972
v 0.013229 0.196448 -0.050543
v 0.013501 0.200176 -0.041813
v 0.011981 0.202734 -0.038261
v 0.014871 0.206394 -0.028143
v 0.011861 0.209406 -0.028199
v 0.012066 0.212735 -0.018876
v 0.010843 0.193489 -0.056282
v 0.009505 0.197562 -0.046515
v 0.008775 0.207053 -0.034938
v 0.008758 0.215295 -0.024415
v 0.008038 0.224311 -0.001725
v 0.007879 0.233043 -0.002782
v 0.007049 0.188790 -0.060538
v 0.006369 0.221650 -0.020221
v 0.004190 0.235922 -0.019773
v 0.006830 0.226489 -0.013168
v 0.002188 0.244149 -0.027793
v 0.003412 0.231967 -0.019694
v -0.002061 0.232684 -0.026441
v -0.001768 0.227131 -0.028027
v -0.005164 0.244035 -0.030931
v -0.008125 0.205058 -0.045132
v -0.007472 0.233325 -0.029801
v -0.006699 0.237872 -0.029036
v 0.045971 0.293565 -0.022623
v 0.042632 0.291548 -0.038802
v 0.045371 0.295405 -0.033220
v 0.045705 0.287147 -0.029013
v 0.043370 0.299701 -0.022005
v 0.045182 0.289602 -0.020145
v 0.043269 0.286204 -0.020578
v 0.044403 0.293023 -0.018538
v 0.043114 0.294322 -0.017689
v 0.041256 0.296529 -0.040100
v 0.040740 0.299339 -0.038268
v 0.041414 0.279331 -0.032633
v 0.040836 0.279909 -0.034194
v 0.038882 0.277880 -0.034055
v 0.041529 0.282336 -0.035265
v 0.039989 0.286141 -0.037843
v 0.038497 0.305728 -0.029723
v 0.040049 0.302123 -0.020518
v 0.034439 0.287599 -0.042506
v 0.036505 0.291113 -0.042449
v 0.034999 0.276812 -0.035495
v 0.032718 0.311487 -0.030264
v 0.034147 0.275406 -0.020983
v 0.037311 0.283026 -0.017102
v 0.031777 0.302784 -0.042234
v 0.032132 0.282780 -0.040994
v 0.033652 0.305479 -0.039193
v 0.031620 0.307139 -0.039204
v 0.033833 0.273417 -0.024529
v 0.033146 0.310020 -0.022439
v 0.030624 0.309109 -0.019595
v 0.030137 0.275478 -0.017313
v 0.031099 0.291025 -0.044574
v 0.029490 0.299196 -0.044492
v 0.031658 0.287864 -0.043903
v 0.028399 0.285149 -0.042995
v 0.027309 0.309262 -0.036450
v 0.029838 0.272843 -0.032481
v 0.027723 0.311077 -0.029535
v 0.032166 0.272327 -0.028248
v 0.025946 0.270861 -0.022454
v 0.027803 0.310056 -0.019834
v 0.026290 0.310924 -0.022004
v 0.029940 0.300350 -0.014506
v 0.030811 0.305858 -0.017407
v 0.025299 0.295276 -0.045088
v 0.026391 0.305595 -0.041751
v 0.022527 0.308339 -0.035307
v 0.026110 0.273947 -0.034922
v 0.025211 0.270253 -0.025536
v 0.027702 0.281579 -0.012887
v 0.023538 0.288587 -0.043711
v 0.021726 0.303229 -0.042161
v 0.022571 0.306517 -0.039516
v 0.023239 0.276231 -0.036639
v 0.023588 0.270638 -0.028464
v 0.019832 0.308770 -0.026138
v 0.022789 0.308190 -0.018439
v 0.019734 0.302967 -0.014876
v 0.023972 0.306381 -0.016655
v 0.020104 0.298481 -0.011314
v 0.019813 0.276011 -0.007842
v 0.020055 0.295643 -0.043821
v 0.018322 0.286434 -0.041367
v 0.016794 0.301131 -0.039948
v 0.021587 0.282088 -0.040236
v 0.018324 0.307158 -0.033251
v 0.017687 0.274053 -0.032182
v 0.020498 0.271847 -0.030613
v 0.018651 0.268762 -0.023076
v 0.014875 0.305867 -0.023723
v 0.015378 0.267976 -0.021421
v 0.015853 0.267511 -0.016920
v 0.019980 0.269251 -0.019719
v 0.015397 0.266056 -0.015971
v 0.017674 0.304686 -0.016867
v 0.015612 0.303863 -0.015653
v 0.017530 0.268839 -0.013081
v 0.017849 0.301935 -0.013421
v 0.017283 0.294411 -0.006784
v 0.015670 0.298596 -0.008400
v 0.018221 0.260533 -0.000692
v 0.018441 0.268151 -0.001528
v 0.016955 0.288817 -0.002850
v 0.015326 0.293159 -0.002951
v 0.012442 0.285650 -0.036671
v 0.015333 0.296216 -0.041161
v 0.012308 0.291818 -0.037981
v 0.011661 0.300129 -0.034915
v 0.011979 0.302451 -0.032450
v 0.017783 0.269243 -0.026067
v 0.010947 0.303939 -0.026908
v 0.013508 0.268396 -0.025234
v 0.011060 0.265954 -0.024595
v 0.012472 0.305121 -0.022644
v 0.013985 0.256283 -0.016256
v 0.013518 0.265485 -0.019985
v 0.013837 0.305033 -0.018955
v 0.012803 0.303585 -0.013520
v 0.012648 0.301872 -0.009333
v 0.013984 0.298901 -0.007098
v 0.013152 0.296634 -0.000786
v 0.012146 0.301694 -0.003184
v 0.010579 0.305390 -0.005019
v 0.009561 0.291415 -0.035317
v 0.011372 0.296273 -0.036576
v 0.008637 0.295908 -0.034050
v 0.007653 0.264363 -0.028728
v 0.012764 0.269568 -0.027676
v 0.010739 0.268812 -0.027600
v 0.009254 0.267450 -0.027797
v 0.009160 0.305100 -0.021232
v 0.006216 0.305843 -0.020069
v 0.010818 0.304029 -0.012216
v 0.006125 0.307169 -0.014135
v 0.007483 0.269696 -0.030151
v 0.004869 0.266050 -0.031683
v 0.003302 0.278712 -0.033162
v 0.003510 0.285116 -0.033146
v 0.005202 0.299077 -0.030487
v 0.002852 0.302522 -0.026838
v 0.007321 0.304033 -0.024890
v 0.004443 0.304751 -0.023490
v 0.002297 0.271788 -0.033862
v -0.000257 0.277634 -0.035887
v 0.001246 0.284562 -0.033522
v 0.001974 0.295461 -0.031762
v 0.002139 0.299120 -0.029802
v 0.000496 0.303557 -0.026598
v -0.002093 0.311549 -0.020042
v -0.004261 0.275211 -0.038832
v -0.003528 0.283916 -0.036505
v -0.000528 0.295872 -0.032002
v -0.005238 0.300841 -0.032694
v -0.007539 0.261378 -0.038488
v -0.007212 0.295883 -0.035922
v -0.009197 0.262297 -0.038741
v -0.008952 0.287587 -0.038531
v -0.010021 0.254651 -0.035718
v -0.013101 0.298561 -0.037558
v -0.010245 0.303023 -0.034502
v 0.006784 0.311434 -0.004219
v 0.000506 0.317773 -0.003014
v -0.007374 0.317481 -0.017351
v -0.011660 0.316308 -0.021730
v -0.007950 0.320445 -0.007691
v -0.012839 0.319509 -0.019002
v 0.072046 0.110272 0.004298
v 0.071860 0.121997 0.006077
v 0.068345 0.106116 0.021529
v 0.065834 0.085960 0.002683
v 0.063898 0.085225 0.001619
v 0.064074 0.083986 0.007406
v 0.066015 0.087717 0.009689
v 0.064465 0.086408 0.014161
v 0.067818 0.119163 0.011631
v 0.067786 0.100140 0.016810
v 0.066627 0.118949 0.021538
v 0.066902 0.105346 0.027810
v 0.062947 0.111913 0.036057
v 0.063343 0.084233 0.013383
v 0.061506 0.084253 0.019479
v 0.062180 0.096657 0.029223
v 0.061593 0.120974 0.032126
v 0.062372 0.108897 0.036556
v 0.061155 0.113690 0.037482
v 0.059893 0.117977 0.036472
v 0.057682 0.084371 0.024903
v 0.057600 0.118069 0.037858
v 0.057354 0.122474 0.035036
v 0.058596 0.111068 0.039536
v 0.054533 0.080450 0.017999
v 0.053165 0.079333 0.015087
v 0.055664 0.088539 0.030528
v 0.053695 0.107012 0.040404
v 0.053628 0.110260 0.040929
v 0.072967 0.136873 0.000526
v 0.070641 0.127718 0.002461
v 0.069865 0.125711 -0.000725
v 0.070019 0.125211 0.000204
v 0.070391 0.136046 0.002678
v 0.070533 0.140085 0.002666
v 0.070986 0.128522 0.004699
v 0.069314 0.136684 0.005438
v 0.066116 0.152723 0.003401
v 0.067026 0.158505 -0.000183
v 0.064740 0.172887 0.001523
v 0.063949 0.170282 0.004594
v 0.063329 0.171597 0.005840
v 0.063610 0.175365 0.003034
v 0.058660 0.179838 0.002632
v 0.062459 0.156543 0.006254
v 0.062545 0.173438 0.005688
v 0.061479 0.176302 0.004098
v 0.061456 0.151309 0.010332
v 0.060996 0.170145 0.009129
v 0.059814 0.163015 0.013555
v 0.054852 0.182934 0.003728
v 0.057616 0.174999 0.008144
v 0.056645 0.167274 0.015390
v 0.060439 0.144876 0.014454
v 0.058297 0.158851 0.017383
v 0.056029 0.161444 0.019134
v 0.056584 0.128174 0.031254
v 0.054215 0.179328 0.008605
v 0.052873 0.163545 0.022335
v 0.053834 0.147283 0.026727
v 0.055216 0.149794 0.023988
v 0.054715 0.157012 0.023358
v 0.053049 0.158578 0.024571
v 0.054006 0.133368 0.029481
v 0.053050 0.139165 0.027643
v 0.050699 0.155467 0.028110
v 0.053679 0.127312 0.034051
v 0.050991 0.004195 0.006001
v 0.051871 0.006880 0.006185
v 0.050877 0.012637 0.005723
v 0.046320 0.000738 0.005551
v 0.048982 0.014697 0.005012
v 0.045421 0.000855 0.013318
v 0.044120 0.000979 0.018670
v 0.045626 0.002155 0.020300
v 0.046137 0.012461 0.020847
v 0.043929 0.014764 0.019951
v 0.041416 0.018983 0.010382
v 0.041844 0.000201 0.015273
v 0.043193 0.007624 0.029651
v 0.038214 0.022993 0.003770
v 0.039239 0.018234 0.018357
v 0.037477 0.000447 0.028263
v 0.040725 0.003160 0.030912
v 0.037053 0.003178 0.035438
v 0.039451 0.008194 0.034901
v 0.036153 0.000144 0.019212
v 0.034060 0.000023 0.025967
v 0.031349 0.019615 0.028133
v 0.033019 0.000469 0.033297
v 0.033938 0.004548 0.039784
v 0.033265 0.028710 0.002845
v 0.032296 0.057200 0.004707
v 0.028895 0.055276 0.011627
v 0.028733 0.000126 0.031144
v 0.029390 0.000911 0.038653
v 0.029431 0.015307 0.038622
v 0.029129 0.004586 0.043666
v 0.026753 0.046338 0.010137
v 0.027053 0.019436 0.033534
v 0.028534 0.002817 0.042871
v 0.027158 0.007543 0.045677
v 0.025670 0.013185 0.044885
v 0.023850 0.046067 0.015786
v 0.022578 0.041352 0.018380
v 0.022878 0.031218 0.022586
v 0.020642 0.055015 0.023696
v 0.019449 0.019932 0.038736
v 0.024328 0.000278 0.038917
v 0.022813 0.011851 0.047104
v 0.018934 0.000909 0.045388
v 0.014297 0.000227 0.040086
v 0.020743 0.003511 0.048092
v 0.013519 0.036176 0.027926
v 0.013964 0.046772 0.026403
v 0.014023 0.051746 0.027262
v 0.017240 0.029470 0.029420
v 0.009343 0.031876 0.031885
v 0.010938 0.023974 0.037359
v 0.010395 0.000239 0.045537
v 0.010774 0.001399 0.049445
v 0.006084 0.004890 0.053091
v 0.006203 0.011091 0.052948
v 0.006837 0.041159 0.029436
v 0.004894 0.032247 0.033066
v 0.001473 0.052129 0.032372
v 0.002236 0.058866 0.036991
v 0.005226 0.001223 0.050344
v -0.001508 0.041788 0.030840
v 0.000183 0.033225 0.033166
v 0.001159 0.055617 0.034438
v 0.003244 0.000417 0.041447
v -0.000494 0.000467 0.048114
v -0.000872 0.007629 0.054224
v 0.000075 0.046484 0.030556
v -0.004957 0.030601 0.034960
v -0.005734 0.036019 0.032141
v -0.005523 0.055811 0.034170
v -0.004865 0.059409 0.037224
v -0.005820 0.000428 0.047950
v -0.007837 0.038549 0.030890
v -0.007073 0.048287 0.030723
v -0.009030 0.023397 0.039967
v -0.010422 0.000742 0.048615
v -0.009931 0.013554 0.051421
v -0.009199 0.011044 0.052949
v 0.050799 0.078526 0.016873
v 0.050815 0.078872 0.018544
v 0.049435 0.079031 0.020653
v 0.049207 0.123329 0.037797
v 0.046502 0.078523 0.020354
v 0.047894 0.088829 0.035403
v 0.046226 0.108699 0.040753
v 0.048465 0.114791 0.040524
v 0.047209 0.119985 0.039431
v 0.046062 0.088630 0.000396
v 0.042030 0.088621 0.002978
v 0.042935 0.079194 0.021646
v 0.041157 0.081175 0.032416
v 0.039453 0.106129 0.041001
v 0.039686 0.109210 0.041869
v 0.039742 0.114173 0.044667
v 0.038731 0.115545 0.046496
v 0.042060 0.122843 0.044076
v 0.040522 0.119210 0.045345
v 0.042255 0.086083 0.006301
v 0.037831 0.086189 0.005972
v 0.037407 0.084177 0.009726
v 0.039270 0.084409 0.010051
v 0.039812 0.079516 0.021008
v 0.040548 0.079206 0.025541
v 0.035180 0.079052 0.029651
v 0.042804 0.086412 0.035879
v 0.039357 0.120186 0.046165
v 0.036915 0.111739 0.047462
v 0.035435 0.112833 0.048251
v 0.036576 0.087510 0.001490
v 0.035335 0.063674 0.004247
v 0.036206 0.085184 0.005153
v 0.034250 0.064487 0.010243
v 0.034392 0.080510 0.012223
v 0.036039 0.083370 0.009128
v 0.032734 0.063185 0.015664
v 0.033239 0.077551 0.011190
v 0.034247 0.079537 0.016024
v 0.035199 0.080577 0.016592
v 0.036507 0.081104 0.017059
v 0.032995 0.076061 0.021503
v 0.035900 0.079588 0.020502
v 0.034713 0.079159 0.020226
v 0.034401 0.078330 0.022964
v 0.033599 0.077542 0.022420
v 0.034692 0.080297 0.032648
v 0.033290 0.101606 0.047789
v 0.031011 0.095886 0.047308
v 0.032987 0.109011 0.048955
v 0.033412 0.114202 0.048328
v 0.032111 0.071203 0.004740
v 0.032678 0.068092 0.012282
v 0.031633 0.066365 0.016600
v 0.028828 0.068390 0.021402
v 0.030578 0.072334 0.022497
v 0.029055 0.070079 0.021796
v 0.032116 0.077906 0.028406
v 0.030002 0.081523 0.036083
v 0.028944 0.085226 0.039892
v 0.028581 0.100809 0.049351
v 0.029762 0.105452 0.049394
v 0.028120 0.107622 0.049076
v 0.026746 0.068311 0.024451
v 0.027926 0.076516 0.029749
v 0.026332 0.086617 0.046183
v 0.027088 0.118042 0.046985
v 0.024995 0.087566 0.047426
v 0.027285 0.091681 0.048099
v 0.024866 0.109625 0.048017
v 0.025222 0.119029 0.047710
v 0.022508 0.061422 0.029205
v 0.023040 0.064118 0.029250
v 0.022148 0.066340 0.029437
v 0.023381 0.077323 0.033088
v 0.023481 0.080792 0.039412
v 0.023058 0.085469 0.047033
v 0.022232 0.092990 0.049884
v 0.021195 0.115609 0.050704
v 0.020971 0.121406 0.051902
v 0.018555 0.064101 0.032601
v 0.019670 0.088535 0.049337
v 0.019945 0.093983 0.049896
v 0.016825 0.095335 0.049273
v 0.015521 0.095829 0.049720
v 0.017299 0.108941 0.052545
v 0.016616 0.071041 0.030773
v 0.015586 0.069515 0.031560
v 0.017164 0.072624 0.030903
v 0.017885 0.066132 0.032316
v 0.014379 0.075624 0.034139
v 0.013792 0.084370 0.047805
v 0.012097 0.096472 0.052694
v 0.015408 0.109933 0.053662
v 0.011616 0.076349 0.035738
v 0.013288 0.066919 0.034131
v 0.010738 0.084501 0.048441
v 0.011733 0.087046 0.049189
v 0.009228 0.092280 0.053193
v 0.007183 0.071289 0.033302
v 0.007780 0.075924 0.035651
v 0.008566 0.063053 0.037553
v 0.008404 0.081095 0.044810
v 0.005497 0.118519 0.050279
v 0.005358 0.113513 0.052928
v 0.003547 0.070184 0.034228
v 0.004048 0.074432 0.034378
v 0.001221 0.064586 0.038070
v 0.001800 0.062064 0.038109
v -0.000902 0.113922 0.047546
v 0.001211 0.087529 0.054580
v 0.000065 0.084849 0.053413
v 0.001499 0.103138 0.053957
v -0.000415 0.089616 0.054935
v 0.003517 0.102437 0.054764
v -0.001907 0.071963 0.033679
v -0.001938 0.068859 0.035553
v -0.002233 0.074411 0.034287
v -0.002821 0.075771 0.035587
v -0.001226 0.099249 0.052993
v -0.001823 0.087593 0.054385
v -0.002650 0.089695 0.054275
v -0.004706 0.074160 0.033740
v -0.004890 0.075060 0.034497
v -0.005292 0.062194 0.038078
v -0.005961 0.066676 0.037131
v -0.007461 0.116362 0.045704
v -0.004359 0.081540 0.047218
v -0.006762 0.111147 0.047248
v -0.005243 0.115809 0.046647
v -0.003399 0.086231 0.053501
v -0.004647 0.085439 0.052543
v -0.004036 0.084408 0.052383
v -0.009811 0.074086 0.033097
v -0.007249 0.075470 0.034806
v -0.012547 0.121452 0.036913
v -0.011900 0.116502 0.039392
v -0.008451 0.121750 0.042494
v -0.007053 0.080893 0.045251
v -0.008040 0.081841 0.046622
v -0.010605 0.111927 0.044612
v -0.008475 0.083142 0.047693
v -0.008713 0.085123 0.048557
v -0.007453 0.092590 0.049292
v -0.008052 0.106468 0.047876
v 0.050637 0.185215 0.004592
v 0.049998 0.178097 0.012685
v 0.050265 0.160537 0.025590
v 0.048473 0.151302 0.031178
v 0.051056 0.131146 0.033105
v 0.049851 0.132367 0.033930
v 0.050744 0.148042 0.031734
v 0.047231 0.138257 0.037575
v 0.045976 0.180605 0.014713
v 0.047456 0.123858 0.038374
v 0.045047 0.139158 0.038309
v 0.044509 0.130084 0.041851
v 0.045902 0.134105 0.039869
v 0.041818 0.180259 0.019273
v 0.039337 0.136545 0.041198
v 0.036684 0.183488 0.018447
v 0.035853 0.179317 0.022798
v 0.037470 0.162180 0.033970
v 0.036449 0.130428 0.043531
v 0.033449 0.179014 0.022595
v 0.035655 0.175670 0.026380
v 0.031611 0.175460 0.024847
v 0.031731 0.145235 0.042418
v 0.029530 0.139989 0.044763
v 0.028390 0.146603 0.043484
v 0.027945 0.172396 0.025248
v 0.025899 0.168439 0.028260
v 0.022173 0.170504 0.026487
v 0.026888 0.152258 0.041137
v 0.025230 0.140850 0.046711
v 0.024588 0.134884 0.048728
v 0.024598 0.130249 0.049388
v 0.024035 0.151911 0.040652
v 0.022729 0.146269 0.043413
v 0.022608 0.134993 0.048777
v 0.021180 0.126193 0.051332
v 0.020335 0.184600 0.005705
v 0.018245 0.185058 0.004339
v 0.016322 0.160853 0.032740
v 0.018530 0.153942 0.037082
v 0.015935 0.147770 0.040266
v 0.017234 0.143813 0.044266
v 0.015489 0.173905 0.020709
v 0.011479 0.143228 0.041338
v 0.014634 0.149022 0.039208
v 0.014213 0.135851 0.047715
v 0.011520 0.125129 0.051313
v 0.008487 0.185924 0.006642
v 0.009251 0.176607 0.013081
v 0.010188 0.171230 0.020137
v 0.010535 0.150952 0.037712
v 0.010111 0.136478 0.043637
v 0.010277 0.127191 0.049809
v 0.011188 0.131648 0.047841
v 0.008908 0.123771 0.050750
v 0.004366 0.156665 0.029304
v 0.004724 0.152705 0.032395
v 0.005780 0.139808 0.041914
v 0.006228 0.128367 0.045287
v 0.001212 0.184735 0.010100
v 0.004739 0.180556 0.010887
v -0.001186 0.169838 0.018184
v 0.000307 0.153805 0.030573
v 0.001928 0.160979 0.027539
v 0.000101 0.145411 0.033992
v 0.002309 0.149328 0.033063
v 0.002795 0.153067 0.030968
v 0.001273 0.140680 0.038920
v 0.000711 0.130285 0.044324
v -0.001511 0.156347 0.029964
v -0.001279 0.145948 0.032902
v -0.001488 0.141376 0.035089
v -0.002754 0.146849 0.032332
v -0.007035 0.177373 0.012684
v -0.006910 0.180672 0.012208
v -0.003344 0.181649 0.011974
v -0.007109 0.186200 0.012988
v -0.005145 0.166253 0.021489
v -0.006735 0.163651 0.024759
v -0.005182 0.138160 0.034442
v -0.008255 0.140232 0.034132
v -0.006554 0.143260 0.033431
v -0.005673 0.151269 0.032853
v -0.005174 0.153965 0.032629
v -0.005198 0.156824 0.032718
v -0.006459 0.133701 0.036061
v -0.004888 0.133397 0.037801
v -0.012101 0.177498 0.011960
v -0.010883 0.126368 0.036111
v -0.008499 0.131568 0.035905
v -0.009506 0.135302 0.034821
v -0.010914 0.137258 0.035016
v -0.009011 0.151027 0.036029
v -0.010852 0.151785 0.036960
v -0.011601 0.153418 0.036691
v -0.008121 0.154545 0.035152
v -0.008929 0.155779 0.035027
v -0.010017 0.156662 0.034516
v -0.011266 0.157325 0.033470
v 0.048198 0.186269 0.006195
v 0.037823 0.195316 0.003379
v 0.035246 0.192666 0.006914
v 0.037385 0.192651 0.007486
v 0.039370 0.187388 0.013691
v 0.034349 0.196917 -0.000641
v 0.030075 0.187169 0.009920
v 0.012491 0.246669 0.005362
v 0.008865 0.196047 0.004792
v 0.009884 0.247650 0.012524
v 0.007015 0.188633 0.006606
v 0.005287 0.192972 0.008215
v 0.007193 0.202961 0.007656
v 0.006530 0.223732 0.006717
v 0.006668 0.233820 0.006671
v 0.005279 0.212186 0.010940
v 0.003114 0.234085 0.014747
v 0.004731 0.240948 0.013808
v 0.001430 0.210302 0.015377
v 0.002927 0.222628 0.013996
v -0.002342 0.242410 0.022805
v -0.004817 0.190211 0.013437
v -0.007935 0.190286 0.013850
v -0.008727 0.196537 0.015934
v -0.006938 0.205482 0.018604
v -0.006418 0.230305 0.023478
v -0.009543 0.239457 0.026451
v 0.018452 0.276048 0.007019
v 0.018703 0.284621 0.006420
v 0.015546 0.292471 0.001077
v 0.016233 0.260117 0.009776
v 0.016921 0.268962 0.012710
v 0.017874 0.281789 0.012603
v 0.015399 0.287696 0.017028
v 0.014637 0.251912 0.005416
v 0.013013 0.253304 0.010501
v 0.013559 0.270722 0.017744
v 0.009802 0.294540 0.019840
v 0.009602 0.308156 -0.000064
v 0.007991 0.309893 0.004617
v 0.009437 0.303275 0.010275
v 0.010660 0.287973 0.023257
v 0.007777 0.283017 0.026939
v 0.007336 0.285642 0.027281
v 0.002367 0.257877 0.027537
v 0.004666 0.288486 0.026748
v 0.001917 0.249127 0.022558
v 0.001321 0.306001 0.021508
v 0.002666 0.262926 0.029676
v 0.001425 0.273690 0.031500
v 0.002567 0.285765 0.030573
v 0.000260 0.289181 0.029373
v -0.002319 0.298951 0.030281
v -0.003174 0.312163 0.023358
v -0.005157 0.290830 0.032966
v -0.007551 0.274958 0.038966
v -0.008603 0.253865 0.032272
v -0.005822 0.296772 0.033008
v -0.008765 0.270766 0.038753
v -0.010401 0.255214 0.033065
v -0.015253 0.257809 0.034080
v -0.007440 0.260060 0.033826
v -0.008245 0.263733 0.035697
v -0.012068 0.294494 0.036044
v -0.006987 0.299149 0.033227
v -0.012802 0.276997 0.041627
v 0.003981 0.313653 0.013861
v -0.000147 0.317871 0.010672
v 0.000590 0.316295 0.015524
v 0.000034 0.314336 0.018925
v -0.013764 0.308693 0.031397
v -0.014531 0.319360 0.022563
v -0.010098 0.175859 -0.066074
v -0.016451 0.173554 -0.067382
v -0.017379 0.170677 -0.067182
v -0.016070 0.176306 -0.066579
v -0.026184 0.166002 -0.066226
v -0.028497 0.173523 -0.068161
v -0.029167 0.177072 -0.067185
v -0.032091 0.179548 -0.065700
v -0.035608 0.170187 -0.068134
v -0.045259 0.176068 -0.068104
v -0.052052 0.172361 -0.068871
v -0.051851 0.165314 -0.066872
v -0.060078 0.165446 -0.066780
v -0.010003 0.002731 -0.049921
v -0.014151 0.055609 -0.028908
v -0.014548 0.001632 -0.047048
v -0.013958 0.014841 -0.048925
v -0.019467 0.029407 -0.030614
v -0.015484 0.041070 -0.026901
v -0.015015 0.046777 -0.026653
v -0.013800 0.052241 -0.027753
v -0.020148 0.004157 -0.049069
v -0.013621 0.012265 -0.050728
v -0.011862 0.018263 -0.045174
v -0.018660 0.001034 -0.042603
v -0.019907 0.002685 -0.047905
v -0.020179 0.011583 -0.049171
v -0.019436 0.001630 -0.045990
v -0.021392 0.016438 -0.044300
v -0.023317 0.000990 -0.041120
v -0.021903 0.041758 -0.022360
v -0.027687 0.055419 -0.020366
v -0.024676 0.009863 -0.048347
v -0.022750 0.013498 -0.047046
v -0.023996 0.001556 -0.044169
v -0.027273 0.001080 -0.040940
v -0.028597 0.015877 -0.040893
v -0.024808 0.001055 -0.032629
v -0.028714 0.036942 -0.016200
v -0.029333 0.004289 -0.045091
v -0.031637 0.030629 -0.017159
v -0.031043 0.055525 -0.014979
v -0.031430 0.036796 -0.010391
v -0.030926 0.041493 -0.008953
v -0.032273 0.048095 -0.002102
v -0.033451 0.053937 -0.001720
v -0.032583 0.002393 -0.041302
v -0.033349 0.003950 -0.042165
v -0.037156 0.006267 -0.039930
v -0.034058 0.025023 -0.021053
v -0.034333 0.031284 -0.010318
v -0.036971 0.059661 -0.009996
v -0.033362 0.055570 -0.008970
v -0.036404 0.002260 -0.038031
v -0.035038 0.001230 -0.036336
v -0.039956 0.012428 -0.036048
v -0.037224 0.026564 -0.011260
v -0.038038 0.059140 -0.003502
v -0.040304 0.001974 -0.033534
v -0.035218 0.000733 -0.027978
v -0.040840 0.001003 -0.028105
v -0.040886 0.023774 -0.007846
v -0.043980 0.002612 -0.030460
v -0.044994 0.006455 -0.031685
v -0.044802 0.001410 -0.024895
v -0.046679 0.002434 -0.025612
v -0.046607 0.016896 -0.013624
v -0.045404 0.021039 -0.000912
v -0.049487 0.008096 -0.023628
v -0.050406 0.005587 -0.021944
v -0.049043 0.002341 -0.020830
v -0.047221 0.001334 -0.020041
v -0.049622 0.013808 -0.016845
v -0.052171 0.008513 -0.017210
v -0.052114 0.002037 -0.010621
v -0.055048 0.007922 -0.004198
v -0.052598 0.012949 -0.005659
v -0.012614 0.117066 -0.036426
v -0.012880 0.119725 -0.036894
v -0.014356 0.118642 -0.036707
v -0.010507 0.072876 -0.032075
v -0.011728 0.089690 -0.032352
v -0.012110 0.059798 -0.033164
v -0.017118 0.067098 -0.032839
v -0.013909 0.098147 -0.033206
v -0.017491 0.059578 -0.031477
v -0.021315 0.071477 -0.027454
v -0.018332 0.089678 -0.030300
v -0.019717 0.108936 -0.032781
v -0.030494 0.117856 -0.030079
v -0.027528 0.061273 -0.026546
v -0.027778 0.063716 -0.026799
v -0.027519 0.065982 -0.026316
v -0.025980 0.083792 -0.023597
v -0.032194 0.063450 -0.021877
v -0.031455 0.065936 -0.021867
v -0.029844 0.071397 -0.019315
v -0.029092 0.075477 -0.019159
v -0.031213 0.091446 -0.019617
v -0.032526 0.073744 -0.013469
v -0.031920 0.061175 -0.021655
v -0.034928 0.111348 -0.024778
v -0.032680 0.100985 -0.021387
v -0.035331 0.061093 -0.016384
v -0.035510 0.096140 -0.015555
v -0.036751 0.103326 -0.018704
v -0.035451 0.087991 -0.009419
v -0.034316 0.082286 -0.009835
v -0.036140 0.071068 -0.004417
v -0.036191 0.076740 -0.001753
v -0.038011 0.086103 -0.003556
v -0.036874 0.085297 -0.004321
v -0.042029 0.103095 -0.016959
v -0.041473 0.093905 -0.010060
v -0.039507 0.097732 -0.013136
v -0.037109 0.067174 -0.010153
v -0.039522 0.090107 -0.006616
v -0.039199 0.061448 -0.003331
v -0.043472 0.086530 -0.003243
v -0.039932 0.110854 -0.021963
v -0.045934 0.086017 -0.003449
v -0.055838 0.088903 -0.016063
v -0.058904 0.121081 -0.033595
v -0.060225 0.101111 -0.030228
v -0.057388 0.084661 -0.009955
v -0.062499 0.081324 -0.003550
v -0.065460 0.098278 -0.029745
v -0.067694 0.093711 -0.024633
v -0.067227 0.089372 -0.019744
v -0.067324 0.086114 -0.014670
v -0.068843 0.085081 -0.011651
v -0.066602 0.084911 -0.012334
v -0.066428 0.083274 -0.008628
v -0.070922 0.114467 -0.040827
v -0.072252 0.105112 -0.034194
v -0.071941 0.099403 -0.028399
v -0.069962 0.099510 -0.030052
v -0.071023 0.093204 -0.021038
v -0.069871 0.092674 -0.022134
v -0.071752 0.092194 -0.011488
v -0.070065 0.084471 -0.008159
v -0.070845 0.085791 -0.008031
v -0.071582 0.089249 -0.007766
v -0.071345 0.084759 -0.005949
v -0.072175 0.087781 -0.005778
v -0.017357 0.153713 -0.048198
v -0.011011 0.123865 -0.038118
v -0.014982 0.127243 -0.038107
v -0.021295 0.137937 -0.040225
v -0.026930 0.163054 -0.064076
v -0.025330 0.149205 -0.045123
v -0.027732 0.142244 -0.041163
v -0.034640 0.163146 -0.064792
v -0.038655 0.183559 -0.061897
v -0.039499 0.161194 -0.062804
v -0.042173 0.181689 -0.005073
v -0.040916 0.164152 -0.065578
v -0.048575 0.136169 -0.036397
v -0.045073 0.125879 -0.030155
v -0.052579 0.185349 -0.012591
v -0.059357 0.184039 -0.056649
v -0.057944 0.179419 -0.008376
v -0.064849 0.153146 -0.057083
v -0.060475 0.177362 -0.064197
v -0.063657 0.181974 -0.056790
v -0.070515 0.177709 -0.058155
v -0.069198 0.148492 -0.054470
v -0.067798 0.183728 -0.050087
v -0.066815 0.182439 -0.017477
v -0.066582 0.161262 -0.064704
v -0.071832 0.175263 -0.060470
v -0.072260 0.142678 -0.052389
v -0.075814 0.183092 -0.035018
v -0.074864 0.181070 -0.024503
v -0.072867 0.168825 -0.005938
v -0.014539 0.243517 -0.030775
v -0.014966 0.239303 -0.030357
v -0.020924 0.214854 -0.037444
v -0.021054 0.221045 -0.034472
v -0.022485 0.244117 -0.029737
v -0.024057 0.197948 -0.052048
v -0.027395 0.213260 -0.034375
v -0.028576 0.243460 -0.027243
v -0.030815 0.203088 -0.042717
v -0.034049 0.205404 -0.033129
v -0.032168 0.210829 -0.029994
v -0.032101 0.216080 -0.027714
v -0.032712 0.240800 -0.023633
v -0.034392 0.223925 -0.022535
v -0.035745 0.201745 -0.007599
v -0.038214 0.201269 -0.032122
v -0.036803 0.203175 -0.025431
v -0.039439 0.199430 -0.027063
v -0.035655 0.207490 -0.023265
v -0.037471 0.198971 -0.017725
v -0.035158 0.214356 -0.021812
v -0.037353 0.192566 -0.012080
v -0.036591 0.221957 -0.011030
v -0.037109 0.222783 -0.010141
v -0.036270 0.224454 -0.014134
v -0.038065 0.226700 -0.011930
v -0.036263 0.219046 -0.010544
v -0.037839 0.220812 -0.007042
v -0.037982 0.223422 -0.009484
v -0.040142 0.220741 -0.005054
v -0.035701 0.213153 -0.002582
v -0.041547 0.198721 -0.035452
v -0.039405 0.195484 -0.019259
v -0.042511 0.188463 -0.014145
v -0.041924 0.227110 -0.010263
v -0.047592 0.191323 -0.049455
v -0.045377 0.194552 -0.040827
v -0.045377 0.195209 -0.035990
v -0.044022 0.195336 -0.029278
v -0.043737 0.192630 -0.021885
v -0.046341 0.187204 -0.014196
v -0.046215 0.223629 -0.005221
v -0.049643 0.193307 -0.040734
v -0.047678 0.193800 -0.032731
v -0.054549 0.189018 -0.051270
v -0.057193 0.190921 -0.044747
v -0.056312 0.192014 -0.038283
v -0.057349 0.191019 -0.029430
v -0.059640 0.243978 -0.008214
v -0.064152 0.188473 -0.044145
v -0.074927 0.183350 -0.039818
v -0.013600 0.283084 -0.041548
v -0.013926 0.268468 -0.039309
v -0.010207 0.276353 -0.040718
v -0.016336 0.309983 -0.030427
v -0.014440 0.284931 -0.041166
v -0.017455 0.251403 -0.034322
v -0.022727 0.260709 -0.036492
v -0.021981 0.268829 -0.039426
v -0.024602 0.281874 -0.040026
v -0.020143 0.300949 -0.037705
v -0.025325 0.296309 -0.036890
v -0.024068 0.308112 -0.032493
v -0.023001 0.248253 -0.030930
v -0.027364 0.264981 -0.037942
v -0.025813 0.301753 -0.036410
v -0.033573 0.286235 -0.039140
v -0.031208 0.268024 -0.036424
v -0.027626 0.270416 -0.037939
v -0.032577 0.301935 -0.034106
v -0.028977 0.247459 -0.027419
v -0.033446 0.290449 -0.038755
v -0.033333 0.269461 -0.037068
v -0.035647 0.298361 -0.035406
v -0.033962 0.265174 -0.034502
v -0.033590 0.255620 -0.029661
v -0.037786 0.290567 -0.038504
v -0.038700 0.268377 -0.035725
v -0.036967 0.258158 -0.030458
v -0.039921 0.263563 -0.032281
v -0.042458 0.274036 -0.037347
v -0.040651 0.293902 -0.037203
v -0.042856 0.296805 -0.034528
v -0.042824 0.260170 -0.031165
v -0.042509 0.309962 -0.027825
v -0.041725 0.255503 -0.028455
v -0.042520 0.252759 -0.024068
v -0.042932 0.291976 -0.036349
v -0.045793 0.262935 -0.031027
v -0.045774 0.294997 -0.033261
v -0.047543 0.260653 -0.028324
v -0.045099 0.260253 -0.030182
v -0.048386 0.263637 -0.029809
v -0.047772 0.300878 -0.028804
v -0.050891 0.267975 -0.030635
v -0.052908 0.286898 -0.029815
v -0.048648 0.289348 -0.032619
v -0.050331 0.293079 -0.030323
v -0.050657 0.260621 -0.023416
v -0.054895 0.277426 -0.031671
v -0.051925 0.265167 -0.028159
v -0.055320 0.260931 -0.019634
v -0.055495 0.255980 -0.015387
v -0.058675 0.275235 -0.028695
v -0.055952 0.292818 -0.027374
v -0.060263 0.268782 -0.022546
v -0.057227 0.285270 -0.026197
v -0.056846 0.295225 -0.026329
v -0.058063 0.290784 -0.023557
v -0.058495 0.260439 -0.014353
v -0.056937 0.304472 -0.017110
v -0.058487 0.303921 -0.017667
v -0.059692 0.258233 -0.011968
v -0.056928 0.309189 -0.009843
v -0.058589 0.309212 -0.009563
v -0.062409 0.278323 -0.024504
v -0.060671 0.296864 -0.021909
v -0.061802 0.264516 -0.013898
v -0.062458 0.307927 -0.013727
v -0.062752 0.311732 -0.008572
v -0.064421 0.269749 -0.015678
v -0.063335 0.272307 -0.019381
v -0.066378 0.288909 -0.013940
v -0.063755 0.306241 -0.015335
v -0.064599 0.304981 -0.014531
v -0.063503 0.307916 -0.013840
v -0.064540 0.308967 -0.012403
v -0.063598 0.309135 -0.012488
v -0.064487 0.259768 -0.006216
v -0.066679 0.269330 -0.008501
v -0.064756 0.298262 -0.011100
v -0.062903 0.255865 -0.007274
v -0.066467 0.308435 -0.007161
v -0.068004 0.277926 -0.015112
v -0.066488 0.271202 -0.012052
v -0.070119 0.269184 -0.002959
v -0.016827 0.319467 -0.021102
v -0.021750 0.321657 -0.013277
v -0.023049 0.321095 -0.018737
v -0.032540 0.320454 -0.010214
v -0.042804 0.317304 -0.013692
v -0.048907 0.314750 -0.012449
v -0.054738 0.311822 -0.006019
v -0.064200 0.313677 -0.005508
v -0.064706 0.313150 -0.001445
v -0.063797 0.314153 -0.002071
v -0.065099 0.313240 -0.006185
v -0.074748 0.105725 -0.033162
v -0.074820 0.103804 -0.028868
v -0.073677 0.100836 -0.024713
v -0.076307 0.109935 -0.021009
v -0.075888 0.109051 -0.017441
v -0.074541 0.083408 -0.000996
v -0.075140 0.086328 -0.002088
v -0.079644 0.110247 -0.033855
v -0.076886 0.107400 -0.028982
v -0.077852 0.112282 -0.022134
v -0.078535 0.113936 -0.019906
v -0.084679 0.119006 -0.014755
v -0.084018 0.113157 -0.036493
v -0.083844 0.115891 -0.023362
v -0.082205 0.115003 -0.039567
v -0.087667 0.115193 -0.034948
v -0.088401 0.117013 -0.024086
v -0.088606 0.120240 -0.041436
v -0.089736 0.117214 -0.032351
v -0.090132 0.118129 -0.025628
v -0.090892 0.121833 -0.015210
v -0.091351 0.120933 -0.020088
v -0.078566 0.177808 -0.048988
v -0.073670 0.182594 -0.045209
v -0.079174 0.176812 -0.019721
v -0.078762 0.173100 -0.014043
v -0.077923 0.160623 -0.064427
v -0.078315 0.121436 -0.044944
v -0.080185 0.180868 -0.040624
v -0.079216 0.179257 -0.025388
v -0.081781 0.168471 -0.008982
v -0.084436 0.159442 -0.063847
v -0.086744 0.164474 -0.062154
v -0.083489 0.176225 -0.048807
v -0.087256 0.178536 -0.039015
v -0.085364 0.167450 -0.060519
v -0.084094 0.172873 -0.054126
v -0.087058 0.122041 -0.006214
v -0.091669 0.153688 -0.061212
v -0.090866 0.164929 -0.059916
v -0.092020 0.134384 -0.050859
v -0.092693 0.125739 -0.041889
v -0.089558 0.176803 -0.043877
v -0.092844 0.123853 -0.015757
v -0.096207 0.148697 -0.058307
v -0.093152 0.148870 -0.059172
v -0.096994 0.166213 -0.055223
v -0.093958 0.134336 -0.049266
v -0.096928 0.139747 -0.050024
v -0.094009 0.170841 -0.051943
v -0.095925 0.134799 -0.045565
v -0.091705 0.121710 -0.036559
v -0.094425 0.126776 -0.023882
v -0.096160 0.175789 -0.016820
v -0.091232 0.125532 -0.006590
v -0.096556 0.153425 -0.060313
v -0.098786 0.156166 -0.059103
v -0.098735 0.159632 -0.058620
v -0.100468 0.157924 -0.056626
v -0.098315 0.144961 -0.052872
v -0.100798 0.150160 -0.047805
v -0.098731 0.141089 -0.043054
v -0.095100 0.177751 -0.034045
v -0.098279 0.136987 -0.030480
v -0.099027 0.138863 -0.017251
v -0.100437 0.174845 -0.016814
v -0.101359 0.171795 -0.012304
v -0.098725 0.169988 -0.009040
v -0.099849 0.163989 -0.004822
v -0.103575 0.167921 -0.046078
v -0.104392 0.165222 -0.043573
v -0.103381 0.174834 -0.032000
v -0.100247 0.176617 -0.024272
v -0.105092 0.172039 -0.022065
v -0.102057 0.149146 -0.015574
v -0.104893 0.171191 -0.018962
v -0.104131 0.158828 -0.012449
v -0.105066 0.166889 -0.015026
v -0.103805 0.159901 -0.008762
v -0.103707 0.166169 -0.010341
v -0.102687 0.157567 -0.004657
v -0.103167 0.154984 -0.007812
v -0.103185 0.161510 -0.006903
v -0.105472 0.167870 -0.036767
v -0.012527 0.038931 0.029480
v -0.011519 0.030076 0.033748
v -0.010830 0.058407 0.035310
v -0.015928 0.058204 0.033437
v -0.018228 0.002039 0.049367
v -0.017653 0.044286 0.026034
v -0.021179 0.058848 0.031324
v -0.022428 0.013568 0.047353
v -0.024379 0.043108 0.020120
v -0.023997 0.033922 0.024095
v -0.025349 0.027600 0.027902
v -0.022464 0.001908 0.047546
v -0.023703 0.010981 0.048526
v -0.028730 0.041951 0.014230
v -0.029757 0.050483 0.014052
v -0.029585 0.029787 0.020571
v -0.027165 0.003474 0.046673
v -0.030374 0.045633 0.009831
v -0.033429 0.030102 0.014321
v -0.030989 0.054768 0.014872
v -0.032026 0.003140 0.043561
v -0.030248 0.011110 0.044821
v -0.028971 0.014075 0.043082
v -0.035237 0.031974 0.005593
v -0.035155 0.056854 0.006417
v -0.034338 0.057562 0.012597
v -0.032498 0.057810 0.018067
v -0.033542 0.000654 0.038074
v -0.036629 0.003440 0.040385
v -0.039440 0.025439 0.004774
v -0.039165 0.001278 0.035124
v -0.041071 0.005084 0.037388
v -0.040322 0.002892 0.036489
v -0.040768 0.010176 0.036843
v -0.036302 0.010301 0.040861
v -0.037046 0.007772 0.041322
v -0.041171 0.019286 0.019831
v -0.041982 0.015013 0.030001
v -0.048627 0.000645 0.009988
v -0.046154 0.000305 0.019609
v -0.047391 0.002443 0.026699
v -0.048678 0.006612 0.027984
v -0.044584 0.012518 0.031043
v -0.044884 0.004624 0.032503
v -0.045550 0.010033 0.031814
v -0.050729 0.000912 0.005177
v -0.050936 0.001677 0.009292
v -0.050596 0.014116 0.011003
v -0.047528 0.000407 0.014790
v -0.052335 0.004828 0.017342
v -0.050285 0.012406 0.018686
v -0.050595 0.006451 0.023850
v -0.049118 0.009146 0.026352
v -0.047841 0.011906 0.026425
v -0.054773 0.010029 0.003017
v -0.053152 0.012743 0.003125
v -0.053192 0.002205 0.004712
v -0.052628 0.003331 0.010410
v -0.052793 0.011971 0.011116
v -0.054375 0.007872 0.011494
v -0.052630 0.007086 0.017801
v -0.012245 0.072083 0.032041
v -0.012361 0.071191 0.032283
v -0.014738 0.070213 0.032415
v -0.012307 0.072950 0.032101
v -0.010669 0.065005 0.037039
v -0.011588 0.107174 0.045523
v -0.016035 0.088091 0.046600
v -0.015046 0.091978 0.047025
v -0.013864 0.096571 0.047077
v -0.014912 0.071630 0.031710
v -0.018955 0.072330 0.030953
v -0.018858 0.070767 0.031008
v -0.016157 0.062404 0.035558
v -0.015690 0.064611 0.035513
v -0.016268 0.060475 0.035023
v -0.017188 0.076787 0.035348
v -0.017941 0.102478 0.038112
v -0.016574 0.106703 0.037997
v -0.017349 0.116891 0.036468
v -0.014584 0.079071 0.040013
v -0.016933 0.079899 0.040509
v -0.018216 0.081060 0.040696
v -0.018961 0.092551 0.039425
v -0.017922 0.097686 0.039398
v -0.015707 0.105825 0.038899
v -0.016653 0.102167 0.039220
v -0.015313 0.082556 0.045601
v -0.015697 0.084770 0.046716
v -0.023003 0.070093 0.029826
v -0.019903 0.075642 0.033073
v -0.019314 0.083055 0.040045
v -0.020420 0.081725 0.038092
v -0.020629 0.084808 0.038332
v -0.019629 0.087148 0.039577
v -0.020965 0.087512 0.038090
v -0.020667 0.108717 0.037868
v -0.026831 0.068727 0.028236
v -0.022999 0.087341 0.037270
v -0.029794 0.067658 0.026246
v -0.024963 0.060235 0.029901
v -0.030490 0.069107 0.026297
v -0.036029 0.116268 0.040938
v -0.036787 0.080071 -0.000703
v -0.037665 0.077266 0.005018
v -0.036803 0.071820 0.008439
v -0.037587 0.073965 0.011298
v -0.036441 0.059804 0.012358
v -0.037878 0.063933 0.011460
v -0.036271 0.069479 0.014014
v -0.036365 0.067724 0.013228
v -0.035492 0.067505 0.017916
v -0.035904 0.069713 0.019482
v -0.035096 0.069776 0.022170
v -0.037664 0.073250 0.020447
v -0.035603 0.077835 0.032210
v -0.043732 0.106287 0.043778
v -0.038767 0.061621 0.006240
v -0.039049 0.064056 0.005944
v -0.039225 0.080249 0.005517
v -0.038385 0.082081 0.001255
v -0.041098 0.081496 0.005349
v -0.039782 0.079075 0.009358
v -0.043312 0.080040 0.009849
v -0.038681 0.076264 0.012852
v -0.038407 0.074117 0.023551
v -0.039723 0.074838 0.023727
v -0.041262 0.078310 0.032420
v -0.041064 0.080408 0.034510
v -0.041215 0.122059 0.039359
v -0.045337 0.076618 0.017924
v -0.042389 0.076923 0.018020
v -0.042001 0.075545 0.025900
v -0.047188 0.079574 0.033166
v -0.049418 0.079453 0.008556
v -0.049369 0.098188 0.041794
v -0.052997 0.114996 0.042450
v -0.054886 0.112079 0.042716
v -0.057496 0.077448 0.023605
v -0.056500 0.109703 0.042144
v -0.056399 0.077261 0.011281
v -0.058140 0.084144 0.029603
v -0.060301 0.092205 0.032734
v -0.058934 0.105866 0.039692
v -0.066002 0.079210 0.001068
v -0.063509 0.077641 0.008486
v -0.061646 0.077150 0.016401
v -0.066117 0.080780 0.018316
v -0.068484 0.079025 0.004907
v -0.069353 0.086118 0.014435
v -0.067386 0.084392 0.018651
v -0.069510 0.114543 0.026835
v -0.067473 0.119977 0.028589
v -0.072598 0.080840 0.003180
v -0.070220 0.082082 0.008229
v -0.072217 0.082618 0.006587
v -0.070905 0.086877 0.011200
v -0.011817 0.160411 0.026056
v -0.012719 0.135823 0.035146
v -0.015494 0.140649 0.036109
v -0.014270 0.144292 0.037207
v -0.012566 0.144304 0.036684
v -0.013449 0.148030 0.037659
v -0.015045 0.149466 0.038047
v -0.013630 0.151437 0.037631
v -0.016828 0.159917 0.024112
v -0.019697 0.128847 0.034545
v -0.016647 0.133109 0.033986
v -0.015150 0.135800 0.034607
v -0.017003 0.144387 0.036745
v -0.018220 0.147568 0.036643
v -0.016263 0.153710 0.035939
v -0.017777 0.152521 0.036178
v -0.016399 0.156410 0.031938
v -0.015613 0.147159 0.037869
v -0.025902 0.177841 0.006203
v -0.023789 0.162838 0.020661
v -0.020950 0.160577 0.023610
v -0.022938 0.135261 0.032983
v -0.022424 0.142498 0.031596
v -0.021051 0.155550 0.031738
v -0.021614 0.154439 0.032153
v -0.018436 0.154859 0.033813
v -0.025824 0.182904 0.004293
v -0.024257 0.159897 0.025305
v -0.025209 0.152982 0.028888
v -0.023059 0.157177 0.029148
v -0.027324 0.157445 0.025838
v -0.025854 0.159129 0.025761
v -0.026607 0.140054 0.031727
v -0.024182 0.155956 0.029190
v -0.027150 0.173145 0.009251
v -0.028680 0.160606 0.022962
v -0.031728 0.165600 0.017197
v -0.035132 0.135094 0.033506
v -0.031602 0.128210 0.036287
v -0.041401 0.173995 0.005456
v -0.033978 0.151090 0.025464
v -0.040632 0.142519 0.029091
v -0.047058 0.128570 0.034754
v -0.047151 0.168454 0.007420
v -0.052401 0.146463 0.021231
v -0.060549 0.146913 0.015355
v -0.060439 0.138395 0.021926
v -0.068670 0.151651 0.007614
v -0.068867 0.145110 0.011794
v -0.068294 0.134256 0.019445
v -0.068702 0.127306 0.023493
v -0.014619 0.188996 0.010433
v -0.018940 0.218190 0.020291
v -0.025855 0.189087 0.003878
v -0.023849 0.213913 0.016638
v -0.020959 0.221664 0.022391
v -0.025808 0.228531 0.030016
v -0.024047 0.242688 0.034670
v -0.025928 0.215687 0.017085
v -0.024962 0.219278 0.021276
v -0.030491 0.190026 0.000283
v -0.030609 0.196627 0.002035
v -0.035309 0.223195 0.029448
v -0.031202 0.208419 0.007261
v -0.032094 0.213166 0.009802
v -0.033232 0.214336 0.011180
v -0.034546 0.215423 0.016931
v -0.036593 0.214539 -0.001028
v -0.041957 0.218014 -0.000443
v -0.038659 0.216002 0.000229
v -0.040778 0.215670 0.004374
v -0.047159 0.215864 0.006371
v -0.041161 0.215946 0.022490
v -0.044024 0.220701 0.028263
v -0.043690 0.229893 0.031780
v -0.042041 0.242400 0.036025
v -0.043027 0.214395 0.017406
v -0.051341 0.217496 0.024338
v -0.054146 0.219316 0.005298
v -0.052237 0.215809 0.010116
v -0.054760 0.216790 0.010745
v -0.054790 0.216013 0.014282
v -0.053629 0.219701 0.024431
v -0.054728 0.225217 0.024333
v -0.056155 0.227209 -0.000994
v -0.058409 0.222787 0.010901
v -0.056698 0.217360 0.015456
v -0.055869 0.216793 0.019089
v -0.057074 0.218474 0.019380
v -0.054278 0.216508 0.021456
v -0.058683 0.228288 0.022488
v -0.058775 0.240951 0.027480
v -0.063694 0.240140 0.012077
v -0.064006 0.236463 0.017219
v -0.062466 0.233932 0.022700
v -0.062036 0.236310 0.024333
v -0.063749 0.237866 0.022319
v -0.061248 0.234361 0.024532
v -0.062684 0.245893 0.027957
v -0.064037 0.240775 0.003469
v -0.064797 0.244631 0.012193
v -0.063891 0.236097 0.019986
v -0.067570 0.241660 0.017496
v -0.068317 0.243911 0.017622
v -0.070124 0.242914 0.020089
v -0.068972 0.240763 0.025102
v -0.068780 0.241998 0.027177
v -0.070294 0.243137 0.026565
v -0.070424 0.241347 0.024814
v -0.070753 0.242021 0.025271
v -0.013381 0.301450 0.034988
v -0.017757 0.301932 0.035830
v -0.024502 0.270812 0.043050
v -0.017421 0.291795 0.041636
v -0.025544 0.262351 0.038340
v -0.023943 0.299104 0.037448
v -0.025187 0.298116 0.038826
v -0.023536 0.283762 0.044516
v -0.028977 0.268127 0.041402
v -0.030903 0.264204 0.039332
v -0.032369 0.304601 0.036445
v -0.034878 0.304596 0.040920
v -0.034371 0.306683 0.035274
v -0.035495 0.306654 0.036287
v -0.036602 0.302961 0.042201
v -0.040288 0.310443 0.036321
v -0.037248 0.294482 0.041436
v -0.038555 0.307263 0.040852
v -0.041759 0.307249 0.041022
v -0.039914 0.304515 0.041604
v -0.042218 0.295931 0.039901
v -0.046608 0.273404 0.040175
v -0.041871 0.300932 0.040518
v -0.044985 0.309412 0.039877
v -0.046702 0.290125 0.042241
v -0.050608 0.257473 0.033185
v -0.050530 0.301437 0.035455
v -0.051370 0.278203 0.039151
v -0.048881 0.295036 0.038902
v -0.049470 0.303451 0.036550
v -0.052892 0.247485 0.030562
v -0.054187 0.257948 0.029919
v -0.053910 0.272063 0.038767
v -0.056987 0.290222 0.038619
v -0.055840 0.292257 0.038500
v -0.056501 0.254736 0.026764
v -0.057388 0.258208 0.026328
v -0.059024 0.260930 0.026660
v -0.059157 0.304114 0.027844
v -0.058993 0.263308 0.029023
v -0.059651 0.300896 0.028264
v -0.056060 0.275441 0.036970
v -0.060383 0.279444 0.033130
v -0.058368 0.294466 0.035764
v -0.055786 0.298285 0.034024
v -0.054542 0.266910 0.037802
v -0.063937 0.310085 0.009355
v -0.063069 0.300275 0.024171
v -0.065029 0.257699 0.025725
v -0.064268 0.260603 0.025749
v -0.064072 0.265794 0.027626
v -0.061942 0.306912 0.023404
v -0.058546 0.268428 0.035615
v -0.058687 0.271299 0.036197
v -0.060346 0.292038 0.035567
v -0.065972 0.308174 0.001775
v -0.066572 0.308177 -0.002325
v -0.064935 0.252179 0.001393
v -0.067082 0.303278 0.006256
v -0.066366 0.248517 0.015519
v -0.064804 0.254619 0.013214
v -0.065186 0.257814 0.013736
v -0.064855 0.306991 0.014579
v -0.067684 0.255191 0.017995
v -0.067694 0.266613 0.023496
v -0.066931 0.293893 0.023359
v -0.065958 0.248480 0.027346
v -0.066264 0.270669 0.026425
v -0.064700 0.279632 0.027805
v -0.064853 0.291917 0.029813
v -0.062786 0.271713 0.031821
v -0.062717 0.295130 0.030865
v -0.070843 0.275440 0.000017
v -0.071716 0.265437 0.007010
v -0.072378 0.272198 0.006381
v -0.069009 0.298068 0.003849
v -0.070286 0.264444 0.010001
v -0.071411 0.278311 0.009913
v -0.072435 0.291361 0.012202
v -0.069349 0.251830 0.020083
v -0.068751 0.260691 0.019990
v -0.067211 0.283361 0.022408
v -0.067779 0.289744 0.023139
v -0.069993 0.251878 0.022075
v -0.069241 0.255650 0.023154
v -0.067452 0.254900 0.025671
v -0.072667 0.281352 -0.001231
v -0.070907 0.292935 -0.001526
v -0.072569 0.269353 0.003393
v -0.073318 0.282802 0.004758
v -0.074011 0.288247 0.004757
v -0.073098 0.291691 0.003622
v -0.073354 0.286184 0.010337
v -0.073709 0.289623 0.009262
v -0.073011 0.292351 0.008395
v -0.072279 0.288088 0.013882
v -0.016799 0.324998 0.007082
v -0.021899 0.322546 -0.005017
v -0.017964 0.324626 0.003092
v -0.019680 0.323065 0.015759
v -0.027838 0.320663 0.022725
v -0.025725 0.318266 0.027035
v -0.027474 0.324702 0.003260
v -0.027482 0.324992 0.006389
v -0.030710 0.321425 0.018680
v -0.037802 0.321103 0.010048
v -0.033876 0.317224 0.026249
v -0.043042 0.313316 0.029268
v -0.044415 0.313851 0.030358
v -0.040965 0.320378 0.003394
v -0.046233 0.316268 0.015768
v -0.049953 0.318083 0.029830
v -0.050109 0.317409 0.033396
v -0.052427 0.314300 0.008403
v -0.051427 0.314872 0.012256
v -0.050569 0.315603 0.017807
v -0.051641 0.318528 0.025485
v -0.055706 0.312443 -0.001788
v -0.055834 0.317753 0.018070
v -0.057354 0.318254 0.019790
v -0.053950 0.319310 0.022955
v -0.057476 0.319072 0.023307
v -0.055012 0.320293 0.027214
v -0.056623 0.319979 0.025791
v -0.056450 0.319593 0.022733
v -0.053345 0.319633 0.029338
v -0.056327 0.319565 0.028210
v -0.055668 0.317128 0.031388
v -0.053893 0.317775 0.032347
v -0.061061 0.314784 0.001869
v -0.059784 0.314784 0.006498
v -0.058851 0.315257 0.010460
v -0.057995 0.316120 0.014468
v -0.060948 0.314208 0.015462
v -0.058437 0.317760 0.020639
v -0.058559 0.317892 0.024067
v -0.058607 0.312134 0.029474
v -0.059982 0.313725 0.026698
v -0.063873 0.313255 0.001517
v -0.062792 0.314327 0.001271
v -0.064883 0.309417 0.005636
v -0.062971 0.313029 0.004735
v -0.062170 0.311855 0.016870
v -0.074772 0.100298 -0.001589
v -0.075983 0.103823 0.000398
v -0.074462 0.082539 0.004746
v -0.077265 0.108221 0.002949
v -0.074119 0.106154 0.016551
v -0.073995 0.117580 0.019173
v -0.077838 0.089846 0.001180
v -0.078196 0.089347 0.003328
v -0.079596 0.097794 0.006460
v -0.081330 0.118657 0.003109
v -0.079468 0.101319 0.005677
v -0.078566 0.099235 0.010707
v -0.080213 0.109795 0.009358
v -0.079991 0.109467 0.012498
v -0.079643 0.114154 0.014433
v -0.076700 0.147733 0.006648
v -0.075007 0.149961 0.006469
v -0.073493 0.127333 0.018033
v -0.072732 0.132342 0.016656
v -0.082541 0.152259 0.002111
v -0.080553 0.138139 0.006949
v -0.080527 0.127815 0.009246
v -0.079528 0.130443 0.011444
v -0.085174 0.145803 0.004351
v -0.084062 0.130180 0.005920
v -0.086939 0.138132 0.005562
v -0.090542 0.132137 0.003411
v -0.091442 0.142156 0.004799
v -0.093301 0.130921 0.000225
v -0.095413 0.137260 0.003348
v -0.093281 0.138707 0.004549
v -0.095765 0.159270 -0.000871
v -0.096909 0.135864 0.001246
v -0.099928 0.143222 -0.000638
v -0.101076 0.154826 -0.001180
v -0.097508 0.140416 0.002869
v -0.099176 0.144345 0.001598
v -0.101949 0.153617 -0.002255
v 0.064294 0.105691 -0.027999
v 0.062104 0.099525 -0.021499
v 0.051482 0.009232 -0.006442
v 0.027154 0.049926 -0.009182
v 0.023701 0.041745 -0.016342
v -0.005679 0.052852 -0.029752
v 0.029120 0.078810 -0.012743
v -0.003093 0.099644 -0.035084
v 0.016566 0.205834 -0.019874
v 0.006453 0.200449 -0.044189
v 0.020991 0.270537 -0.015508
v 0.022100 0.272156 -0.013328
v 0.042915 0.001615 0.024282
v 0.009569 0.058347 0.034951
v 0.047965 0.080958 0.012891
v -0.007191 0.074223 0.033507
v 0.018616 0.165898 0.029486
v 0.034420 0.194516 0.003407
v 0.010683 0.203842 0.001024
v -0.028038 0.046786 -0.015550
v -0.029891 0.010118 -0.045173
v -0.033917 0.006296 -0.042528
v -0.038974 0.026624 -0.001951
v -0.041637 0.003472 -0.034344
v -0.009581 0.108223 -0.035234
v -0.038948 0.116743 -0.025915
v -0.072871 0.099203 -0.016026
v -0.038565 0.183311 -0.005616
v -0.023408 0.207885 -0.041967
v -0.086531 0.119081 -0.016990
v -0.098565 0.153141 -0.058807
v -0.010625 0.060331 0.036710
v -0.021196 0.113966 0.037975
v -0.059969 0.078620 0.005210
v -0.056164 0.165071 0.005587
v -0.029314 0.213982 0.013705
v -0.052900 0.223908 -0.001361
v -0.061310 0.234048 0.002330
v -0.041298 0.267976 0.040084
v -0.038740 0.272413 0.041715
v -0.067521 0.259688 0.017291
v -0.056384 0.313474 0.002883
v -0.098131 0.151865 0.001636
v -0.098047 0.145554 0.002881
v -0.094980 0.143532 0.004201
v -0.087969 0.134020 0.005162
v -0.084082 0.134781 0.006208
v -0.081229 0.144153 0.005128
v -0.079440 0.125874 0.013383
v -0.078379 0.126103 0.014700
v -0.078476 0.121529 0.015631
v -0.076608 0.136990 0.012017
v -0.079698 0.121491 0.014351
v -0.079254 0.143147 0.006165
v -0.080519 0.132645 0.008690
v -0.080561 0.122225 0.006735
v -0.079040 0.117303 0.015391
v -0.078811 0.109480 0.014128
v -0.078352 0.103942 0.012954
v -0.079761 0.120753 0.008689
v -0.079750 0.104832 0.007087
v -0.076692 0.089640 0.007832
v -0.079173 0.116313 0.005705
v -0.079066 0.093875 0.004565
v -0.077663 0.094676 0.001219
v -0.073178 0.099675 0.015102
v -0.077694 0.109204 0.000843
v -0.065033 0.311181 0.002009
v -0.061764 0.311570 0.021511
v -0.057825 0.318279 0.027111
v -0.060877 0.314470 0.019415
v -0.058020 0.317047 0.017268
v -0.058005 0.314506 0.006218
v -0.054301 0.319448 0.029972
v -0.053664 0.319930 0.026241
v -0.055078 0.314551 0.009080
v -0.052608 0.316009 0.034267
v -0.051406 0.318603 0.031361
v -0.054897 0.315660 0.013832
v -0.049120 0.317390 0.032502
v -0.046072 0.315054 0.034819
v -0.047039 0.315252 0.027002
v -0.046259 0.315161 0.020995
v -0.040629 0.311559 0.032231
v -0.039435 0.311722 0.031131
v -0.037667 0.312611 0.030221
v -0.034025 0.323354 0.004762
v -0.028571 0.322058 -0.003892
v -0.023803 0.314336 0.030346
v -0.012877 0.323670 0.010623
v -0.072482 0.289736 -0.000844
v -0.071740 0.285590 -0.004656
v -0.070691 0.247944 0.024639
v -0.068521 0.262937 0.021977
v -0.070130 0.246724 0.020229
v -0.071426 0.269853 0.013700
v -0.070646 0.267055 0.014840
v -0.069632 0.264934 0.014687
v -0.068030 0.299010 0.010459
v -0.071314 0.272996 0.001223
v -0.066093 0.261858 0.025373
v -0.064935 0.253996 0.026179
v -0.065573 0.299221 0.018269
v -0.067072 0.261431 0.014991
v -0.067768 0.261787 0.009958
v -0.060022 0.297599 0.031426
v -0.053174 0.296511 0.036807
v -0.054689 0.300686 0.032827
v -0.051483 0.299649 0.035370
v -0.046659 0.304387 0.038835
v -0.046249 0.299288 0.037754
v -0.037801 0.305779 0.041469
v -0.035356 0.299638 0.042196
v -0.034237 0.300853 0.042446
v -0.035820 0.306101 0.039243
v -0.032124 0.306306 0.034839
v -0.028669 0.299396 0.040796
v -0.022038 0.291552 0.042334
v -0.021908 0.294752 0.039865
v -0.024115 0.258471 0.036678
v -0.015390 0.297333 0.035757
v -0.070979 0.242199 0.022345
v -0.066626 0.245049 0.028211
v -0.064850 0.238816 0.022423
v -0.062871 0.233146 0.020087
v -0.064446 0.238010 0.020219
v -0.062441 0.240230 0.026507
v -0.062031 0.241784 0.027732
v -0.060592 0.238881 0.026363
v -0.061990 0.234540 0.010885
v -0.055499 0.233570 -0.006587
v -0.055439 0.240215 0.028154
v -0.057012 0.236292 0.027274
v -0.057751 0.220749 0.019488
v -0.056389 0.220908 0.022173
v -0.057882 0.219961 0.012189
v -0.057607 0.222585 0.007310
v -0.052064 0.214950 0.015814
v -0.047185 0.214104 0.015090
v -0.048723 0.224939 0.027818
v -0.038158 0.214731 0.009648
v -0.034735 0.214872 0.012299
v -0.032939 0.209487 0.005179
v -0.033064 0.219459 0.025594
v -0.027661 0.216688 0.018287
v -0.022468 0.199381 0.009979
v -0.015185 0.185178 0.008926
v -0.065263 0.130658 0.024388
v -0.064182 0.162412 0.002082
v -0.049781 0.135189 0.030005
v -0.055110 0.172446 -0.000232
v -0.038608 0.125516 0.037823
v -0.034067 0.124433 0.038841
v -0.027371 0.162239 0.021959
v -0.028065 0.152573 0.027078
v -0.024942 0.146457 0.030117
v -0.019470 0.153898 0.034203
v -0.021074 0.148513 0.032961
v -0.019720 0.137342 0.032727
v -0.015075 0.152313 0.037243
v -0.019418 0.144464 0.033890
v -0.018153 0.138500 0.033376
v -0.016206 0.164990 0.019206
v -0.015514 0.181595 0.009007
v -0.017305 0.177843 0.009684
v -0.009184 0.143281 0.034661
v -0.011222 0.132406 0.035024
v -0.010997 0.181355 0.011524
v -0.073071 0.086894 0.008918
v -0.063513 0.109449 0.035637
v -0.062551 0.101718 0.034980
v -0.062990 0.089774 0.027186
v -0.057941 0.117131 0.039007
v -0.050491 0.075613 0.023340
v -0.041017 0.087095 0.038774
v -0.041547 0.076857 0.029615
v -0.042159 0.114988 0.042070
v -0.038129 0.075890 0.028464
v -0.039399 0.076121 0.017176
v -0.039825 0.077621 0.013535
v -0.043072 0.078454 0.014220
v -0.038188 0.066696 0.005840
v -0.037606 0.080318 0.001695
v -0.039428 0.064034 -0.003005
v -0.037002 0.072471 0.023155
v -0.034140 0.060181 0.018710
v -0.035239 0.062528 0.018272
v -0.036721 0.069778 0.007257
v -0.036598 0.072489 0.003591
v -0.031139 0.120529 0.038887
v -0.031483 0.099608 0.040175
v -0.027728 0.070419 0.028255
v -0.025814 0.062908 0.029929
v -0.025273 0.105616 0.038844
v -0.024078 0.081808 0.036238
v -0.024279 0.073779 0.030592
v -0.020879 0.098411 0.037918
v -0.019551 0.079888 0.037980
v -0.018870 0.068163 0.032424
v -0.014416 0.083885 0.047154
v -0.016992 0.092166 0.042962
v -0.017939 0.112392 0.037278
v -0.013628 0.091184 0.048353
v -0.012137 0.088128 0.048740
v -0.012044 0.083148 0.047136
v -0.014858 0.121799 0.035994
v -0.010458 0.062478 0.037297
v -0.053871 0.005543 0.010941
v -0.055296 0.007177 0.002720
v -0.049771 0.002481 0.021908
v -0.048808 0.017300 0.001062
v -0.045939 0.001052 0.025637
v -0.044471 0.018865 0.011575
v -0.034885 0.013074 0.039718
v -0.039531 0.012758 0.035898
v -0.039300 0.018465 0.025151
v -0.037319 0.024695 0.015023
v -0.035407 0.015460 0.036029
v -0.031526 0.008185 0.045143
v -0.031398 0.041275 0.006143
v -0.026835 0.005574 0.047704
v -0.025235 0.037820 0.020227
v -0.023158 0.001471 0.013047
v -0.020636 0.017123 0.043410
v -0.018281 0.001162 0.047848
v -0.020371 0.035290 0.026326
v -0.013954 0.015239 0.048629
v -0.018318 0.021617 0.039060
v -0.014509 0.054562 0.030515
v -0.017866 0.038731 0.026817
v -0.011726 0.018791 0.044450
v -0.105144 0.164127 -0.017852
v -0.105937 0.170538 -0.027768
v -0.102611 0.167702 -0.009694
v -0.102137 0.150173 -0.031469
v -0.103062 0.173748 -0.038352
v -0.099782 0.140971 -0.006582
v -0.098545 0.172596 -0.011875
v -0.100040 0.175750 -0.037735
v -0.100081 0.153518 -0.056021
v -0.097936 0.148865 -0.057214
v -0.095672 0.165605 -0.005126
v -0.093830 0.130300 -0.045551
v -0.092773 0.144177 -0.056785
v -0.090607 0.124695 -0.044186
v -0.089063 0.134928 -0.051955
v -0.090476 0.162357 -0.061738
v -0.089973 0.123403 -0.009814
v -0.084476 0.178593 -0.024907
v -0.083446 0.179598 -0.035177
v -0.079970 0.160363 -0.002670
v -0.077917 0.141701 -0.054817
v -0.092111 0.121257 -0.028459
v -0.082155 0.113703 -0.027147
v -0.079456 0.112113 -0.026090
v -0.073295 0.093478 -0.003987
v -0.074422 0.105125 -0.020182
v -0.056479 0.311146 -0.005616
v -0.046659 0.317235 -0.006160
v -0.032948 0.319899 -0.016276
v -0.034233 0.312764 -0.027927
v -0.016548 0.320852 -0.018750
v -0.014136 0.321338 -0.012999
v -0.019194 0.315863 -0.025153
v -0.069725 0.281449 -0.009924
v -0.066537 0.309894 -0.005348
v -0.065908 0.310470 -0.009047
v -0.065257 0.304453 -0.012181
v -0.065880 0.306427 -0.010245
v -0.064474 0.303064 -0.014631
v -0.065920 0.278238 -0.018294
v -0.064422 0.281916 -0.021030
v -0.061533 0.308723 -0.012196
v -0.062963 0.299389 -0.017716
v -0.061588 0.299249 -0.020900
v -0.060000 0.292976 -0.021116
v -0.062633 0.274944 -0.022278
v -0.057996 0.311168 -0.005335
v -0.055206 0.309851 -0.010289
v -0.058983 0.306977 -0.013571
v -0.057614 0.299490 -0.022757
v -0.057480 0.294592 -0.026116
v -0.052912 0.311731 -0.011324
v -0.055468 0.290661 -0.027381
v -0.056946 0.281247 -0.029207
v -0.048244 0.309897 -0.023079
v -0.043052 0.306368 -0.030381
v -0.036443 0.252012 -0.027532
v -0.039277 0.298405 -0.034931
v -0.031941 0.276009 -0.038521
v -0.036212 0.266293 -0.035054
v -0.027621 0.294259 -0.036495
v -0.023370 0.272437 -0.039267
v -0.019344 0.296605 -0.038556
v -0.018543 0.276098 -0.041034
v -0.015197 0.304729 -0.034765
v -0.054966 0.242959 -0.012107
v -0.047244 0.191072 -0.022778
v -0.044473 0.185273 -0.059495
v -0.048799 0.231402 -0.009998
v -0.036049 0.214105 -0.008059
v -0.036482 0.195030 -0.010608
v -0.031108 0.235562 -0.025930
v -0.027502 0.236655 -0.028841
v -0.027563 0.218520 -0.031816
v -0.029307 0.198875 -0.049336
v -0.022967 0.238386 -0.030096
v -0.015980 0.232148 -0.031924
v -0.014093 0.222859 -0.034993
v -0.014626 0.215533 -0.038599
v -0.063834 0.128886 -0.040256
v -0.060318 0.184060 -0.015965
v -0.055004 0.149468 -0.047790
v -0.057420 0.160303 -0.063335
v -0.028987 0.154579 -0.049906
v -0.018077 0.164051 -0.063345
v -0.016274 0.161812 -0.059456
v -0.015990 0.141569 -0.041964
v -0.013354 0.148158 -0.044807
v -0.070711 0.087086 -0.010962
v -0.069996 0.088301 -0.016598
v -0.071902 0.094242 -0.019367
v -0.072620 0.097326 -0.022210
v -0.071838 0.096165 -0.023811
v -0.068145 0.081953 -0.005244
v -0.061621 0.083667 -0.009458
v -0.046455 0.101565 -0.017935
v -0.038708 0.066667 -0.003353
v -0.037582 0.089649 -0.007324
v -0.041416 0.097652 -0.013094
v -0.036177 0.082695 -0.004084
v -0.034597 0.074146 -0.008790
v -0.033313 0.068060 -0.017209
v -0.026475 0.071949 -0.022954
v -0.025252 0.076086 -0.023491
v -0.022850 0.089334 -0.027469
v -0.019178 0.081683 -0.028256
v -0.019911 0.096671 -0.030743
v -0.011257 0.081537 -0.031129
v -0.010661 0.075976 -0.031078
v -0.054337 0.002985 -0.000521
v -0.054072 0.003236 -0.005691
v -0.052982 0.001859 -0.005677
v -0.053996 0.005476 -0.010647
v -0.049017 0.017167 -0.003801
v -0.046650 0.000507 -0.009415
v -0.050209 0.001031 -0.010273
v -0.050771 0.002258 -0.015843
v -0.048413 0.005747 -0.025917
v -0.043834 0.000742 -0.018737
v -0.040246 0.000754 -0.023493
v -0.041215 0.023897 -0.001420
v -0.035270 0.009377 -0.041387
v -0.032321 0.053383 -0.009018
v -0.028003 0.041708 -0.015139
v -0.023196 0.036015 -0.023213
v -0.020356 0.006432 -0.049737
v -0.009286 0.001084 -0.044671
v -0.025419 0.170562 -0.067898
v -0.007169 0.322305 0.007342
v -0.008480 0.323556 0.002298
v -0.003922 0.321421 -0.000704
v 0.001157 0.310869 0.019731
v -0.011312 0.295766 0.035172
v 0.004930 0.291960 0.024464
v 0.006344 0.258232 0.024994
v 0.013072 0.284130 0.021694
v 0.014539 0.278576 0.018981
v 0.018139 0.286563 0.009681
v -0.011879 0.221921 0.022614
v -0.010684 0.203481 0.017679
v -0.002989 0.207671 0.017969
v -0.002075 0.231572 0.020786
v 0.003930 0.200910 0.011640
v 0.007818 0.238969 0.006098
v 0.013312 0.189560 0.002207
v 0.034653 0.188330 0.012359
v -0.013816 0.127254 0.035155
v -0.009653 0.159881 0.030496
v -0.007414 0.153102 0.034710
v -0.007154 0.130438 0.037381
v -0.006571 0.147203 0.033296
v -0.004530 0.147587 0.032424
v -0.004794 0.142589 0.033188
v -0.001557 0.131005 0.043333
v -0.000988 0.135875 0.040342
v -0.003562 0.137399 0.035899
v 0.001609 0.164348 0.026304
v 0.008053 0.164820 0.025490
v 0.008085 0.127709 0.046950
v 0.008897 0.131298 0.045351
v 0.018736 0.129682 0.050308
v 0.022969 0.125670 0.050777
v 0.021743 0.159533 0.033861
v 0.026759 0.139013 0.046935
v 0.027495 0.128949 0.046979
v 0.029851 0.128251 0.045459
v 0.027280 0.158970 0.037243
v 0.032277 0.157440 0.037765
v 0.034630 0.184546 0.016866
v 0.044387 0.154751 0.031282
v 0.046939 0.156813 0.029143
v -0.009960 0.106900 0.047161
v -0.010121 0.095743 0.048741
v -0.011568 0.077529 0.037754
v -0.009752 0.073040 0.032549
v -0.004273 0.087371 0.053239
v -0.005781 0.091799 0.050346
v -0.000451 0.094939 0.054633
v -0.001261 0.082258 0.049522
v -0.001562 0.079294 0.041608
v 0.000910 0.066771 0.037130
v 0.000771 0.072990 0.033871
v 0.000687 0.070353 0.034392
v 0.003460 0.113574 0.051161
v 0.003070 0.108147 0.053585
v 0.002851 0.083138 0.051128
v 0.003196 0.118135 0.047871
v 0.001164 0.113525 0.048534
v 0.005296 0.089635 0.054120
v 0.005127 0.122979 0.046996
v 0.007429 0.074192 0.033993
v 0.008754 0.096365 0.054409
v 0.009894 0.082735 0.047104
v 0.010593 0.063489 0.036823
v 0.011715 0.070518 0.032707
v 0.014904 0.100933 0.052225
v 0.013472 0.091742 0.049643
v 0.014990 0.091224 0.049173
v 0.018498 0.090343 0.049737
v 0.014649 0.082589 0.046104
v 0.013775 0.072998 0.032162
v 0.018097 0.123097 0.052295
v 0.019184 0.104128 0.049265
v 0.019432 0.085225 0.047848
v 0.021276 0.071753 0.029175
v 0.024243 0.105832 0.048620
v 0.025052 0.113983 0.047584
v 0.024916 0.097553 0.049811
v 0.026594 0.082515 0.039887
v 0.029085 0.078988 0.033258
v 0.031604 0.091454 0.041334
v 0.031935 0.072952 0.012918
v 0.032706 0.074732 0.017553
v 0.030589 0.069257 0.017177
v 0.031717 0.120266 0.046401
v 0.034302 0.084667 0.036209
v 0.033659 0.077912 0.025228
v 0.034273 0.082803 0.003520
v 0.035895 0.117671 0.047521
v 0.042388 0.080211 0.029016
v 0.039181 0.082709 0.013837
v 0.041031 0.117223 0.043969
v 0.043880 0.117095 0.040795
v 0.042390 0.112753 0.041169
v 0.041611 0.108854 0.040891
v 0.040294 0.103847 0.040144
v 0.045045 0.122330 0.040693
v 0.046935 0.084274 0.032680
v 0.048494 0.084316 0.004812
v -0.003501 0.004890 0.053820
v -0.004278 0.002815 0.052757
v -0.004944 0.001332 0.051000
v -0.002630 0.028019 0.036630
v 0.005630 0.002638 0.052098
v 0.004775 0.000330 0.047373
v 0.007494 0.054705 0.031746
v 0.007539 0.052772 0.030960
v 0.013986 0.007767 0.051705
v 0.015281 0.001900 0.048746
v 0.014664 0.000718 0.046369
v 0.020281 0.052337 0.022299
v 0.021935 0.059071 0.028351
v 0.027569 0.051724 0.010750
v 0.028417 0.047591 -0.001438
v 0.031826 0.013167 0.039609
v 0.032193 0.002376 0.039457
v 0.030242 0.057340 0.013812
v 0.029321 0.052761 0.003260
v 0.039550 0.010860 0.034171
v 0.040040 0.001613 0.029053
v 0.044476 0.000458 -0.001332
v 0.047399 0.007195 0.021502
v 0.049099 0.013050 0.012351
v 0.052581 0.140838 0.028848
v 0.053585 0.144283 0.027309
v 0.055873 0.141220 0.023070
v 0.056904 0.147494 0.019225
v 0.059467 0.154191 0.013697
v 0.062521 0.165627 0.007837
v 0.063138 0.162450 0.003654
v 0.062964 0.178625 0.000650
v 0.064561 0.177406 -0.000604
v 0.070623 0.124370 0.001415
v 0.071441 0.125346 0.003743
v 0.059156 0.082592 0.004832
v 0.066775 0.111492 0.027795
v 0.066556 0.093038 0.013706
v 0.068312 0.107379 0.011216
v 0.068780 0.095773 0.002882
v 0.072256 0.117990 0.005706
v 0.073080 0.114378 0.002834
v 0.029724 0.311791 -0.026755
v -0.010060 0.283687 -0.040415
v -0.007254 0.273033 -0.039681
v -0.003455 0.250848 -0.033159
v -0.005408 0.260805 -0.037450
v -0.007669 0.308569 -0.028127
v 0.002118 0.305979 -0.023011
v -0.000305 0.299621 -0.029994
v -0.000042 0.290364 -0.033252
v 0.005933 0.301981 -0.027986
v 0.005220 0.295437 -0.032456
v 0.005681 0.290662 -0.033693
v 0.005294 0.279294 -0.032680
v 0.011330 0.275679 -0.032283
v 0.011673 0.302730 -0.008028
v 0.010904 0.305017 -0.017683
v 0.014161 0.266967 -0.020614
v 0.013793 0.279537 -0.034205
v 0.015484 0.294453 -0.005066
v 0.017987 0.268971 -0.009273
v 0.017894 0.264633 -0.006263
v 0.016215 0.305756 -0.019847
v 0.018612 0.297949 -0.043031
v 0.015930 0.292976 -0.041518
v 0.018309 0.284231 -0.004384
v 0.018688 0.279725 -0.004715
v 0.018653 0.274298 -0.003854
v 0.021711 0.294179 -0.009638
v 0.019545 0.280018 -0.006175
v 0.021452 0.308925 -0.021391
v 0.025563 0.288585 -0.010460
v 0.026917 0.277529 -0.038162
v 0.027990 0.289860 -0.044675
v 0.030198 0.275797 -0.036378
v 0.034185 0.306049 -0.018856
v 0.037216 0.299210 -0.016028
v 0.038647 0.283912 -0.037942
v 0.036207 0.298948 -0.040739
v 0.033998 0.294455 -0.043248
v 0.037810 0.287539 -0.040184
v -0.001186 0.236600 -0.025974
v -0.004083 0.191939 -0.054413
v 0.004618 0.189007 -0.057026
v 0.006511 0.231864 -0.012566
v 0.008814 0.237301 -0.003957
v 0.012277 0.207807 -0.005114
v 0.016572 0.203951 -0.013297
v 0.017296 0.204643 -0.028608
v 0.018518 0.204376 -0.025234
v 0.019013 0.202538 -0.033764
v 0.017411 0.198748 -0.052750
v 0.022379 0.202921 -0.027106
v 0.024575 0.203204 -0.031867
v 0.027473 0.194339 -0.008908
v 0.025714 0.202843 -0.027306
v 0.028078 0.198026 -0.052464
v 0.030732 0.200973 -0.012759
v 0.032702 0.205090 -0.023995
v 0.037240 0.201567 -0.039603
v 0.033904 0.200839 -0.044801
v 0.046215 0.197965 -0.010568
v -0.009270 0.156568 -0.051308
v -0.005180 0.135302 -0.040292
v 0.006525 0.156376 -0.049407
v 0.014722 0.127215 -0.035799
v 0.026843 0.145997 -0.039554
v 0.043244 0.150658 -0.045494
v -0.002654 0.121462 -0.037367
v -0.007540 0.065029 -0.035911
v -0.002810 0.075139 -0.032210
v -0.000392 0.062153 -0.036163
v 0.005750 0.074351 -0.031787
v 0.011463 0.060012 -0.033469
v 0.016623 0.063520 -0.032438
v 0.019109 0.081779 -0.025775
v 0.017288 0.071834 -0.026867
v 0.018608 0.109201 -0.030481
v 0.022446 0.093520 -0.024798
v 0.028760 0.091602 -0.017303
v 0.027092 0.072014 -0.016029
v 0.035186 0.061444 -0.005640
v 0.039923 0.112184 -0.020324
v 0.042966 0.106159 -0.016062
v -0.008402 0.033617 -0.031758
v -0.005849 0.014050 -0.050629
v -0.002225 0.025279 -0.038395
v 0.005899 0.035035 -0.031090
v 0.006104 0.047735 -0.029048
v 0.005333 0.041618 -0.029541
v 0.011394 0.055431 -0.028971
v 0.012678 0.001879 -0.047967
v 0.013225 0.002897 -0.049366
v 0.014224 0.005986 -0.050699
v 0.013985 0.041309 -0.026025
v 0.017265 0.007363 -0.049760
v 0.017891 0.004804 -0.049072
v 0.020154 0.052813 -0.021872
v 0.022279 0.029689 -0.025267
v 0.023634 0.047330 -0.015985
v 0.027726 0.010454 -0.044224
v 0.028473 0.055231 -0.010435
v 0.030065 0.017713 -0.034666
v 0.032205 0.002252 -0.038062
v 0.037359 0.015343 -0.031409
v 0.035309 0.009853 -0.038802
v 0.037667 0.021378 -0.015345
v 0.041004 0.004285 -0.031603
v 0.047358 0.001117 -0.000506
v 0.051882 0.006445 0.000191
v -0.004932 0.167419 -0.064154
v -0.001291 0.177109 -0.067201
v 0.007389 0.180917 -0.068140
v 0.008065 0.178208 -0.068908
v 0.021586 0.174712 -0.068123
v 0.029005 0.184692 -0.064834
v 0.036097 0.184050 -0.064169
v 0.048609 0.171721 -0.065151
v 0.063144 0.188362 -0.032602
v 0.054944 0.181828 -0.056365
v 0.062069 0.173816 -0.057429
v 0.063347 0.182523 -0.004729
v 0.066374 0.173787 -0.008077
v 0.065956 0.182126 -0.011014
v 0.067245 0.177236 -0.011458
v 0.066284 0.181593 -0.043395
v 0.063571 0.165945 -0.061734
v 0.068607 0.169318 -0.006702
v 0.072280 0.125844 -0.003613
v 0.069119 0.178149 -0.015718
v 0.072200 0.176763 -0.016544
v 0.071370 0.174105 -0.012287
v 0.068672 0.182230 -0.028135
v 0.070100 0.143453 -0.053621
v 0.072647 0.133572 -0.000137
v 0.073187 0.159637 -0.060230
v 0.079216 0.132034 -0.044216
v 0.077681 0.131690 -0.046085
v 0.082070 0.160069 -0.004854
v 0.082244 0.139008 -0.002519
v 0.079851 0.125909 -0.007826
v 0.079843 0.169448 -0.010990
v 0.087020 0.146311 -0.007837
v 0.086201 0.165222 -0.011267
v 0.085491 0.173284 -0.036355
v 0.088942 0.158776 -0.049978
v 0.091021 0.165470 -0.018695
v 0.091545 0.166755 -0.035659
v 0.056578 0.087481 -0.004206
v 0.059974 0.093843 -0.009500
v 0.059921 0.093453 -0.008676
v 0.059777 0.105739 -0.027369
v 0.054020 0.117684 -0.030480
v 0.060732 0.088430 -0.005558
v 0.061284 0.092581 -0.008539
v 0.066150 0.091324 -0.010138
v 0.069063 0.092125 -0.010034
v 0.067053 0.100535 -0.016235
v 0.066353 0.104494 -0.026317
v 0.067900 0.088761 -0.000830
v 0.068560 0.091044 0.000203
v 0.070730 0.108521 -0.005957
v 0.068940 0.116536 -0.008075
v 0.069062 0.103625 -0.010949
v 0.072366 0.108621 -0.028671
v 0.073711 0.107623 -0.000707
v 0.074843 0.111812 -0.020290
v 0.073903 0.111391 -0.030704
v 0.077959 0.123587 -0.036136
v 0.091716 0.163684 -0.034901
v 0.089740 0.164116 -0.046950
v 0.089443 0.163561 -0.013379
v 0.088230 0.149411 -0.011089
v 0.089452 0.156705 -0.010632
v 0.086703 0.143679 -0.018352
v 0.084542 0.144960 -0.046197
v 0.084818 0.140843 -0.031918
v 0.083635 0.134430 -0.016029
v 0.079342 0.139905 -0.001127
v 0.076769 0.152689 -0.057498
v 0.072074 0.147928 0.000577
v 0.068793 0.163904 -0.061110
v 0.067946 0.161859 -0.061073
v 0.058626 0.177189 -0.056603
v 0.057375 0.192224 -0.031055
v 0.021198 0.178306 -0.068506
v 0.014354 0.178868 -0.068896
v 0.011316 0.185980 -0.065560
v 0.039296 0.013267 -0.032617
v 0.036968 0.002539 -0.034154
v 0.025023 0.001326 -0.041122
v 0.017273 0.010542 -0.049264
v 0.014557 0.034872 -0.027573
v 0.013629 0.052503 -0.026528
v 0.014831 0.000891 -0.043513
v 0.014354 0.001368 -0.011820
v 0.011988 0.001179 -0.045992
v 0.008355 0.000967 -0.045549
v 0.005105 0.020679 -0.042705
v 0.005973 0.010191 -0.052424
v 0.006536 0.001438 -0.020405
v 0.001107 0.010423 -0.052671
v -0.004609 0.018075 -0.046350
v -0.001687 0.001038 -0.038812
v 0.036636 0.110952 -0.020536
v 0.039547 0.101511 -0.011912
v 0.037651 0.096483 -0.008111
v 0.031334 0.113428 -0.024266
v 0.032639 0.097600 -0.014732
v 0.031420 0.074186 -0.000214
v 0.029092 0.104557 -0.021397
v 0.010182 0.110091 -0.034272
v 0.000443 0.059818 -0.035076
v -0.001731 0.064962 -0.036398
v -0.006235 0.059928 -0.034254
v -0.006799 0.062321 -0.035500
v 0.024669 0.158346 -0.052798
v 0.034458 0.125758 -0.028519
v 0.002173 0.164518 -0.061052
v 0.047273 0.196605 -0.033988
v 0.039383 0.187184 -0.060351
v 0.000611 0.197494 -0.048593
v 0.004078 0.226803 -0.019943
v -0.008176 0.186131 -0.059602
v 0.023157 0.309589 -0.029723
v 0.018349 0.279296 -0.002440
v 0.008771 0.280156 -0.033296
v 0.068658 0.152729 0.000842
v 0.064528 0.160526 0.001705
v 0.013497 0.040189 0.026777
v 0.049665 0.103359 0.039896
v 0.048045 0.096151 0.038350
v 0.042706 0.082122 0.013966
v 0.041164 0.113393 0.042136
v 0.039967 0.090807 0.037240
v 0.037667 0.102572 0.040808
v 0.034559 0.123101 0.045726
v 0.035763 0.091560 0.038067
v 0.035883 0.096166 0.039573
v 0.032002 0.071431 0.007846
v 0.029246 0.116732 0.047018
v 0.029550 0.122344 0.046125
v 0.023002 0.120269 0.050109
v 0.019671 0.112158 0.051240
v 0.015800 0.116570 0.053360
v 0.011992 0.111443 0.054101
v 0.013424 0.103536 0.053741
v 0.007738 0.113169 0.053768
v 0.009942 0.105592 0.054621
v 0.002919 0.093413 0.055112
v 0.046018 0.143208 0.036164
v 0.010811 0.174694 0.015313
v 0.012093 0.297268 0.005469
v 0.003238 0.315091 0.002386
v -0.015789 0.024178 -0.036829
v -0.028169 0.023493 -0.029899
v -0.020635 0.055057 -0.025907
v -0.024198 0.001507 -0.012120
v -0.040987 0.000604 -0.001448
v -0.048227 0.000311 -0.000324
v -0.054826 0.005366 -0.005439
v -0.012483 0.062111 -0.034414
v -0.017818 0.061911 -0.032749
v -0.047095 0.112499 -0.023316
v -0.050934 0.105032 -0.022351
v -0.019181 0.157282 -0.052288
v -0.023380 0.186728 -0.061141
v -0.043926 0.153200 -0.049464
v -0.040674 0.147823 -0.043897
v -0.063977 0.138740 -0.043896
v -0.021950 0.230111 -0.031915
v -0.030713 0.187869 -0.059895
v -0.031767 0.227067 -0.026210
v -0.037414 0.190194 -0.055284
v -0.038841 0.244426 -0.021164
v -0.042190 0.193485 -0.048123
v -0.039840 0.237854 -0.016891
v -0.066401 0.185807 -0.024300
v -0.049026 0.256643 -0.020711
v -0.049284 0.252600 -0.018586
v -0.060604 0.309998 -0.009461
v -0.039391 0.314878 -0.021398
v -0.050890 0.311464 -0.016576
v -0.059898 0.311915 -0.005157
v -0.081600 0.173011 -0.014115
v -0.084550 0.125453 -0.046801
v -0.005123 0.001822 0.019804
v -0.017609 0.000237 0.043786
v -0.021574 0.000748 0.045358
v -0.012361 0.000254 0.044628
v -0.019770 0.000251 0.038683
v -0.019835 0.000695 0.031109
v -0.024713 0.023092 0.033154
v -0.027140 0.018241 0.038162
v -0.033311 0.054595 0.006440
v -0.029362 0.000516 0.040149
v -0.029358 0.000268 0.035114
v -0.033133 0.000109 0.030038
v -0.037401 0.000345 0.033402
v -0.040864 0.000231 0.028761
v -0.042774 0.001101 0.030369
v -0.019329 0.073770 0.031455
v -0.018011 0.107930 0.037519
v -0.017868 0.121709 0.035824
v -0.036779 0.070066 0.002544
v -0.054609 0.105987 0.042530
v -0.068107 0.091401 0.020855
v -0.071016 0.093112 0.014905
v -0.072310 0.106495 0.019188
v -0.021978 0.152626 0.032213
v -0.041671 0.297639 0.039774
v -0.052891 0.307230 0.034645
v -0.056272 0.310150 0.032090
v -0.032733 0.323321 0.001382
v -0.057247 0.312624 -0.001164
v -0.076128 0.102379 0.001430
v -0.080075 0.103469 0.008919
v 0.014671 0.056569 -0.028539
v 0.006580 0.128021 -0.037775
v 0.039892 0.128411 -0.029734
v -0.051424 0.144103 -0.041960
v -0.035312 0.177032 0.002500
v -0.075708 0.103629 -0.002974
v -0.085880 0.127352 0.003747
v -0.077519 0.095103 0.009915
v -0.075507 0.112136 0.016859
v -0.033118 0.304268 0.038003
v -0.028798 0.132603 0.034249
v -0.024505 0.124920 0.036049
v -0.066905 0.096481 0.025471
v -0.016034 0.074953 0.033005
v -0.037738 0.000000 0.026642
v -0.081634 0.150603 -0.059992
v -0.015923 0.322223 -0.006082
v -0.066592 0.187555 -0.031834
v -0.060924 0.187252 -0.049671
v -0.036776 0.202009 -0.035902
v -0.033900 0.001149 -0.016637
v -0.013549 0.001867 -0.007675
v -0.022256 0.176904 -0.067082
v 0.038896 0.096703 0.038756
v 0.008533 0.002484 0.004209
v 0.019525 0.001577 0.000853
v -0.004176 0.317276 -0.011694
v -0.016255 0.195907 -0.053866
v 0.002168 0.222018 -0.027030
v 0.045977 0.128176 -0.031271
v 0.043470 0.112029 -0.020677
v 0.001841 0.001320 -0.029885
v 0.007269 0.030190 -0.033193
v 0.007474 0.025576 -0.036950
v 0.024659 0.000546 -0.035347
v 0.030773 0.000534 0.001638
v 0.033160 0.000390 -0.028180
v 0.052250 0.189009 -0.047780
v 0.054971 0.193287 -0.022002
v 0.064573 0.149942 -0.055829
v 0.079638 0.129472 -0.039127
v 0.081954 0.136266 -0.041330
v 0.081351 0.174920 -0.022855
v 0.084154 0.138349 -0.005580
v 0.081345 0.127599 -0.017702
v 0.091997 0.164437 -0.029462
v 0.071671 0.155813 -0.058875
v 0.060242 0.157912 -0.059440
v 0.008012 0.000728 -0.039184
v -0.003535 0.002051 -0.017253
v -0.006498 0.224835 -0.032673
v 0.024376 0.001272 0.011094
v 0.014675 0.002163 0.014303
v 0.015335 0.001055 0.030981
v 0.000885 0.002343 0.011914
v -0.007239 0.002337 0.003376
v -0.008667 0.001800 -0.026755
v -0.009642 0.001424 -0.036353
v -0.017218 0.001359 -0.033416
v -0.019070 0.001523 -0.022172
v -0.037715 0.000909 -0.009228
v -0.036684 0.198624 -0.044075
v -0.035862 0.000733 0.008522
v -0.027803 0.000527 0.023185
v -0.078412 0.102677 0.004494
v -0.077704 0.107429 0.004603
v -0.029351 0.001228 -0.001879
v 0.007786 0.001953 0.021511
v 0.066738 0.158669 -0.059976
v 0.089368 0.154145 -0.029879
v 0.001133 0.001442 0.029090
v 0.026444 0.000570 -0.019038
v -0.046494 0.076478 0.027684
v 0.066845 0.128031 -0.044088
v 0.039828 0.014903 0.027498
v -0.043505 0.016669 -0.021591
v -0.008257 0.079596 0.042102
v -0.035993 0.065045 0.016527
v -0.002073 0.264210 -0.037124
v -0.014592 0.066882 0.035032
v 0.078766 0.125694 -0.006417
v 0.057711 0.107813 0.039313
v 0.045574 0.116285 0.040373
v -0.073366 0.112366 0.019008
v 0.042304 0.080366 0.018118
v -0.045511 0.084370 -0.000540
v -0.019682 0.152344 0.034887
v -0.065672 0.280271 -0.018842
v 0.025746 0.196524 -0.011831
v 0.041268 0.151804 0.034075
v -0.057720 0.113141 0.040930
v -0.083150 0.117581 -0.011991
v -0.019280 0.279524 0.043607
v 0.003501 0.028342 0.035714
v -0.058457 0.227915 0.002645
v -0.025681 0.249370 0.036255
v 0.044602 0.200636 -0.014770
v 0.020838 0.016716 0.044751
v 0.061394 0.137815 0.017550
v 0.072710 0.140962 0.001064
v -0.034333 0.202620 -0.039432
v 0.067859 0.152831 -0.057504
v -0.018477 0.001827 0.001654
v -0.010717 0.189579 0.012919
v 0.007626 0.145159 0.039948
v -0.064901 0.241297 0.014407
v -0.062096 0.266938 -0.017725
v -0.103233 0.165459 -0.048189
v -0.094450 0.127913 -0.037091
v 0.017400 0.000257 0.042946
v -0.044259 0.265347 -0.032275
v -0.047854 0.281487 -0.035470
v -0.028820 0.278704 -0.039113
v -0.000536 0.198701 0.014480
v -0.030492 0.080261 0.034925
v -0.003524 0.036623 0.031760
v -0.046810 0.077987 0.014070
v -0.048956 0.075891 0.018256
v 0.037966 0.110640 0.045706
v 0.064070 0.113488 0.034053
v -0.022960 0.000270 0.041705
v 0.027037 0.204433 -0.031713
v 0.027647 0.136942 0.046826
v -0.019701 0.033058 0.028382
v -0.030002 0.124783 0.037269
v -0.059605 0.180583 -0.061374
v -0.040290 0.179149 -0.065345
v 0.004844 0.313331 0.010659
v 0.001573 0.184848 -0.060750
v 0.062851 0.094770 -0.015839
v -0.055545 0.112704 -0.028436
v 0.003055 0.122502 0.046234
v 0.011664 0.019914 -0.042058
v -0.072705 0.137443 0.014126
v -0.056273 0.302285 -0.019898
v -0.014218 0.155304 0.034842
v 0.065155 0.175841 -0.001575
v -0.011631 0.266203 -0.038504
v -0.035532 0.259395 -0.031096
v 0.070703 0.128464 -0.001022
v 0.028915 0.001763 -0.039481
v 0.068933 0.100903 0.004678
v -0.070249 0.296484 0.007565
v -0.057312 0.319282 0.026513
v -0.041590 0.303758 0.040992
v 0.024828 0.060626 -0.025314
v -0.052562 0.215009 0.020142
v 0.032976 0.191364 0.006607
v 0.031424 0.309734 -0.035342
v -0.055049 0.255951 0.027818
v 0.082873 0.145861 -0.052248
v 0.057865 0.089173 -0.006471
v 0.013730 0.064487 0.035032
v 0.082336 0.132774 -0.028863
v -0.019355 0.285857 -0.039912
v 0.003548 0.097820 0.055113
v 0.011487 0.251027 -0.019149
v 0.013567 0.071654 0.031942
v 0.069084 0.171159 -0.056265
v 0.065149 0.186712 -0.024026
v 0.030925 0.312106 -0.029066
v -0.036230 0.297029 0.041462
v -0.028993 0.298694 0.041740
v -0.023619 0.293845 0.041122
v -0.073393 0.286764 0.000647
v -0.069757 0.281048 0.016093
v 0.071559 0.095440 -0.004036
v 0.069684 0.109426 0.006802
v 0.071275 0.136931 0.001644
v 0.074395 0.119710 -0.008608
v 0.074072 0.112920 -0.016283
v 0.065560 0.174503 -0.005688
v -0.078737 0.147328 0.005184
v -0.042937 0.109846 -0.020996
v 0.068106 0.090810 -0.008473
v 0.004142 0.313672 -0.005851
v -0.003750 0.304987 -0.028974
v -0.003158 0.318118 0.017081
v -0.034351 0.176294 -0.067919
v -0.073698 0.179538 -0.051467
v -0.085000 0.178004 -0.042745
v 0.020825 0.141276 0.045639
v -0.028514 0.127599 -0.034663
v 0.038408 0.105937 0.041701
v 0.050891 0.144552 0.033211
v 0.002594 0.036949 0.031498
v 0.019581 0.036198 0.023557
v 0.023423 0.018167 0.038589
v 0.037016 0.017544 0.025095
v 0.044503 0.017513 0.004220
v 0.014741 0.020614 0.040241
v -0.012265 0.043448 0.029462
v -0.014941 0.210268 0.018506
v -0.023257 0.217993 0.019598
v -0.058040 0.272437 -0.028062
v 0.029524 0.000664 0.020770
v 0.041180 0.000260 0.003976
v -0.093555 0.126293 -0.010052
v -0.102041 0.149176 -0.006944
v -0.095351 0.128769 -0.011285
v 0.023244 0.084733 -0.022332
v 0.035824 0.105865 -0.017342
v 0.034805 0.085687 0.000564
v 0.033400 0.077759 0.015173
v 0.019407 0.067436 -0.029180
v 0.018717 0.150962 0.039382
v -0.038137 0.000127 0.020686
v -0.046828 0.000285 0.004884
v -0.043409 0.000189 0.012751
v 0.051075 0.168632 -0.063918
v 0.076810 0.166254 -0.007095
v 0.041980 0.201570 -0.013109
v -0.076613 0.086422 0.000291
v -0.076376 0.099781 0.001289
v -0.049101 0.111430 0.044022
v 0.023579 0.198211 -0.013443
v -0.037502 0.065979 0.011023
v 0.008503 0.077997 0.038640
v -0.044020 0.020709 -0.009553
v 0.032861 0.277816 -0.017620
v -0.001509 0.221325 -0.031631
v 0.033999 0.154324 -0.047742
v 0.071076 0.105676 -0.007317
v 0.068326 0.111470 -0.008556
v 0.013808 0.004320 -0.050236
v 0.036145 0.284615 -0.039702
v 0.044865 0.292604 -0.033237
v 0.028133 0.046612 0.004056
v 0.022598 0.106401 0.048321
v -0.034515 0.065764 -0.017623
v -0.018618 0.055781 0.029305
v -0.050822 0.314710 -0.007759
v -0.024854 0.053483 -0.021885
v -0.020474 0.009158 -0.049773
v 0.019012 0.282122 0.007308
v 0.045811 0.091477 0.037246
v 0.056460 0.155912 0.021455
v 0.043070 0.295957 -0.018721
v -0.011401 0.159526 -0.054765
v -0.008015 0.164017 -0.061060
v 0.007873 0.175395 -0.068369
v -0.007308 0.170052 0.017148
v -0.007960 0.148105 0.034432
v -0.080082 0.121776 0.013019
v -0.088223 0.144491 -0.057285
v -0.054293 0.230472 0.026394
v -0.059377 0.234595 0.026019
v -0.016681 0.109095 0.037766
v -0.105366 0.168926 -0.018028
v -0.048520 0.163475 -0.065596
v 0.034167 0.066803 0.007396
v 0.044055 0.190969 -0.053526
v -0.058668 0.287137 -0.022982
v -0.017029 0.078218 0.037652
v 0.034698 0.065718 -0.005876
v -0.022564 0.164892 0.017793
v 0.017476 0.288320 0.003017
v 0.012179 0.298951 -0.000331
v -0.019116 0.052299 -0.025500
v 0.046012 0.144263 -0.040436
v 0.061940 0.119467 -0.037595
v -0.077680 0.089231 0.005789
v 0.047711 0.197715 -0.019399
v -0.011616 0.001916 0.012105
v -0.043982 0.279391 -0.036835
v -0.033375 0.206422 0.001915
v -0.010368 0.319765 -0.015875
v 0.076213 0.113657 -0.023330
v -0.072212 0.267643 0.009660
v -0.068327 0.260301 0.003594
v -0.064585 0.255977 -0.002611
v -0.064314 0.255135 0.009776
v -0.003060 0.100008 0.050456
v -0.006532 0.087807 0.050342
v 0.088852 0.171266 -0.033805
v 0.059536 0.115921 0.037954
v -0.086569 0.114927 -0.028203
v -0.095729 0.153191 0.001836
v -0.010212 0.000524 0.038676
v -0.003080 0.000750 0.037418
v 0.042258 0.003229 0.028632
vn 0.1343 -0.6766 -0.7240
vn 0.4890 -0.6403 -0.5924
vn 0.3901 -0.7460 -0.5398
vn 0.8082 -0.3359 -0.4837
vn 0.5687 -0.5467 -0.6146
vn 0.7125 -0.1815 -0.6778
vn 0.5000 0.8508 -0.1615
vn 0.5395 0.7456 -0.3913
vn 0.4143 0.8585 -0.3022
vn 0.6607 -0.3223 -0.6779
vn 0.4793 -0.5393 -0.6924
vn 0.2911 -0.3724 -0.8812
vn -0.0329 -0.5287 -0.8481
vn 0.1213 -0.5209 -0.8450
vn 0.1402 -0.5883 -0.7964
vn 0.1146 0.3977 -0.9103
vn 0.2133 0.5652 -0.7969
vn 0.1858 0.3341 -0.9240
vn 0.3022 -0.9527 -0.0324
vn 0.6394 -0.7390 -0.2125
vn 0.5273 -0.8448 -0.0915
vn 0.8568 -0.0023 -0.5157
vn 0.8197 0.3153 -0.4782
vn 0.9186 0.0551 -0.3912
vn 0.2153 -0.1237 -0.9687
vn -0.0125 -0.1338 -0.9909
vn -0.0328 -0.1090 -0.9935
vn -0.4828 0.8539 0.1943
vn -0.4123 0.8781 0.2426
vn -0.2407 0.9611 0.1354
vn -0.6931 0.6274 0.3549
vn -0.6408 0.6482 0.4114
vn -0.7425 0.5822 0.3312
vn 0.7664 0.6423 0.0032
vn 0.8918 0.4446 -0.0837
vn 0.6958 0.7084 -0.1186
vn 0.7532 0.4816 0.4481
vn 0.8738 0.4463 0.1933
vn 0.7295 0.6515 0.2083
vn 0.3937 0.4441 0.8048
vn 0.1996 0.4459 0.8726
vn 0.2939 0.2453 0.9238
vn 0.0157 -0.2099 -0.9776
vn -0.0299 -0.4569 -0.8890
vn -0.2125 -0.2801 -0.9361
vn 0.2033 -0.8856 -0.4177
vn -0.0191 -0.7785 -0.6273
vn 0.1902 -0.6973 -0.6911
vn 0.4665 -0.0101 0.8845
vn 0.5525 0.1809 0.8136
vn 0.6221 -0.0620 0.7805
vn -0.2992 0.9541 -0.0149
vn -0.3403 0.9307 -0.1341
vn -0.4240 0.9056 -0.0136
vn 0.5070 -0.4442 -0.7387
vn 0.3392 -0.4449 -0.8288
vn 0.3955 -0.3140 -0.8631
vn 0.3165 0.2688 0.9097
vn 0.4425 0.4516 0.7748
vn 0.2881 0.4951 0.8197
vn 0.9628 -0.1423 0.2295
vn 0.9425 -0.1172 0.3130
vn 0.8926 0.0701 0.4453
vn 0.7698 -0.5805 0.2653
vn 0.6584 -0.7356 0.1594
vn 0.6324 -0.7301 0.2588
vn 0.5676 -0.3031 0.7654
vn 0.5450 -0.0812 0.8345
vn 0.4509 -0.4031 0.7964
vn 0.5469 -0.7248 0.4190
vn 0.6893 -0.5698 0.4474
vn 0.5980 -0.7113 0.3694
vn 0.0742 -0.9406 0.3314
vn 0.0070 -0.9915 0.1301
vn 0.1570 -0.9326 0.3249
vn 0.2222 -0.2785 0.9344
vn 0.3436 -0.1969 0.9182
vn 0.2789 0.0777 0.9572
vn 0.0399 -0.0311 0.9987
vn -0.0231 -0.2887 0.9571
vn 0.0757 -0.3222 0.9436
vn -0.1526 0.7347 0.6610
vn 0.0386 0.8336 0.5511
vn -0.0217 0.7544 0.6560
vn -0.1659 -0.7710 -0.6148
vn -0.3759 -0.7326 -0.5674
vn -0.2280 -0.7711 -0.5945
vn 0.5997 -0.2080 0.7727
vn 0.3833 -0.1395 0.9130
vn 0.5795 -0.2542 0.7743
vn 0.5953 0.3376 0.7291
vn 0.5442 0.2857 0.7888
vn 0.4245 0.4787 0.7685
vn 0.4896 0.2438 0.8372
vn 0.5665 0.2830 0.7739
vn 0.4647 0.2914 0.8361
vn -0.2095 0.5783 0.7884
vn 0.0335 0.4784 0.8775
vn 0.1280 0.5116 0.8496
vn -0.1635 0.5720 0.8038
vn -0.3818 0.5722 0.7258
vn -0.1995 0.5285 0.8252
vn 0.0225 0.4323 0.9014
vn 0.3833 0.2408 0.8917
vn 0.0637 0.3720 0.9260
vn -0.4547 0.8009 0.3896
vn -0.3423 0.8316 0.4373
vn -0.2784 0.8497 0.4478
vn 0.1100 0.2764 0.9547
vn -0.0589 0.3061 0.9502
vn 0.0058 0.4766 0.8791
vn -0.1543 0.8366 0.5257
vn -0.5521 0.6945 0.4614
vn -0.3063 0.7631 0.5691
vn -0.0201 0.8470 0.5312
vn -0.3470 0.8626 0.3682
vn -0.3400 0.8516 0.3990
vn 0.3626 -0.1298 0.9229
vn 0.4206 0.0380 0.9065
vn 0.4924 -0.1732 0.8530
vn 0.9365 -0.3280 0.1244
vn 0.9509 -0.2510 -0.1809
vn 0.9949 -0.1003 0.0120
vn 0.6717 -0.0281 0.7403
vn 0.7944 0.0720 0.6032
vn 0.7164 0.0199 0.6974
vn 0.8262 0.3185 0.4647
vn 0.7259 0.3309 0.6030
vn 0.7101 0.4677 0.5263
vn 0.6736 -0.1182 0.7296
vn 0.6446 -0.3543 0.6774
vn 0.7929 -0.1688 0.5856
vn 0.6260 0.4036 0.6673
vn 0.6868 0.3974 0.6085
vn 0.6592 0.3387 0.6714
vn 0.2018 -0.3530 0.9136
vn 0.2249 -0.4236 0.8775
vn 0.1507 -0.3647 0.9189
vn 0.2615 -0.2424 0.9343
vn 0.2321 -0.4547 0.8599
vn 0.3569 -0.2767 0.8922
vn -0.0309 -0.9969 -0.0721
vn 0.0405 -0.9991 0.0090
vn -0.0325 -0.9991 -0.0264
vn -0.6143 0.1845 -0.7672
vn -0.5962 -0.1188 -0.7940
vn -0.6474 -0.0847 -0.7574
vn -0.9078 0.4007 -0.1235
vn -0.9652 0.1630 -0.2045
vn -0.9855 0.1566 -0.0652
vn -0.5206 -0.6639 -0.5369
vn -0.2105 -0.7191 -0.6623
vn -0.5423 -0.6552 -0.5259
vn -0.3101 0.6130 -0.7267
vn -0.3198 0.5924 -0.7395
vn -0.3783 0.6856 -0.6219
vn 0.0792 0.4248 -0.9018
vn 0.1640 0.0948 -0.9819
vn -0.1254 0.1967 -0.9724
vn -0.2438 -0.3177 -0.9163
vn -0.2325 -0.1975 -0.9523
vn -0.2172 -0.2002 -0.9554
vn -0.3463 -0.5988 -0.7222
vn -0.4498 -0.4649 -0.7626
vn -0.2587 -0.4725 -0.8425
vn -0.1615 0.1328 -0.9779
vn 0.0660 0.4037 -0.9125
vn 0.0690 0.1870 -0.9799
vn -0.6366 -0.5505 -0.5401
vn -0.6092 -0.6375 -0.4716
vn -0.5741 -0.6409 -0.5096
vn -0.4102 0.3448 -0.8443
vn -0.2725 0.5773 -0.7697
vn -0.3029 0.3596 -0.8826
vn -0.6836 0.2784 -0.6747
vn -0.6421 0.3261 -0.6938
vn -0.5773 0.4389 -0.6885
vn -0.7465 -0.1575 -0.6465
vn -0.8232 -0.1634 -0.5437
vn -0.8048 -0.2318 -0.5465
vn 0.0746 0.7760 -0.6263
vn -0.1180 0.6598 -0.7421
vn 0.0060 0.7436 -0.6686
vn -0.9290 0.3516 0.1157
vn -0.9921 0.0332 0.1210
vn -0.9308 0.3166 0.1829
vn -0.0519 0.9403 -0.3363
vn -0.4865 0.8195 -0.3028
vn -0.5352 0.8441 -0.0325
vn -0.9128 -0.3952 0.1026
vn -0.9429 -0.3330 0.0056
vn -0.9439 -0.3269 0.0473
vn -0.0664 -0.2929 -0.9538
vn 0.0524 -0.4529 -0.8900
vn -0.1358 -0.1975 -0.9709
vn -0.3781 -0.2832 -0.8814
vn -0.5302 0.0342 -0.8472
vn -0.2965 -0.1059 -0.9491
vn -0.9431 -0.3155 -0.1051
vn -0.8622 -0.4162 -0.2887
vn -0.8872 -0.3960 -0.2368
vn -0.8565 -0.0288 0.5154
vn -0.8782 0.2533 0.4057
vn -0.9288 0.0016 0.3705
vn -0.6227 -0.5193 0.5853
vn -0.3858 -0.6566 0.6482
vn -0.4088 -0.7305 0.5470
vn -0.6471 -0.2149 0.7315
vn -0.8412 -0.1084 0.5297
vn -0.7571 -0.0482 0.6515
vn -0.4587 -0.4398 0.7721
vn -0.6703 -0.2929 0.6818
vn -0.5663 -0.0120 0.8241
vn -0.1349 -0.8944 -0.4265
vn 0.1868 -0.8276 -0.5293
vn -0.0530 -0.8394 -0.5409
vn -0.4980 -0.6280 0.5980
vn -0.5435 -0.6678 0.5086
vn -0.3583 -0.8528 0.3799
vn 0.0916 0.2269 0.9696
vn 0.3309 0.0971 0.9386
vn 0.1219 0.4011 0.9079
vn -0.6951 0.2471 0.6751
vn -0.8245 0.1625 0.5420
vn -0.5945 0.5116 0.6203
vn 0.2681 -0.2124 0.9397
vn 0.2312 -0.4300 0.8727
vn 0.1017 -0.4501 0.8871
vn -0.2535 -0.2568 0.9326
vn -0.0797 -0.1781 0.9808
vn -0.1392 0.0235 0.9900
vn -0.5565 -0.6419 0.5275
vn -0.5608 -0.5825 0.5883
vn -0.5895 -0.5610 0.5812
vn -0.7788 -0.6259 0.0416
vn -0.6988 -0.6605 0.2746
vn -0.8205 -0.5482 0.1619
vn -0.9250 -0.1429 -0.3520
vn -0.8852 0.0075 -0.4652
vn -0.7939 -0.2716 -0.5440
vn 0.0791 0.5409 0.8374
vn -0.0599 0.5295 0.8462
vn 0.0338 0.4543 0.8902
vn 0.5871 0.8087 0.0367
vn 0.4636 0.8310 0.3076
vn 0.6499 0.7505 0.1200
vn 0.0849 0.9100 -0.4058
vn -0.4425 0.8591 -0.2571
vn -0.3500 0.8834 -0.3115
vn -0.4802 0.8706 0.1070
vn -0.5122 0.8446 0.1560
vn 0.0225 0.9979 -0.0604
vn -0.8825 0.0970 -0.4602
vn -0.9257 0.0871 -0.3680
vn -0.7886 0.2006 -0.5813
vn -0.4140 0.7151 -0.5633
vn -0.5379 0.6492 -0.5378
vn -0.4264 0.7854 -0.4487
vn -0.9292 -0.3600 0.0839
vn -0.7393 -0.4385 0.5110
vn -0.8782 -0.2711 0.3940
vn -0.8295 0.3505 0.4347
vn -0.8850 0.3495 0.3076
vn -0.8677 0.3477 0.3553
vn 0.0368 -0.3035 0.9521
vn -0.1060 -0.4253 0.8988
vn 0.1152 -0.4873 0.8656
vn -0.2592 -0.8045 0.5344
vn -0.4607 -0.7691 0.4430
vn -0.2861 -0.9148 0.2852
vn -0.9493 -0.3105 -0.0493
vn -0.9663 -0.2402 0.0924
vn -0.8668 -0.4973 -0.0350
vn -0.9105 -0.3810 -0.1608
vn -0.9627 -0.2240 -0.1517
vn -0.8912 -0.3775 -0.2515
vn -0.4858 0.4498 0.7494
vn -0.3367 0.5352 0.7748
vn -0.5816 0.4232 0.6947
vn -0.5640 -0.4158 0.7135
vn -0.6419 -0.4299 0.6349
vn -0.5056 -0.5275 0.6827
vn -0.0298 -0.9815 -0.1889
vn 0.1036 -0.9438 -0.3139
vn 0.1656 -0.9169 -0.3631
vn -0.1648 -0.9619 0.2183
vn -0.0565 -0.9984 0.0050
vn -0.0809 -0.9696 0.2308
vn 0.0607 0.3048 0.9505
vn 0.0840 0.2739 0.9581
vn 0.0002 0.4988 0.8667
vn -0.0925 -0.7959 0.5983
vn -0.2602 -0.6933 0.6720
vn -0.1590 -0.6359 0.7552
vn -0.0829 -0.8638 0.4971
vn -0.0854 -0.7932 0.6030
vn -0.0640 -0.7874 0.6131
vn -0.2056 -0.5695 0.7958
vn -0.2596 -0.2723 0.9265
vn -0.2579 -0.4678 0.8454
vn -0.3150 0.3974 0.8619
vn -0.3033 0.4410 0.8447
vn -0.1941 0.4946 0.8472
vn -0.6028 -0.7965 0.0463
vn -0.8010 -0.5980 -0.0263
vn -0.6648 -0.7016 -0.2565
vn -0.3728 -0.8722 0.3167
vn -0.6171 -0.7234 0.3096
vn -0.5737 -0.7760 0.2620
vn -0.1576 -0.6061 -0.7796
vn -0.3158 -0.7476 -0.5843
vn -0.2892 -0.6690 -0.6847
vn -0.2081 -0.0017 -0.9781
vn -0.1490 -0.1971 -0.9690
vn -0.1779 -0.0637 -0.9820
vn -0.0542 -0.2746 -0.9600
vn -0.1078 -0.2732 -0.9559
vn -0.1106 -0.3221 -0.9402
vn -0.3477 -0.8604 -0.3727
vn -0.5571 -0.7115 -0.4283
vn -0.7184 -0.6080 -0.3381
vn -0.7570 -0.3447 -0.5551
vn -0.6836 -0.2871 -0.6710
vn -0.8026 -0.2091 -0.5587
vn -0.6979 0.7156 0.0278
vn -0.6303 0.7643 0.1363
vn -0.6856 0.7184 0.1177
vn -0.9811 -0.0778 0.1774
vn -0.9966 0.0821 0.0074
vn -0.9475 0.1764 0.2668
vn 0.7057 0.2532 0.6617
vn 0.6586 0.2125 0.7219
vn 0.6559 0.0861 0.7499
vn 0.2768 -0.2080 0.9381
vn 0.5772 -0.1005 0.8104
vn 0.2348 -0.1659 0.9578
vn -0.2255 0.6677 0.7094
vn -0.4005 0.6013 0.6914
vn -0.3871 0.6186 0.6837
vn 0.2702 0.4360 0.8584
vn 0.6001 0.3072 0.7386
vn 0.5123 0.4288 0.7441
vn -0.0615 0.7764 0.6273
vn 0.1164 0.7099 0.6946
vn 0.2513 0.7392 0.6249
vn 0.4825 0.3494 0.8032
vn 0.5600 0.3454 0.7531
vn 0.5272 0.2723 0.8049
vn -0.0907 -0.8029 0.5892
vn -0.1432 -0.5403 0.8292
vn -0.3650 -0.6110 0.7025
vn 0.1725 0.5478 0.8186
vn 0.0935 0.4700 0.8777
vn 0.1475 0.5249 0.8383
vn 0.4720 -0.3636 0.8031
vn 0.5188 -0.2558 0.8157
vn 0.2909 -0.1759 0.9405
vn 0.6574 -0.1655 0.7352
vn 0.4694 -0.0933 0.8781
vn 0.6596 -0.1882 0.7276
vn 0.5794 0.2599 0.7725
vn 0.6660 0.0128 0.7458
vn 0.6330 0.0666 0.7713
vn 0.6005 -0.6492 0.4668
vn 0.7888 -0.5230 0.3230
vn 0.7220 -0.6538 0.2264
vn 0.1106 -0.3388 0.9343
vn 0.3639 -0.2074 0.9080
vn 0.3439 -0.5885 0.7317
vn 0.3522 0.4046 0.8440
vn 0.5286 0.2442 0.8130
vn 0.4378 0.5749 0.6912
vn 0.9509 0.2079 -0.2291
vn 0.9832 0.1826 -0.0033
vn 0.9656 0.1977 0.1691
vn 0.6869 -0.2568 -0.6798
vn 0.7381 -0.1517 -0.6575
vn 0.8470 -0.1900 -0.4964
vn -0.1864 0.1228 -0.9748
vn -0.1513 -0.1191 -0.9813
vn -0.3701 -0.0649 -0.9267
vn 0.2566 0.6943 0.6724
vn 0.3002 0.4398 0.8465
vn 0.4344 0.5571 0.7077
vn 0.5646 -0.4228 0.7089
vn 0.4798 -0.2125 0.8513
vn 0.3860 -0.2970 0.8733
vn 0.2746 0.2800 -0.9199
vn 0.3972 0.2636 -0.8790
vn 0.3955 -0.0127 -0.9184
vn 0.9692 -0.1988 0.1453
vn 0.9218 0.0185 0.3872
vn 0.7889 -0.3414 0.5109
vn -0.4279 0.8937 -0.1347
vn -0.1962 0.9615 -0.1922
vn -0.1350 0.9216 -0.3638
vn 0.8924 0.2987 -0.3382
vn 0.9317 0.3021 -0.2015
vn 0.8272 0.5260 -0.1976
vn 0.7010 -0.1558 -0.6960
vn 0.5980 -0.1658 -0.7842
vn 0.6477 0.2118 -0.7318
vn 0.0594 -0.9970 -0.0490
vn 0.0528 -0.9986 -0.0072
vn -0.0264 -0.9996 0.0019
vn 0.4956 0.8630 0.0974
vn 0.4922 0.8687 0.0563
vn 0.4696 0.8775 -0.0973
vn -0.0823 -0.8600 -0.5037
vn -0.3001 -0.7854 -0.5414
vn -0.1189 -0.8093 -0.5752
vn -0.5046 -0.5754 -0.6437
vn -0.2748 -0.3323 -0.9023
vn -0.1833 -0.5483 -0.8159
vn 0.9839 -0.1557 -0.0874
vn 0.9516 -0.0888 -0.2944
vn 0.9117 -0.3533 -0.2096
vn 0.3576 0.6171 -0.7010
vn 0.5161 0.5303 -0.6726
vn 0.4648 0.6918 -0.5526
vn 0.5385 -0.5069 -0.6731
vn 0.3565 -0.8342 -0.4208
vn 0.4175 -0.6957 -0.5845
vn 0.7521 0.4282 -0.5009
vn 0.5411 0.5762 -0.6125
vn 0.6360 0.3413 -0.6921
vn 0.3496 0.5966 -0.7224
vn 0.2458 0.4385 -0.8644
vn 0.2889 0.4568 -0.8414
vn 0.6899 0.5534 0.4667
vn 0.8973 0.3964 0.1943
vn 0.7696 0.4093 0.4901
vn 0.6372 0.4095 0.6530
vn 0.8504 0.1168 0.5129
vn 0.8425 0.1904 0.5039
vn 0.7903 -0.2008 0.5788
vn 0.7066 -0.1943 0.6804
vn 0.7142 -0.0819 0.6951
vn -0.9163 -0.0185 -0.4002
vn -0.9365 -0.1074 -0.3338
vn -0.8564 -0.1082 -0.5048
vn -0.7210 -0.0584 -0.6905
vn -0.6560 -0.2866 -0.6982
vn -0.4953 -0.3374 -0.8005
vn -0.1016 0.9574 -0.2703
vn -0.2545 0.9319 -0.2585
vn -0.0900 0.9752 -0.2024
vn 0.9653 -0.2593 -0.0299
vn 0.9983 -0.0553 -0.0207
vn 0.9975 -0.0637 0.0314
vn 0.9520 -0.2835 0.1154
vn 0.8956 -0.2734 0.3509
vn 0.9215 -0.3587 0.1489
vn -0.8556 -0.1357 0.4995
vn -0.8305 -0.2628 0.4911
vn -0.7391 -0.2171 0.6377
vn 0.8376 0.2450 -0.4882
vn 0.8423 0.2076 -0.4974
vn 0.8199 0.2813 -0.4985
vn -0.0289 -0.7154 -0.6981
vn 0.0251 -0.7333 -0.6794
vn -0.3122 -0.6195 -0.7202
vn 0.9889 0.0206 -0.1472
vn 0.9644 -0.2447 -0.0999
vn 0.9719 -0.0018 -0.2352
vn 0.8563 -0.3010 -0.4196
vn 0.6187 -0.3342 -0.7110
vn 0.7135 -0.1000 -0.6935
vn 0.4841 0.2540 -0.8373
vn 0.4663 0.5087 -0.7237
vn 0.6662 0.2675 -0.6962
vn 0.7005 -0.4536 -0.5509
vn 0.8417 -0.4186 -0.3410
vn 0.5708 -0.4583 -0.6813
vn 0.5885 0.3501 0.7288
vn 0.3307 0.4095 0.8503
vn 0.4170 0.2095 0.8844
vn 0.8222 -0.4487 -0.3502
vn 0.9110 -0.3738 -0.1740
vn 0.9085 -0.3662 -0.2014
vn -0.3873 -0.4587 -0.7997
vn -0.4824 -0.3867 -0.7860
vn -0.4974 -0.4566 -0.7376
vn 0.4777 0.5130 -0.7132
vn 0.5435 0.3146 -0.7782
vn 0.3674 0.3562 -0.8591
vn 0.1061 0.0640 -0.9923
vn -0.3483 0.6611 -0.6646
vn -0.3984 0.5914 -0.7011
vn -0.3057 0.5946 -0.7436
vn 0.8963 0.4324 -0.0986
vn 0.7166 0.6961 -0.0449
vn 0.9077 0.4189 -0.0262
vn 0.8286 -0.5596 -0.0173
vn 0.6839 -0.7249 -0.0829
vn 0.8554 -0.4966 -0.1473
vn 0.6672 -0.7144 -0.2108
vn 0.7716 -0.5811 -0.2588
vn 0.6287 -0.7156 -0.3042
vn 0.3799 -0.6150 -0.6910
vn 0.3791 -0.7302 -0.5684
vn 0.2290 -0.8857 -0.4038
vn -0.0026 -0.9956 -0.0941
vn -0.0325 -0.9991 0.0262
vn -0.0173 -0.9936 -0.1117
vn 0.0722 0.7634 -0.6419
vn 0.0780 0.7255 -0.6838
vn -0.0313 0.7396 -0.6724
vn 0.7633 -0.4382 -0.4746
vn 0.5367 -0.5967 -0.5965
vn 0.5265 -0.6507 -0.5472
vn 0.5908 -0.4656 -0.6590
vn 0.4790 -0.6239 -0.6174
vn 0.4914 -0.4493 -0.7461
vn 0.1705 -0.4297 -0.8867
vn 0.1571 -0.4292 -0.8895
vn 0.3589 -0.2883 -0.8877
vn 0.3040 0.8286 0.4701
vn 0.3281 0.8504 0.4112
vn 0.3514 0.8321 0.4290
vn -0.4415 0.8073 0.3916
vn -0.3609 0.8512 0.3811
vn -0.4900 0.6895 0.5334
vn -0.0047 0.8935 0.4491
vn -0.0266 0.9243 0.3807
vn -0.4095 0.8109 0.4180
vn 0.3836 0.8589 0.3394
vn 0.3144 0.9171 0.2451
vn 0.5725 0.7946 0.2019
vn 0.1213 0.8645 -0.4879
vn 0.3160 0.8032 -0.5050
vn 0.0860 0.9374 -0.3375
vn 0.9014 0.4206 0.1029
vn 0.9583 0.2538 0.1315
vn 0.9114 0.2889 0.2932
vn 0.0780 -0.3737 -0.9243
vn 0.3113 -0.2478 -0.9174
vn 0.1939 -0.3774 -0.9055
vn 0.6648 -0.5771 0.4744
vn 0.8618 -0.4669 0.1981
vn 0.6540 -0.4794 0.5852
vn 0.3850 0.1376 -0.9126
vn 0.3958 -0.1357 -0.9082
vn 0.2495 -0.0366 -0.9677
vn 0.0722 0.0454 -0.9964
vn 0.0695 0.3244 -0.9434
vn 0.3282 0.2155 -0.9197
vn -0.4245 0.5622 -0.7097
vn -0.1508 0.5142 -0.8443
vn -0.3502 0.3406 -0.8726
vn 0.7759 -0.2678 0.5712
vn 0.7414 -0.4730 0.4760
vn 0.6528 -0.4146 0.6340
vn 0.9362 -0.1467 -0.3193
vn 0.8981 -0.2877 -0.3325
vn 0.9319 -0.2774 -0.2336
vn 0.0451 -0.8361 -0.5467
vn 0.1837 -0.8095 -0.5576
vn 0.0123 -0.6553 -0.7553
vn -0.5907 0.0527 -0.8052
vn -0.3912 -0.0628 -0.9182
vn -0.3168 0.1009 -0.9431
vn 0.6638 -0.0484 -0.7463
vn 0.4841 -0.0583 -0.8731
vn 0.5863 -0.0034 -0.8101
vn 0.1734 0.9793 -0.1046
vn 0.3634 0.8915 -0.2705
vn 0.3529 0.9052 -0.2369
vn 0.9203 0.2023 -0.3348
vn 0.9582 0.1885 -0.2151
vn 0.8456 0.2586 -0.4670
vn 0.2635 -0.9646 -0.0140
vn 0.0283 -0.9630 -0.2679
vn -0.0213 -0.9604 -0.2778
vn 0.9172 0.1141 -0.3818
vn 0.9617 0.0051 -0.2739
vn 0.9775 0.0387 -0.2073
vn 0.5139 0.4093 0.7539
vn 0.6630 0.4213 0.6188
vn 0.6144 0.3989 0.6807
vn 0.3767 -0.9164 0.1352
vn 0.1235 -0.9921 0.0204
vn 0.3693 -0.9265 0.0720
vn 0.7266 -0.2616 0.6354
vn 0.6298 -0.3730 0.6814
vn 0.5546 -0.6276 0.5464
vn 0.5340 -0.5724 0.6222
vn 0.4758 -0.7303 0.4902
vn 0.6086 -0.6098 0.5078
vn 0.2833 -0.7764 0.5629
vn 0.3661 -0.7129 0.5981
vn 0.3996 -0.4772 0.7827
vn 0.8381 -0.2659 0.4763
vn 0.7572 -0.0551 0.6509
vn 0.8686 -0.0456 0.4933
vn 0.0563 -0.9694 -0.2389
vn -0.1151 -0.8427 -0.5260
vn 0.1808 -0.9557 -0.2321
vn 0.0881 -0.2203 0.9714
vn 0.3572 -0.3297 0.8739
vn 0.1579 -0.2147 0.9638
vn 0.0797 0.3124 0.9466
vn 0.0168 0.0775 0.9968
vn 0.1537 0.2092 0.9657
vn -0.2368 -0.8150 -0.5288
vn -0.2828 -0.8387 -0.4654
vn -0.2137 -0.8772 -0.4299
vn 0.2126 -0.8354 0.5068
vn 0.2414 -0.9227 0.3004
vn 0.3234 -0.7922 0.5175
vn 0.8006 -0.5969 0.0532
vn 0.9029 -0.4086 0.1333
vn 0.8859 -0.4626 -0.0338
vn 0.8419 -0.2007 0.5010
vn 0.8944 -0.2796 0.3491
vn 0.9062 0.0716 0.4166
vn 0.1973 -0.0288 0.9799
vn 0.3163 -0.3572 0.8789
vn 0.3983 0.0504 0.9159
vn 0.0304 0.5022 0.8642
vn 0.0450 0.5012 0.8641
vn 0.1081 0.4841 0.8683
vn 0.1196 -0.2394 0.9635
vn 0.2939 -0.5159 0.8046
vn 0.3262 -0.2394 0.9145
vn -0.1547 -0.0109 0.9879
vn -0.4307 0.0297 0.9020
vn -0.2487 -0.1858 0.9506
vn -0.2154 0.1817 0.9595
vn -0.0890 0.1855 0.9786
vn -0.2976 0.2335 0.9257
vn -0.6241 -0.2960 0.7231
vn -0.3709 -0.2847 0.8840
vn -0.6545 -0.0013 0.7561
vn 0.3468 0.5877 0.7310
vn 0.3382 0.3925 0.8553
vn 0.3420 0.3827 0.8582
vn -0.0694 0.3193 0.9451
vn 0.1220 0.2286 0.9659
vn 0.2153 0.2572 0.9421
vn -0.3935 0.3510 0.8497
vn -0.5922 0.4672 0.6565
vn -0.5985 0.4483 0.6639
vn -0.4810 0.4262 0.7662
vn -0.1675 0.2950 0.9407
vn -0.3765 0.3094 0.8732
vn 0.6345 0.5105 0.5804
vn 0.6715 0.5353 0.5124
vn 0.5762 0.5902 0.5654
vn 0.9994 -0.0044 0.0339
vn 0.9946 -0.0981 0.0351
vn 0.9864 -0.1599 0.0379
vn 0.8271 -0.3598 0.4317
vn 0.7748 -0.4372 0.4566
vn 0.8669 -0.3852 0.3164
vn 0.6166 -0.1078 0.7799
vn 0.6112 -0.0842 0.7870
vn 0.6677 -0.0161 0.7442
vn 0.6281 0.4572 0.6297
vn 0.2129 -0.1537 0.9649
vn 0.2759 -0.1817 0.9438
vn 0.1684 -0.1993 0.9654
vn 0.0212 0.1117 -0.9935
vn 0.0590 0.1157 -0.9915
vn 0.0582 -0.2073 -0.9765
vn -0.0197 -0.9986 -0.0498
vn -0.0097 -0.9990 0.0432
vn -0.0070 -0.9984 -0.0569
vn -0.1213 0.7789 -0.6153
vn -0.2702 0.7321 -0.6253
vn -0.2735 0.6952 -0.6648
vn -0.9099 -0.1050 -0.4014
vn -0.8833 0.1579 -0.4414
vn -0.8664 -0.1088 -0.4874
vn -0.0168 0.0049 -0.9998
vn -0.2263 -0.0350 -0.9734
vn -0.1797 -0.3308 -0.9264
vn -0.1090 -0.1586 -0.9813
vn -0.3494 -0.1823 -0.9191
vn -0.1213 -0.2747 -0.9539
vn -0.3817 -0.1457 -0.9127
vn -0.6806 -0.1534 -0.7164
vn -0.6378 -0.1865 -0.7473
vn -0.5240 -0.2315 -0.8197
vn 0.1716 -0.6393 -0.7496
vn 0.4586 -0.5506 -0.6975
vn 0.1575 -0.5867 -0.7944
vn -0.0437 -0.9106 -0.4111
vn -0.1466 -0.8508 -0.5047
vn 0.1019 -0.8399 -0.5331
vn 0.4842 -0.3046 -0.8202
vn 0.6673 -0.1694 -0.7253
vn 0.7013 -0.1744 -0.6912
vn -0.5573 -0.6450 -0.5229
vn -0.2553 -0.6192 -0.7426
vn -0.2587 -0.6819 -0.6842
vn -0.9450 -0.3175 -0.0785
vn -0.9479 -0.2978 -0.1129
vn -0.9708 -0.2341 -0.0520
vn -0.7369 -0.5322 -0.4168
vn -0.7280 -0.5813 -0.3634
vn -0.9306 -0.3361 -0.1450
vn -0.2736 -0.1088 -0.9557
vn -0.0414 -0.0054 -0.9991
vn -0.2052 0.1245 -0.9708
vn -0.1185 -0.6341 -0.7641
vn 0.0845 -0.4382 -0.8949
vn 0.0369 -0.6794 -0.7329
vn 0.2377 -0.7261 -0.6452
vn 0.1733 -0.6024 -0.7792
vn 0.3717 -0.5558 -0.7436
vn 0.5094 -0.3482 -0.7869
vn 0.6780 -0.2082 -0.7050
vn 0.5373 -0.3933 -0.7460
vn -0.9983 0.0201 -0.0552
vn -0.9881 -0.0605 0.1413
vn -0.9928 -0.1157 0.0312
vn -0.9783 -0.1079 -0.1767
vn -0.9966 -0.0576 -0.0589
vn -0.9299 -0.1980 -0.3101
vn -0.7787 0.4953 0.3851
vn -0.6121 0.5439 0.5740
vn -0.8670 0.2501 0.4310
vn -0.5441 -0.3185 -0.7762
vn -0.4695 -0.3932 -0.7906
vn -0.4174 -0.3814 -0.8248
vn -0.4620 -0.4367 -0.7719
vn -0.5133 -0.4519 -0.7296
vn -0.5377 -0.3144 -0.7823
vn -0.3404 -0.0011 -0.9403
vn -0.2351 -0.0351 -0.9713
vn -0.3965 0.0630 -0.9159
vn -0.4927 -0.4668 -0.7344
vn -0.4851 -0.1990 -0.8515
vn -0.2148 -0.3552 -0.9098
vn -0.7051 -0.4805 -0.5215
vn -0.7198 -0.2507 -0.6473
vn -0.7821 -0.4023 -0.4758
vn -0.9426 0.0544 -0.3293
vn -0.8380 0.3178 -0.4437
vn -0.8631 0.0051 -0.5051
vn -0.9544 -0.0271 -0.2972
vn -0.9695 -0.1837 -0.1620
vn -0.9400 0.0654 -0.3348
vn -0.2279 0.8542 -0.4672
vn -0.0279 0.7649 -0.6435
vn -0.1617 0.7220 -0.6728
vn -0.5191 0.8161 -0.2540
vn -0.4734 0.8768 -0.0843
vn -0.5637 0.8100 -0.1617
vn -0.1429 -0.5431 -0.8274
vn -0.0090 -0.4875 -0.8731
vn -0.0242 -0.5298 -0.8478
vn -0.4888 0.1504 -0.8593
vn -0.5027 0.4385 -0.7450
vn -0.5366 0.5774 -0.6153
vn 0.0901 0.7957 0.5989
vn 0.0439 0.8022 0.5955
vn -0.0199 0.8983 0.4389
vn -0.1198 0.9046 0.4091
vn 0.0497 0.9170 0.3958
vn -0.1335 0.9803 0.1452
vn -0.2006 0.9775 -0.0658
vn -0.3636 0.8969 -0.2517
vn -0.3720 0.9264 -0.0583
vn -0.9086 0.1139 -0.4017
vn -0.8898 0.0281 -0.4555
vn -0.9635 -0.1613 -0.2134
vn -0.9754 0.1239 -0.1822
vn -0.9258 0.3458 -0.1526
vn -0.7943 0.5182 -0.3171
vn -0.4536 0.7092 0.5397
vn -0.1558 0.8152 0.5579
vn -0.4042 0.8543 0.3267
vn -0.9719 -0.0528 0.2295
vn -0.9837 -0.1714 0.0546
vn -0.9825 -0.1558 0.1023
vn -0.1268 0.6186 0.7754
vn -0.1665 0.7739 0.6110
vn -0.2480 0.5785 0.7771
vn -0.4519 0.1164 0.8845
vn -0.3514 0.1641 0.9218
vn -0.3941 0.4101 0.8225
vn -0.8870 0.0183 0.4615
vn -0.8821 -0.2150 0.4192
vn -0.9583 -0.1116 0.2632
vn -0.1431 -0.9624 0.2307
vn -0.3056 -0.8272 0.4715
vn -0.4161 -0.7668 0.4887
vn -0.5799 -0.8091 0.0953
vn -0.3163 -0.9463 0.0673
vn -0.3154 -0.9484 0.0328
vn -0.1693 -0.0849 0.9819
vn -0.4265 0.0854 0.9004
vn -0.5309 -0.0233 0.8471
vn -0.0446 0.1676 0.9848
vn 0.0141 0.1536 0.9880
vn 0.1610 0.2109 0.9642
vn -0.8864 -0.1793 0.4268
vn -0.8029 -0.1693 0.5716
vn -0.8979 -0.1085 0.4265
vn -0.9333 -0.2986 -0.1996
vn -0.9893 -0.1449 0.0157
vn -0.9444 -0.3183 -0.0821
vn -0.7447 -0.5624 0.3594
vn -0.8751 -0.4214 0.2380
vn -0.7749 -0.4070 0.4836
vn -0.0950 -0.3986 0.9122
vn -0.0010 -0.4714 0.8819
vn 0.1172 -0.2241 0.9675
vn -0.4001 -0.9112 0.0976
vn -0.3392 -0.9353 -0.1008
vn -0.1333 -0.9815 -0.1377
vn -0.5696 -0.5485 0.6122
vn -0.6383 -0.6424 0.4241
vn -0.5261 -0.7454 0.4094
vn -0.8488 0.0267 0.5280
vn -0.7422 -0.0312 0.6694
vn -0.7989 -0.1156 0.5903
vn -0.3223 0.8613 0.3928
vn -0.4218 0.8162 0.3950
vn -0.4009 0.8170 0.4144
vn -0.0373 -0.1426 0.9891
vn 0.2908 -0.1062 0.9509
vn 0.0042 0.0588 0.9983
vn -0.2155 0.7596 0.6137
vn -0.1472 0.8841 0.4435
vn -0.0267 0.8686 0.4949
vn -0.5631 -0.2663 0.7823
vn -0.7343 -0.2154 0.6437
vn -0.6177 -0.3026 0.7258
vn -0.4121 0.4381 0.7989
vn -0.4452 0.5725 0.6885
vn -0.6603 0.2943 0.6910
vn -0.1714 0.4049 0.8981
vn -0.0619 0.4011 0.9140
vn -0.0636 0.2992 0.9521
vn -0.4351 0.5756 0.6923
vn -0.3626 0.6011 0.7122
vn -0.3776 0.6234 0.6846
vn -0.2994 0.5207 0.7995
vn -0.3810 0.5421 0.7490
vn -0.3303 0.5410 0.7735
vn -0.6104 0.3362 0.7172
vn -0.6532 0.2294 0.7216
vn -0.6398 0.3773 0.6696
vn 0.4535 -0.2427 0.8576
vn 0.2626 -0.3360 0.9045
vn 0.4274 -0.1665 0.8886
vn -0.1779 -0.4401 0.8802
vn 0.1481 -0.5425 0.8269
vn -0.0076 -0.3494 0.9370
vn -0.1755 -0.9681 0.1788
vn 0.0994 -0.9797 0.1742
vn -0.0395 -0.9992 0.0016
vn -0.1508 -0.2378 0.9595
vn 0.1141 -0.3183 0.9411
vn 0.0677 -0.1778 0.9817
vn -0.1696 -0.8733 -0.4567
vn -0.4506 -0.7332 -0.5094
vn -0.3737 -0.6737 -0.6375
vn 0.1045 -0.9849 0.1380
vn 0.1314 -0.9187 0.3724
vn 0.0343 -0.9419 0.3343
vn -0.4676 -0.2937 0.8337
vn -0.4464 -0.2595 0.8564
vn -0.2494 -0.3527 0.9019
vn -0.9262 -0.3751 -0.0388
vn -0.9592 -0.2468 -0.1382
vn -0.8460 -0.4470 -0.2908
vn 0.3041 0.5403 0.7846
vn 0.2555 0.2260 0.9400
vn 0.3202 0.4646 0.8256
vn 0.4221 0.7118 0.5614
vn 0.1409 0.5536 0.8208
vn 0.3504 0.7018 0.6202
vn -0.5012 -0.1963 0.8427
vn -0.3531 -0.0532 0.9341
vn -0.4187 -0.0051 0.9081
vn -0.1848 -0.0770 0.9798
vn -0.3169 -0.0058 0.9484
vn -0.1994 0.1187 0.9727
vn -0.6315 -0.0038 0.7753
vn -0.4028 0.1212 0.9072
vn -0.3867 -0.0211 0.9219
vn -0.1438 -0.4339 0.8894
vn -0.4394 -0.4448 0.7805
vn -0.4271 -0.5279 0.7341
vn -0.4379 0.5643 0.6999
vn -0.5473 0.5927 0.5908
vn -0.5000 0.5025 0.7053
vn -0.9947 0.0082 -0.1024
vn -0.9505 0.1382 0.2782
vn -0.9556 0.0690 0.2866
vn -0.9950 -0.0485 -0.0870
vn -0.9570 -0.1846 -0.2236
vn -0.9532 0.0943 -0.2871
vn -0.9652 0.1226 0.2310
vn -0.9869 0.1601 0.0206
vn -0.9965 -0.0025 0.0837
vn -0.9753 0.1236 0.1830
vn -0.8808 0.3495 0.3194
vn -0.8851 0.4507 0.1163
vn 0.2243 0.9439 0.2425
vn 0.0773 0.9950 0.0626
vn 0.0387 0.9546 0.2953
vn -0.1235 0.6693 0.7326
vn 0.0323 0.7731 0.6335
vn -0.2255 0.8125 0.5376
vn 0.5078 0.7723 0.3818
vn 0.5715 0.7998 0.1836
vn 0.4733 0.8003 0.3682
vn -0.1167 0.9867 -0.1129
vn -0.0106 0.9924 -0.1223
vn -0.3609 0.9326 -0.0061
vn 0.1322 0.9725 -0.1918
vn 0.0792 0.9771 -0.1977
vn 0.1686 0.9632 -0.2092
vn -0.3596 0.5987 0.7157
vn -0.4688 0.6791 0.5648
vn -0.6636 0.3574 0.6572
vn -0.8110 0.5850 -0.0083
vn -0.9061 0.3965 0.1476
vn -0.8097 0.5845 0.0526
vn -0.9322 -0.2791 0.2305
vn -0.7810 -0.4158 0.4659
vn -0.8420 -0.4907 0.2244
vn -0.1653 0.5455 0.8217
vn -0.0490 0.4188 0.9068
vn -0.2792 0.5495 0.7874
vn -0.5660 -0.4139 0.7129
vn -0.7003 -0.5601 0.4425
vn -0.6982 -0.2808 0.6586
vn -0.4297 0.3669 0.8251
vn -0.7535 0.2521 0.6071
vn -0.7011 0.1869 0.6882
vn 0.3561 -0.5234 0.7741
vn 0.6445 -0.4054 0.6484
vn 0.6321 -0.4433 0.6356
vn 0.6456 0.6336 0.4264
vn 0.8256 0.4933 0.2740
vn 0.5405 0.7450 0.3911
vn -0.1144 0.5645 0.8175
vn -0.0819 0.6401 0.7639
vn -0.0994 0.4864 0.8681
vn -0.2420 0.3427 0.9077
vn -0.5617 0.4227 0.7112
vn -0.5479 0.3803 0.7451
vn -0.3139 0.5176 0.7959
vn -0.1291 0.5174 0.8460
vn -0.1829 0.4929 0.8506
vn -0.9190 -0.2460 0.3080
vn -0.9934 -0.1133 -0.0148
vn -0.9883 -0.1510 -0.0231
vn -0.4131 0.9105 -0.0192
vn -0.3529 0.9256 0.1366
vn -0.3141 0.9490 0.0254
vn -0.8210 0.4730 -0.3197
vn -0.8937 0.2841 -0.3472
vn -0.9146 0.3767 -0.1472
vn -0.7963 0.0494 0.6029
vn -0.8987 0.2329 0.3717
vn -0.9114 0.1214 0.3931
vn -0.1414 -0.1467 0.9790
vn -0.2831 -0.9262 0.2489
vn -0.4688 -0.8717 0.1429
vn -0.3773 -0.9259 -0.0195
vn -0.8031 -0.4036 0.4383
vn -0.8549 -0.4807 0.1950
vn -0.7401 -0.4909 0.4596
vn -0.4705 0.4587 0.7538
vn -0.4065 0.5592 0.7225
vn -0.3660 0.5994 0.7118
vn 0.2922 0.2459 0.9242
vn 0.2572 0.3368 0.9058
vn 0.1912 0.4133 0.8903
vn -0.0892 -0.9386 0.3332
vn -0.0927 -0.9081 0.4084
vn -0.0921 -0.9092 0.4059
vn -0.1907 0.5098 0.8389
vn -0.2252 0.6416 0.7332
vn -0.3236 0.4575 0.8282
vn -0.6811 0.5373 0.4974
vn -0.6357 0.4745 0.6089
vn -0.7416 0.2861 0.6068
vn -0.8716 0.1233 -0.4745
vn -0.8635 0.3013 -0.4045
vn -0.7826 0.3327 -0.5261
vn -0.6796 -0.5235 -0.5139
vn -0.6431 -0.6005 -0.4753
vn -0.4738 -0.6720 -0.5692
vn -0.5963 0.7903 -0.1409
vn -0.6658 0.7456 0.0284
vn -0.7335 0.6317 -0.2508
vn 0.4699 -0.4365 -0.7672
vn 0.4768 -0.2918 -0.8292
vn -0.9610 -0.1490 -0.2330
vn -0.9673 -0.1794 -0.1792
vn -0.9775 -0.1983 -0.0715
vn -0.7880 -0.4209 -0.4494
vn -0.9181 -0.2488 -0.3085
vn -0.7814 -0.4151 -0.4660
vn -0.2473 -0.5220 -0.8163
vn -0.2907 -0.5794 -0.7615
vn -0.1734 -0.5814 -0.7949
vn -0.1267 -0.0008 -0.9919
vn -0.2643 -0.0128 -0.9644
vn -0.1941 0.3163 -0.9286
vn -0.5558 -0.7196 -0.4162
vn -0.7522 -0.3383 -0.5655
vn -0.6182 -0.5421 -0.5692
vn -0.2136 0.2704 -0.9387
vn -0.1998 0.2909 -0.9357
vn -0.0906 -0.0918 -0.9916
vn 0.5596 0.1117 0.8212
vn 0.4899 0.0815 0.8679
vn 0.4770 0.2244 0.8498
vn -0.2784 0.6597 0.6981
vn -0.3096 0.7408 0.5961
vn -0.3190 0.7852 0.5307
vn 0.7744 -0.0015 0.6327
vn 0.7741 -0.0192 0.6328
vn 0.6938 -0.0227 0.7198
vn 0.1241 -0.0977 0.9874
vn 0.3954 -0.2431 0.8858
vn 0.3814 -0.0975 0.9193
vn 0.2859 -0.8885 0.3590
vn 0.3184 -0.8842 0.3417
vn 0.1475 -0.9483 0.2811
vn 0.6001 0.1629 0.7832
vn 0.6211 0.3412 0.7056
vn 0.4143 0.3949 0.8200
vn 0.7102 0.4056 0.5754
vn 0.7299 0.2566 0.6336
vn 0.6012 0.4347 0.6705
vn 0.6089 0.3958 0.6875
vn 0.4987 0.5952 0.6301
vn 0.6001 0.5154 0.6118
vn 0.8234 0.2161 0.5247
vn 0.8570 0.1965 0.4764
vn 0.7675 0.2666 0.5830
vn 0.9295 -0.3089 0.2014
vn 0.9556 -0.2444 0.1647
vn 0.9475 -0.2501 0.1993
vn -0.0386 -0.3967 -0.9171
vn -0.1425 -0.2432 -0.9594
vn -0.2543 -0.4332 -0.8647
vn -0.6599 0.1372 -0.7387
vn -0.6038 0.4415 -0.6638
vn -0.4903 0.2099 -0.8459
vn -0.3118 0.7746 -0.5502
vn -0.3351 0.8934 -0.2994
vn -0.1665 0.9039 -0.3941
vn -0.0901 0.5864 -0.8050
vn -0.3405 0.6050 -0.7198
vn -0.3618 0.7034 -0.6119
vn 0.7822 0.2120 0.5858
vn 0.7563 -0.0083 0.6542
vn 0.6447 0.2113 0.7347
vn 0.3623 0.6999 0.6155
vn 0.1893 0.7763 0.6013
vn 0.2907 0.7715 0.5659
vn 0.2646 0.7858 -0.5591
vn 0.0765 0.8506 -0.5201
vn 0.1090 0.9084 -0.4036
vn 0.8745 -0.2432 -0.4197
vn 0.9496 -0.1974 -0.2435
vn 0.8847 -0.2010 -0.4206
vn -0.1538 0.4568 -0.8762
vn 0.0342 0.3414 -0.9393
vn 0.0742 0.5429 -0.8365
vn 0.1384 0.2598 -0.9557
vn 0.0047 0.2587 -0.9659
vn 0.0603 0.5376 -0.8410
vn 0.2600 -0.9353 -0.2400
vn 0.4609 -0.7660 -0.4480
vn 0.5285 -0.7465 -0.4044
vn 0.6039 0.7381 0.3010
vn 0.6106 0.6655 0.4293
vn 0.5249 0.7590 0.3852
vn 0.4643 0.8831 -0.0679
vn 0.4571 0.8884 0.0419
vn 0.4339 0.9008 -0.0175
vn 0.4304 0.8627 0.2655
vn 0.4714 0.8498 0.2357
vn 0.4851 0.8726 0.0572
vn 0.4025 0.4329 -0.8066
vn 0.3297 0.2231 -0.9174
vn 0.2446 0.5085 -0.8256
vn -0.0244 -0.9997 -0.0014
vn -0.0403 -0.9985 0.0374
vn 0.4577 -0.3374 0.8226
vn 0.6161 -0.3836 0.6879
vn 0.2790 -0.3071 0.9099
vn -0.0601 -0.9977 -0.0306
vn 0.0459 -0.9988 -0.0143
vn -0.0649 -0.9979 -0.0056
vn -0.5315 0.4086 -0.7420
vn -0.4629 0.1244 -0.8776
vn -0.3999 0.4035 -0.8230
vn 0.6627 -0.1894 -0.7246
vn -0.7786 -0.5296 0.3366
vn -0.6840 -0.6368 0.3558
vn -0.7133 -0.6672 0.2146
vn -0.1449 0.7354 0.6619
vn -0.2608 0.6853 0.6799
vn -0.3576 0.5598 0.7475
vn -0.2645 0.4421 0.8571
vn -0.3415 0.5137 0.7871
vn -0.2176 0.4643 0.8586
vn -0.7732 -0.0451 0.6325
vn -0.8530 0.2178 0.4744
vn -0.8978 -0.0609 0.4361
vn -0.8876 0.0107 -0.4605
vn -0.9516 -0.0919 -0.2931
vn -0.9739 -0.2086 -0.0894
vn -0.6457 0.2967 0.7036
vn -0.7232 0.2471 0.6449
vn -0.7724 0.1731 0.6111
vn -0.4280 0.7530 0.4998
vn -0.5384 0.6256 0.5646
vn -0.4833 0.6284 0.6096
vn -0.2637 0.9646 -0.0068
vn -0.2095 0.9673 -0.1432
vn -0.2661 0.9277 -0.2619
vn -0.0683 -0.9967 -0.0433
vn 0.0458 -0.9988 -0.0154
vn -0.0376 -0.9987 -0.0342
vn 0.0622 0.4068 -0.9114
vn 0.1085 0.5235 -0.8451
vn 0.1081 0.3711 -0.9223
vn 0.3148 0.0662 0.9468
vn 0.4737 -0.0663 0.8782
vn 0.2817 0.0529 0.9581
vn 0.9288 0.0218 0.3700
vn 0.9286 -0.0579 0.3666
vn 0.9280 0.0088 0.3724
vn 0.3592 0.9332 -0.0024
vn 0.4681 0.8704 -0.1525
vn 0.2869 0.9544 -0.0819
vn 0.0021 -0.9911 -0.1331
vn 0.0305 -0.9931 -0.1128
vn 0.9485 -0.3158 -0.0237
vn 0.9491 -0.3151 0.0023
vn 0.9389 -0.3296 0.0995
vn 0.0551 -0.5382 -0.8410
vn 0.0680 -0.5870 -0.8067
vn 0.1149 -0.3722 -0.9210
vn -0.0550 -0.9974 -0.0464
vn -0.0304 -0.9995 -0.0093
vn 0.0303 -0.9995 0.0126
vn -0.5357 0.7797 -0.3241
vn -0.5631 0.7938 0.2297
vn -0.5746 0.7744 0.2648
vn -0.5735 0.7027 0.4211
vn -0.0518 -0.9983 0.0260
vn -0.0513 -0.9980 0.0360
vn 0.9200 -0.3500 -0.1764
vn 0.7953 -0.4935 -0.3521
vn 0.9033 -0.3651 -0.2253
vn 0.6784 0.6351 -0.3694
vn 0.6508 0.4898 -0.5802
vn 0.4622 0.6230 -0.6311
vn -0.2536 0.1107 0.9610
vn -0.5268 0.1846 0.8297
vn -0.3543 0.0879 0.9310
vn 0.3949 0.3652 0.8430
vn 0.2404 0.2337 0.9421
vn 0.3740 0.1282 0.9185
vn -0.3737 0.5944 -0.7120
vn -0.5553 0.5333 -0.6381
vn -0.1031 0.7290 -0.6767
vn 0.0627 0.4949 0.8667
vn -0.1774 0.1713 0.9691
vn 0.0990 0.3783 0.9204
vn -0.7991 -0.4493 0.3996
vn -0.8519 -0.5082 0.1268
vn -0.6260 -0.7338 0.2638
vn -0.3306 0.7750 -0.5385
vn -0.1572 0.8893 -0.4295
vn 0.0952 0.8578 -0.5050
vn 0.9506 -0.2165 0.2226
vn 0.9371 -0.1798 0.2992
vn 0.9974 -0.0368 -0.0627
vn 0.7861 -0.3768 -0.4899
vn 0.5773 -0.2321 -0.7829
vn 0.8076 -0.0674 -0.5859
vn 0.3968 -0.8778 0.2682
vn 0.3058 -0.9423 0.1360
vn 0.3641 -0.9293 0.0627
vn 0.4306 0.8516 -0.2990
vn 0.0988 0.9334 -0.3450
vn 0.2221 0.9548 -0.1978
vn -0.0388 -0.7815 -0.6227
vn -0.0541 -0.9568 -0.2857
vn -0.4063 -0.7932 -0.4535
vn 0.6756 -0.4791 -0.5603
vn 0.4497 -0.6042 -0.6578
vn 0.7525 -0.5170 -0.4080
vn 0.9192 -0.3934 0.0198
vn 0.8745 -0.4738 0.1038
vn 0.9430 -0.3301 -0.0424
vn 0.8808 -0.4196 0.2194
vn 0.7232 -0.6110 0.3218
vn 0.8417 -0.3954 0.3676
vn 0.5323 -0.5651 0.6303
vn 0.7923 -0.4942 0.3578
vn 0.1182 -0.5803 -0.8057
vn 0.3810 -0.6037 -0.7003
vn 0.1044 -0.5532 -0.8265
vn 0.1337 -0.5970 -0.7910
vn 0.7536 -0.5497 -0.3605
vn 0.6281 -0.7075 -0.3239
vn 0.7791 -0.4742 -0.4100
vn 0.4443 -0.5861 -0.6776
vn 0.5431 -0.7127 0.4439
vn 0.7331 -0.6438 0.2193
vn 0.4979 -0.6984 0.5142
vn 0.3122 -0.6245 0.7159
vn 0.9279 -0.3083 0.2094
vn 0.8625 -0.4705 0.1862
vn 0.9511 -0.3079 -0.0258
vn 0.9598 0.0382 -0.2779
vn 0.8214 0.2896 -0.4914
vn 0.9602 0.1260 -0.2494
vn 0.3503 -0.5513 0.7572
vn 0.3956 -0.5307 0.7496
vn 0.8934 -0.2789 0.3522
vn 0.8415 -0.4288 0.3286
vn 0.9929 -0.0734 0.0933
vn 0.8820 -0.2470 0.4015
vn 0.8642 -0.2588 0.4314
vn 0.7992 -0.2961 0.5231
vn 0.9198 -0.1823 0.3476
vn 0.9968 -0.0068 0.0794
vn 0.9888 -0.1421 0.0456
vn 0.9548 0.1787 -0.2377
vn 0.8189 0.3020 -0.4880
vn 0.9485 0.2072 -0.2398
vn -0.0288 -0.5137 -0.8575
vn -0.2065 -0.5105 -0.8347
vn 0.0932 -0.7670 -0.6348
vn 0.3354 -0.8165 -0.4699
vn 0.6385 -0.7662 0.0730
vn 0.5199 -0.8180 -0.2461
vn 0.7068 -0.7022 0.0851
vn 0.5430 -0.8118 -0.2147
vn 0.5279 -0.6948 0.4885
vn 0.7236 -0.6305 0.2808
vn 0.5916 -0.7126 0.3771
vn 0.7615 -0.5360 0.3645
vn 0.9282 -0.3643 0.0755
vn 0.5641 -0.4754 -0.6751
vn 0.7530 -0.1718 -0.6352
vn 0.4043 -0.7778 -0.4812
vn 0.6298 -0.6604 -0.4089
vn 0.9335 0.1353 -0.3320
vn 0.8470 0.2551 -0.4664
vn 0.7980 0.2604 -0.5435
vn 0.7239 0.3570 -0.5903
vn 0.6147 -0.5707 0.5445
vn 0.3350 -0.6863 0.6456
vn 0.5612 -0.5948 0.5756
vn 0.8671 -0.3874 0.3133
vn 0.8404 -0.4933 -0.2244
vn 0.7773 -0.6284 -0.0293
vn 0.8523 -0.4038 0.3324
vn 0.6262 -0.5272 0.5744
vn 0.8600 -0.3713 0.3500
vn 0.9865 -0.1579 0.0429
vn 0.9869 -0.1571 0.0364
vn 0.9082 -0.3241 0.2648
vn 0.8664 -0.4992 0.0127
vn 0.8475 -0.5249 0.0791
vn 0.9488 0.0612 -0.3100
vn 0.8598 0.1490 -0.4884
vn 0.9647 0.0281 -0.2617
vn 0.9877 -0.1487 0.0475
vn 0.9906 -0.1352 0.0198
vn -0.1485 -0.6515 -0.7439
vn 0.3195 -0.7676 -0.5555
vn 0.2278 -0.8111 -0.5387
vn 0.8560 -0.5082 -0.0945
vn 0.5218 -0.6095 -0.5969
vn 0.6647 -0.5810 -0.4697
vn 0.8198 -0.3194 -0.4753
vn -0.0068 -0.7277 -0.6859
vn 0.3971 -0.6775 -0.6191
vn 0.6422 -0.6867 -0.3406
vn 0.3205 -0.7330 -0.5999
vn 0.3023 -0.7078 -0.6384
vn 0.0726 -0.8444 -0.5307
vn 0.0526 -0.8359 -0.5464
vn 0.0888 -0.8735 -0.4786
vn 0.2923 -0.8473 -0.4435
vn 0.3398 -0.8671 -0.3642
vn 0.0844 -0.8863 -0.4553
vn 0.3263 -0.8845 -0.3335
vn 0.3157 -0.8925 -0.3221
vn 0.0877 -0.8864 -0.4546
vn -0.0593 -0.7687 -0.6369
vn -0.2714 -0.7022 -0.6582
vn -0.1669 -0.9188 -0.3578
vn 0.0585 -0.8177 -0.5727
vn -0.0302 -0.8824 -0.4695
vn -0.1668 -0.9847 0.0505
vn 0.0755 -0.9630 -0.2588
vn -0.1934 -0.7189 -0.6677
vn -0.3831 -0.7544 -0.5331
vn -0.1698 -0.9806 -0.0983
vn -0.4769 -0.8490 -0.2273
vn -0.0142 -0.4310 -0.9022
vn -0.2574 -0.5127 -0.8191
vn -0.0706 -0.5111 -0.8566
vn -0.4918 -0.5545 -0.6713
vn 0.1483 -0.9882 -0.0374
vn 0.1103 -0.9639 -0.2422
vn -0.1069 -0.8357 -0.5387
vn 0.3593 -0.7560 -0.5471
vn 0.3141 -0.9200 -0.2344
vn 0.2273 -0.5300 -0.8170
vn 0.2091 -0.8121 -0.5447
vn 0.2959 -0.8692 -0.3962
vn 0.0374 -0.8005 -0.5981
vn -0.0382 -0.8001 -0.5986
vn -0.3185 -0.6868 -0.6533
vn -0.3538 -0.7436 -0.5674
vn -0.5124 -0.5808 -0.6326
vn -0.2530 -0.7766 -0.5770
vn 0.2102 -0.6994 -0.6831
vn -0.1220 -0.8110 -0.5722
vn 0.7902 0.5832 0.1884
vn 0.8880 0.3603 0.2857
vn 0.9636 0.2479 0.1003
vn 0.8437 -0.0328 -0.5359
vn 0.9474 -0.1982 -0.2511
vn 0.5677 0.8151 -0.1156
vn 0.6899 0.6750 -0.2615
vn 0.5935 -0.4837 -0.6433
vn 0.6629 -0.4030 -0.6310
vn 0.4370 -0.5022 -0.7462
vn 0.2799 -0.5190 -0.8076
vn 0.2847 0.0435 -0.9576
vn 0.4602 -0.0283 -0.8874
vn 0.2101 -0.4368 -0.8747
vn 0.1335 -0.4538 -0.8811
vn 0.7310 0.1044 0.6743
vn 0.3436 0.5554 -0.7573
vn 0.3499 0.3741 -0.8588
vn 0.2799 0.3513 -0.8934
vn 0.1850 0.0681 -0.9804
vn 0.7893 -0.4741 -0.3902
vn 0.4942 -0.5913 -0.6373
vn 0.0640 -0.5055 -0.8604
vn 0.4993 -0.5616 -0.6598
vn 0.6614 -0.4534 -0.5974
vn 0.4851 -0.5093 -0.7108
vn 0.1099 -0.5639 -0.8185
vn 0.3452 -0.2306 0.9098
vn 0.4137 -0.2400 0.8782
vn 0.2720 -0.4162 0.8676
vn 0.3654 -0.1000 0.9255
vn 0.3980 -0.1535 0.9045
vn -0.0216 -0.4763 -0.8790
vn -0.0896 -0.4642 -0.8812
vn -0.1925 -0.5082 -0.8395
vn 0.0126 -0.5148 -0.8572
vn 0.8036 -0.4240 -0.4177
vn -0.1674 -0.4711 -0.8661
vn 0.8672 -0.3325 0.3708
vn 0.6321 -0.4731 0.6137
vn 0.6996 -0.2937 0.6513
vn 0.2926 0.4891 -0.8217
vn 0.1685 0.1190 -0.9785
vn 0.1798 0.1661 -0.9696
vn 0.5913 0.7900 -0.1621
vn 0.7672 0.6389 0.0563
vn 0.5835 0.8108 0.0462
vn 0.6111 0.6814 0.4028
vn 0.8659 0.4870 0.1142
vn 0.8498 0.4515 0.2719
vn 0.8565 0.3106 0.4122
vn 0.9379 0.2868 0.1953
vn 0.9589 0.1401 0.2469
vn 0.7600 0.6318 0.1526
vn 0.9139 0.3984 0.0774
vn 0.5932 0.4817 0.6451
vn 0.5953 0.5774 0.5588
vn 0.8496 0.4220 0.3163
vn 0.8379 0.2189 0.5000
vn 0.6833 0.3940 0.6147
vn 0.9316 0.1105 0.3463
vn 0.9764 0.0666 0.2052
vn 0.9225 0.1749 0.3441
vn 0.9887 -0.0533 0.1403
vn 0.2405 0.1341 -0.9614
vn 0.0537 -0.2133 -0.9755
vn 0.0818 -0.2266 -0.9705
vn 0.4825 0.7931 0.3717
vn 0.5711 0.6522 0.4985
vn 0.5870 0.6075 0.5351
vn -0.3128 -0.4781 -0.8207
vn -0.4883 -0.3977 -0.7768
vn -0.3279 -0.4392 -0.8364
vn 0.6603 0.7510 -0.0048
vn 0.6597 0.7412 -0.1239
vn 0.5363 0.8128 0.2274
vn 0.4572 0.8542 0.2477
vn 0.1890 0.1304 -0.9733
vn 0.2162 -0.1237 -0.9685
vn 0.1141 -0.2594 -0.9590
vn 0.2056 0.2231 -0.9529
vn 0.1312 -0.1032 -0.9860
vn -0.0259 -0.5859 -0.8100
vn -0.0085 -0.4267 -0.9043
vn 0.0475 -0.4537 -0.8899
vn -0.0068 -0.5388 -0.8424
vn -0.0048 -0.2872 -0.9578
vn -0.0074 -0.5517 -0.8340
vn 0.0062 -0.2950 -0.9555
vn 0.0269 0.0836 -0.9961
vn -0.0538 0.0365 -0.9979
vn -0.0945 -0.1821 -0.9787
vn -0.1657 0.0983 -0.9813
vn -0.1172 0.3894 -0.9136
vn 0.0142 0.4039 -0.9147
vn -0.4667 0.7252 -0.5063
vn -0.1052 -0.0185 -0.9943
vn -0.0184 -0.3440 -0.9388
vn 0.0058 -0.3768 -0.9263
vn -0.1062 0.5796 -0.8079
vn 0.8185 -0.5365 -0.2055
vn 0.9322 -0.1240 -0.3399
vn 0.9593 -0.1552 -0.2358
vn 0.6378 0.7587 -0.1326
vn 0.8522 0.4855 -0.1948
vn 0.9830 0.1348 -0.1247
vn 0.9755 -0.1746 -0.1337
vn 0.8673 -0.4970 -0.0275
vn 0.8596 -0.4955 -0.1249
vn 0.9836 -0.1781 -0.0286
vn 0.7806 -0.4578 -0.4255
vn 0.8272 -0.4647 -0.3159
vn 0.8681 -0.0978 -0.4867
vn 0.9131 0.2046 -0.3527
vn 0.9599 0.1669 -0.2253
vn 0.7962 0.5163 -0.3154
vn 0.6383 0.7290 -0.2471
vn 0.5778 0.8131 -0.0712
vn 0.6301 -0.7759 -0.0297
vn 0.4435 -0.8891 -0.1127
vn 0.6715 -0.7328 -0.1102
vn 0.2819 -0.9440 -0.1712
vn 0.5667 -0.7631 -0.3106
vn 0.6429 0.5689 -0.5129
vn 0.7628 0.2258 -0.6059
vn 0.7537 0.6387 -0.1551
vn 0.7188 0.6856 0.1156
vn 0.6343 0.7722 -0.0363
vn 0.8935 0.3987 -0.2066
vn 0.6920 0.6114 -0.3838
vn 0.7997 -0.5334 -0.2758
vn 0.7905 -0.5999 -0.1237
vn 0.5471 -0.0689 -0.8342
vn 0.6372 -0.6542 -0.4075
vn 0.6560 -0.4566 -0.6009
vn 0.7993 -0.3664 -0.4764
vn 0.7701 -0.5521 -0.3196
vn 0.7887 -0.3192 -0.5254
vn 0.6590 -0.5752 -0.4847
vn 0.8733 0.1753 -0.4545
vn 0.2649 -0.6906 -0.6730
vn 0.6961 -0.2297 -0.6803
vn 0.4962 -0.5936 -0.6336
vn 0.6190 -0.5160 -0.5920
vn 0.2322 -0.4820 -0.8448
vn 0.2092 -0.7109 -0.6715
vn 0.2579 -0.6511 -0.7138
vn 0.4398 -0.3101 -0.8429
vn 0.2543 -0.5721 -0.7798
vn 0.1508 -0.8806 -0.4493
vn 0.1445 -0.7317 -0.6661
vn 0.2461 0.5301 -0.8114
vn 0.4560 0.3636 -0.8123
vn 0.4082 0.5649 -0.7171
vn 0.0734 -0.4082 -0.9099
vn 0.0334 -0.7289 -0.6838
vn 0.2719 0.1455 -0.9513
vn 0.2565 0.3461 -0.9025
vn 0.1656 -0.5561 -0.8145
vn 0.0098 -0.2636 -0.9646
vn -0.0152 -0.5411 -0.8408
vn -0.0158 -0.0719 -0.9973
vn -0.0244 -0.4149 -0.9096
vn -0.2184 0.2327 -0.9477
vn 0.0152 0.1530 -0.9881
vn -0.0080 -0.9300 -0.3674
vn -0.0613 -0.7348 -0.6755
vn -0.0226 -0.7331 -0.6797
vn -0.4451 -0.6690 -0.5953
vn -0.1535 -0.8816 -0.4464
vn -0.2971 -0.7331 -0.6118
vn -0.1912 -0.7495 -0.6337
vn -0.0713 -0.7216 -0.6886
vn -0.4244 -0.7036 -0.5700
vn 0.1930 -0.7845 -0.5893
vn 0.1792 -0.7545 -0.6313
vn 0.7671 -0.5016 -0.3999
vn 0.5311 -0.6764 -0.5103
vn 0.8879 -0.2392 -0.3928
vn 0.9317 -0.1863 -0.3119
vn 0.8579 0.4476 -0.2524
vn 0.7269 -0.3372 -0.5983
vn 0.5503 -0.5448 -0.6328
vn 0.9671 -0.1876 -0.1719
vn 0.9366 0.3276 -0.1242
vn 0.7851 -0.5342 -0.3136
vn 0.8729 -0.3647 -0.3240
vn 0.2481 -0.4690 -0.8477
vn 0.2140 -0.4537 -0.8651
vn -0.0010 -0.5713 -0.8208
vn 0.7786 0.2123 -0.5905
vn 0.6906 0.4179 -0.5903
vn 0.4552 -0.5524 -0.6983
vn 0.8964 0.4416 -0.0380
vn 0.9487 0.3020 -0.0935
vn 0.9872 -0.0480 -0.1522
vn 0.7970 0.0128 -0.6038
vn 0.7618 0.4099 -0.5017
vn 0.7646 0.4854 -0.4240
vn 0.9276 -0.0495 -0.3703
vn 0.8499 0.0551 -0.5241
vn 0.7612 0.3235 -0.5621
vn 0.8014 -0.0753 -0.5933
vn 0.7299 -0.1383 -0.6695
vn 0.7101 -0.4117 -0.5711
vn 0.5895 0.2160 -0.7783
vn 0.5493 -0.2065 -0.8097
vn 0.5539 0.5349 -0.6381
vn 0.6051 0.4084 -0.6835
vn 0.7534 0.0294 -0.6569
vn 0.6976 0.3947 -0.5979
vn 0.6114 0.0615 -0.7889
vn 0.7384 -0.0636 -0.6713
vn 0.4271 0.4974 -0.7551
vn 0.4538 0.2984 -0.8397
vn 0.5425 0.5507 -0.6344
vn 0.6146 0.5827 -0.5318
vn 0.4014 0.2888 -0.8692
vn 0.4718 0.5080 -0.7207
vn -0.0215 0.3662 -0.9303
vn 0.1418 0.4047 -0.9034
vn 0.1251 0.3807 -0.9162
vn -0.1394 -0.3312 -0.9332
vn -0.2183 -0.3450 -0.9129
vn 0.0872 -0.2786 -0.9564
vn -0.0602 -0.1487 -0.9870
vn -0.0784 -0.2771 -0.9576
vn 0.0471 -0.1291 -0.9905
vn 0.0301 -0.2094 -0.9774
vn 0.0813 -0.5799 -0.8106
vn 0.1512 -0.1100 -0.9824
vn 0.0083 -0.2188 -0.9757
vn -0.2956 -0.7788 -0.5532
vn -0.2854 -0.7453 -0.6025
vn -0.2069 -0.8083 -0.5512
vn -0.1343 -0.6304 -0.7645
vn 0.0238 -0.4361 -0.8996
vn -0.0315 -0.4574 -0.8887
vn -0.0923 -0.7647 -0.6377
vn -0.0339 -0.8282 -0.5594
vn -0.0460 -0.7400 -0.6710
vn 0.0503 -0.3153 -0.9477
vn 0.0529 -0.4695 -0.8813
vn -0.0179 -0.2060 -0.9784
vn -0.0813 -0.1480 -0.9856
vn 0.0018 -0.6051 -0.7961
vn 0.0970 -0.7919 -0.6029
vn 0.1272 -0.5914 -0.7963
vn -0.0276 -0.3085 -0.9508
vn 0.4250 0.6908 -0.5850
vn 0.4640 0.7782 -0.4232
vn 0.4508 0.7679 -0.4552
vn 0.6649 0.6913 0.2829
vn 0.6122 0.7456 0.2632
vn 0.6578 0.7089 0.2545
vn 0.6011 0.7960 -0.0714
vn 0.5226 0.8290 0.1991
vn 0.7019 0.6958 0.1523
vn 0.4586 0.8179 0.3476
vn 0.4873 0.7929 0.3660
vn 0.4611 0.7420 0.4867
vn 0.3446 0.8626 0.3704
vn 0.5106 0.8097 0.2894
vn 0.2881 0.9196 0.2669
vn 0.2407 0.9085 0.3417
vn -0.0003 0.9510 0.3092
vn -0.2659 0.9230 0.2780
vn -0.0220 0.9781 0.2068
vn -0.1477 0.9353 0.3214
vn 0.2842 0.8784 0.3843
vn 0.0709 0.9974 -0.0103
vn 0.0028 0.9875 0.1573
vn 0.2220 0.9724 0.0716
vn -0.2229 0.9427 0.2483
vn -0.2662 0.9284 0.2594
vn -0.4858 0.7572 0.4367
vn -0.6756 0.6052 0.4211
vn -0.3998 0.8779 0.2637
vn -0.6003 0.5130 0.6136
vn -0.3231 0.8446 0.4269
vn -0.3547 0.9347 -0.0212
vn -0.4036 0.6432 0.6507
vn -0.5967 0.5811 0.5534
vn -0.3123 0.6997 0.6425
vn -0.4701 0.6354 0.6126
vn -0.6224 0.6782 0.3907
vn -0.6212 0.7016 0.3492
vn -0.6397 0.6559 0.4006
vn 0.0899 0.7896 -0.6069
vn 0.1591 0.6940 -0.7022
vn -0.1841 0.9809 -0.0621
vn 0.1678 0.9328 0.3190
vn -0.0288 0.9617 0.2727
vn -0.2570 0.8960 0.3622
vn -0.2735 0.9211 0.2773
vn -0.6532 0.6721 0.3487
vn -0.5872 0.7966 0.1435
vn -0.4811 0.8020 0.3541
vn -0.1815 0.7932 0.5813
vn -0.3126 0.7941 0.5212
vn 0.0613 0.7494 0.6593
vn -0.0273 0.8065 0.5905
vn -0.0911 0.7516 -0.6533
vn -0.1177 0.9818 -0.1489
vn -0.4328 0.8967 -0.0933
vn -0.3508 0.9363 -0.0170
vn -0.0302 0.9995 -0.0136
vn 0.1283 0.9557 -0.2649
vn 0.2133 0.9718 -0.1003
vn 0.0064 0.9830 0.1836
vn 0.3097 0.9457 0.0986
vn 0.5039 0.8635 0.0214
vn 0.4240 0.8834 -0.1997
vn 0.6869 0.7260 -0.0342
vn 0.4850 0.7994 0.3545
vn -0.0082 0.9163 0.4004
vn 0.1439 0.9124 0.3831
vn 0.6128 0.5947 0.5203
vn -0.4233 0.8671 -0.2627
vn -0.3671 0.8006 -0.4736
vn -0.1406 0.8520 -0.5042
vn -0.4492 0.8768 -0.1715
vn -0.2823 0.9419 -0.1822
vn 0.6344 0.7303 -0.2533
vn 0.7246 0.6756 -0.1364
vn 0.7898 0.6094 0.0696
vn 0.6348 0.6858 0.3559
vn -0.1739 0.9361 -0.3058
vn 0.0781 0.7905 -0.6075
vn 0.7552 0.5601 -0.3405
vn 0.6573 0.6290 -0.4150
vn 0.8949 -0.3706 -0.2487
vn 0.9264 -0.1425 -0.3485
vn 0.4576 0.8222 -0.3385
vn 0.5014 0.6635 -0.5553
vn 0.9284 0.3579 -0.0998
vn 0.6249 0.5646 -0.5392
vn 0.9036 -0.1871 -0.3853
vn 0.7987 -0.3404 -0.4961
vn 0.6405 0.3216 -0.6973
vn 0.5780 0.5431 -0.6091
vn 0.3578 0.4043 -0.8418
vn 0.9731 0.0427 -0.2262
vn 0.9951 0.0961 -0.0211
vn 0.9530 0.2559 0.1619
vn 0.9406 0.2350 0.2450
vn 0.8506 0.2012 -0.4858
vn 0.9273 -0.1400 -0.3472
vn 0.5191 0.4230 -0.7427
vn 0.6522 0.0966 -0.7519
vn 0.8376 -0.2375 -0.4919
vn 0.6133 -0.2542 -0.7479
vn 0.6869 -0.4567 -0.5654
vn 0.8973 -0.2212 -0.3819
vn 0.8928 0.3758 -0.2482
vn 0.8152 -0.5785 0.0265
vn 0.7556 -0.6134 -0.2296
vn 0.8944 -0.3645 -0.2592
vn 0.9639 -0.1951 -0.1814
vn 0.8450 0.3302 0.4207
vn 0.7944 0.1495 0.5887
vn 0.4833 -0.4072 -0.7750
vn 0.5329 -0.4119 -0.7391
vn 0.3115 0.4572 -0.8330
vn 0.4920 -0.6679 -0.5584
vn 0.6713 -0.7199 -0.1761
vn 0.5970 -0.5589 -0.5755
vn 0.6451 0.6565 -0.3911
vn 0.5364 0.5723 -0.6202
vn 0.7538 0.6275 -0.1949
vn 0.7322 0.6497 0.2043
vn 0.7820 0.6060 0.1459
vn 0.5781 0.6469 0.4972
vn 0.5084 0.1733 0.8435
vn 0.7308 0.4518 0.5117
vn 0.5591 0.4927 0.6668
vn 0.5368 -0.3672 -0.7596
vn 0.7075 -0.3304 -0.6247
vn 0.4837 -0.4699 -0.7384
vn 0.4356 0.3935 -0.8096
vn 0.3671 -0.6630 -0.6525
vn 0.3796 -0.8317 -0.4053
vn 0.6596 0.6039 -0.4474
vn 0.6797 0.7067 -0.1966
vn 0.5042 0.7520 -0.4246
vn 0.3564 0.9070 -0.2243
vn 0.5410 -0.6710 0.5070
vn 0.6663 -0.7195 0.1958
vn 0.3933 0.9151 0.0888
vn 0.6227 0.7706 0.1357
vn 0.4554 0.7637 0.4576
vn 0.6385 0.5798 0.5061
vn 0.4913 -0.3444 -0.8000
vn 0.2509 -0.3217 -0.9130
vn 0.4529 0.3867 -0.8033
vn 0.0543 0.8338 -0.5494
vn 0.2125 0.5385 -0.8154
vn -0.0677 0.6986 -0.7123
vn 0.1156 0.9287 -0.3525
vn -0.1959 0.9552 -0.2218
vn 0.3469 -0.9333 -0.0928
vn 0.5143 -0.8467 -0.1366
vn 0.2268 0.8999 0.3724
vn 0.4951 -0.4871 0.7195
vn 0.4975 -0.2893 0.8178
vn 0.2960 -0.1221 0.9473
vn 0.3673 0.1130 0.9232
vn -0.2862 0.9573 -0.0412
vn 0.5035 -0.6522 0.5667
vn 0.4054 -0.8380 0.3653
vn 0.4487 -0.7995 0.3994
vn 0.5417 -0.6328 0.5533
vn 0.5793 -0.4481 0.6809
vn -0.0561 0.9805 0.1883
vn 0.0096 0.8331 0.5530
vn -0.0158 -0.6085 -0.7934
vn 0.5510 -0.6903 0.4690
vn 0.1790 0.5040 0.8450
vn -0.0412 0.5310 0.8463
vn -0.0060 0.6393 0.7689
vn 0.6189 -0.2292 0.7513
vn 0.3889 0.3441 0.8546
vn 0.3809 0.5560 0.7388
vn 0.7730 -0.0887 0.6281
vn 0.6934 0.0742 0.7167
vn 0.6510 0.2183 0.7270
vn 0.3038 0.2482 0.9198
vn -0.5681 -0.1356 -0.8117
vn -0.4363 -0.3669 -0.8216
vn -0.2129 -0.6364 -0.7414
vn -0.2592 -0.5055 -0.8230
vn 0.5740 -0.8039 0.1561
vn 0.4271 -0.8633 0.2689
vn 0.7578 -0.6248 -0.1880
vn 0.4726 -0.8812 0.0120
vn 0.9823 -0.0958 -0.1612
vn 0.9641 -0.2332 -0.1268
vn 0.9229 -0.2938 0.2488
vn 0.5208 0.5637 0.6411
vn 0.2525 0.7339 0.6306
vn 0.4259 0.7512 0.5043
vn 0.8507 0.2589 0.4574
vn 0.9116 0.3655 0.1880
vn 0.9530 0.2826 0.1096
vn 0.8300 -0.1483 -0.5377
vn 0.1043 -0.9397 -0.3257
vn 0.3698 -0.9145 -0.1643
vn 0.2792 -0.8839 -0.3751
vn 0.8793 -0.1384 -0.4556
vn 0.8395 0.5422 0.0357
vn 0.5364 0.8324 0.1389
vn 0.7422 0.6529 -0.1512
vn 0.8880 0.4514 -0.0882
vn 0.7487 0.6592 -0.0701
vn 0.8386 0.5448 -0.0072
vn 0.9328 0.3009 0.1983
vn 0.8892 0.4340 0.1449
vn 0.9552 0.2957 0.0136
vn 0.5110 -0.2378 -0.8260
vn 0.1466 -0.2803 -0.9486
vn 0.2315 -0.4807 -0.8458
vn 0.4324 -0.6216 -0.6532
vn 0.5794 -0.6574 -0.4818
vn 0.6711 -0.3478 -0.6547
vn 0.7796 -0.3530 -0.5174
vn 0.7393 -0.1516 -0.6561
vn 0.1683 0.9814 0.0928
vn 0.2854 0.9024 0.3228
vn 0.6361 0.7305 -0.2487
vn 0.7551 0.6077 -0.2458
vn 0.6558 0.6908 -0.3046
vn -0.0508 -0.0174 -0.9986
vn 0.4469 0.0174 -0.8944
vn 0.3470 0.0881 -0.9337
vn -0.2839 0.5693 -0.7716
vn -0.0148 0.3433 -0.9391
vn 0.0078 0.5682 -0.8229
vn 0.4939 -0.2362 -0.8368
vn 0.5264 0.7719 -0.3566
vn 0.1674 0.8543 -0.4921
vn 0.3961 0.7490 -0.5312
vn 0.4026 0.9136 -0.0577
vn 0.2834 0.9200 -0.2708
vn 0.5534 -0.2747 -0.7864
vn 0.6040 -0.1758 -0.7774
vn 0.4753 -0.3134 -0.8221
vn 0.5772 0.0976 -0.8107
vn 0.4828 0.2209 -0.8474
vn 0.3719 0.5049 -0.7789
vn 0.0777 0.7327 -0.6761
vn 0.6251 -0.2000 -0.7544
vn 0.4537 0.0485 -0.8898
vn 0.2154 -0.1171 -0.9695
vn 0.1572 -0.0041 -0.9876
vn 0.4105 0.1025 -0.9061
vn 0.3726 0.2013 -0.9059
vn -0.1228 0.1861 -0.9748
vn 0.4925 0.5815 -0.6475
vn 0.5035 0.3804 -0.7757
vn -0.0589 -0.0407 -0.9974
vn -0.0398 -0.0223 -0.9990
vn 0.2249 -0.0864 -0.9705
vn 0.0743 -0.3331 -0.9399
vn 0.0259 -0.1811 -0.9831
vn 0.1213 0.9867 0.1081
vn -0.2119 0.9769 0.0270
vn -0.0156 0.9941 -0.1076
vn 0.6339 0.7550 -0.1680
vn 0.4751 0.8658 -0.1569
vn 0.2660 0.8225 -0.5028
vn 0.2149 0.7329 -0.6455
vn 0.1499 0.9435 -0.2955
vn 0.9203 -0.1105 0.3753
vn 0.9955 0.0531 0.0782
vn 0.9476 0.2027 -0.2470
vn 0.9938 0.0731 0.0838
vn 0.9063 -0.0641 0.4178
vn 0.7805 -0.2420 0.5763
vn 0.9935 0.0782 0.0830
vn 0.9887 0.1482 0.0199
vn 0.8578 0.1992 -0.4737
vn 0.8780 -0.0019 0.4787
vn 0.7962 0.0702 0.6009
vn 0.9213 0.0385 0.3869
vn 0.9547 -0.1412 0.2619
vn 0.9529 -0.2576 0.1600
vn 0.9893 -0.0874 0.1168
vn 0.9652 -0.0703 0.2518
vn 0.8985 -0.2029 0.3892
vn 0.8076 -0.3002 0.5076
vn 0.9031 -0.0679 0.4240
vn 0.9893 -0.0271 0.1432
vn 0.9917 0.1093 0.0673
vn 0.8681 -0.4925 0.0620
vn 0.6072 -0.7932 -0.0471
vn 0.6087 -0.7827 -0.1299
vn 0.3782 -0.8873 -0.2637
vn 0.8687 -0.4436 0.2205
vn 0.8918 -0.3123 0.3272
vn 0.7094 -0.4517 0.5411
vn 0.8419 -0.3937 0.3689
vn 0.9513 0.1396 0.2747
vn 0.9678 0.1596 0.1945
vn 0.8790 0.3448 0.3293
vn 0.8744 0.2474 0.4174
vn 0.8679 -0.0289 0.4959
vn 0.7930 0.0431 0.6076
vn 0.6722 -0.1925 0.7150
vn 0.4345 -0.8998 -0.0395
vn 0.8324 -0.5373 0.1361
vn 0.5545 -0.8224 0.1272
vn 0.6862 -0.6401 0.3456
vn 0.6346 0.1613 0.7558
vn 0.7432 0.3456 0.5729
vn 0.5096 0.3384 0.7910
vn 0.4532 -0.8106 0.3708
vn 0.6004 -0.6048 0.5232
vn 0.4708 -0.6466 0.6002
vn 0.5679 -0.4276 0.7033
vn 0.5743 -0.3705 0.7300
vn 0.6150 0.4377 0.6559
vn 0.1882 -0.9474 -0.2588
vn 0.2811 -0.9595 -0.0181
vn 0.2650 0.3791 0.8866
vn 0.5472 0.5200 0.6559
vn 0.9921 -0.1252 -0.0115
vn 0.9871 0.1224 0.1029
vn 0.9337 -0.1263 0.3351
vn 0.6863 -0.2380 0.6873
vn 0.6176 -0.1302 0.7756
vn 0.9512 -0.0741 0.2996
vn 0.8482 0.1371 0.5117
vn 0.9014 0.1904 0.3889
vn 0.8688 0.1418 0.4744
vn 0.6998 0.4813 0.5279
vn 0.8559 0.3818 0.3487
vn 0.7018 0.1823 0.6887
vn 0.6355 0.2793 0.7199
vn 0.9513 -0.0507 0.3042
vn 0.9405 -0.0930 0.3269
vn 0.7773 0.0020 0.6291
vn 0.9093 0.2843 0.3039
vn 0.9350 0.0958 0.3415
vn 0.5794 0.5218 0.6261
vn 0.5758 0.5938 0.5621
vn 0.5610 0.6556 0.5054
vn 0.7422 0.3260 0.5856
vn 0.7815 0.2724 0.5613
vn 0.9527 0.0309 0.3022
vn 0.8832 0.0585 0.4653
vn 0.7691 0.2731 0.5778
vn 0.7801 0.1037 0.6170
vn 0.8761 0.0917 0.4732
vn 0.9096 -0.0939 0.4047
vn 0.8805 0.1122 0.4606
vn 0.7630 -0.0703 0.6426
vn 0.8347 0.3492 0.4258
vn 0.7960 0.1440 0.5879
vn 0.8164 0.0825 0.5716
vn 0.8922 -0.3458 0.2905
vn 0.8319 -0.2964 0.4690
vn 0.9501 -0.2713 0.1542
vn 0.9534 -0.0311 0.3003
vn 0.9753 0.1365 0.1736
vn 0.8268 0.3859 0.4092
vn 0.8000 0.1593 0.5785
vn 0.6339 0.3245 0.7021
vn 0.5783 0.5110 0.6360
vn 0.8050 0.0883 0.5866
vn 0.5267 -0.0573 0.8481
vn 0.8099 -0.0963 0.5787
vn 0.6055 0.2039 0.7693
vn 0.6957 -0.1144 0.7092
vn 0.8330 0.2280 0.5042
vn 0.7011 0.3033 0.6453
vn 0.6439 0.4844 0.5922
vn 0.6150 -0.7856 0.0687
vn 0.8647 -0.4928 0.0968
vn 0.2647 -0.9642 0.0174
vn 0.9598 -0.0808 0.2690
vn 0.8575 -0.4547 0.2409
vn 0.6287 -0.7639 0.1456
vn 0.6253 0.7786 0.0539
vn 0.7740 0.5865 0.2387
vn 0.8382 0.5388 0.0839
vn 0.6774 -0.6824 0.2747
vn 0.9137 -0.0712 0.4002
vn 0.8447 -0.3548 0.4007
vn 0.8867 0.2622 0.3808
vn 0.9248 0.2701 0.2681
vn 0.5478 0.8280 0.1200
vn 0.5791 0.7659 0.2793
vn 0.7444 0.5720 0.3445
vn 0.7171 -0.6361 0.2847
vn 0.4879 -0.8314 0.2660
vn 0.5578 0.7617 0.3298
vn 0.6929 0.6021 0.3967
vn 0.8567 -0.0037 0.5158
vn 0.8168 0.3130 0.4846
vn 0.4770 0.8005 0.3628
vn 0.6091 0.6523 0.4510
vn 0.4777 0.7658 0.4305
vn 0.6854 -0.5958 0.4186
vn 0.8098 -0.2669 0.5225
vn 0.7652 0.0295 0.6431
vn 0.5731 0.7734 0.2710
vn 0.6001 0.7806 0.1746
vn 0.6291 0.7659 0.1330
vn 0.7430 0.3069 0.5948
vn 0.6086 0.6122 0.5048
vn 0.6579 0.0108 0.7530
vn 0.9829 -0.1832 -0.0167
vn 0.8225 -0.5639 0.0737
vn 0.6617 -0.7434 0.0973
vn 0.7942 -0.5787 0.1855
vn 0.9639 0.1335 0.2305
vn 0.9608 -0.1611 0.2257
vn 0.7298 -0.6159 0.2967
vn 0.3559 -0.8625 0.3597
vn 0.8208 -0.5685 0.0563
vn 0.6774 0.7197 0.1522
vn 0.7013 -0.5628 0.4375
vn 0.7544 -0.2988 0.5844
vn -0.0213 -0.9996 -0.0157
vn -0.0893 -0.9955 -0.0315
vn -0.0015 -1.0000 0.0062
vn 0.4622 -0.7139 0.5261
vn 0.6114 0.3555 0.7070
vn 0.8301 0.1231 0.5438
vn 0.8441 0.3519 0.4045
vn 0.9330 0.1463 0.3287
vn 0.9410 -0.0800 0.3289
vn 0.4283 0.6934 0.5794
vn 0.3486 0.8273 0.4405
vn 0.4178 0.8014 0.4281
vn 0.3067 -0.8163 0.4896
vn 0.0619 -0.9936 0.0946
vn 0.2515 -0.9278 0.2756
vn 0.6734 0.2836 0.6828
vn 0.6696 0.4505 0.5905
vn 0.6284 -0.2709 0.7292
vn 0.4251 -0.5373 0.7284
vn 0.4560 -0.1485 0.8775
vn 0.2210 0.8130 0.5386
vn 0.4666 0.7926 0.3925
vn 0.3593 0.8732 0.3292
vn 0.6744 0.1236 0.7279
vn 0.5222 -0.2531 0.8144
vn 0.5290 -0.5586 0.6388
vn 0.4403 -0.5703 0.6935
vn 0.4750 0.5398 0.6950
vn 0.5500 0.3410 0.7624
vn 0.3929 -0.6939 0.6034
vn 0.3695 0.7175 0.5905
vn 0.0808 0.7529 0.6532
vn 0.2404 0.6044 0.7596
vn 0.2413 0.8028 0.5452
vn 0.2972 -0.5225 0.7992
vn 0.3742 0.1211 0.9194
vn 0.2971 0.3661 0.8819
vn 0.3830 -0.1877 0.9045
vn 0.4662 0.2730 0.8415
vn 0.3107 0.4168 0.8543
vn -0.0381 -0.9971 -0.0660
vn -0.0238 -0.9962 -0.0833
vn 0.1832 -0.7950 0.5782
vn 0.1913 -0.6521 0.7336
vn 0.2504 0.4265 0.8692
vn 0.4566 0.3522 0.8170
vn 0.3148 0.3140 0.8957
vn 0.5940 -0.1887 0.7820
vn 0.2833 -0.2565 0.9241
vn 0.2564 -0.5863 0.7685
vn 0.1218 0.6014 0.7896
vn 0.1319 0.3066 0.9426
vn 0.1618 0.0036 0.9868
vn 0.4908 0.1279 0.8619
vn 0.2818 -0.1794 0.9426
vn 0.2849 0.1345 0.9491
vn 0.1677 0.5486 0.8191
vn 0.2920 0.5720 0.7665
vn 0.1089 0.7611 0.6394
vn 0.1727 0.7247 0.6670
vn 0.1990 0.4151 0.8877
vn 0.1892 0.2990 0.9353
vn 0.0916 0.4727 0.8765
vn 0.0292 -0.6111 0.7910
vn 0.1083 -0.5101 0.8533
vn 0.0863 0.7798 0.6200
vn 0.1311 0.6503 0.7483
vn 0.1155 0.7987 0.5905
vn 0.0187 -0.8775 0.4791
vn 0.0133 -0.9883 0.1518
vn 0.0703 -0.8881 0.4543
vn -0.0849 0.3857 0.9187
vn -0.0144 0.6154 0.7880
vn 0.0303 0.4560 0.8895
vn 0.0627 -0.1183 0.9910
vn -0.0402 -0.4102 0.9111
vn 0.0093 0.5938 0.8046
vn -0.0628 0.7161 0.6951
vn 0.3307 0.6619 0.6727
vn -0.0027 -0.9895 0.1446
vn -0.0431 -0.8798 0.4733
vn -0.0247 -0.9898 0.1400
vn 0.0122 0.7053 0.7088
vn 0.0414 -0.6281 0.7770
vn -0.0371 -0.6153 0.7874
vn -0.1740 0.2474 0.9532
vn 0.0385 0.1171 0.9924
vn -0.1470 0.0202 0.9889
vn -0.0248 0.2802 0.9596
vn -0.1322 -0.5756 0.8070
vn -0.1275 0.1109 0.9856
vn 0.0150 0.2911 0.9566
vn -0.1306 0.3862 0.9131
vn -0.1437 -0.2349 0.9613
vn -0.0150 0.5414 0.8407
vn -0.3574 0.1324 0.9245
vn -0.2734 0.5610 0.7814
vn -0.1962 -0.6196 0.7600
vn -0.0730 -0.4811 0.8736
vn -0.2125 -0.3792 0.9006
vn -0.1253 -0.8188 0.5603
vn -0.0606 -0.9432 0.3267
vn -0.0800 -0.8424 0.5330
vn -0.2060 -0.9046 -0.3733
vn -0.0435 -0.9317 -0.3605
vn -0.1708 -0.9833 -0.0622
vn 0.1301 -0.9414 0.3111
vn 0.3764 -0.9031 0.2066
vn 0.1286 -0.0214 0.9915
vn 0.1939 0.0603 0.9792
vn 0.0080 -0.0694 0.9976
vn -0.4017 -0.8150 -0.4176
vn -0.2550 -0.8630 -0.4362
vn 0.1262 -0.9789 0.1605
vn 0.3804 -0.6123 0.6931
vn 0.1931 -0.3513 0.9161
vn 0.2606 -0.6085 0.7495
vn 0.5177 0.0415 0.8545
vn 0.7055 -0.1052 0.7009
vn 0.1632 0.2509 0.9542
vn 0.5497 0.1764 0.8165
vn 0.4642 -0.0406 0.8848
vn 0.1265 0.0957 0.9873
vn 0.6626 -0.0274 0.7485
vn -0.4162 -0.7544 -0.5076
vn -0.3633 -0.9201 -0.1464
vn -0.2633 -0.9005 -0.3462
vn -0.0042 -0.9347 -0.3554
vn -0.0107 -0.9098 -0.4149
vn 0.2200 -0.1633 0.9617
vn 0.4228 -0.1286 0.8970
vn 0.7032 -0.5763 -0.4164
vn 0.4669 -0.7421 -0.4810
vn 0.7372 -0.6143 -0.2814
vn 0.0330 -0.8981 -0.4386
vn 0.3071 -0.8898 -0.3375
vn 0.3985 -0.8458 -0.3546
vn 0.2086 -0.9252 -0.3169
vn 0.1802 -0.9787 -0.0984
vn 0.2109 -0.9640 -0.1616
vn 0.2378 -0.9698 0.0544
vn 0.3856 -0.8613 0.3309
vn 0.4805 -0.8697 0.1130
vn 0.2303 -0.6074 0.7603
vn 0.1844 -0.8216 0.5394
vn 0.7916 -0.3507 0.5005
vn 0.7096 -0.3731 0.5977
vn 0.8074 -0.3743 0.4560
vn 0.4473 -0.1860 0.8748
vn 0.6340 -0.2974 0.7139
vn 0.5585 -0.3361 0.7584
vn 0.5342 -0.3153 0.7843
vn 0.8004 -0.2462 0.5466
vn 0.7080 -0.2391 0.6645
vn 0.7295 -0.2666 0.6299
vn 0.6289 -0.1424 0.7643
vn 0.4649 -0.1420 0.8739
vn 0.8062 -0.2251 0.5472
vn 0.6734 -0.1204 0.7294
vn 0.9539 0.2981 -0.0341
vn 0.9197 0.3475 0.1828
vn 0.9479 0.3177 0.0219
vn 0.9929 0.0792 0.0892
vn 0.8944 -0.4329 -0.1127
vn 0.7136 -0.6664 -0.2160
vn 0.9270 0.2938 0.2331
vn 0.4369 -0.7947 -0.4215
vn 0.8723 -0.4816 -0.0845
vn 0.6629 -0.7204 -0.2040
vn 0.8269 -0.5477 -0.1272
vn 0.6090 -0.7620 -0.2202
vn 0.7542 -0.5588 0.3449
vn 0.8690 -0.4891 0.0756
vn 0.5509 -0.8310 -0.0779
vn 0.6013 -0.7754 -0.1926
vn 0.1860 -0.9434 0.2747
vn -0.0101 0.2045 0.9788
vn -0.0079 0.2020 0.9793
vn 0.1006 0.2074 0.9731
vn 0.9584 -0.2703 -0.0918
vn 0.9916 -0.1230 -0.0392
vn 0.9483 -0.3172 -0.0097
vn 0.9683 -0.2458 0.0438
vn 0.9345 0.0857 0.3456
vn 0.9814 0.0809 0.1743
vn 0.9194 -0.3487 0.1818
vn 0.8983 0.1747 0.4031
vn 0.8779 -0.0341 0.4777
vn 0.8774 0.0462 0.4776
vn 0.9500 -0.3121 0.0057
vn 0.0805 0.0380 0.9960
vn 0.3397 -0.1305 0.9314
vn 0.7744 -0.0038 0.6327
vn 0.7551 -0.0377 0.6545
vn 0.5197 -0.3555 0.7769
vn 0.4074 -0.5723 0.7117
vn 0.4046 -0.7103 0.5760
vn 0.5947 -0.5755 0.5614
vn 0.2667 -0.6483 0.7131
vn 0.2459 -0.8134 0.5272
vn 0.6785 -0.4133 0.6073
vn 0.3509 -0.3880 0.8523
vn 0.5706 -0.5447 0.6145
vn 0.3694 -0.2806 0.8859
vn 0.1130 -0.0480 0.9924
vn 0.1388 -0.1211 0.9829
vn 0.5260 0.0819 0.8465
vn 0.5355 -0.2237 0.8144
vn 0.4154 -0.0719 0.9068
vn 0.3644 0.2364 0.9007
vn 0.3481 -0.3899 0.8525
vn 0.1451 -0.3438 0.9278
vn 0.3830 0.0090 0.9237
vn 0.5219 -0.1453 0.8405
vn 0.1943 0.0041 0.9809
vn 0.4027 0.0016 0.9153
vn 0.2260 0.1905 0.9553
vn 0.5355 0.0290 0.8440
vn 0.4481 0.3670 0.8152
vn 0.2911 -0.3704 0.8821
vn 0.3860 0.0025 0.9225
vn 0.3768 0.3443 0.8599
vn 0.2107 -0.7818 0.5868
vn 0.1479 0.0652 0.9869
vn 0.4000 0.0707 0.9138
vn 0.1178 -0.7406 0.6616
vn 0.2390 -0.6358 0.7339
vn 0.1406 0.3430 0.9287
vn 0.2811 -0.5348 0.7968
vn 0.1640 -0.7990 0.5786
vn 0.1888 -0.7528 0.6307
vn 0.3628 -0.3150 0.8770
vn 0.4482 -0.2264 0.8648
vn 0.0592 0.2013 0.9777
vn 0.0491 -0.1660 0.9849
vn -0.0046 -0.2458 0.9693
vn 0.0532 -0.5795 0.8132
vn -0.0105 -0.5860 0.8103
vn -0.5446 0.3341 0.7693
vn -0.6918 0.3188 0.6479
vn -0.6589 0.3786 0.6500
vn -0.0373 -0.9070 0.4196
vn -0.0765 0.1540 0.9851
vn 0.0182 0.1776 0.9839
vn -0.0987 -0.2351 0.9670
vn -0.0991 -0.5845 0.8053
vn -0.1442 -0.4858 0.8621
vn -0.1396 -0.2248 0.9644
vn -0.1464 -0.1827 0.9722
vn -0.0898 0.1885 0.9780
vn -0.2400 0.2085 0.9481
vn -0.6727 0.3320 0.6612
vn -0.5592 0.2859 0.7782
vn -0.5746 0.2825 0.7682
vn -0.2439 0.2291 0.9424
vn -0.2581 0.1957 0.9461
vn -0.2269 -0.8359 0.4998
vn 0.0514 -0.6490 0.7590
vn -0.0511 -0.4026 0.9140
vn -0.0551 0.4762 0.8776
vn -0.2154 0.1119 0.9701
vn -0.2163 0.1581 0.9634
vn -0.2283 0.1979 0.9533
vn -0.5046 0.2764 0.8179
vn -0.5768 0.3258 0.7491
vn -0.1509 0.5429 0.8261
vn -0.1809 0.1846 0.9660
vn -0.1509 0.3562 0.9221
vn -0.0821 -0.5762 0.8132
vn -0.0593 -0.8046 0.5909
vn -0.2324 -0.0627 0.9706
vn -0.2383 0.2219 0.9455
vn -0.7837 0.2864 0.5512
vn -0.7454 0.2931 0.5988
vn -0.7763 0.3175 0.5446
vn -0.7470 0.3641 0.5563
vn -0.1356 -0.8154 0.5629
vn -0.1467 -0.8799 0.4520
vn -0.1994 -0.7540 0.6259
vn -0.7434 0.2767 0.6089
vn -0.0723 -0.9150 0.3968
vn -0.3364 -0.5668 0.7520
vn -0.4943 -0.5852 0.6428
vn -0.6468 -0.2207 0.7300
vn -0.3758 -0.2718 0.8859
vn -0.1053 -0.3225 0.9407
vn -0.1482 -0.6028 0.7840
vn -0.3611 -0.0470 0.9313
vn -0.2474 0.0874 0.9650
vn -0.4447 0.2012 0.8728
vn -0.5031 0.2403 0.8301
vn -0.7462 0.2541 0.6154
vn 0.6179 0.4739 0.6275
vn 0.4551 0.6038 0.6544
vn 0.3997 0.3071 0.8637
vn 0.4493 0.4861 0.7495
vn 0.7858 0.0315 0.6177
vn 0.8103 0.0384 0.5848
vn 0.5116 0.3675 0.7767
vn 0.6406 0.0943 0.7621
vn 0.3505 0.3096 0.8839
vn 0.4546 0.1166 0.8830
vn 0.4367 0.6484 0.6237
vn 0.5807 0.4834 0.6550
vn 0.2878 0.5299 0.7977
vn 0.3883 0.3678 0.8450
vn 0.3754 0.3477 0.8592
vn 0.3479 0.3773 0.8583
vn 0.2956 0.3128 0.9026
vn 0.4731 0.2672 0.8395
vn 0.2011 0.2413 0.9494
vn 0.2049 0.2794 0.9381
vn 0.1354 0.6835 0.7172
vn 0.2721 0.6705 0.6902
vn -0.0088 0.7117 0.7025
vn 0.1127 0.3945 0.9120
vn 0.4321 0.1476 0.8897
vn 0.1826 0.2493 0.9511
vn -0.2879 0.6948 0.6591
vn -0.0978 0.5742 0.8128
vn 0.4831 0.1938 0.8539
vn 0.4211 0.2307 0.8772
vn -0.3561 0.6607 0.6608
vn -0.2168 0.5899 0.7779
vn -0.4158 0.5828 0.6981
vn 0.2710 0.3530 0.8955
vn 0.3626 0.0756 0.9289
vn 0.5991 -0.0235 0.8003
vn 0.5779 0.0130 0.8160
vn 0.4947 -0.0332 0.8684
vn 0.4475 0.2487 0.8590
vn 0.3940 0.3031 0.8677
vn 0.5939 0.1115 0.7968
vn 0.5729 0.1594 0.8040
vn 0.5497 0.0894 0.8305
vn 0.6493 -0.0577 0.7584
vn 0.4712 0.0970 0.8767
vn -0.2620 0.6966 0.6679
vn -0.1359 0.6030 0.7861
vn -0.0662 0.6841 0.7264
vn -0.2138 0.5783 0.7873
vn -0.1927 0.5463 0.8151
vn 0.0190 0.4415 0.8971
vn -0.2754 0.5233 0.8064
vn -0.1152 0.4762 0.8717
vn -0.3186 0.5940 0.7387
vn -0.3671 0.4984 0.7854
vn -0.3759 0.4845 0.7899
vn -0.3561 0.4930 0.7938
vn -0.0727 0.3880 0.9188
vn -0.0923 0.3626 0.9274
vn -0.0428 0.3754 0.9259
vn -0.0693 0.4190 0.9054
vn -0.0917 0.3310 0.9391
vn -0.0801 0.4764 0.8756
vn -0.4039 0.4904 0.7722
vn -0.1114 0.3355 0.9354
vn -0.2516 0.7373 0.6270
vn -0.3950 0.6913 0.6050
vn -0.2947 0.5471 0.7835
vn -0.3074 0.6071 0.7328
vn -0.4347 0.5447 0.7172
vn -0.2195 0.4696 0.8552
vn 0.3590 0.3963 0.8450
vn 0.2282 0.3704 0.9004
vn -0.2694 0.7790 0.5662
vn -0.2545 0.6598 0.7070
vn -0.4623 0.5297 0.7111
vn -0.1671 0.4736 0.8647
vn -0.2352 0.4330 0.8702
vn -0.1794 0.3919 0.9023
vn -0.1919 0.3848 0.9028
vn -0.6290 0.3421 0.6981
vn -0.1291 0.2605 0.9568
vn -0.2709 0.3250 0.9061
vn -0.6218 0.4338 0.6521
vn -0.4262 0.4391 0.7909
vn 0.1083 0.5269 0.8430
vn 0.1653 0.6371 0.7529
vn -0.1224 0.8068 0.5780
vn -0.1582 0.7578 0.6330
vn -0.0444 0.4265 0.9034
vn -0.3134 0.4780 0.8205
vn -0.3164 0.5193 0.7938
vn -0.5162 0.5207 0.6800
vn -0.0776 0.2370 0.9684
vn -0.1680 0.2904 0.9420
vn -0.2203 0.2813 0.9340
vn -0.1905 0.3389 0.9213
vn 0.2063 0.5159 0.8315
vn -0.0237 0.4883 0.8723
vn 0.0009 0.7416 0.6708
vn -0.0231 0.6894 0.7241
vn 0.2915 0.3502 0.8902
vn 0.2677 0.3285 0.9058
vn -0.5284 0.4895 0.6937
vn -0.2720 0.4652 0.8423
vn -0.2466 0.3772 0.8927
vn -0.4206 0.4583 0.7830
vn -0.5965 0.4884 0.6370
vn -0.6311 0.4741 0.6140
vn -0.4351 0.4921 0.7540
vn -0.5734 0.5353 0.6203
vn -0.4832 0.4297 0.7628
vn -0.6422 0.4840 0.5944
vn -0.0483 0.6268 0.7776
vn -0.1202 0.5986 0.7920
vn 0.2756 0.5065 0.8170
vn -0.0075 0.2168 0.9762
vn -0.3256 0.3713 0.8695
vn -0.0665 0.2283 0.9713
vn -0.5512 0.4381 0.7101
vn 0.3758 0.1031 0.9209
vn 0.5162 0.2540 0.8180
vn 0.5883 0.1566 0.7934
vn -0.5918 0.4292 0.6823
vn -0.4183 0.4104 0.8103
vn -0.6286 0.4527 0.6324
vn -0.5931 0.4873 0.6409
vn -0.0847 -0.2010 0.9759
vn 0.1924 0.0196 0.9811
vn 0.1714 -0.1354 0.9759
vn -0.4034 -0.1595 0.9010
vn -0.0490 0.0280 0.9984
vn -0.0395 0.5405 0.8404
vn -0.0132 0.7450 0.6670
vn 0.0116 0.2103 0.9776
vn 0.0577 0.0826 0.9949
vn -0.3442 0.3431 0.8740
vn 0.2139 0.0906 0.9726
vn 0.6227 -0.0931 0.7769
vn 0.4637 -0.0142 0.8859
vn 0.6191 0.0295 0.7848
vn 0.6870 0.0221 0.7264
vn 0.4724 0.1946 0.8596
vn -0.3302 0.0679 0.9415
vn -0.2580 0.7478 0.6117
vn -0.2824 0.6463 0.7089
vn -0.2900 0.7959 0.5315
vn 0.5570 -0.1442 0.8179
vn 0.4892 -0.1480 0.8595
vn -0.4722 0.2679 0.8398
vn -0.6686 0.3267 0.6681
vn -0.3996 0.2441 0.8836
vn 0.3406 -0.1285 0.9314
vn 0.2234 -0.0686 0.9723
vn 0.3376 -0.1338 0.9317
vn 0.6438 0.6553 0.3951
vn 0.3484 0.7712 0.5328
vn 0.5889 0.6072 0.5333
vn 0.1684 0.8788 0.4466
vn -0.1919 0.8643 0.4650
vn 0.2077 0.8333 0.5124
vn 0.0845 0.8002 0.5937
vn -0.3514 0.7274 0.5894
vn 0.6271 0.4888 0.6064
vn 0.4847 0.4668 0.7397
vn 0.9383 0.1175 0.3253
vn 0.9917 0.1063 0.0720
vn 0.8731 0.1146 0.4739
vn 0.8520 -0.0170 0.5233
vn 0.8933 -0.3373 0.2971
vn 0.8832 -0.4113 0.2255
vn 0.7013 -0.1221 0.7024
vn 0.8437 0.0024 0.5368
vn 0.6706 -0.0829 0.7371
vn 0.5412 0.1191 0.8324
vn 0.6527 -0.1058 0.7502
vn 0.6749 -0.0851 0.7330
vn 0.8125 -0.0241 0.5824
vn 0.8447 -0.0854 0.5284
vn 0.2608 -0.2242 0.9390
vn -0.0439 -0.2777 0.9597
vn 0.4322 -0.1764 0.8843
vn 0.6141 -0.2517 0.7480
vn 0.4898 -0.4403 0.7525
vn 0.4840 -0.3497 0.8022
vn -0.3550 -0.3229 0.8773
vn 0.0847 -0.2458 0.9656
vn -0.2616 -0.3098 0.9141
vn -0.2177 -0.2784 0.9355
vn 0.9955 0.0392 -0.0864
vn 0.9960 0.0888 0.0125
vn 0.9805 0.1837 -0.0691
vn 0.9195 0.3931 0.0046
vn 0.9764 0.2153 0.0173
vn 0.9385 0.2954 0.1790
vn 0.9995 0.0050 -0.0314
vn 0.8716 0.4842 0.0759
vn 0.8807 0.3825 0.2795
vn 0.9442 0.0071 0.3294
vn 0.8720 0.2291 0.4326
vn 0.8711 -0.1057 0.4795
vn 0.8812 0.4497 0.1456
vn 0.9553 0.2654 0.1303
vn 0.9314 0.3128 0.1860
vn 0.9551 0.2856 0.0786
vn 0.8028 0.5935 0.0574
vn 0.9308 -0.2267 0.2868
vn 0.8808 -0.2026 0.4279
vn 0.8024 0.4562 0.3848
vn 0.8279 -0.1684 0.5350
vn 0.7619 -0.0501 0.6458
vn 0.8627 0.4292 0.2676
vn 0.8897 0.1898 0.4152
vn 0.9475 0.2130 0.2383
vn 0.7969 0.4164 0.4378
vn 0.7794 0.6223 0.0723
vn 0.7350 0.6319 0.2461
vn 0.4623 0.4647 0.7552
vn 0.6426 0.3729 0.6693
vn 0.5818 0.3028 0.7549
vn 0.5903 -0.2228 0.7759
vn 0.6084 0.2367 0.7575
vn 0.6199 0.2946 0.7273
vn 0.6057 -0.4186 0.6767
vn 0.4665 -0.3956 0.7911
vn 0.5704 0.4994 0.6522
vn 0.6021 0.2582 0.7555
vn 0.6199 0.0519 0.7830
vn 0.6238 0.1244 0.7716
vn 0.4699 -0.2385 0.8499
vn 0.5898 0.4208 0.6893
vn 0.5696 0.5095 0.6450
vn 0.5296 0.4250 0.7341
vn 0.5080 -0.1323 0.8512
vn 0.6012 0.4626 0.6516
vn 0.6156 0.2390 0.7509
vn 0.3899 -0.3292 0.8600
vn 0.5597 0.5098 0.6533
vn 0.5505 0.5327 0.6428
vn 0.3944 0.5642 0.7253
vn 0.5419 0.2379 0.8061
vn 0.4893 -0.0004 0.8721
vn 0.3525 0.3133 0.8818
vn 0.3326 -0.0230 0.9428
vn 0.2218 0.6206 0.7521
vn 0.1177 0.4698 0.8749
vn 0.3180 0.9479 -0.0176
vn 0.5973 0.7846 0.1660
vn 0.2024 -0.6415 -0.7399
vn 0.1277 -0.5085 -0.8515
vn 0.1165 -0.4304 -0.8951
vn 0.0055 -0.3811 -0.9245
vn 0.0137 -0.2004 -0.9796
vn -0.0284 0.3051 -0.9519
vn 0.0567 0.4271 -0.9024
vn -0.0414 0.3739 -0.9266
vn -0.0156 0.0690 -0.9975
vn -0.0278 0.5186 -0.8546
vn 0.1304 0.6005 -0.7889
vn -0.1635 0.6050 -0.7793
vn 0.0289 -0.3083 -0.9508
vn 0.0479 0.0048 -0.9988
vn 0.0524 -0.5717 -0.8188
vn -0.0654 -0.0525 -0.9965
vn 0.0203 0.3637 -0.9313
vn -0.2891 0.5193 -0.8042
vn -0.1779 0.2893 -0.9406
vn -0.0660 -0.3078 -0.9492
vn -0.1356 0.0412 -0.9899
vn -0.2614 0.5096 -0.8197
vn -0.2929 0.3833 -0.8760
vn -0.2496 0.6342 -0.7317
vn 0.0523 -0.4332 -0.8998
vn 0.0467 -0.5073 -0.8605
vn -0.1140 -0.2650 -0.9575
vn -0.4278 -0.5570 -0.7118
vn -0.0670 -0.9459 -0.3173
vn -0.1844 -0.7648 -0.6173
vn -0.1216 -0.7801 -0.6137
vn -0.4729 -0.3853 -0.7924
vn -0.6372 -0.4411 -0.6320
vn -0.3166 0.0978 -0.9435
vn -0.4145 -0.1137 -0.9029
vn -0.3877 0.2810 -0.8779
vn -0.1272 -0.9411 -0.3132
vn -0.0112 -0.9975 -0.0697
vn -0.0208 -0.9975 -0.0675
vn -0.2866 -0.1704 -0.9428
vn -0.3612 -0.4553 -0.8138
vn -0.0881 -0.9435 -0.3193
vn -0.2653 -0.7573 -0.5967
vn 0.0307 -0.9993 0.0225
vn -0.4478 0.7101 -0.5434
vn -0.5382 0.4729 -0.6976
vn -0.3246 0.4441 -0.8351
vn -0.3247 0.6207 -0.7136
vn -0.0908 -0.9770 -0.1929
vn -0.2197 -0.8693 -0.4428
vn -0.4583 -0.4221 -0.7822
vn -0.3464 -0.6865 -0.6393
vn -0.3483 0.7538 -0.5572
vn -0.4519 0.5621 -0.6927
vn -0.6466 0.3545 -0.6755
vn -0.7344 0.5128 -0.4447
vn -0.7899 0.3276 -0.5185
vn -0.5732 0.5515 -0.6060
vn -0.6343 0.6435 -0.4284
vn -0.3853 -0.7422 -0.5484
vn -0.8956 0.3253 -0.3035
vn -0.9469 -0.1269 -0.2953
vn -0.8443 -0.2469 -0.4756
vn -0.8253 -0.1092 -0.5541
vn -0.9911 -0.0992 -0.0891
vn -0.9518 0.0792 -0.2964
vn -0.5269 0.2443 -0.8141
vn -0.5389 -0.0905 -0.8375
vn -0.5965 -0.4361 -0.6738
vn -0.5319 -0.4410 -0.7229
vn -0.4353 0.8075 -0.3980
vn -0.7239 0.6484 -0.2357
vn -0.8312 0.4918 -0.2592
vn -0.8716 0.4834 -0.0820
vn -0.9515 0.2961 -0.0836
vn -0.6660 0.3977 -0.6311
vn -0.5441 0.4820 -0.6867
vn -0.4183 -0.7888 -0.4504
vn -0.4027 -0.8426 -0.3577
vn -0.1544 -0.9794 -0.1301
vn -0.1937 -0.9589 -0.2072
vn -0.5772 0.7270 -0.3718
vn -0.8195 0.5727 -0.0213
vn -0.9480 -0.2097 -0.2393
vn -0.7850 -0.6147 -0.0770
vn -0.9578 -0.2756 -0.0820
vn -0.7317 0.4382 -0.5220
vn -0.3497 -0.9055 -0.2405
vn -0.1761 -0.9823 -0.0636
vn -0.8163 0.4205 -0.3960
vn -0.6457 0.6668 -0.3722
vn -0.5818 0.7626 -0.2828
vn -0.6855 0.6944 -0.2189
vn -0.6690 0.7142 -0.2059
vn -0.8207 -0.0463 -0.5695
vn -0.7998 0.2302 -0.5544
vn -0.2498 -0.9574 -0.1448
vn -0.8539 0.4421 -0.2747
vn -0.6795 0.7287 -0.0854
vn -0.5734 -0.7795 -0.2520
vn -0.7837 -0.4431 -0.4353
vn -0.5457 -0.7822 -0.3005
vn -0.2881 -0.9472 -0.1410
vn -0.8046 -0.4744 -0.3571
vn -0.9476 -0.1177 -0.2969
vn -0.9335 0.1598 -0.3210
vn -0.8544 -0.4837 -0.1899
vn -0.5909 -0.7815 -0.2000
vn -0.6067 -0.7779 -0.1639
vn -0.9774 -0.1777 -0.1147
vn -0.9652 -0.1577 -0.2085
vn -0.6282 -0.7712 -0.1028
vn -0.8565 -0.5161 -0.0029
vn -0.8769 -0.4680 -0.1097
vn -0.4312 -0.2987 -0.8514
vn -0.0391 -0.3895 -0.9202
vn -0.0489 -0.1923 -0.9801
vn -0.3798 0.3481 -0.8571
vn -0.3903 0.0344 -0.9200
vn -0.2429 -0.0959 -0.9653
vn -0.4789 -0.1194 -0.8697
vn -0.5210 0.3687 -0.7698
vn -0.4590 -0.1484 -0.8760
vn -0.3821 -0.1615 -0.9099
vn -0.4538 -0.1701 -0.8747
vn -0.4981 -0.3167 -0.8072
vn -0.6833 0.0419 -0.7290
vn -0.5440 0.0411 -0.8381
vn -0.6861 -0.0076 -0.7275
vn -0.7277 0.3472 -0.5916
vn -0.6943 0.2679 -0.6680
vn -0.6467 0.3433 -0.6811
vn -0.7977 0.0395 -0.6018
vn -0.7761 0.3376 -0.5327
vn -0.7912 0.0422 -0.6101
vn -0.8251 0.3108 -0.4719
vn -0.8865 0.0941 -0.4531
vn -0.7530 -0.5593 -0.3468
vn -0.7524 -0.3220 -0.5747
vn -0.6394 -0.5547 -0.5324
vn -0.8943 0.0275 -0.4466
vn -0.8696 -0.2610 -0.4191
vn -0.9418 0.1217 -0.3134
vn -0.8225 0.3641 -0.4369
vn -0.8999 0.3361 -0.2778
vn -0.7780 0.5019 -0.3779
vn -0.7009 -0.4842 -0.5237
vn -0.5677 -0.4951 -0.6577
vn -0.9821 0.1131 -0.1507
vn -0.9266 0.3643 -0.0934
vn -0.9530 0.1192 -0.2785
vn -0.9270 0.3683 -0.0709
vn -0.8910 0.3709 -0.2617
vn -0.1624 -0.6646 -0.7293
vn -0.5499 -0.5467 -0.6315
vn -0.6354 -0.5243 -0.5669
vn -0.4980 -0.5960 -0.6299
vn -0.2256 -0.5520 -0.8028
vn -0.0017 -0.5634 -0.8262
vn -0.2955 -0.5504 -0.7808
vn -0.1424 -0.6540 -0.7430
vn 0.2075 -0.6959 -0.6875
vn -0.1142 -0.8104 -0.5746
vn 0.4799 -0.3957 -0.7830
vn 0.1414 -0.5268 -0.8382
vn 0.4390 -0.6779 -0.5897
vn -0.3475 -0.8230 -0.4494
vn 0.3114 -0.7721 -0.5539
vn 0.1104 -0.7610 -0.6393
vn 0.5799 -0.3981 -0.7108
vn 0.5242 -0.6266 -0.5768
vn 0.5551 -0.4610 -0.6924
vn 0.6803 -0.2428 -0.6915
vn 0.5364 -0.3691 -0.7590
vn 0.3108 -0.6976 -0.6456
vn 0.0601 -0.7458 -0.6634
vn -0.0143 -0.5637 -0.8259
vn 0.3400 -0.3720 -0.8637
vn 0.2166 -0.4781 -0.8512
vn 0.2661 -0.5559 -0.7875
vn -0.1668 -0.7964 -0.5813
vn -0.0272 -0.6706 -0.7413
vn -0.3193 -0.8020 -0.5048
vn -0.4059 -0.8287 -0.3854
vn -0.0756 -0.9202 -0.3842
vn -0.3770 -0.8483 -0.3719
vn -0.4701 -0.6522 -0.5946
vn -0.6772 -0.6697 -0.3047
vn -0.9293 -0.3200 -0.1846
vn -0.7328 -0.6166 -0.2877
vn -0.1711 -0.8877 -0.4275
vn -0.7884 -0.3719 -0.4901
vn -0.9049 -0.3144 -0.2868
vn -0.5284 -0.7544 -0.3896
vn -0.7545 -0.4850 -0.4422
vn 0.0373 -0.2535 -0.9666
vn 0.0262 -0.2856 -0.9580
vn -0.1921 -0.1925 -0.9623
vn -0.1942 -0.3665 -0.9100
vn -0.1050 -0.3201 -0.9415
vn -0.1767 -0.3172 -0.9317
vn -0.0807 -0.4108 -0.9081
vn -0.2168 -0.3377 -0.9160
vn -0.1208 -0.3828 -0.9159
vn -0.0866 -0.4793 -0.8734
vn -0.0640 -0.4926 -0.8679
vn -0.2329 -0.4501 -0.8621
vn -0.0672 0.7841 -0.6169
vn 0.0608 0.6438 -0.7628
vn -0.2620 0.8017 0.5372
vn -0.2726 0.7985 0.5368
vn -0.3199 0.6899 0.6494
vn 0.2576 -0.4909 -0.8322
vn -0.2750 0.5072 -0.8168
vn -0.4011 0.6909 -0.6014
vn -0.2024 0.7332 -0.6492
vn -0.2954 0.8255 -0.4810
vn 0.5549 -0.1325 -0.8213
vn 0.5794 -0.2611 -0.7721
vn -0.3786 0.6660 0.6427
vn -0.4190 0.6905 -0.5897
vn -0.3899 0.7894 -0.4741
vn -0.3573 0.7885 -0.5006
vn -0.4755 0.7944 -0.3780
vn -0.4073 0.8210 -0.4000
vn 0.1752 -0.6243 -0.7613
vn -0.4757 0.7601 -0.4426
vn 0.0727 0.6215 -0.7801
vn -0.0469 0.6194 -0.7837
vn 0.1770 0.5892 -0.7884
vn -0.0547 0.5149 -0.8555
vn -0.7585 0.0655 -0.6483
vn -0.6063 0.2481 -0.7556
vn -0.8250 0.1741 -0.5376
vn -0.3437 -0.4807 -0.8067
vn -0.4024 -0.4827 -0.7779
vn -0.8789 -0.0612 0.4730
vn -0.9688 -0.0412 0.2445
vn -0.9567 0.0478 0.2872
vn -0.9960 0.0769 0.0445
vn -0.9741 -0.0327 -0.2236
vn -0.3646 0.7134 0.5985
vn -0.3670 0.7445 0.5577
vn -0.9188 -0.2682 -0.2897
vn -0.8416 -0.3929 -0.3707
vn -0.5530 -0.5407 -0.6339
vn -0.9603 -0.2780 0.0215
vn -0.8268 -0.4571 -0.3278
vn -0.9558 -0.2588 -0.1395
vn -0.2692 -0.7990 -0.5376
vn -0.3714 -0.6351 -0.6773
vn -0.3804 -0.5700 -0.7283
vn -0.3675 -0.6229 -0.6906
vn -0.7465 -0.4408 -0.4984
vn -0.9272 -0.1871 -0.3246
vn -0.7690 -0.2505 -0.5882
vn -0.0028 -0.1203 -0.9927
vn -0.2106 0.4372 -0.8744
vn -0.0685 -0.2664 -0.9614
vn -0.1596 -0.3984 -0.9032
vn -0.1228 -0.1880 -0.9745
vn -0.1428 -0.1475 -0.9787
vn -0.2797 -0.0986 -0.9550
vn -0.2150 0.0663 -0.9744
vn -0.0809 0.2988 -0.9509
vn -0.0548 0.0835 -0.9950
vn -0.2157 -0.4499 -0.8666
vn -0.4036 -0.3848 -0.8301
vn -0.0390 0.2263 -0.9733
vn -0.2195 0.3532 -0.9094
vn -0.2298 -0.1170 -0.9662
vn -0.4463 -0.3220 -0.8350
vn -0.0248 -0.3200 -0.9471
vn -0.0655 -0.4478 -0.8917
vn -0.1238 -0.1543 -0.9802
vn 0.1627 0.0506 -0.9854
vn -0.0972 -0.0065 -0.9952
vn -0.0310 -0.0908 -0.9954
vn -0.3248 -0.2971 -0.8979
vn -0.3175 -0.3543 -0.8796
vn -0.1442 -0.5433 -0.8271
vn -0.0064 0.0382 -0.9992
vn -0.1025 0.4160 -0.9036
vn -0.1137 0.4128 -0.9037
vn -0.2326 0.4577 -0.8582
vn -0.0779 -0.6072 -0.7907
vn -0.3690 -0.1161 -0.9221
vn -0.0947 -0.0181 -0.9953
vn -0.2833 -0.2715 -0.9198
vn -0.0922 0.4506 -0.8879
vn 0.0032 -0.3449 -0.9386
vn -0.1051 -0.4231 -0.9000
vn -0.2495 -0.4768 -0.8429
vn -0.1737 -0.3679 -0.9135
vn -0.1855 -0.4900 -0.8518
vn -0.2676 0.0466 -0.9624
vn -0.4491 0.1948 -0.8720
vn -0.5363 0.1373 -0.8328
vn -0.4440 0.3702 -0.8160
vn -0.3441 0.2928 -0.8921
vn -0.4951 -0.6068 -0.6218
vn -0.2485 -0.5131 -0.8216
vn -0.2191 -0.4508 -0.8653
vn -0.3988 0.4321 -0.8089
vn -0.3926 -0.5769 -0.7163
vn -0.6034 -0.5145 -0.6093
vn -0.5428 -0.3908 -0.7434
vn -0.4404 -0.2697 -0.8563
vn -0.3748 -0.3903 -0.8410
vn -0.5908 0.2125 -0.7783
vn -0.5834 0.1743 -0.7933
vn -0.5676 0.2843 -0.7727
vn -0.3824 0.6847 -0.6205
vn -0.6323 0.4300 -0.6444
vn -0.5225 0.7254 -0.4481
vn -0.5625 0.0098 -0.8268
vn -0.4866 -0.0089 -0.8736
vn -0.5288 -0.5610 -0.6369
vn -0.4665 -0.4046 -0.7866
vn -0.5556 0.3661 -0.7465
vn -0.5607 -0.6198 -0.5491
vn -0.6755 0.2131 -0.7059
vn -0.7579 0.1132 -0.6425
vn -0.6461 0.6441 -0.4095
vn -0.5982 0.6214 -0.5061
vn -0.4268 0.7549 -0.4980
vn -0.2552 0.7560 -0.6027
vn -0.1267 0.8325 -0.5393
vn -0.5620 0.7576 -0.3319
vn -0.7254 0.1643 -0.6684
vn -0.8320 -0.1359 -0.5379
vn -0.8320 -0.0878 -0.5478
vn -0.5611 -0.0251 -0.8274
vn -0.6739 0.0100 -0.7388
vn -0.8692 -0.2841 -0.4046
vn -0.5662 -0.4335 -0.7011
vn -0.7787 -0.4027 -0.4811
vn -0.8093 -0.1417 -0.5701
vn -0.2618 0.4847 -0.8346
vn -0.0656 0.7403 -0.6691
vn -0.2750 0.6141 -0.7398
vn -0.6375 0.1967 -0.7449
vn -0.2992 0.5655 -0.7686
vn -0.7324 0.1234 -0.6696
vn -0.5169 -0.7144 -0.4715
vn -0.7087 -0.5823 -0.3983
vn -0.8568 -0.2429 -0.4549
vn -0.1296 0.7486 -0.6502
vn -0.1734 0.6303 -0.7567
vn -0.6215 -0.5042 -0.5996
vn -0.6965 -0.6320 -0.3398
vn 0.1412 0.8181 -0.5575
vn -0.6657 0.4285 -0.6109
vn -0.8626 -0.2520 -0.4387
vn -0.8490 -0.2356 -0.4731
vn -0.6893 0.3839 -0.6144
vn -0.7776 0.3469 -0.5245
vn -0.6295 0.3131 -0.7111
vn -0.6113 0.3245 -0.7218
vn -0.8711 -0.0366 -0.4898
vn -0.8401 -0.0651 -0.5385
vn -0.8084 -0.4563 -0.3718
vn -0.8133 0.0611 -0.5786
vn -0.8370 0.0632 -0.5436
vn -0.9247 -0.1683 -0.3415
vn -0.9348 -0.1535 -0.3202
vn -0.9178 -0.0269 -0.3961
vn -0.7633 0.2532 -0.5943
vn 0.1703 0.7636 -0.6229
vn -0.5235 0.4899 -0.6971
vn -0.7457 0.3505 -0.5666
vn -0.9477 -0.1597 -0.2762
vn -0.9571 -0.1042 -0.2705
vn -0.9648 -0.0212 -0.2623
vn -0.9676 -0.0652 -0.2441
vn 0.2905 0.8144 -0.5024
vn 0.1956 0.7861 -0.5863
vn 0.3606 0.8086 -0.4649
vn -0.1951 0.7054 -0.6814
vn -0.8331 -0.3158 -0.4542
vn -0.8185 -0.1734 -0.5477
vn -0.6328 -0.2517 -0.7323
vn -0.8405 -0.1465 -0.5216
vn -0.8143 -0.3858 -0.4336
vn -0.7957 -0.5129 -0.3221
vn -0.8528 -0.4771 -0.2126
vn -0.8754 -0.3296 -0.3536
vn -0.9220 0.0471 -0.3844
vn -0.9254 0.1014 -0.3652
vn -0.8934 0.1833 -0.4103
vn -0.8430 0.2622 -0.4697
vn -0.8826 0.0561 -0.4667
vn -0.8294 0.1956 -0.5232
vn -0.8459 -0.3195 -0.4271
vn -0.9917 -0.0238 -0.1262
vn -0.8999 0.2522 -0.3557
vn -0.9417 0.1022 -0.3206
vn -0.9915 0.0278 -0.1270
vn -0.2034 0.9578 -0.2030
vn 0.3134 0.9143 -0.2567
vn -0.0542 0.9906 -0.1253
vn -0.2974 0.7113 -0.6368
vn -0.7770 0.3656 -0.5124
vn -0.7070 0.5310 -0.4671
vn -0.3819 0.3459 -0.8570
vn -0.4204 0.5653 -0.7097
vn -0.5540 -0.6915 -0.4636
vn -0.8946 -0.4373 -0.0919
vn -0.7128 -0.6540 -0.2534
vn -0.6506 -0.7154 -0.2548
vn -0.4910 -0.8603 -0.1375
vn -0.7665 -0.0219 -0.6419
vn -0.8557 -0.3649 -0.3669
vn -0.8981 -0.1217 -0.4225
vn -0.8373 -0.1069 -0.5362
vn -0.8742 -0.0062 -0.4856
vn -0.2294 -0.6185 -0.7515
vn -0.7655 -0.6428 0.0267
vn -0.5676 -0.8193 0.0811
vn -0.5073 -0.8071 0.3022
vn -0.5554 -0.8173 -0.1533
vn -0.4463 -0.8660 0.2255
vn -0.5513 -0.8333 -0.0410
vn -0.4800 -0.7674 -0.4251
vn -0.4903 -0.8132 0.3136
vn -0.7231 -0.6155 0.3135
vn -0.4941 -0.6896 -0.5294
vn -0.2725 -0.9112 0.3089
vn -0.3872 -0.9019 0.1917
vn -0.4926 -0.8271 0.2708
vn -0.7345 -0.5975 -0.3217
vn -0.2487 0.0121 -0.9685
vn -0.1323 0.0230 -0.9909
vn -0.1488 0.3820 -0.9121
vn -0.4428 0.5472 -0.7103
vn -0.4362 0.7412 -0.5102
vn -0.2412 0.8556 0.4580
vn -0.4456 0.8470 0.2898
vn -0.2895 0.9169 0.2749
vn -0.4294 0.7788 0.4572
vn -0.2308 0.7608 0.6066
vn -0.4006 0.7026 0.5881
vn -0.3127 0.6459 0.6964
vn 0.0782 0.6526 -0.7536
vn -0.2125 0.6018 -0.7699
vn -0.0161 0.2374 -0.9713
vn -0.2593 -0.0525 -0.9644
vn -0.3294 0.8902 -0.3146
vn -0.3871 0.8230 -0.4157
vn -0.2264 0.8825 -0.4123
vn -0.3927 0.8942 -0.2149
vn -0.5113 0.8063 -0.2974
vn -0.0883 0.9553 0.2822
vn -0.0337 0.7058 0.7076
vn -0.0152 0.0151 -0.9998
vn 0.0980 0.3702 -0.9238
vn -0.1163 0.5910 -0.7983
vn -0.3307 0.7861 -0.5222
vn -0.0851 0.7616 -0.6425
vn -0.3863 0.6872 -0.6153
vn -0.2036 0.6984 -0.6862
vn -0.2976 0.6680 -0.6820
vn -0.2679 0.8381 -0.4753
vn -0.2726 0.8576 -0.4361
vn 0.2454 -0.3773 -0.8930
vn -0.0867 0.9959 0.0272
vn -0.2532 0.9653 0.0646
vn -0.3245 0.2005 -0.9244
vn -0.3012 0.4733 -0.8278
vn -0.3563 0.5412 -0.7617
vn 0.0589 -0.4598 -0.8861
vn -0.1736 -0.5430 -0.8216
vn -0.0887 -0.4944 -0.8647
vn -0.2628 0.7837 -0.5628
vn -0.2012 0.7446 -0.6364
vn -0.3297 0.5893 -0.7376
vn -0.5057 0.6387 -0.5799
vn -0.1305 -0.1428 -0.9811
vn -0.3425 0.1954 -0.9190
vn -0.4940 0.6024 -0.6269
vn -0.4843 0.4403 -0.7560
vn -0.4241 0.7563 -0.4981
vn -0.2430 0.8782 -0.4119
vn -0.2706 -0.5539 -0.7874
vn -0.6067 -0.5720 -0.5520
vn -0.5695 -0.5301 -0.6282
vn -0.3114 -0.5606 -0.7673
vn -0.5360 -0.6408 -0.5496
vn -0.1754 0.9608 -0.2145
vn -0.1740 0.9431 -0.2833
vn -0.3231 0.9068 -0.2707
vn -0.7792 -0.5293 0.3356
vn -0.8556 -0.5126 0.0719
vn -0.7111 -0.6682 0.2188
vn -0.6455 -0.6984 0.3091
vn -0.5960 -0.6023 0.5311
vn -0.0824 -0.3512 -0.9327
vn -0.3598 -0.5355 -0.7641
vn -0.1684 -0.4769 -0.8627
vn -0.6764 -0.5140 -0.5275
vn -0.3829 -0.4806 -0.7889
vn -0.3399 -0.5336 -0.7744
vn -0.7010 -0.4962 -0.5122
vn -0.8018 -0.4472 -0.3964
vn -0.3410 0.9318 0.1246
vn -0.9007 -0.4344 -0.0050
vn -0.8769 -0.4533 -0.1599
vn -0.1452 -0.4005 -0.9047
vn -0.3840 -0.4286 -0.8178
vn -0.7307 -0.2256 -0.6443
vn -0.7376 0.0331 -0.6745
vn -0.8724 -0.3283 -0.3622
vn -0.6807 -0.3572 -0.6396
vn -0.9364 -0.2064 -0.2839
vn -0.9063 -0.3313 -0.2625
vn -0.4805 0.6374 -0.6024
vn -0.9526 -0.3038 -0.0177
vn -0.9003 -0.4255 0.0917
vn -0.1324 0.6912 0.7104
vn -0.4736 0.5789 0.6638
vn -0.9618 -0.2726 0.0248
vn -0.6807 0.4496 0.5783
vn -0.3222 0.5209 0.7904
vn -0.7507 0.4017 -0.5246
vn -0.9414 0.0958 -0.3233
vn -0.7787 0.4230 -0.4634
vn -0.9258 0.1927 -0.3252
vn -0.5526 0.6419 -0.5316
vn -0.6841 0.6906 -0.2346
vn -0.5375 0.7228 -0.4343
vn -0.9617 -0.2402 -0.1320
vn -0.9846 -0.1696 -0.0424
vn -0.6401 0.7622 -0.0965
vn -0.8812 0.4722 0.0216
vn -0.6165 0.7838 0.0744
vn -0.9923 -0.1018 0.0702
vn -0.9894 -0.0499 0.1365
vn -0.6821 0.6994 0.2135
vn -0.9268 0.3647 0.0894
vn -0.9104 0.3457 0.2272
vn -0.9962 0.0508 0.0702
vn -0.9830 0.0172 0.1827
vn -0.9951 -0.0809 0.0567
vn -0.9099 0.2688 0.3159
vn -0.9883 0.1263 0.0851
vn -0.8901 0.1740 0.4212
vn -0.9480 0.0285 0.3171
vn -0.9833 0.0718 -0.1670
vn -0.9954 -0.0060 -0.0954
vn -0.9970 0.0771 0.0050
vn -0.9851 -0.1718 0.0040
vn -0.8696 0.4901 -0.0590
vn -0.1600 -0.3497 0.9231
vn -0.2883 -0.5029 0.8148
vn -0.4633 -0.2663 0.8453
vn -0.1985 0.6708 0.7146
vn -0.3177 0.6866 0.6539
vn -0.2285 0.7258 0.6488
vn -0.2587 0.0157 0.9658
vn -0.2254 0.3331 0.9156
vn -0.2468 -0.7267 0.6411
vn -0.0707 -0.9586 0.2757
vn -0.7308 0.0133 0.6825
vn -0.5685 0.2390 0.7872
vn -0.6126 0.0079 0.7903
vn -0.5175 -0.5822 0.6271
vn -0.7186 -0.2176 0.6605
vn -0.3490 0.5762 0.7390
vn -0.3774 0.3993 0.8355
vn -0.3163 -0.6216 0.7166
vn -0.4770 -0.3219 0.8179
vn -0.3972 -0.5719 0.7177
vn -0.3446 -0.1574 0.9255
vn -0.3422 -0.4811 0.8071
vn -0.5028 0.4634 0.7297
vn -0.6564 0.3777 0.6531
vn -0.4615 -0.6488 0.6050
vn -0.3810 -0.6935 0.6115
vn -0.5765 -0.3814 0.7227
vn -0.3459 0.7536 0.5589
vn -0.2934 0.7540 0.5877
vn -0.6583 -0.4828 0.5775
vn -0.9086 0.3682 0.1971
vn -0.9478 -0.2578 0.1876
vn -0.9361 -0.3505 -0.0298
vn -0.8530 0.3249 0.4085
vn -0.7118 -0.4303 0.5552
vn -0.6278 -0.5885 0.5095
vn -0.5320 0.1458 0.8341
vn -0.4507 -0.1921 0.8718
vn -0.5728 0.4233 0.7020
vn -0.6273 0.1323 0.7675
vn -0.8601 0.4820 0.1671
vn -0.4510 -0.5444 0.7073
vn -0.6095 -0.2077 0.7651
vn -0.5528 -0.4959 0.6697
vn -0.6956 -0.2704 0.6656
vn -0.5650 -0.6213 0.5429
vn -0.6639 0.3913 0.6373
vn -0.7067 0.6365 0.3088
vn -0.6365 0.7567 0.1491
vn -0.7420 -0.3404 0.5776
vn -0.4611 0.8017 0.3803
vn -0.6308 0.6063 0.4841
vn -0.7771 -0.0391 0.6281
vn -0.7622 -0.6308 0.1456
vn -0.4508 -0.8794 0.1533
vn -0.7167 -0.6480 0.2576
vn -0.7651 0.5991 0.2362
vn -0.7856 0.4876 0.3810
vn -0.6332 0.7160 0.2938
vn -0.6170 0.7618 0.1974
vn -0.4072 -0.8817 0.2383
vn -0.3038 -0.9527 0.0086
vn -0.6605 -0.7371 0.1429
vn -0.9243 -0.3622 0.1202
vn -0.6546 0.7432 0.1384
vn -0.7916 0.6100 0.0345
vn -0.7619 0.6297 0.1515
vn -0.9405 0.3392 0.0210
vn -0.9210 0.3410 0.1882
vn -0.9758 -0.0499 0.2127
vn -0.9166 -0.3301 0.2257
vn -0.9546 0.0201 0.2972
vn -0.8915 0.3417 0.2974
vn -0.1865 0.2353 0.9539
vn -0.2221 0.5211 0.8241
vn -0.1525 -0.2616 0.9530
vn -0.1069 -0.6142 0.7819
vn -0.1408 -0.3119 0.9396
vn -0.2279 0.1000 0.9685
vn -0.1498 -0.1728 0.9735
vn -0.1334 -0.5238 0.8413
vn -0.1071 -0.7308 0.6741
vn -0.2992 0.1880 0.9355
vn -0.1879 0.1812 0.9653
vn -0.1306 -0.8793 0.4580
vn -0.0332 -0.8945 0.4458
vn -0.7194 0.1480 0.6787
vn -0.8380 0.2107 0.5033
vn -0.7524 0.2793 0.5965
vn -0.8535 0.2378 0.4636
vn -0.3272 -0.6819 0.6541
vn -0.3182 -0.7748 0.5463
vn -0.3482 -0.4961 0.7954
vn -0.2369 -0.2287 0.9442
vn -0.3034 0.2350 0.9234
vn -0.3765 0.2540 0.8909
vn -0.3348 0.0353 0.9416
vn -0.3592 0.2122 0.9088
vn -0.3740 -0.7768 0.5066
vn -0.8466 0.2196 0.4848
vn -0.7506 0.1274 0.6483
vn -0.8711 0.1675 0.4616
vn -0.4271 0.1221 0.8959
vn -0.7339 0.2437 0.6340
vn -0.4130 0.1559 0.8973
vn -0.6316 -0.5940 0.4983
vn -0.6773 -0.4577 0.5760
vn -0.8595 -0.2315 0.4557
vn -0.6263 -0.2273 0.7457
vn -0.8107 0.0942 0.5778
vn -0.8561 -0.0648 0.5127
vn -0.3647 -0.4124 0.8348
vn -0.5053 -0.0131 0.8629
vn -0.1498 -0.6873 0.7107
vn -0.2292 -0.8161 0.5306
vn -0.2400 -0.2577 0.9359
vn -0.1326 -0.5280 0.8388
vn -0.1488 -0.5101 0.8472
vn -0.2175 -0.5163 0.8283
vn -0.1401 -0.6141 0.7767
vn -0.4297 -0.2898 0.8552
vn -0.0098 0.0500 0.9987
vn 0.1588 0.0283 0.9869
vn 0.2067 0.0024 0.9784
vn -0.3148 -0.3732 0.8727
vn -0.5796 -0.0396 0.8140
vn -0.4479 0.3016 0.8417
vn -0.5557 0.1477 0.8182
vn -0.5703 -0.1168 0.8131
vn -0.1629 -0.2958 0.9412
vn 0.2174 0.1235 0.9682
vn 0.2416 0.1052 0.9646
vn -0.6627 -0.1686 0.7297
vn -0.4712 0.0033 0.8820
vn -0.6969 0.0948 0.7108
vn 0.0440 -0.3306 0.9427
vn -0.0327 -0.6621 0.7487
vn -0.0500 -0.5403 0.8400
vn -0.7863 -0.4537 0.4195
vn -0.5799 -0.6155 0.5337
vn 0.2214 0.2189 0.9503
vn -0.0085 0.3597 0.9330
vn -0.9204 -0.2502 0.3006
vn -0.9476 0.0502 0.3155
vn -0.9618 0.0459 0.2700
vn -0.8267 -0.5619 -0.0284
vn -0.9341 -0.3567 0.0105
vn -0.4758 -0.6587 0.5828
vn -0.6483 -0.6824 0.3378
vn -0.3917 -0.7204 0.5724
vn -0.5353 -0.7656 0.3568
vn -0.2001 -0.8584 0.4723
vn -0.9544 -0.2701 0.1273
vn -0.8078 -0.5734 0.1369
vn -0.9942 0.0828 -0.0691
vn -0.9166 0.3874 0.0984
vn -0.5706 -0.6388 -0.5161
vn -0.8678 -0.2475 -0.4309
vn -0.6300 -0.6274 -0.4577
vn -0.9316 0.2765 0.2361
vn -0.9717 0.2099 0.1080
vn 0.0214 -0.9316 -0.3629
vn -0.3182 -0.8914 -0.3227
vn 0.0040 -0.9319 -0.3626
vn -0.6619 -0.7118 -0.2348
vn -0.3436 -0.8870 -0.3085
vn -0.6649 -0.7198 -0.1993
vn -0.3619 -0.9097 -0.2039
vn -0.2837 -0.9159 0.2841
vn -0.1104 -0.9587 0.2621
vn -0.0593 -0.7939 0.6051
vn -0.1196 -0.6102 0.7832
vn 0.1373 -0.9156 -0.3780
vn -0.0238 -0.9316 -0.3627
vn 0.0661 -0.9648 -0.2544
vn -0.0434 -0.9990 0.0078
vn 0.1829 0.0102 0.9831
vn -0.2040 -0.0465 0.9779
vn -0.0269 -0.2141 0.9764
vn -0.2721 -0.8822 -0.3844
vn 0.1256 -0.9070 -0.4020
vn 0.0573 -0.9497 -0.3080
vn -0.2271 -0.8912 0.3926
vn -0.1457 -0.8136 0.5629
vn -0.3825 -0.6949 0.6089
vn -0.2124 -0.6258 0.7505
vn -0.3756 -0.2751 0.8850
vn -0.3437 0.2117 0.9149
vn -0.0051 0.1655 0.9862
vn -0.2286 0.4013 0.8870
vn -0.5090 -0.0345 0.8601
vn -0.1263 0.5223 0.8433
vn -0.3090 -0.9356 0.1708
vn -0.2000 -0.9734 0.1121
vn -0.6812 -0.4459 0.5806
vn -0.7432 -0.3010 0.5976
vn -0.6757 -0.3779 0.6330
vn -0.5299 -0.2919 0.7962
vn -0.6981 0.2387 0.6751
vn -0.5783 0.2210 0.7853
vn -0.0848 -0.9882 -0.1272
vn -0.1535 -0.9863 -0.0601
vn -0.3687 -0.9268 0.0715
vn -0.6174 -0.7344 0.2819
vn -0.4977 -0.8600 0.1124
vn -0.7452 -0.4927 0.4493
vn -0.8463 -0.2417 0.4747
vn -0.8858 -0.2081 0.4147
vn -0.0660 0.5895 0.8051
vn -0.1925 0.5072 0.8401
vn -0.2361 0.7505 0.6172
vn -0.2194 0.8801 0.4211
vn -0.1698 -0.2336 0.9574
vn 0.0358 -0.2341 0.9716
vn 0.1774 -0.2187 0.9595
vn -0.1052 0.6081 0.7868
vn -0.1461 0.4314 0.8902
vn -0.2361 0.6202 0.7481
vn -0.3270 0.4351 0.8389
vn -0.3012 0.5449 0.7825
vn -0.1835 0.0799 0.9798
vn -0.3202 -0.1527 0.9350
vn -0.1946 0.1200 0.9735
vn -0.2104 0.1193 0.9703
vn -0.4902 -0.1141 0.8641
vn -0.3171 -0.3215 0.8922
vn -0.2195 0.7667 0.6033
vn -0.3782 -0.1210 0.9178
vn -0.4937 0.1820 0.8504
vn -0.4217 0.2180 0.8802
vn -0.4838 -0.0907 0.8705
vn 0.0676 0.8464 0.5283
vn -0.0544 0.7314 0.6798
vn 0.0709 0.7950 0.6025
vn -0.0762 0.8246 0.5606
vn -0.2493 0.1345 0.9590
vn -0.5561 -0.0705 0.8281
vn -0.7458 -0.0907 0.6600
vn -0.5934 0.0250 0.8045
vn -0.7211 0.0463 0.6913
vn -0.6125 0.0923 0.7850
vn -0.6273 0.3195 0.7103
vn -0.3397 0.6795 0.6503
vn -0.3061 0.6860 0.6601
vn -0.6498 0.3431 0.6783
vn -0.0422 0.8190 0.5722
vn -0.1221 0.7610 0.6371
vn -0.3576 0.6419 0.6783
vn -0.4573 0.5475 0.7009
vn -0.3628 0.4612 0.8097
vn -0.4551 0.5245 0.7196
vn -0.1016 0.5257 0.8446
vn -0.2533 0.7206 0.6454
vn -0.1670 0.7891 0.5912
vn -0.2394 0.7521 0.6141
vn -0.4073 0.5289 0.7445
vn -0.4541 0.5137 0.7279
vn -0.4656 0.5259 0.7118
vn -0.3599 0.5124 0.7797
vn -0.3934 0.4731 0.7883
vn -0.3704 0.5065 0.7786
vn -0.4962 0.4220 0.7588
vn -0.5414 0.3738 0.7531
vn -0.5848 0.4566 0.6705
vn -0.4978 -0.3103 0.8099
vn -0.5103 -0.3678 0.7774
vn -0.3292 -0.2870 0.8996
vn 0.4066 -0.3041 0.8615
vn -0.5685 -0.0670 0.8199
vn -0.4301 -0.3390 0.8368
vn 0.2928 -0.4210 0.8585
vn 0.3136 -0.2778 0.9080
vn -0.3311 -0.3443 0.8785
vn -0.5628 -0.4534 0.6912
vn -0.4921 -0.3771 0.7846
vn 0.2636 -0.7316 0.6287
vn 0.3196 -0.5874 0.7435
vn 0.2232 -0.7528 0.6193
vn -0.7782 -0.3198 0.5404
vn -0.6877 -0.3458 0.6383
vn -0.0946 -0.9251 0.3678
vn 0.1811 -0.8935 0.4110
vn -0.7339 -0.0617 0.6764
vn -0.7383 -0.2472 0.6275
vn -0.9071 -0.2242 0.3562
vn -0.6940 -0.4830 0.5340
vn -0.5804 -0.7768 0.2442
vn -0.7994 -0.4848 0.3548
vn -0.8670 -0.2460 0.4333
vn -0.3361 -0.8742 0.3503
vn -0.7741 -0.6020 -0.1958
vn -0.4672 -0.8798 -0.0881
vn -0.5493 -0.7621 -0.3427
vn -0.2479 -0.9442 -0.2170
vn -0.4498 -0.1420 0.8818
vn -0.2916 -0.9364 -0.1952
vn -0.0830 -0.9799 -0.1814
vn -0.0090 -0.9993 -0.0352
vn -0.0868 -0.9946 -0.0576
vn 0.0439 -0.7426 0.6683
vn -0.5879 -0.7159 -0.3767
vn -0.6034 -0.6504 -0.4615
vn -0.3108 -0.5666 0.7632
vn -0.4830 -0.3351 0.8089
vn -0.5668 -0.2345 0.7898
vn -0.4097 -0.2656 0.8727
vn -0.5141 -0.4019 0.7577
vn -0.7439 -0.5290 -0.4083
vn -0.9000 -0.3666 -0.2360
vn -0.7337 -0.4516 -0.5078
vn -0.5363 -0.7870 -0.3052
vn -0.2709 -0.9341 -0.2327
vn -0.6446 -0.1441 0.7508
vn -0.7727 -0.2909 0.5641
vn -0.7994 -0.1988 0.5670
vn -0.9803 -0.1785 0.0839
vn -0.7456 -0.6207 -0.2423
vn -0.4512 -0.8823 -0.1338
vn -0.7258 -0.6861 -0.0493
vn -0.5030 -0.8608 0.0781
vn -0.6862 -0.6954 0.2134
vn -0.8405 -0.4485 0.3040
vn -0.9067 -0.4201 0.0377
vn -0.9169 -0.2028 0.3438
vn -0.8955 -0.2863 0.3409
vn -0.7390 -0.4407 0.5096
vn -0.8497 -0.4966 0.1774
vn -0.7112 -0.5328 0.4586
vn -0.3271 -0.1979 0.9240
vn -0.4163 -0.0460 0.9080
vn -0.2749 -0.1541 0.9490
vn -0.0975 0.0227 0.9950
vn -0.0828 0.1717 0.9817
vn 0.0549 0.2037 0.9775
vn 0.0851 -0.0955 0.9918
vn -0.8971 -0.4300 -0.1016
vn -0.9435 -0.2998 0.1409
vn -0.9664 -0.2266 -0.1211
vn -0.6104 -0.3746 0.6979
vn -0.5283 -0.2933 0.7968
vn -0.3992 -0.3081 0.8635
vn -0.6380 -0.4660 0.6131
vn -0.0403 -0.4398 0.8972
vn -0.3122 -0.6432 0.6991
vn -0.9521 -0.2728 -0.1380
vn -0.9969 -0.0756 -0.0223
vn -0.9413 -0.3131 -0.1260
vn -0.6945 -0.4389 -0.5701
vn -0.8540 -0.1146 -0.5076
vn -0.8255 -0.3865 -0.4113
vn -0.8860 -0.2392 0.3973
vn -0.7657 -0.5354 0.3564
vn -0.3907 -0.7657 0.5110
vn -0.4870 -0.8419 0.2323
vn -0.5303 -0.8464 -0.0492
vn -0.2568 -0.8997 0.3529
vn -0.1363 -0.8089 0.5720
vn -0.1254 0.1234 0.9844
vn -0.4143 -0.1691 0.8943
vn -0.1096 -0.1990 0.9739
vn -0.5578 -0.7575 -0.3393
vn -0.6236 -0.7133 -0.3198
vn -0.8091 -0.3529 -0.4699
vn -0.8372 -0.0829 -0.5406
vn -0.7926 -0.0762 -0.6050
vn -0.8635 0.0727 -0.4990
vn -0.9449 -0.0189 -0.3268
vn -0.7599 -0.6483 -0.0476
vn -0.9217 -0.3113 -0.2315
vn -0.9747 0.1615 -0.1548
vn -0.7047 -0.1553 0.6923
vn -0.3456 -0.5224 0.7795
vn -0.4266 0.1157 0.8970
vn -0.7336 0.2277 0.6403
vn -0.7307 0.0938 0.6762
vn -0.1078 -0.5732 0.8123
vn 0.4951 0.4130 0.7644
vn 0.2931 0.2549 0.9215
vn 0.4247 0.2691 0.8644
vn 0.2272 0.2063 0.9518
vn 0.3986 0.5224 0.7538
vn 0.3270 0.2667 0.9066
vn 0.2628 0.5476 0.7944
vn 0.1612 0.0770 0.9839
vn 0.1718 -0.1311 0.9764
vn 0.2761 0.4614 0.8431
vn 0.0941 0.4461 0.8900
vn 0.0190 0.3016 0.9533
vn 0.1322 0.5087 0.8508
vn 0.2388 -0.1085 0.9650
vn 0.3276 0.6094 0.7220
vn 0.4491 0.4009 0.7985
vn 0.2605 0.3789 0.8880
vn 0.4295 0.6024 0.6728
vn 0.1113 0.4027 0.9085
vn 0.1777 0.5134 0.8396
vn 0.0687 0.3429 0.9369
vn -0.0129 0.1396 0.9901
vn 0.0237 0.3224 0.9463
vn 0.2333 0.1189 0.9651
vn 0.4571 0.4294 0.7789
vn 0.0205 -0.0962 0.9951
vn 0.1295 0.0747 0.9888
vn 0.4342 0.6909 0.5780
vn 0.1306 0.1515 0.9798
vn 0.1679 0.1900 0.9673
vn -0.0731 -0.0625 0.9954
vn 0.4475 0.5400 0.7128
vn 0.5467 0.7716 0.3251
vn 0.5590 0.6617 0.4997
vn -0.0428 -0.1258 0.9911
vn -0.1475 -0.1798 0.9726
vn 0.5242 0.7698 0.3641
vn -0.0560 0.1202 0.9912
vn 0.5115 0.5004 0.6986
vn 0.2042 0.4445 0.8722
vn 0.6117 0.7598 0.2202
vn 0.0585 0.4054 0.9123
vn 0.3833 0.8678 0.3161
vn 0.2459 0.7670 0.5926
vn 0.1028 0.8332 0.5434
vn -0.2891 -0.3040 0.9077
vn -0.2289 0.3266 0.9170
vn -0.0785 0.2902 0.9537
vn -0.1090 0.2928 0.9500
vn -0.2197 0.0383 0.9748
vn -0.2408 -0.1082 0.9645
vn -0.3431 -0.0970 0.9343
vn -0.3914 -0.2063 0.8968
vn 0.3693 0.6017 0.7082
vn 0.5420 0.7211 0.4314
vn 0.3802 0.8573 0.3472
vn 0.0132 0.6109 0.7916
vn 0.2655 0.7127 0.6493
vn -0.1915 0.3687 0.9096
vn -0.5540 -0.1656 0.8159
vn -0.3662 -0.0364 0.9298
vn -0.2528 0.2338 0.9389
vn -0.5834 -0.1060 0.8052
vn -0.5052 0.0242 0.8627
vn -0.4058 0.2029 0.8912
vn -0.4027 -0.2563 0.8787
vn -0.3583 -0.2921 0.8867
vn -0.5920 -0.2724 0.7585
vn -0.5568 -0.5245 0.6441
vn -0.6752 -0.0151 0.7375
vn -0.5784 0.0713 0.8126
vn -0.6393 0.1976 0.7431
vn -0.3695 0.1525 0.9166
vn -0.4139 -0.1632 0.8956
vn -0.6173 -0.1553 0.7712
vn -0.3566 0.3928 0.8477
vn -0.3229 0.1495 0.9346
vn -0.3221 0.5281 0.7857
vn -0.4193 0.3856 0.8219
vn -0.5594 0.3706 0.7414
vn -0.4622 0.1966 0.8647
vn -0.5265 0.1418 0.8383
vn -0.5013 -0.1648 0.8495
vn -0.0584 0.0039 0.9983
vn -0.1538 0.1020 0.9828
vn -0.3880 -0.4917 0.7795
vn -0.2555 -0.3221 0.9116
vn -0.2729 -0.2815 0.9199
vn -0.6170 -0.1031 0.7802
vn -0.7376 -0.0773 0.6708
vn -0.6224 -0.3396 0.7052
vn -0.4398 -0.0979 0.8928
vn -0.6206 0.0004 0.7841
vn -0.6630 0.2698 0.6983
vn -0.0531 0.1582 0.9860
vn -0.0384 0.2423 0.9694
vn -0.5598 -0.4441 0.6996
vn -0.4708 -0.2350 0.8503
vn -0.7699 0.0902 0.6318
vn -0.4121 -0.5673 0.7130
vn -0.7756 -0.2041 0.5973
vn -0.7644 0.0487 0.6429
vn -0.7158 0.4687 0.5177
vn -0.9593 0.2776 0.0523
vn -0.9937 0.0296 -0.1082
vn -0.9650 -0.1207 -0.2327
vn -0.9416 0.0187 -0.3361
vn -0.7857 -0.5982 0.1578
vn -0.8829 -0.4446 0.1512
vn -0.9473 -0.3183 -0.0366
vn -0.8531 0.5033 0.1372
vn -0.9217 0.3358 0.1942
vn -0.9453 0.3237 0.0397
vn -0.9402 -0.3395 -0.0289
vn -0.4073 0.2136 0.8879
vn -0.0971 0.2650 0.9593
vn -0.4447 0.2400 0.8629
vn -0.3704 0.2059 0.9058
vn -0.0943 0.0608 0.9937
vn -0.4219 0.1198 0.8987
vn -0.1512 -0.0794 0.9853
vn -0.7448 -0.0781 0.6627
vn -0.4459 -0.0497 0.8937
vn -0.7711 0.1673 0.6144
vn -0.7918 0.0918 0.6039
vn -0.8994 0.0302 0.4361
vn -0.8651 0.0493 0.4992
vn -0.8560 -0.0223 0.5165
vn -0.9228 0.0793 0.3769
vn -0.9173 -0.0980 0.3859
vn -0.9205 -0.3603 -0.1510
vn -0.9819 -0.0811 0.1710
vn -0.8602 -0.4413 0.2556
vn -0.8465 -0.5255 0.0856
vn -0.9339 -0.2624 0.2427
vn -0.9430 -0.0802 0.3230
vn -0.9576 -0.1537 0.2437
vn -0.9242 -0.0075 0.3818
vn -0.9485 -0.2367 0.2105
vn -0.9322 -0.0647 0.3560
vn -0.9129 0.1717 -0.3704
vn -0.9576 0.1738 0.2297
vn -0.9655 0.0848 -0.2462
vn -0.7623 0.2534 0.5955
vn -0.9752 0.0701 -0.2101
vn -0.7402 -0.6220 0.2553
vn -0.9535 -0.2529 0.1641
vn -0.8813 -0.4555 0.1256
vn -0.9685 -0.0357 0.2464
vn -0.1590 0.9568 0.2434
vn -0.0776 0.9054 0.4175
vn -0.2916 0.8655 0.4072
vn -0.3062 0.8631 0.4017
vn -0.3498 0.9071 0.2342
vn -0.3640 0.8796 0.3063
vn -0.1402 0.7193 0.6804
vn -0.2243 0.8236 0.5209
vn 0.0034 0.9163 0.4006
vn -0.0693 0.9579 0.2788
vn 0.2939 0.9347 0.1998
vn -0.1433 0.9717 0.1879
vn 0.5282 0.8422 0.1086
vn 0.5262 0.8436 -0.1072
vn 0.5581 0.8287 -0.0426
vn -0.0250 0.5351 0.8444
vn -0.2233 0.4044 0.8869
vn -0.2886 0.9390 -0.1873
vn 0.2368 0.9715 0.0098
vn 0.2644 0.9607 0.0841
vn -0.3608 0.9232 0.1324
vn -0.1222 0.9910 0.0554
vn 0.1461 0.8275 0.5421
vn 0.4093 0.8933 0.1855
vn -0.0915 0.6032 0.7923
vn 0.2271 0.7843 0.5773
vn 0.2426 0.9402 0.2389
vn 0.4028 0.9122 0.0753
vn 0.1532 0.9582 0.2417
vn -0.0616 0.8347 0.5473
vn -0.4297 0.4407 0.7881
vn -0.1093 0.6987 0.7070
vn -0.3948 0.3250 0.8594
vn 0.4274 0.8488 -0.3113
vn -0.1142 0.9859 -0.1222
vn -0.3230 0.9212 0.2171
vn 0.0805 0.9933 0.0825
vn -0.2929 0.9069 0.3029
vn -0.0901 0.8951 0.4367
vn -0.4878 0.8709 0.0606
vn -0.1101 0.9838 -0.1414
vn -0.0972 0.9951 -0.0160
vn -0.5415 0.8276 -0.1482
vn -0.1152 0.9569 -0.2665
vn -0.6762 0.7172 -0.1682
vn -0.6488 0.7468 -0.1460
vn -0.7428 0.4489 0.4967
vn -0.6162 0.6917 0.3765
vn -0.7720 0.5772 0.2663
vn -0.8843 0.4161 0.2119
vn -0.8932 0.3974 0.2104
vn -0.7459 0.6591 0.0961
vn -0.8332 0.5511 0.0467
vn -0.5519 0.8334 -0.0282
vn -0.8803 -0.4732 -0.0342
vn -0.8310 0.0571 -0.5533
vn -0.9488 -0.1887 -0.2534
vn -0.9817 -0.0948 -0.1653
vn -0.9214 -0.3886 0.0024
vn -0.7703 -0.4552 0.4465
vn -0.7940 0.1636 -0.5855
vn -0.9261 -0.0115 -0.3771
vn -0.9453 0.0348 -0.3243
vn -0.9755 -0.0600 -0.2115
vn -0.9582 0.0724 -0.2769
vn -0.9969 -0.0538 0.0582
vn -0.9941 -0.0545 0.0939
vn -0.9874 -0.0827 -0.1350
vn -0.9799 -0.1987 -0.0143
vn -0.6833 -0.2540 0.6845
vn -0.8886 -0.1386 0.4372
vn -0.9042 -0.1853 0.3848
vn -0.9909 -0.1335 -0.0165
vn -0.9802 0.0385 -0.1941
vn -0.9984 0.0516 0.0220
vn -0.9528 -0.0611 0.2974
vn -0.8250 0.1345 0.5489
vn -0.9935 0.0658 -0.0929
vn -0.9676 0.0052 0.2523
vn -0.2168 0.2603 0.9409
vn -0.5126 0.1906 0.8372
vn -0.4054 0.2330 0.8840
vn -0.8998 -0.0434 0.4342
vn -0.8897 -0.2238 0.3979
vn -0.7410 -0.0909 0.6653
vn -0.5851 0.0993 0.8049
vn -0.5160 -0.1784 0.8378
vn -0.5258 0.2608 0.8097
vn -0.5224 0.2340 0.8200
vn -0.6942 0.1957 0.6927
vn -0.8946 0.1631 0.4161
vn -0.0247 0.2364 0.9713
vn 0.0379 0.4769 0.8781
vn -0.1428 0.3434 0.9283
vn -0.0264 0.2666 0.9634
vn -0.0799 0.4819 0.8726
vn -0.6942 -0.2352 0.6803
vn -0.2507 -0.1033 0.9625
vn -0.4432 -0.0802 0.8928
vn -0.5472 -0.2987 0.7818
vn -0.5629 0.0296 0.8260
vn -0.2080 0.0804 0.9748
vn -0.2498 0.1996 0.9475
vn -0.9430 -0.2432 0.2273
vn -0.9567 -0.2630 0.1247
vn -0.8266 -0.1429 0.5443
vn -0.9588 -0.1515 0.2402
vn -0.8546 -0.0458 0.5173
vn -0.9744 -0.1260 0.1860
vn -0.9087 0.0148 0.4173
vn -0.6328 0.1274 0.7638
vn 0.3218 0.1851 -0.9285
vn -0.0375 0.1308 -0.9907
vn 0.3059 -0.8473 0.4343
vn -0.1285 -0.5629 0.8165
vn 0.8913 -0.4102 -0.1933
vn 0.0148 -0.8377 0.5460
vn 0.0834 -0.8006 0.5934
vn 0.1395 -0.8660 0.4801
vn 0.0009 -0.8959 0.4443
vn 0.0971 -0.9055 0.4132
vn -0.0083 -0.9058 0.4237
vn -0.0781 -0.6972 0.7126
vn -0.0589 -0.8594 0.5079
vn -0.0347 -0.7977 0.6020
vn -0.4214 0.1917 0.8864
vn -0.5840 0.0438 0.8105
vn -0.6793 0.2126 0.7024
vn -0.0647 0.4901 0.8692
vn 0.9441 0.0496 0.3258
vn -0.0085 -0.2746 0.9615
vn 0.3729 -0.6044 -0.7040
vn -0.6332 -0.7585 0.1544
vn 0.2345 -0.5256 -0.8178
vn 0.0639 -0.4344 -0.8984
vn 0.0025 -0.3874 -0.9219
vn 0.0436 0.7730 0.6329
vn -0.3753 -0.0693 0.9243
vn -0.5594 0.0230 0.8286
vn -0.1271 -0.1165 0.9850
vn -0.0501 -0.1236 0.9911
vn -0.6616 -0.1529 0.7341
vn -0.3668 0.1815 0.9124
vn -0.6884 0.0438 0.7240
vn -0.2230 0.7317 0.6441
vn -0.7202 0.0968 0.6869
vn -0.1613 -0.8303 0.5334
vn -0.2247 0.4755 0.8505
vn -0.8660 0.0040 -0.5000
vn -0.9299 -0.1821 -0.3197
vn -0.9452 0.0059 -0.3263
vn -0.7044 -0.0354 0.7089
vn -0.6647 0.3636 0.6526
vn -0.1339 0.0227 0.9907
vn -0.1143 0.0946 0.9889
vn -0.3088 -0.1804 0.9338
vn -0.9974 -0.0166 0.0706
vn -0.9888 0.0026 0.1492
vn -0.7092 0.2929 0.6413
vn -0.5932 0.4905 0.6384
vn -0.6538 0.1325 0.7450
vn -0.7589 -0.1920 0.6223
vn -0.9619 -0.2727 -0.0177
vn -0.6971 -0.1470 0.7017
vn -0.6978 -0.2167 0.6827
vn -0.6126 -0.2008 0.7644
vn -0.7309 -0.6810 0.0446
vn -0.9086 -0.3827 0.1674
vn -0.7744 0.6100 0.1682
vn -0.7528 0.6169 0.2298
vn -0.9558 0.1811 0.2318
vn -0.8727 0.4829 0.0723
vn -0.8111 0.5818 -0.0605
vn -0.4904 0.8697 0.0558
vn -0.7251 0.6702 0.1586
vn -0.6425 0.7602 -0.0962
vn 0.3697 0.9017 -0.2242
vn -0.3164 0.9145 -0.2521
vn 0.3710 0.9233 -0.0994
vn -0.4219 0.9066 -0.0017
vn 0.5053 0.8628 -0.0162
vn -0.1326 0.9882 0.0765
vn 0.0451 0.9848 -0.1678
vn -0.9843 -0.1744 0.0276
vn -0.9769 -0.2062 -0.0557
vn -0.8384 -0.5444 -0.0254
vn -0.9710 -0.0331 -0.2368
vn -0.7608 0.2121 0.6134
vn -0.9833 0.1344 -0.1227
vn -0.9142 0.0189 0.4047
vn -0.9568 -0.2872 -0.0454
vn -0.8613 0.4802 -0.1663
vn -0.9130 0.2467 -0.3249
vn -0.7313 -0.2478 0.6355
vn -0.8404 0.0457 -0.5400
vn -0.9972 -0.0548 -0.0516
vn -0.9944 -0.1049 0.0126
vn -0.9951 0.0992 0.0012
vn -0.6601 0.0213 0.7509
vn -0.6830 0.3893 0.6180
vn -0.6206 -0.4885 0.6134
vn -0.5417 0.0330 0.8400
vn -0.5624 -0.1658 0.8101
vn -0.0700 -0.1957 0.9782
vn 0.3055 0.6911 0.6551
vn -0.0379 0.2479 0.9680
vn -0.3197 0.0301 0.9470
vn 0.0074 0.1925 0.9813
vn -0.2205 -0.1758 0.9594
vn -0.0535 -0.0677 0.9963
vn -0.2067 -0.1322 0.9694
vn 0.5116 0.7902 0.3375
vn 0.0052 0.6296 0.7769
vn -0.1229 -0.2920 0.9485
vn 0.5160 0.6127 0.5986
vn 0.0630 0.2671 0.9616
vn -0.9985 0.0302 -0.0458
vn -0.9046 -0.1606 0.3948
vn -0.9318 0.1030 0.3480
vn -0.9740 -0.2233 0.0382
vn -0.9370 0.2220 0.2697
vn -0.6147 -0.4908 0.6174
vn -0.8428 -0.4941 -0.2133
vn -0.8033 -0.2176 0.5544
vn -0.1732 -0.1545 0.9727
vn -0.4440 -0.3840 0.8095
vn -0.6955 -0.4353 0.5717
vn -0.5259 -0.5966 -0.6062
vn -0.5198 -0.6934 0.4991
vn -0.3017 -0.9247 0.2320
vn -0.2602 -0.9639 -0.0560
vn -0.4991 -0.2664 0.8246
vn -0.0774 -0.9853 0.1521
vn -0.3112 -0.9419 0.1262
vn -0.6982 -0.7132 0.0620
vn -0.3974 -0.7263 0.5609
vn -0.5109 -0.7486 0.4226
vn -0.9046 -0.3654 0.2194
vn 0.0574 -0.8550 0.5155
vn -0.3629 -0.4939 0.7902
vn -0.2153 -0.7033 0.6775
vn -0.8838 -0.1522 0.4425
vn -0.5742 -0.3136 0.7563
vn -0.5293 -0.3740 0.7615
vn 0.0726 -0.7430 0.6653
vn -0.1577 -0.4667 0.8702
vn 0.1518 -0.5451 0.8245
vn -0.3862 -0.3077 0.8696
vn -0.0418 -0.2295 0.9724
vn -0.4148 0.5045 0.7572
vn -0.5513 0.3674 0.7491
vn -0.4049 0.2699 0.8736
vn -0.3142 0.2346 0.9199
vn 0.0144 0.2477 0.9687
vn -0.2108 0.6644 0.7170
vn -0.1346 0.1591 0.9780
vn 0.0221 0.2156 0.9762
vn -0.1966 -0.9238 -0.3285
vn -0.8931 -0.2752 0.3559
vn -0.8396 -0.4711 0.2706
vn -0.7813 -0.4848 0.3931
vn 0.0422 -0.9487 -0.3133
vn -0.5356 -0.7919 0.2933
vn -0.4042 -0.4171 0.8140
vn -0.2707 -0.5020 0.8214
vn -0.0898 -0.9960 0.0038
vn -0.3290 -0.9439 0.0289
vn -0.8583 -0.5042 -0.0956
vn -0.6539 -0.7479 -0.1142
vn -0.8675 -0.4809 -0.1272
vn -0.8963 -0.4248 -0.1276
vn -0.9895 0.0872 0.1151
vn -0.7127 -0.6109 -0.3447
vn 0.1508 0.1327 0.9796
vn -0.7308 -0.6726 0.1165
vn 0.1600 -0.1063 0.9814
vn 0.2364 -0.0649 0.9695
vn 0.1251 -0.1722 0.9771
vn -0.8924 0.0654 0.4465
vn -0.7365 0.1982 0.6468
vn -0.6612 -0.5335 0.5274
vn -0.6472 0.2186 0.7304
vn -0.4233 0.1744 0.8890
vn -0.4325 0.1799 0.8835
vn -0.2716 -0.7950 0.5425
vn -0.7525 0.2116 0.6237
vn -0.4233 0.1347 0.8959
vn -0.7718 0.1700 0.6128
vn -0.9098 -0.3848 0.1554
vn -0.9982 0.0051 0.0591
vn -0.3300 0.6594 0.6755
vn -0.3196 0.0953 0.9427
vn -0.3464 0.0941 0.9333
vn -0.9785 -0.2029 0.0370
vn -0.7198 0.5491 0.4248
vn -0.8531 0.2944 0.4308
vn -0.9534 0.0939 0.2867
vn -0.6973 0.4183 -0.5821
vn -0.6881 -0.4614 -0.5600
vn -0.6582 0.2508 -0.7099
vn -0.9177 -0.3972 -0.0015
vn -0.9444 -0.3272 -0.0324
vn -0.8265 -0.4669 -0.3146
vn 0.2831 -0.4163 -0.8640
vn -0.8273 -0.5543 0.0908
vn -0.7540 -0.6494 0.0988
vn -0.7899 -0.5393 0.2918
vn -0.8098 -0.5819 0.0752
vn -0.8724 -0.4449 0.2027
vn -0.9369 -0.3426 0.0694
vn -0.8048 0.5825 0.1141
vn -0.6949 0.6192 -0.3657
vn -0.3497 0.8939 -0.2803
vn -0.1761 0.9814 -0.0768
vn -0.2528 0.9432 -0.2154
vn -0.9504 -0.2063 -0.2329
vn -0.7798 -0.5274 -0.3374
vn -0.9253 -0.1715 -0.3381
vn -0.9161 -0.2458 -0.3169
vn -0.2312 0.9130 -0.3362
vn -0.2561 0.8653 -0.4310
vn 0.1190 0.8796 -0.4606
vn 0.1256 0.9127 -0.3889
vn -0.6467 0.4320 -0.6286
vn -0.6652 0.4524 -0.5940
vn -0.6406 0.5134 -0.5711
vn -0.7304 0.5567 -0.3958
vn -0.6679 0.4375 -0.6021
vn -0.4095 0.6494 -0.6408
vn -0.5893 0.1842 -0.7866
vn -0.6243 0.6925 -0.3615
vn -0.6008 -0.4790 -0.6399
vn -0.4875 -0.2371 -0.8403
vn -0.1300 -0.2835 -0.9501
vn -0.1569 0.0514 -0.9863
vn -0.3117 0.1316 -0.9410
vn -0.1567 0.2049 -0.9662
vn -0.1870 0.1425 -0.9720
vn -0.1114 0.2809 -0.9533
vn -0.0371 0.6247 -0.7800
vn 0.0088 0.5371 -0.8435
vn -0.1691 0.4133 -0.8948
vn 0.1812 0.4586 -0.8700
vn -0.2766 0.2409 -0.9303
vn -0.0102 0.3117 -0.9501
vn 0.3096 0.2232 -0.9243
vn 0.3570 0.3155 -0.8792
vn -0.0026 -0.2270 -0.9739
vn -0.4212 0.9059 -0.0446
vn -0.4371 0.8964 0.0739
vn -0.4249 0.8944 0.1399
vn -0.8466 -0.2798 -0.4528
vn -0.8611 -0.1864 -0.4731
vn -0.8768 -0.0778 -0.4746
vn -0.7795 0.5984 0.1853
vn -0.9498 0.2599 0.1742
vn -0.8959 0.4438 -0.0186
vn -0.8799 0.1114 -0.4619
vn -0.2448 0.7557 -0.6075
vn -0.1496 0.6431 -0.7510
vn -0.5270 0.1435 -0.8377
vn -0.3148 0.3149 -0.8954
vn -0.3725 0.7937 0.4809
vn 0.4680 -0.3186 -0.8243
vn 0.1282 -0.5948 -0.7936
vn 0.1763 -0.7883 -0.5895
vn 0.0497 -0.6993 -0.7131
vn 0.0734 -0.7573 -0.6489
vn 0.0367 -0.8085 -0.5874
vn 0.0951 -0.8619 -0.4981
vn 0.0262 -0.6182 -0.7856
vn 0.0602 -0.8202 -0.5688
vn 0.1280 -0.7393 -0.6611
vn 0.0974 -0.8459 -0.5243
vn -0.8985 -0.3519 -0.2623
vn -0.7966 -0.5007 -0.3387
vn -0.8210 -0.5010 -0.2736
vn -0.8418 -0.4877 -0.2315
vn -0.5928 -0.6301 -0.5015
vn 0.2576 -0.8770 -0.4057
vn 0.2993 -0.8467 -0.4399
vn 0.2265 -0.9062 -0.3572
vn 0.1038 -0.9539 -0.2816
vn 0.0825 -0.9298 -0.3588
vn 0.3409 -0.7668 -0.5439
vn -0.9745 -0.0265 -0.2228
vn -0.8640 -0.2637 -0.4290
vn -0.9432 0.1508 -0.2962
vn -0.2112 -0.4930 -0.8440
vn -0.3863 -0.3495 -0.8536
vn -0.3462 -0.3210 -0.8815
vn -0.7938 0.6034 -0.0767
vn -0.8401 -0.4721 -0.2674
vn -0.7257 -0.1932 -0.6603
vn -0.7009 0.1623 -0.6945
vn -0.4939 0.7926 -0.3576
vn -0.7866 -0.5701 -0.2373
vn -0.7692 -0.6388 -0.0195
vn -0.8154 -0.5383 -0.2132
vn -0.7307 -0.5823 -0.3564
vn -0.9206 -0.3165 -0.2289
vn -0.8439 0.0922 -0.5285
vn -0.6083 -0.1390 -0.7814
vn -0.2580 -0.4830 -0.8367
vn -0.0345 0.5748 -0.8176
vn -0.0381 0.3774 -0.9253
vn -0.0091 -0.4235 -0.9058
vn 0.0442 -0.3369 -0.9405
vn 0.0155 -0.1801 -0.9835
vn 0.0988 -0.7202 -0.6867
vn 0.0830 -0.4941 -0.8654
vn 0.5528 0.0485 0.8319
vn 0.3299 -0.1175 0.9367
vn 0.3961 -0.3527 0.8477
vn 0.5773 0.3323 0.7458
vn 0.6337 0.4114 0.6551
vn 0.7885 -0.3134 0.5291
vn 0.7369 0.2177 0.6400
vn 0.7025 0.4469 0.5539
vn 0.9097 -0.1195 0.3978
vn 0.8615 0.5035 0.0652
vn 0.9895 -0.0827 0.1184
vn -0.0466 -0.2835 0.9578
vn 0.2888 0.6557 0.6976
vn -0.2265 0.8912 0.3931
vn -0.3959 0.8389 0.3735
vn -0.5228 0.7851 0.3321
vn -0.5297 0.7386 0.4171
vn -0.4211 0.7750 0.4712
vn -0.7248 0.4185 0.5472
vn -0.7216 0.3180 0.6149
vn -0.2877 0.7421 0.6054
vn -0.0946 0.6517 0.7526
vn -0.5328 0.3664 0.7629
vn -0.6808 0.3595 0.6382
vn -0.0815 0.7690 0.6341
vn 0.1012 0.6112 0.7850
vn 0.3215 0.5168 0.7934
vn -0.2137 0.7536 0.6216
vn 0.7028 -0.1170 0.7017
vn -0.2641 0.8291 0.4928
vn 0.0278 0.6627 0.7484
vn -0.3690 0.3492 0.8613
vn -0.0893 0.7833 0.6152
vn -0.0520 0.8184 0.5722
vn -0.1768 0.3985 0.8999
vn 0.6609 -0.1386 0.7376
vn -0.4007 0.5520 0.7312
vn 0.2995 0.3644 0.8818
vn -0.0062 0.5155 0.8568
vn 0.0646 0.3463 0.9359
vn -0.2853 0.5501 0.7848
vn -0.2028 0.7193 0.6645
vn 0.2466 0.3015 0.9210
vn -0.2191 0.7042 0.6754
vn 0.4380 0.1345 0.8889
vn 0.3118 0.3812 0.8704
vn 0.4133 0.3516 0.8400
vn 0.5596 0.2735 0.7824
vn 0.7980 0.0864 0.5964
vn 0.5989 0.6069 0.5224
vn 0.5444 0.6272 0.5570
vn -0.4993 0.2590 0.8268
vn -0.1481 0.0520 0.9876
vn -0.6963 0.0129 0.7176
vn -0.5707 0.2892 0.7686
vn -0.6636 0.1518 0.7325
vn -0.1330 0.1762 0.9753
vn -0.0231 0.5879 0.8086
vn -0.0876 -0.1404 0.9862
vn -0.1579 0.1539 0.9754
vn -0.4684 0.3115 0.8268
vn -0.4809 0.2597 0.8375
vn 0.0203 -0.7946 0.6068
vn 0.0037 -0.7949 0.6067
vn 0.0316 0.0769 0.9965
vn 0.1223 0.0192 0.9923
vn -0.4665 0.3411 0.8161
vn -0.7000 0.4174 0.5795
vn -0.6667 0.3892 0.6357
vn -0.5811 0.3078 0.7534
vn 0.0633 -0.7724 0.6320
vn 0.0818 -0.5560 0.8271
vn 0.1576 0.1781 0.9713
vn 0.2730 0.2500 0.9290
vn 0.1117 -0.2462 0.9628
vn 0.1016 -0.8761 0.4712
vn 0.0359 -0.0650 0.9972
vn -0.0556 -0.1936 0.9795
vn 0.0752 0.0352 0.9965
vn 0.0656 -0.0165 0.9977
vn -0.0694 0.0660 0.9954
vn 0.1049 -0.7934 0.5996
vn 0.1363 -0.5493 0.8244
vn 0.1239 -0.5246 0.8423
vn 0.3000 -0.8153 0.4953
vn 0.2697 -0.8381 0.4742
vn -0.1249 0.1432 0.9818
vn 0.0238 0.0632 0.9977
vn -0.0688 0.1678 0.9834
vn 0.2699 -0.5304 0.8036
vn 0.1801 -0.7773 0.6028
vn 0.3634 -0.7286 0.5806
vn -0.0515 0.1952 0.9794
vn 0.2161 0.0279 0.9760
vn -0.0641 0.1750 0.9825
vn -0.1196 0.1683 0.9785
vn 0.1993 0.0758 0.9770
vn 0.1812 0.1062 0.9777
vn 0.3895 -0.6554 0.6471
vn 0.6763 -0.4119 0.6107
vn 0.7035 -0.3508 0.6181
vn 0.9484 0.2774 0.1535
vn 0.1719 -0.2183 0.9606
vn 0.9761 -0.1911 0.1031
vn 0.2416 -0.3967 0.8856
vn 0.0633 -0.8456 -0.5300
vn 0.1496 -0.3925 0.9075
vn 0.0694 -0.2140 0.9744
vn -0.0837 -0.9954 -0.0467
vn 0.3526 -0.3637 0.8622
vn 0.3227 -0.4653 0.8242
vn -0.2357 -0.9350 0.2651
vn -0.1282 0.7735 0.6206
vn -0.2243 -0.1740 0.9588
vn 0.1212 -0.8956 0.4280
vn 0.1115 -0.6160 0.7798
vn 0.2156 0.8110 0.5439
vn -0.0016 -0.9978 -0.0657
vn 0.5392 -0.0632 0.8398
vn 0.2177 0.8175 0.5332
vn 0.3383 0.7936 0.5057
vn 0.6357 -0.3689 0.6781
vn 0.7798 0.5202 0.3484
vn 0.4136 -0.6362 0.6513
vn 0.4337 0.7644 0.4771
vn 0.9444 -0.3174 0.0857
vn 0.5102 0.6212 0.5948
vn 0.4614 0.7883 0.4071
vn 0.8336 0.5454 0.0878
vn 0.4779 -0.8261 0.2988
vn 0.2838 -0.9484 0.1416
vn 0.1003 -0.9940 0.0439
vn -0.0419 -0.9991 0.0083
vn -0.0458 -0.9989 -0.0090
vn 0.6581 -0.5922 0.4650
vn 0.9820 -0.1440 0.1220
vn 0.9917 0.1259 -0.0278
vn 0.9779 0.1744 0.1151
vn 0.9267 0.0556 0.3717
vn 0.7907 0.2719 0.5485
vn 0.8496 0.1572 0.5034
vn 0.7724 0.4234 0.4734
vn 0.7226 0.0591 0.6887
vn 0.8194 0.2839 0.4980
vn 0.8155 0.3171 0.4841
vn 0.8284 0.2345 0.5086
vn 0.9666 0.0046 0.2561
vn 0.4004 -0.2725 0.8749
vn 0.4393 -0.0105 0.8983
vn 0.7601 -0.6233 0.1837
vn 0.7549 0.4520 0.4753
vn 0.9248 -0.1615 0.3446
vn 0.7455 -0.3997 0.5333
vn 0.7862 -0.2874 0.5471
vn 0.7933 -0.0816 0.6033
vn 0.8921 -0.2572 0.3716
vn 0.2141 -0.1415 -0.9665
vn 0.4357 0.2548 -0.8633
vn 0.3193 0.3441 -0.8830
vn 0.5611 -0.3565 -0.7471
vn 0.6222 -0.0941 -0.7772
vn 0.6497 0.6968 0.3039
vn 0.0853 0.8913 0.4453
vn -0.0628 0.9769 0.2042
vn -0.1787 0.9822 -0.0588
vn -0.3087 0.9005 0.3062
vn -0.3960 0.9178 0.0289
vn 0.6749 -0.6661 -0.3175
vn -0.7102 0.2113 -0.6716
vn -0.6549 0.4855 -0.5792
vn -0.5400 -0.2736 -0.7959
vn -0.6938 -0.0410 -0.7190
vn 0.9137 -0.4021 -0.0580
vn 0.8234 -0.5645 -0.0583
vn 0.6658 -0.6628 0.3426
vn 0.8832 -0.4590 0.0962
vn -0.1770 0.8048 0.5665
vn -0.4938 0.8523 -0.1725
vn 0.9507 -0.1151 0.2881
vn 0.9504 -0.0035 0.3110
vn 0.3231 -0.9410 0.1007
vn -0.4055 0.8887 0.2139
vn -0.2571 0.7854 0.5630
vn -0.2174 0.9488 0.2290
vn 0.0577 0.5977 0.7996
vn 0.4653 -0.8580 0.2177
vn 0.3352 -0.9205 0.2009
vn 0.2332 -0.9715 -0.0436
vn 0.2623 -0.4905 -0.8310
vn 0.5684 0.5263 -0.6324
vn 0.6660 0.3518 0.6577
vn 0.9142 -0.1705 -0.3676
vn 0.9337 -0.3578 0.0081
vn 0.9102 -0.3272 -0.2538
vn 0.7860 -0.3224 -0.5275
vn 0.8295 0.5078 0.2326
vn -0.2052 0.8839 -0.4202
vn -0.4517 0.8633 -0.2249
vn -0.4926 0.7970 -0.3496
vn 0.8300 0.3809 0.4074
vn 0.0504 0.6039 -0.7955
vn -0.2472 0.7475 -0.6166
vn 0.2831 0.7405 -0.6095
vn 0.2242 0.6605 -0.7166
vn 0.0901 0.9779 -0.1889
vn 0.4423 0.8964 -0.0282
vn 0.3916 0.9113 0.1273
vn 0.7356 0.6773 -0.0092
vn 0.5412 0.8381 -0.0693
vn 0.6553 0.7382 0.1601
vn 0.3903 0.8062 -0.4446
vn 0.4786 0.8190 -0.3164
vn 0.0975 -0.6957 -0.7117
vn -0.2915 0.7988 -0.5262
vn 0.2416 -0.3276 -0.9134
vn 0.0914 -0.4684 -0.8788
vn -0.0244 -0.7327 -0.6801
vn -0.1329 -0.8113 -0.5694
vn -0.1416 -0.6289 -0.7645
vn -0.0242 -0.6854 -0.7278
vn 0.3100 0.3987 -0.8631
vn 0.3287 0.5384 -0.7759
vn 0.4540 0.0147 -0.8909
vn 0.4434 -0.3003 -0.8446
vn 0.3445 -0.6095 -0.7140
vn 0.7320 -0.1492 -0.6648
vn 0.8209 -0.1252 -0.5572
vn 0.7856 -0.1922 -0.5881
vn 0.9484 0.1239 -0.2919
vn 0.9893 0.0582 -0.1339
vn 0.2308 -0.7074 -0.6681
vn 0.0147 -0.0174 -0.9997
vn -0.1524 -0.2089 -0.9660
vn -0.1518 -0.4960 -0.8550
vn -0.0051 -0.9995 0.0305
vn -0.0540 -0.9978 0.0381
vn 0.0521 -0.9242 -0.3785
vn 0.0680 -0.9625 -0.2626
vn 0.1684 0.6747 -0.7187
vn 0.1521 0.8134 -0.5615
vn 0.2354 0.7208 -0.6520
vn 0.1686 -0.9081 -0.3833
vn 0.5879 -0.6263 -0.5120
vn 0.4810 0.1662 -0.8608
vn 0.6950 0.1246 -0.7081
vn 0.9750 -0.2004 -0.0965
vn 0.9275 -0.2121 -0.3079
vn 0.9498 -0.2920 -0.1123
vn 0.9865 0.1433 0.0795
vn 0.9710 0.0781 -0.2261
vn 0.5152 0.7777 -0.3601
vn 0.5510 0.7441 -0.3777
vn 0.5787 0.7528 -0.3138
vn 0.7324 0.5467 -0.4059
vn 0.7084 -0.4655 -0.5306
vn 0.8381 0.2436 -0.4881
vn 0.0100 0.3963 -0.9181
vn -0.1654 0.3586 -0.9187
vn -0.1541 -0.0090 -0.9880
vn 0.3012 0.1260 -0.9452
vn 0.3505 0.0700 -0.9339
vn -0.3546 -0.5130 -0.7817
vn -0.4218 -0.6070 -0.6735
vn -0.0706 -0.4447 -0.8929
vn -0.1275 -0.4106 -0.9029
vn -0.2219 -0.5671 -0.7932
vn -0.0852 -0.4578 -0.8850
vn 0.9046 -0.2811 0.3204
vn 0.8783 -0.3102 0.3638
vn 0.4232 0.7819 0.4577
vn -0.2803 -0.4976 -0.8208
vn 0.3909 0.6762 0.6245
vn 0.3920 0.5651 0.7260
vn 0.5621 0.5480 0.6195
vn 0.1874 0.3510 0.9174
vn 0.2629 0.5410 0.7989
vn 0.0893 -0.4120 -0.9068
vn 0.5410 -0.3068 0.7831
vn 0.4560 -0.4418 0.7726
vn 0.4730 -0.3202 0.8208
vn 0.3970 -0.5409 0.7416
vn 0.5512 -0.5127 0.6583
vn 0.6991 -0.4355 0.5671
vn 0.2121 -0.4520 -0.8664
vn 0.0518 -0.3900 -0.9194
vn 0.8589 -0.4432 0.2565
vn 0.7998 -0.3222 0.5064
vn 0.4833 0.1072 0.8689
vn 0.9829 -0.0123 0.1835
vn 0.9477 0.1126 0.2988
vn 0.9847 -0.1467 0.0944
vn 0.8374 0.5465 0.0036
vn 0.8318 0.5258 -0.1779
vn 0.9699 0.2432 -0.0077
vn 0.9772 0.1907 -0.0936
vn -0.5118 -0.4933 -0.7033
vn -0.4434 -0.5610 -0.6990
vn -0.4811 -0.5069 -0.7152
vn 0.0673 -0.9103 -0.4083
vn 0.1743 -0.7628 -0.6227
vn -0.4071 -0.5112 -0.7569
vn 0.9638 0.0529 -0.2614
vn 0.9660 0.0696 -0.2489
vn 0.9908 -0.1309 0.0335
vn 0.5385 -0.7970 -0.2735
vn 0.9512 -0.2767 0.1368
vn 0.7828 -0.4711 0.4066
vn 0.9488 -0.2802 0.1458
vn 0.8304 0.0703 -0.5528
vn 0.8021 0.0850 -0.5911
vn 0.7471 0.3602 -0.5587
vn 0.8136 0.3085 -0.4928
vn 0.4317 -0.7038 0.5642
vn 0.9263 -0.1269 -0.3548
vn 0.5391 -0.6313 0.5575
vn 0.3991 -0.6844 0.6102
vn 0.8862 -0.4632 -0.0100
vn 0.7505 -0.6608 -0.0108
vn 0.8749 -0.4507 -0.1771
vn 0.9899 0.0005 -0.1420
vn 0.9950 -0.0163 -0.0983
vn 0.5439 0.6300 -0.5544
vn 0.6876 0.6021 -0.4058
vn 0.7534 0.4128 -0.5118
vn 0.5671 0.7827 0.2566
vn 0.7260 0.5426 0.4225
vn 0.9752 -0.1974 0.1001
vn 0.9553 -0.2950 -0.0211
vn 0.9535 -0.2969 -0.0521
vn 0.7703 0.3910 0.5038
vn 0.9427 -0.0073 0.3335
vn 0.9356 -0.2517 0.2476
vn 0.9244 -0.0979 0.3687
vn 0.8702 -0.1229 0.4771
vn 0.4092 0.8065 0.4267
vn 0.0780 -0.2213 -0.9721
vn 0.1571 -0.2519 -0.9549
vn 0.4044 0.7528 -0.5194
vn 0.2841 0.5943 -0.7524
vn 0.5075 0.7854 -0.3545
vn 0.9880 0.0314 0.1512
vn 0.4724 0.8657 -0.1656
vn 0.4455 0.8507 -0.2790
vn 0.0280 0.0623 -0.9977
vn 0.7894 -0.1143 -0.6032
vn -0.0192 -0.9997 0.0123
vn 0.0513 -0.9965 -0.0658
vn 0.3263 -0.8661 -0.3788
vn 0.0350 -0.9960 -0.0826
vn 0.1717 -0.9678 -0.1840
vn 0.9313 0.3532 0.0888
vn 0.2369 -0.2783 -0.9308
vn 0.2757 0.1906 -0.9422
vn 0.3700 -0.0162 -0.9289
vn 0.2567 -0.5563 -0.7903
vn -0.0184 -0.5470 -0.8369
vn 0.1241 -0.5406 -0.8321
vn -0.0561 0.6000 -0.7980
vn -0.0690 0.2800 -0.9575
vn -0.0287 -0.9335 -0.3575
vn -0.0244 0.6847 -0.7284
vn -0.2898 -0.5307 -0.7965
vn -0.3910 -0.4727 -0.7898
vn -0.1386 -0.6899 -0.7105
vn 0.9697 -0.0443 -0.2404
vn 0.5803 -0.3341 -0.7427
vn 0.6570 -0.1296 -0.7426
vn 0.4877 -0.1842 -0.8534
vn 0.2839 -0.1533 -0.9465
vn 0.1449 -0.1949 -0.9701
vn 0.2842 -0.2083 -0.9359
vn 0.3019 -0.2573 -0.9180
vn 0.1513 0.0975 -0.9837
vn 0.3272 0.0518 -0.9435
vn 0.0663 -0.1312 -0.9891
vn -0.1204 -0.5647 -0.8164
vn -0.0221 -0.2564 -0.9663
vn -0.0062 0.0624 -0.9980
vn -0.1081 -0.4731 -0.8744
vn -0.1270 -0.4974 -0.8582
vn 0.3571 0.8929 -0.2743
vn -0.3888 0.9206 0.0373
vn -0.5088 0.7473 -0.4274
vn 0.2032 0.6502 -0.7321
vn 0.2701 0.6930 -0.6685
vn -0.0347 0.7074 -0.7059
vn -0.0824 0.6877 -0.7213
vn 0.0118 0.7492 -0.6623
vn -0.3428 0.7739 -0.5325
vn 0.1420 0.6385 -0.7564
vn 0.2411 0.5206 -0.8190
vn 0.2998 -0.1383 -0.9439
vn 0.0854 0.0615 -0.9944
vn 0.5398 0.6891 -0.4835
vn 0.3983 0.6713 -0.6251
vn 0.1709 0.6787 -0.7143
vn 0.1618 0.7514 -0.6397
vn 0.5650 -0.4726 0.6763
vn 0.6079 0.3861 0.6938
vn 0.2327 0.3669 0.9007
vn 0.3373 0.4347 0.8350
vn 0.0666 -0.9971 0.0371
vn 0.2386 -0.2286 0.9438
vn 0.4331 0.0973 0.8961
vn 0.1459 0.2724 0.9511
vn -0.0364 0.2450 0.9688
vn 0.9337 -0.3499 -0.0758
vn 0.2081 0.0045 0.9781
vn 0.2900 0.0368 0.9563
vn 0.3743 0.0680 0.9248
vn -0.0410 0.1517 0.9876
vn 0.7414 -0.4476 0.4999
vn 0.6752 -0.4790 0.5609
vn 0.2248 -0.0066 0.9744
vn -0.0185 0.1329 0.9910
vn -0.0627 0.1506 0.9866
vn -0.1437 0.1075 0.9838
vn 0.5388 -0.1441 0.8300
vn 0.5899 -0.1580 0.7919
vn 0.5911 -0.1159 0.7982
vn 0.0834 0.2146 0.9731
vn -0.1338 0.2430 0.9607
vn 0.3048 -0.3743 0.8758
vn 0.1476 -0.5799 0.8012
vn 0.1936 -0.1793 0.9645
vn -0.1538 0.1984 0.9680
vn -0.5579 0.3585 0.7484
vn 0.0995 0.0813 -0.9917
vn 0.0613 -0.2380 -0.9693
vn 0.0966 -0.2594 -0.9609
vn -0.0156 0.5127 -0.8584
vn -0.3869 -0.0136 -0.9220
vn -0.4396 0.1971 -0.8763
vn -0.1638 0.4383 -0.8837
vn -0.1793 0.6872 -0.7040
vn 0.0083 -0.9994 0.0325
vn -0.5487 -0.5562 -0.6241
vn -0.4165 -0.5527 -0.7218
vn -0.9751 -0.2214 0.0141
vn -0.2040 -0.5870 -0.7834
vn -0.3074 -0.2784 -0.9099
vn 0.2701 -0.7294 -0.6285
vn -0.1078 0.6757 -0.7293
vn 0.0114 0.5761 -0.8173
vn 0.0847 0.5793 -0.8107
vn -0.7418 0.0713 -0.6668
vn -0.5171 -0.0296 -0.8554
vn -0.4834 0.0906 -0.8707
vn -0.6440 0.7325 0.2205
vn -0.5618 0.7364 0.3769
vn -0.2196 0.8474 0.4834
vn -0.3608 0.9262 0.1096
vn -0.3055 0.9320 0.1952
vn -0.6581 0.7005 -0.2760
vn 0.1841 0.8183 -0.5445
vn -0.8756 0.2451 -0.4163
vn -0.0329 0.9943 -0.1017
vn -0.0745 0.9442 -0.3209
vn 0.1779 0.9352 -0.3063
vn 0.3696 0.8450 -0.3866
vn -0.7115 -0.7027 0.0002
vn -0.8840 -0.4659 -0.0375
vn 0.0606 0.6340 0.7709
vn -0.6558 0.5233 0.5441
vn -0.5280 -0.2098 0.8229
vn -0.4205 -0.4746 0.7733
vn -0.7553 0.5272 0.3893
vn -0.3828 -0.8748 0.2969
vn -0.1284 -0.9799 0.1524
vn -0.3608 -0.8610 0.3584
vn -0.7057 0.1029 0.7010
vn -0.1816 -0.9827 0.0367
vn -0.0237 -0.9997 0.0076
vn -0.1916 -0.9802 0.0508
vn -0.0503 -0.9987 0.0060
vn -0.1073 -0.9937 0.0336
vn -0.7052 0.7041 0.0835
vn -0.1614 -0.1805 0.9702
vn -0.0858 -0.0239 0.9960
vn -0.4290 0.0597 0.9013
vn -0.3204 -0.8871 -0.3323
vn -0.7475 0.2418 0.6187
vn -0.8553 -0.1683 0.4900
vn -0.6247 -0.1020 0.7741
vn 0.2763 0.6674 0.6915
vn -0.8770 0.4794 -0.0317
vn -0.6406 -0.4423 0.6277
vn -0.5790 -0.4442 0.6837
vn -0.6724 -0.3368 0.6591
vn -0.6315 -0.2687 0.7273
vn -0.7441 -0.2918 0.6009
vn -0.6941 -0.2922 0.6578
vn -0.9044 -0.2760 0.3255
vn -0.9200 -0.1729 0.3518
vn -0.7503 -0.1358 0.6470
vn -0.7036 0.2694 0.6576
vn 0.0157 -0.2061 -0.9784
vn 0.7091 -0.2582 0.6561
vn -0.9289 0.0994 -0.3568
vn 0.1580 0.9551 -0.2505
vn 0.2455 0.9582 -0.1468
vn -0.4230 0.8998 -0.1069
vn -0.8325 -0.4844 -0.2688
vn -0.7833 -0.6197 -0.0491
vn 0.1969 0.3512 0.9154
vn 0.1584 0.2552 0.9538
vn 0.0648 0.3381 0.9389
vn -0.7801 -0.3597 0.5119
vn -0.9747 0.1398 0.1744
vn -0.9855 -0.1576 0.0623
vn -0.2505 -0.9050 0.3439
vn -0.2655 -0.7640 0.5881
vn -0.3428 -0.7112 0.6138
vn -0.0088 -0.9974 0.0710
vn -0.1251 -0.9518 0.2799
vn 0.0351 -0.9977 -0.0585
vn 0.0582 -0.9972 -0.0474
vn 0.0592 -0.9975 -0.0392
vn -0.4122 0.8742 -0.2566
vn -0.2740 0.8889 0.3671
vn -0.9064 -0.0323 -0.4212
vn -0.1709 0.1516 -0.9736
vn -0.0006 -0.5667 -0.8239
vn 0.6370 -0.2521 -0.7284
vn -0.3025 -0.9511 -0.0631
vn -0.6266 -0.7789 0.0273
vn -0.2948 -0.9472 -0.1263
vn 0.0304 -0.9995 0.0109
vn -0.0072 -0.9997 0.0242
vn -0.1797 0.0254 -0.9834
vn -0.2251 -0.1847 -0.9567
vn -0.2292 0.1444 -0.9626
vn -0.6937 0.2777 0.6646
vn -0.2446 0.2548 0.9355
vn -0.4891 0.2172 0.8448
vn -0.1611 0.1178 0.9799
vn 0.1096 -0.2257 0.9680
vn 0.5399 -0.1219 0.8329
vn 0.5403 -0.0706 0.8385
vn 0.5517 0.7745 -0.3095
vn 0.6011 0.7211 -0.3446
vn 0.0256 -0.6059 -0.7951
vn 0.1359 -0.2424 -0.9606
vn -0.0722 -0.0614 -0.9955
vn -0.0456 -0.4177 -0.9074
vn 0.1892 -0.4066 -0.8938
vn 0.4471 0.0523 -0.8930
vn 0.1896 -0.9531 -0.2358
vn 0.0757 -0.9867 -0.1436
vn 0.9957 -0.0071 0.0921
vn 0.7711 0.2173 0.5984
vn 0.9901 -0.1325 -0.0457
vn 0.9625 -0.2463 0.1132
vn 0.9422 -0.3207 -0.0971
vn 0.9438 -0.3174 -0.0921
vn -0.0051 -0.3504 -0.9366
vn 0.0711 -0.1874 -0.9797
vn -0.0069 -0.9999 -0.0146
vn -0.0397 -0.9991 0.0169
vn -0.0888 -0.9956 0.0313
vn -0.0044 -0.5597 -0.8287
vn 0.4227 0.7135 -0.5588
vn 0.3467 0.6041 -0.7176
vn 0.4283 0.5373 -0.7265
vn 0.4890 -0.1713 0.8553
vn 0.2735 -0.0251 0.9615
vn 0.0983 -0.0016 0.9952
vn -0.2781 -0.2193 -0.9352
vn -0.2004 -0.1531 -0.9677
vn -0.2922 -0.1149 -0.9494
vn -0.9494 -0.2967 -0.1027
vn 0.0167 0.3788 -0.9253
vn -0.2431 0.2104 -0.9469
vn 0.0477 0.2715 -0.9613
vn -0.3276 0.7095 -0.6240
vn -0.5202 -0.3694 -0.7700
vn -0.3837 -0.3983 -0.8331
vn 0.0321 -0.9984 -0.0469
vn 0.0307 -0.9984 -0.0481
vn 0.0378 -0.9986 -0.0382
vn 0.0492 -0.9988 0.0040
vn 0.0309 -0.9995 -0.0022
vn -0.0046 -0.9948 0.1021
vn 0.0266 -0.9983 -0.0526
vn -0.0090 -0.9999 0.0129
vn 0.0281 -0.9995 0.0111
vn -0.8953 -0.2740 0.3513
vn -0.8458 -0.2567 0.4677
vn -0.0012 0.4793 0.8776
vn -0.7511 0.1496 -0.6430
vn -0.9022 0.0242 -0.4307
vn 0.0354 -0.9989 0.0303
vn 0.1580 -0.2638 0.9515
vn 0.0193 -0.7547 -0.6558
vn 0.0136 -0.7360 -0.6768
vn 0.0173 -0.7644 -0.6445
vn 0.0310 -0.9931 -0.1130
vn -0.0326 -0.9992 0.0231
vn 0.3778 0.6340 -0.6748
vn 0.4922 0.7081 -0.5063
vn -0.0480 -0.9345 0.3527
vn 0.0556 -0.9984 -0.0070
vn 0.0578 -0.9980 -0.0240
vn 0.1445 -0.2392 -0.9602
vn 0.9391 -0.3273 -0.1049
vn 0.8180 0.2300 -0.5271
vn 0.3871 -0.6063 0.6947
vn 0.6262 -0.7600 -0.1742
vn 0.6255 -0.7601 -0.1761
vn -0.5130 -0.3991 -0.7600
vn -0.4304 -0.4113 -0.8035
vn 0.6175 0.7849 0.0514
vn 0.9423 -0.3106 -0.1247
vn 0.9118 0.1521 -0.3815
vn 0.8808 0.3295 -0.3401
vn 0.8908 0.3867 -0.2388
vn 0.6711 0.7250 -0.1551
vn 0.5422 0.7203 0.4327
vn 0.3435 -0.2972 -0.8909
vn 0.9126 -0.3709 -0.1723
vn 0.8025 -0.4314 -0.4122
vn 0.9294 -0.3241 -0.1768
vn 0.9405 -0.3254 -0.0977
vn 0.6068 -0.0764 0.7912
vn 0.7970 -0.2863 0.5318
vn 0.8712 -0.2060 0.4455
vn 0.7236 -0.0250 0.6898
vn 0.4246 -0.0037 0.9054
vn 0.3672 0.0572 0.9284
vn 0.4069 0.1736 0.8968
vn 0.5778 -0.3009 0.7587
vn 0.2883 0.6568 0.6968
vn 0.3601 0.5204 0.7743
vn 0.3490 0.6620 -0.6633
vn 0.6018 0.7562 0.2569
vn 0.4787 0.5440 0.6891
vn 0.3569 0.7133 0.6032
vn 0.2420 0.4303 -0.8696
vn 0.5037 0.7242 -0.4709
vn 0.5645 0.7615 -0.3186
vn 0.8518 0.5224 -0.0386
vn 0.9508 0.0381 0.3074
vn 0.8685 0.2867 0.4044
vn 0.9720 0.1208 0.2015
vn 0.7843 0.2136 0.5824
vn 0.3722 0.3908 -0.8418
vn 0.4854 0.6490 -0.5857
vn -0.3428 -0.5815 -0.7378
vn 0.0940 -0.3177 -0.9435
vn 0.1055 -0.1476 -0.9834
vn 0.1980 0.5397 -0.8182
vn 0.0757 -0.2515 -0.9649
vn -0.2572 0.4064 -0.8767
vn -0.2909 0.3468 -0.8917
vn 0.0148 0.0624 -0.9979
vn 0.5884 0.7779 -0.2206
vn 0.1540 -0.9880 0.0131
vn 0.3511 -0.9360 -0.0273
vn 0.6207 -0.4949 -0.6081
vn 0.5231 0.5952 -0.6100
vn 0.5216 0.2208 -0.8241
vn 0.4178 0.5547 -0.7195
vn 0.4352 0.7711 -0.4647
vn 0.5032 -0.3919 -0.7702
vn 0.4635 -0.3261 -0.8239
vn 0.3290 0.7181 -0.6132
vn 0.3563 0.6843 -0.6362
vn 0.5207 0.6873 -0.5064
vn 0.8524 -0.0409 -0.5213
vn 0.3471 -0.3580 -0.8668
vn 0.6934 -0.0217 -0.7202
vn 0.2593 -0.2289 -0.9383
vn 0.4909 -0.0414 -0.8702
vn 0.2411 -0.0747 -0.9676
vn 0.2811 -0.0485 -0.9585
vn 0.0985 -0.0784 -0.9920
vn 0.0129 -0.9243 -0.3814
vn -0.1796 0.0127 -0.9837
vn -0.1499 -0.5485 -0.8226
vn -0.1093 -0.7879 -0.6061
vn -0.1862 -0.6219 -0.7606
vn -0.4098 -0.6413 -0.6487
vn 0.1700 -0.6036 -0.7790
vn 0.2312 -0.6604 -0.7144
vn 0.9921 0.1234 -0.0210
vn 0.9497 -0.2375 -0.2041
vn 0.4640 -0.3156 -0.8277
vn 0.5480 -0.0885 -0.8318
vn 0.6009 -0.1207 -0.7902
vn 0.4916 -0.2260 -0.8410
vn 0.4303 -0.0265 -0.9023
vn 0.2010 0.1310 -0.9708
vn 0.2136 -0.0690 -0.9745
vn -0.0223 -0.0960 -0.9951
vn -0.0503 0.1136 -0.9923
vn -0.0177 0.4047 -0.9143
vn -0.2430 0.1306 -0.9612
vn -0.2085 0.3722 -0.9044
vn 0.3298 0.6500 -0.6847
vn -0.0583 -0.4930 -0.8681
vn 0.0220 -0.7900 -0.6127
vn 0.4460 0.8507 -0.2781
vn 0.3175 0.8396 -0.4408
vn 0.2145 0.9266 -0.3087
vn -0.1678 0.9830 -0.0751
vn -0.3075 0.9463 0.1003
vn -0.3421 0.9151 0.2133
vn 0.0656 0.4292 -0.9008
vn -0.2816 0.8305 -0.4806
vn 0.3337 0.8684 -0.3668
vn 0.8540 0.5142 -0.0793
vn 0.8376 0.4453 -0.3163
vn 0.9601 -0.0581 -0.2736
vn 0.9563 0.1923 -0.2200
vn 0.9958 -0.0920 0.0039
vn 0.6676 0.5133 -0.5393
vn 0.8478 -0.0064 -0.5303
vn 0.8424 0.2710 -0.4657
vn 0.6557 0.0936 -0.7492
vn 0.5969 -0.2324 -0.7679
vn 0.3679 0.2102 -0.9058
vn 0.6302 -0.1404 0.7636
vn 0.4666 -0.3709 -0.8029
vn 0.3428 0.6878 -0.6398
vn 0.2061 0.8868 -0.4137
vn -0.5619 0.6746 -0.4788
vn -0.4783 0.8507 -0.2182
vn -0.1689 -0.6502 -0.7407
vn -0.1109 -0.7967 -0.5941
vn 0.0935 -0.9402 -0.3274
vn 0.5880 0.3736 0.7174
vn 0.9181 0.1268 0.3755
vn -0.5831 0.7163 -0.3832
vn -0.5255 0.5267 -0.6682
vn -0.4322 0.7538 -0.4950
vn -0.3010 0.9078 -0.2922
vn -0.0753 0.9178 -0.3898
vn 0.8449 -0.3349 -0.4170
vn 0.0544 0.9863 -0.1554
vn -0.5608 0.2599 -0.7861
vn -0.1984 0.7709 -0.6053
vn -0.3257 0.3177 -0.8905
vn 0.0623 -0.1093 -0.9920
vn 0.4450 -0.1134 -0.8883
vn 0.3075 -0.3161 -0.8975
vn 0.4264 0.6205 -0.6582
vn 0.3877 0.6753 -0.6273
vn 0.3509 0.5068 -0.7874
vn -0.0974 -0.1610 -0.9821
vn 0.1163 -0.3703 -0.9216
vn 0.4524 0.0047 -0.8918
vn 0.1743 0.6107 -0.7724
vn 0.4959 0.7616 -0.4172
vn 0.0529 0.9930 -0.1055
vn 0.7831 -0.0449 0.6203
vn 0.9744 -0.1906 0.1192
vn 0.4766 -0.8584 0.1896
vn 0.9318 -0.0040 0.3631
vn 0.0291 -0.9994 -0.0169
vn 0.2158 -0.9632 0.1603
vn 0.1948 -0.9625 0.1888
vn 0.9925 -0.0702 0.1004
vn 0.9122 -0.2838 0.2955
vn -0.0610 -0.9963 -0.0611
vn 0.2044 -0.9179 0.3402
vn 0.0090 -0.9975 -0.0698
vn 0.2524 0.7167 0.6501
vn 0.0332 -0.9911 0.1286
vn 0.1412 -0.2603 0.9551
vn -0.0304 -0.9992 -0.0273
vn -0.2261 -0.8875 -0.4014
vn 0.1162 -0.8061 -0.5802
vn -0.0086 -0.9149 -0.4035
vn 0.2681 -0.9007 -0.3418
vn 0.4923 -0.4176 0.7637
vn 0.9255 0.3749 0.0549
vn 0.8169 -0.4190 0.3964
vn 0.5107 -0.6945 0.5068
vn 0.2215 -0.6029 0.7664
vn 0.3304 0.4378 0.8362
vn 0.4444 -0.2158 0.8695
vn 0.0957 0.1738 0.9801
vn 0.0538 -0.0566 0.9969
vn 0.0724 -0.2306 0.9704
vn -0.2071 0.1873 0.9602
vn -0.0524 0.0521 0.9973
vn -0.7009 0.2617 0.6634
vn -0.1509 0.1896 0.9702
vn 0.5708 0.2311 0.7879
vn 0.1669 0.2776 0.9461
vn -0.1776 0.6881 0.7035
vn 0.1288 0.2174 0.9675
vn -0.0082 0.3176 0.9482
vn -0.2456 0.5318 0.8105
vn -0.5733 0.4577 0.6796
vn 0.0565 0.2690 0.9615
vn -0.6110 0.4423 0.6565
vn -0.3055 0.3399 0.8895
vn 0.2006 0.4698 0.8597
vn -0.2446 0.3927 0.8866
vn 0.5646 -0.0537 0.8236
vn 0.8526 -0.4512 0.2637
vn 0.9562 -0.0839 0.2805
vn 0.4883 -0.2318 0.8413
vn 0.2224 -0.2477 0.9430
vn 0.9820 -0.1033 0.1582
vn 0.8686 0.4356 0.2361
vn 0.7055 0.3302 0.6271
vn 0.7169 0.6971 0.0033
vn 0.5899 0.8015 0.0986
vn 0.6077 0.7237 0.3270
vn 0.6101 0.5506 0.5698
vn 0.4274 0.7108 0.5586
vn 0.3914 0.8345 0.3879
vn 0.3570 0.9038 0.2361
vn 0.1657 0.9637 -0.2093
vn 0.3561 0.9182 0.1734
vn 0.1951 0.8431 0.5011
vn 0.4499 0.5707 0.6869
vn -0.0516 -0.6948 -0.7174
vn -0.1768 -0.5032 -0.8459
vn -0.3762 0.4205 -0.8256
vn -0.1005 -0.2208 -0.9701
vn -0.0527 -0.9456 -0.3211
vn -0.6631 0.0985 -0.7420
vn -0.5982 -0.6689 -0.4412
vn -0.2071 -0.9364 -0.2834
vn -0.0084 -0.9999 -0.0054
vn -0.6258 0.7612 -0.1698
vn -0.6682 0.6913 -0.2750
vn -0.6539 0.7240 -0.2196
vn -0.2994 -0.9498 -0.0902
vn -0.7387 0.6634 -0.1197
vn -0.6392 -0.3220 -0.6984
vn -0.5378 -0.2517 -0.8046
vn -0.7564 0.5039 -0.4171
vn -0.4725 -0.3724 -0.7988
vn -0.5483 -0.4579 -0.6998
vn 0.0221 -0.5367 -0.8435
vn 0.2804 -0.4115 -0.8672
vn 0.6855 -0.2107 -0.6970
vn 0.6662 -0.1682 -0.7266
vn 0.1164 -0.9078 -0.4029
vn 0.0506 -0.8292 -0.5566
vn 0.0932 -0.7659 -0.6362
vn -0.2748 -0.3505 -0.8953
vn 0.0914 -0.7847 -0.6131
vn 0.0858 -0.7677 -0.6350
vn 0.0542 -0.5394 -0.8403
vn -0.2625 0.8498 -0.4571
vn -0.3710 0.6031 0.7062
vn -0.3385 0.4987 -0.7980
vn -0.3243 0.6527 -0.6847
vn -0.4975 0.6745 -0.5454
vn -0.5635 0.6319 -0.5322
vn -0.8183 0.3686 -0.4410
vn -0.6000 0.4540 -0.6587
vn -0.9470 0.1005 -0.3050
vn -0.9576 0.2080 -0.1993
vn -0.9695 0.0094 -0.2447
vn -0.5738 -0.4494 -0.6847
vn -0.2234 0.8803 -0.4186
vn -0.3026 0.8503 -0.4305
vn -0.6432 0.7654 0.0233
vn -0.5520 0.8051 -0.2172
vn -0.6535 0.7493 -0.1070
vn -0.3419 0.8750 0.3428
vn -0.4478 -0.4624 -0.7653
vn -0.4309 0.8766 -0.2143
vn -0.6614 -0.4189 -0.6221
vn -0.3615 0.8316 -0.4217
vn -0.5469 -0.3465 -0.7621
vn -0.4209 0.8478 0.3226
vn -0.1304 0.5536 -0.8225
vn -0.3620 0.8237 -0.4364
vn -0.6626 -0.0817 -0.7445
vn -0.6104 0.2635 -0.7470
vn -0.8775 -0.1587 -0.4526
vn -0.8388 -0.3059 -0.4503
vn 0.0050 0.7653 -0.6437
vn 0.3129 0.7988 -0.5138
vn -0.9102 0.1034 -0.4011
vn -0.5844 0.5406 -0.6052
vn -0.9735 -0.0377 -0.2256
vn -0.8904 0.2026 -0.4077
vn -0.5258 0.5731 -0.6285
vn -0.0665 0.9787 -0.1944
vn -0.5013 0.8138 -0.2939
vn 0.2485 0.8802 -0.4043
vn -0.8143 0.5730 -0.0926
vn -0.9424 0.2734 -0.1926
vn 0.1039 -0.5178 -0.8492
vn 0.2574 -0.3708 -0.8923
vn -0.7416 -0.6585 -0.1276
vn -0.8744 -0.4658 -0.1362
vn -0.7707 -0.1841 -0.6101
vn -0.6899 -0.6899 0.2193
vn -0.5693 -0.7842 0.2470
vn -0.1510 0.6915 0.7064
vn -0.0191 -0.4298 -0.9027
vn -0.0502 0.5988 0.7994
vn -0.3691 0.8110 -0.4539
vn -0.9179 -0.3876 -0.0850
vn -0.8269 -0.5429 0.1469
vn -0.9682 -0.2473 -0.0389
vn -0.9747 -0.0823 -0.2076
vn -0.9694 -0.2455 0.0006
vn -0.5032 0.5244 0.6868
vn -0.3919 0.7024 0.5942
vn -0.4784 0.4385 0.7608
vn -0.8750 -0.4673 0.1267
vn -0.7407 -0.6615 0.1176
vn -0.7821 0.6038 0.1538
vn -0.6362 -0.6708 0.3811
vn -0.7682 0.2681 0.5814
vn -0.4997 -0.8631 0.0734
vn -0.7890 -0.3806 0.4822
vn -0.6060 -0.6443 0.4666
vn -0.7535 -0.6405 0.1481
vn -0.8693 -0.3497 0.3493
vn -0.7519 0.1389 0.6445
vn -0.0453 0.0065 0.9990
vn -0.0763 0.0575 0.9954
vn 0.0850 0.0980 0.9916
vn -0.8220 0.0526 0.5671
vn 0.1506 -0.1115 0.9823
vn -0.2220 -0.5391 0.8125
vn -0.3690 -0.5896 0.7185
vn -0.9749 0.1929 -0.1110
vn -0.9863 -0.1229 -0.1099
vn -0.8723 -0.4035 -0.2762
vn -0.8006 -0.5361 0.2675
vn -0.9617 -0.1371 0.2373
vn -0.6486 -0.7156 -0.2594
vn -0.0667 -0.9666 -0.2474
vn -0.2292 -0.3322 0.9149
vn 0.1617 -0.9195 -0.3582
vn 0.1642 -0.9395 -0.3007
vn -0.6136 -0.1450 0.7762
vn -0.7844 -0.0565 0.6177
vn -0.5801 -0.0191 0.8143
vn -0.6418 -0.7434 0.1886
vn -0.8025 -0.2338 0.5490
vn -0.1752 0.6488 0.7405
vn -0.4863 0.5329 0.6925
vn -0.4663 0.5147 0.7195
vn -0.5200 0.4792 0.7071
vn 0.0725 -0.0887 0.9934
vn -0.4728 -0.2192 0.8535
vn -0.8335 -0.5489 0.0636
vn 0.0243 0.0137 0.9996
vn 0.5296 0.7206 0.4475
vn -0.0041 -0.2873 0.9578
vn -0.3886 0.0197 0.9212
vn -0.2861 0.3630 0.8868
vn -0.7592 -0.1338 0.6370
vn -0.4258 0.0710 0.9020
vn -0.8572 0.5147 0.0176
vn -0.8833 -0.1627 -0.4396
vn -0.8798 -0.4248 -0.2133
vn -0.8963 -0.3900 -0.2112
vn -0.8195 0.5522 0.1530
vn -0.9431 0.2238 0.2459
vn -0.9972 0.0581 -0.0463
vn -0.1761 0.9489 0.2620
vn 0.4961 0.8465 -0.1933
vn 0.5678 0.7972 -0.2051
vn -0.1714 0.9784 -0.1156
vn -0.8192 0.4812 0.3121
vn -0.7901 0.1246 -0.6002
vn -0.2948 0.1567 0.9426
vn -0.2564 0.1625 0.9528
vn -0.8570 0.1711 0.4861
vn -0.4595 -0.4108 0.7875
vn -0.3835 0.2838 0.8788
vn 0.2203 -0.4560 -0.8623
vn 0.4924 -0.2771 -0.8251
vn -0.7666 -0.3404 -0.5444
vn -0.3293 0.4272 0.8420
vn -0.0316 0.4135 0.9100
vn 0.1869 0.1547 0.9701
vn -0.6216 -0.7788 0.0850
vn -0.9579 -0.1003 -0.2690
vn -0.3339 0.1570 0.9294
vn -0.1405 -0.9866 0.0835
vn -0.4279 0.6964 0.5761
vn -0.9248 -0.3803 0.0073
vn -0.4240 0.7683 -0.4795
vn -0.1786 -0.6390 -0.7482
vn 0.0527 -0.4810 -0.8751
vn 0.0553 0.5244 -0.8497
vn 0.3983 0.3891 0.8306
vn -0.1116 -0.6009 0.7915
vn 0.0028 -0.9984 -0.0559
vn -0.0623 -0.9980 0.0075
vn -0.0130 -0.9999 -0.0046
vn 0.9900 0.1327 0.0486
vn 0.2132 -0.9744 -0.0721
vn 0.1906 -0.9813 -0.0259
vn 0.0037 -0.4185 -0.9082
vn 0.5483 -0.1865 0.8152
vn 0.0084 -0.3746 -0.9272
vn 0.6373 0.3424 0.6904
vn -0.0449 -0.9986 0.0272
vn -0.0926 -0.9957 0.0005
vn -0.0115 -0.9982 -0.0586
vn -0.0557 -0.9982 -0.0240
vn 0.0142 -0.9995 -0.0294
vn 0.0311 -0.9994 0.0126
vn 0.0411 -0.9991 0.0127
vn 0.0405 -0.9992 0.0026
vn 0.7014 -0.1361 -0.6997
vn -0.0092 -0.9999 -0.0090
vn 0.0248 -0.9994 -0.0226
vn -0.1627 -0.9802 0.1132
vn 0.0152 -0.9998 -0.0154
vn -0.0208 -0.9932 0.1148
vn 0.0273 -0.9984 -0.0485
vn -0.0499 -0.4246 -0.9040
vn -0.0076 -0.3105 -0.9505
vn 0.7360 -0.3082 0.6027
vn -0.9509 0.3089 -0.0193
vn 0.9620 0.0830 -0.2602
vn 0.4681 0.5264 0.7098
vn -0.6598 0.6825 -0.3144
vn -0.4331 0.8933 -0.1199
vn -0.5105 0.8599 0.0030
vt 0.505431 0.083609
vt 0.506322 0.080508
vt 0.508899 0.083179
vt 0.155367 0.243049
vt 0.153215 0.243883
vt 0.153458 0.241968
vt 0.437985 0.019675
vt 0.441525 0.023948
vt 0.431671 0.027770
vt 0.479179 0.057255
vt 0.480721 0.059868
vt 0.477942 0.058059
vt 0.485980 0.070745
vt 0.486486 0.066952
vt 0.489434 0.068877
vt 0.402653 0.081714
vt 0.398129 0.076701
vt 0.405802 0.078269
vt 0.362343 0.759912
vt 0.359647 0.757516
vt 0.365911 0.754765
vt 0.914803 0.789994
vt 0.910824 0.788018
vt 0.913411 0.785287
vt 0.484851 0.168438
vt 0.479947 0.180967
vt 0.470417 0.174364
vt 0.361043 0.305129
vt 0.355140 0.304819
vt 0.360737 0.302284
vt 0.334240 0.310946
vt 0.339889 0.309455
vt 0.338830 0.312458
vt 0.303231 0.834947
vt 0.306864 0.837253
vt 0.301536 0.839299
vt 0.302481 0.828877
vt 0.304684 0.831452
vt 0.302316 0.831842
vt 0.364460 0.872257
vt 0.369174 0.880000
vt 0.362735 0.882051
vt 0.304239 0.868432
vt 0.308455 0.871409
vt 0.302029 0.873144
vt 0.322476 0.881608
vt 0.317518 0.883122
vt 0.318801 0.877724
vt 0.357696 0.891728
vt 0.359967 0.895645
vt 0.354836 0.897127
vt 0.272943 0.851556
vt 0.277010 0.856057
vt 0.271701 0.858774
vt 0.587164 0.295793
vt 0.590235 0.297205
vt 0.587105 0.298027
vt 0.216462 0.288343
vt 0.219711 0.287474
vt 0.222695 0.292076
vt 0.254492 0.290106
vt 0.249858 0.290964
vt 0.254561 0.286736
vt 0.922155 0.754402
vt 0.919536 0.757604
vt 0.918273 0.753012
vt 0.985400 0.708227
vt 0.981126 0.706651
vt 0.983464 0.702760
vt 0.917814 0.742280
vt 0.921616 0.746026
vt 0.917717 0.747796
vt 0.444244 0.771993
vt 0.439423 0.770058
vt 0.441743 0.767483
vt 0.975954 0.687929
vt 0.977631 0.692904
vt 0.974145 0.692255
vt 0.163399 0.755263
vt 0.164108 0.759723
vt 0.159600 0.757120
vt 0.188354 0.742230
vt 0.183193 0.741038
vt 0.184883 0.737650
vt 0.135264 0.277522
vt 0.140411 0.275307
vt 0.138828 0.281033
vt 0.203761 0.341291
vt 0.202537 0.344852
vt 0.199436 0.342515
vt 0.237143 0.293269
vt 0.232239 0.296696
vt 0.232156 0.290589
vt 0.257707 0.320489
vt 0.263289 0.313086
vt 0.265067 0.318849
vt 0.278142 0.323853
vt 0.273625 0.321529
vt 0.277869 0.319455
vt 0.274203 0.341529
vt 0.274134 0.347788
vt 0.267897 0.344879
vt 0.790678 0.154375
vt 0.794509 0.152158
vt 0.794761 0.156052
vt 0.792508 0.137492
vt 0.795339 0.141968
vt 0.791331 0.141648
vt 0.772637 0.123475
vt 0.778754 0.120316
vt 0.773932 0.127069
vt 0.322904 0.309019
vt 0.323027 0.311217
vt 0.318468 0.311420
vt 0.330389 0.325978
vt 0.325070 0.325046
vt 0.330902 0.321303
vt 0.765797 0.117592
vt 0.764899 0.122820
vt 0.760769 0.117946
vt 0.441531 0.287276
vt 0.448526 0.277736
vt 0.449759 0.288602
vt 0.446445 0.326280
vt 0.457939 0.325242
vt 0.452369 0.332081
vt 0.478410 0.335642
vt 0.478387 0.340209
vt 0.472285 0.338163
vt 0.434559 0.322205
vt 0.429079 0.315513
vt 0.437128 0.316553
vt 0.472993 0.352907
vt 0.476583 0.345666
vt 0.481966 0.346855
vt 0.303144 0.508764
vt 0.303685 0.513779
vt 0.296292 0.511584
vt 0.425524 0.352329
vt 0.421406 0.346944
vt 0.427993 0.344854
vt 0.363962 0.850054
vt 0.367927 0.842827
vt 0.369836 0.851762
vt 0.299362 0.782822
vt 0.301927 0.786103
vt 0.297446 0.786786
vt 0.256577 0.782777
vt 0.259995 0.785769
vt 0.254168 0.785616
vt 0.414680 0.248673
vt 0.418063 0.246885
vt 0.418441 0.250886
vt 0.342035 0.163299
vt 0.339012 0.169576
vt 0.335089 0.167685
vt 0.572112 0.320537
vt 0.573427 0.318697
vt 0.575537 0.322206
vt 0.599906 0.328030
vt 0.594950 0.325888
vt 0.599938 0.321870
vt 0.611039 0.319227
vt 0.617257 0.316086
vt 0.616162 0.322208
vt 0.579316 0.349060
vt 0.574184 0.346698
vt 0.577254 0.344218
vt 0.160361 0.563957
vt 0.156210 0.557172
vt 0.166245 0.560086
vt 0.187324 0.599973
vt 0.184088 0.602082
vt 0.184003 0.599362
vt 0.568152 0.376151
vt 0.569896 0.368762
vt 0.571468 0.377158
vt 0.182854 0.595938
vt 0.187749 0.593472
vt 0.187827 0.597328
vt 0.200778 0.607463
vt 0.200626 0.603213
vt 0.203868 0.604559
vt 0.220415 0.601708
vt 0.220622 0.597798
vt 0.222853 0.600579
vt 0.219443 0.605112
vt 0.218600 0.604341
vt 0.220108 0.604357
vt 0.949801 0.104974
vt 0.950893 0.109920
vt 0.943565 0.108569
vt 0.345883 0.190719
vt 0.351955 0.193446
vt 0.342225 0.197243
vt 0.338759 0.212219
vt 0.335431 0.210474
vt 0.337555 0.209188
vt 0.345486 0.235807
vt 0.349328 0.228117
vt 0.354465 0.233989
vt 0.219441 0.782571
vt 0.221910 0.780033
vt 0.224134 0.783743
vt 0.868887 0.211544
vt 0.872143 0.211966
vt 0.869094 0.213458
vt 0.868118 0.209101
vt 0.864932 0.209155
vt 0.865836 0.205912
vt 0.229200 0.692996
vt 0.231511 0.695085
vt 0.228395 0.694733
vt 0.947859 0.183416
vt 0.949516 0.180041
vt 0.951217 0.182021
vt 0.913827 0.170577
vt 0.917172 0.166080
vt 0.917211 0.171048
vt 0.809954 0.148451
vt 0.807485 0.149950
vt 0.807015 0.148020
vt 0.795482 0.085519
vt 0.795075 0.075990
vt 0.798896 0.076842
vt 0.283657 0.514132
vt 0.289150 0.516212
vt 0.283609 0.519442
vt 0.269642 0.547859
vt 0.278821 0.542442
vt 0.273161 0.551550
vt 0.240858 0.532203
vt 0.246942 0.532220
vt 0.240772 0.538028
vt 0.214299 0.540050
vt 0.210914 0.541514
vt 0.210848 0.538403
vt 0.202935 0.553160
vt 0.201454 0.556918
vt 0.198559 0.552886
vt 0.482157 0.378793
vt 0.482216 0.388837
vt 0.476969 0.385498
vt 0.280285 0.592219
vt 0.278957 0.590581
vt 0.281605 0.588095
vt 0.248789 0.606155
vt 0.247001 0.603835
vt 0.250478 0.603819
vt 0.226789 0.604627
vt 0.229438 0.604501
vt 0.227899 0.606378
vt 0.919187 0.127344
vt 0.915397 0.124757
vt 0.919675 0.125063
vt 0.297288 0.775822
vt 0.291012 0.777556
vt 0.290913 0.771536
vt 0.902140 0.079169
vt 0.899266 0.081439
vt 0.897658 0.077903
vt 0.246815 0.579594
vt 0.239313 0.580698
vt 0.241439 0.572168
vt 0.288296 0.530142
vt 0.282100 0.528100
vt 0.288615 0.524691
vt 0.221763 0.510070
vt 0.220354 0.510495
vt 0.220512 0.509122
vt 0.187172 0.508792
vt 0.192653 0.499080
vt 0.196077 0.503123
vt 0.183753 0.498108
vt 0.184826 0.501432
vt 0.181156 0.503647
vt 0.874076 0.147578
vt 0.866878 0.144612
vt 0.875220 0.134913
vt 0.900337 0.167237
vt 0.907541 0.167951
vt 0.906036 0.172846
vt 0.925350 0.174683
vt 0.931273 0.170488
vt 0.928209 0.176817
vt 0.918463 0.179292
vt 0.919441 0.183926
vt 0.916658 0.184514
vt 0.860242 0.157827
vt 0.856105 0.159935
vt 0.856543 0.154901
vt 0.886657 0.200431
vt 0.888696 0.204225
vt 0.882834 0.205313
vt 0.162214 0.371009
vt 0.156811 0.372229
vt 0.157501 0.368761
vt 0.460171 0.802969
vt 0.462893 0.804414
vt 0.460588 0.807215
vt 0.201934 0.730019
vt 0.197367 0.730651
vt 0.198342 0.728051
vt 0.945416 0.085673
vt 0.945116 0.082112
vt 0.949451 0.083591
vt 0.928927 0.092019
vt 0.924542 0.087588
vt 0.929954 0.087708
vt 0.390517 0.234743
vt 0.390873 0.239874
vt 0.384091 0.238009
vt 0.582338 0.327102
vt 0.587966 0.325894
vt 0.588095 0.329704
vt 0.593163 0.313031
vt 0.596172 0.306150
vt 0.601780 0.314327
vt 0.947475 0.137004
vt 0.945000 0.138678
vt 0.945996 0.136102
vt 0.451323 0.218194
vt 0.448613 0.208590
vt 0.459053 0.213782
vt 0.254081 0.759246
vt 0.252791 0.765224
vt 0.246043 0.761257
vt 0.248844 0.729192
vt 0.255903 0.732140
vt 0.246147 0.733241
vt 0.469019 0.338468
vt 0.467138 0.344869
vt 0.464168 0.340738
vt 0.740301 0.097216
vt 0.732456 0.097860
vt 0.732529 0.091175
vt 0.290528 0.318586
vt 0.291581 0.321400
vt 0.285052 0.321760
vt 0.272726 0.318852
vt 0.271976 0.315965
vt 0.276626 0.315943
vt 0.309915 0.311714
vt 0.301828 0.313520
vt 0.307917 0.309129
vt 0.271534 0.303582
vt 0.274620 0.309121
vt 0.269425 0.309571
vt 0.179667 0.360401
vt 0.181641 0.360920
vt 0.180592 0.362755
vt 0.897709 0.720775
vt 0.894795 0.717576
vt 0.899071 0.715714
vt 0.189740 0.348688
vt 0.194381 0.345543
vt 0.194485 0.349764
vt 0.216128 0.335516
vt 0.215614 0.339291
vt 0.212206 0.337304
vt 0.902658 0.735362
vt 0.905472 0.735954
vt 0.900237 0.738767
vt 0.157834 0.314316
vt 0.153808 0.312511
vt 0.156097 0.310561
vt 0.917657 0.710960
vt 0.918194 0.718341
vt 0.915842 0.718157
vt 0.974534 0.704343
vt 0.977516 0.708092
vt 0.974415 0.708607
vt 0.244041 0.247440
vt 0.247326 0.250060
vt 0.243349 0.249397
vt 0.592050 0.276885
vt 0.584871 0.280743
vt 0.583646 0.271874
vt 0.294483 0.866044
vt 0.298171 0.867054
vt 0.293984 0.871193
vt 0.283077 0.829264
vt 0.285019 0.824886
vt 0.288487 0.827499
vt 0.346080 0.878777
vt 0.353641 0.875559
vt 0.352736 0.882481
vt 0.307388 0.855382
vt 0.308757 0.853338
vt 0.310137 0.854425
vt 0.347667 0.864022
vt 0.351216 0.865071
vt 0.349639 0.866677
vt 0.371471 0.066473
vt 0.371552 0.061178
vt 0.373481 0.066290
vt 0.901114 0.782998
vt 0.900435 0.777706
vt 0.904426 0.779157
vt 0.995461 0.802363
vt 0.994707 0.808118
vt 0.991019 0.804957
vt 0.358826 0.768540
vt 0.365141 0.763086
vt 0.367755 0.770883
vt 0.338421 0.275095
vt 0.335486 0.267580
vt 0.345638 0.266549
vt 0.147179 0.262977
vt 0.143051 0.265039
vt 0.143112 0.260767
vt 0.146680 0.253412
vt 0.147989 0.255115
vt 0.145937 0.254601
vt 0.523902 0.090241
vt 0.525684 0.093548
vt 0.521301 0.093255
vt 0.428985 0.050176
vt 0.423370 0.050635
vt 0.423768 0.040952
vt 0.339192 0.779991
vt 0.342587 0.779720
vt 0.340119 0.783012
vt 0.952778 0.793081
vt 0.957557 0.802854
vt 0.950505 0.802756
vt 0.411788 0.062051
vt 0.416510 0.066659
vt 0.411352 0.069217
vt 0.374731 0.900281
vt 0.375363 0.902864
vt 0.369002 0.902159
vt 0.291662 0.280836
vt 0.289228 0.278749
vt 0.295026 0.277310
vt 0.217505 0.309215
vt 0.218381 0.305864
vt 0.219924 0.310893
vt 0.274712 0.687249
vt 0.270439 0.682275
vt 0.279260 0.683772
vt 0.141910 0.539015
vt 0.147260 0.531731
vt 0.145470 0.540576
vt 0.523821 0.367779
vt 0.520368 0.374932
vt 0.515725 0.370527
vt 0.302251 0.221471
vt 0.309723 0.221404
vt 0.305791 0.225443
vt 0.273859 0.232810
vt 0.269122 0.234979
vt 0.265476 0.232075
vt 0.893842 0.142908
vt 0.903366 0.150048
vt 0.891325 0.154034
vt 0.235032 0.232613
vt 0.237719 0.235796
vt 0.233898 0.237950
vt 0.509861 0.092391
vt 0.513530 0.095670
vt 0.507864 0.097462
vt 0.455570 0.018339
vt 0.460311 0.021013
vt 0.457316 0.024117
vt 0.465683 0.039054
vt 0.464193 0.042889
vt 0.460938 0.039173
vt 0.456240 0.039184
vt 0.453927 0.036819
vt 0.457415 0.036106
vt 0.475463 0.052581
vt 0.479399 0.053651
vt 0.476354 0.055221
vt 0.290785 0.241789
vt 0.290394 0.246600
vt 0.284399 0.243701
vt 0.486402 0.060453
vt 0.487749 0.053707
vt 0.492957 0.060729
vt 0.474305 0.074052
vt 0.481342 0.080741
vt 0.469957 0.087127
vt 0.419275 0.059002
vt 0.424889 0.058917
vt 0.420625 0.063459
vt 0.404524 0.083297
vt 0.377568 0.102940
vt 0.382643 0.102999
vt 0.380680 0.107838
vt 0.988228 0.767368
vt 0.984674 0.764909
vt 0.987745 0.761749
vt 0.917566 0.770625
vt 0.919833 0.773376
vt 0.917471 0.774530
vt 0.920604 0.779510
vt 0.925606 0.782004
vt 0.921503 0.784477
vt 0.336313 0.793803
vt 0.338571 0.788850
vt 0.338831 0.794048
vt 0.344822 0.819271
vt 0.353150 0.818640
vt 0.346338 0.824436
vt 0.969028 0.833001
vt 0.977329 0.834256
vt 0.971383 0.844864
vt 0.517423 0.137985
vt 0.515990 0.133169
vt 0.520853 0.134407
vt 0.916249 0.802186
vt 0.918758 0.804370
vt 0.915577 0.804790
vt 0.461859 0.119322
vt 0.474547 0.119100
vt 0.472151 0.129521
vt 0.321255 0.302454
vt 0.329181 0.299900
vt 0.326225 0.303535
vt 0.340000 0.307011
vt 0.344725 0.307726
vt 0.343360 0.309639
vt 0.331711 0.306144
vt 0.335373 0.305540
vt 0.333875 0.307913
vt 0.354219 0.317340
vt 0.357577 0.314130
vt 0.358425 0.319091
vt 0.360093 0.068137
vt 0.355050 0.065884
vt 0.359879 0.062448
vt 0.360109 0.335606
vt 0.360551 0.348349
vt 0.352577 0.340436
vt 0.599503 0.297641
vt 0.599298 0.288254
vt 0.607444 0.285218
vt 0.340130 0.874793
vt 0.341614 0.865814
vt 0.346247 0.869662
vt 0.304962 0.859838
vt 0.309608 0.860105
vt 0.305554 0.864958
vt 0.298317 0.863980
vt 0.295099 0.862584
vt 0.298016 0.860984
vt 0.288897 0.864598
vt 0.291886 0.862923
vt 0.292105 0.865956
vt 0.345492 0.904190
vt 0.341248 0.904154
vt 0.342324 0.899239
vt 0.457649 0.277392
vt 0.464030 0.275465
vt 0.463469 0.280263
vt 0.316230 0.896914
vt 0.314381 0.901394
vt 0.311190 0.898060
vt 0.287024 0.884848
vt 0.291406 0.890111
vt 0.284555 0.889005
vt 0.580082 0.295356
vt 0.578902 0.299663
vt 0.573781 0.294340
vt 0.524723 0.347838
vt 0.516705 0.343943
vt 0.525726 0.342048
vt 0.239915 0.244784
vt 0.236174 0.242920
vt 0.237544 0.241155
vt 0.161007 0.277633
vt 0.158808 0.279381
vt 0.158357 0.275855
vt 0.244105 0.244146
vt 0.245668 0.243025
vt 0.247508 0.247007
vt 0.273232 0.297886
vt 0.271577 0.294027
vt 0.277849 0.294279
vt 0.403350 0.747741
vt 0.400191 0.751501
vt 0.396848 0.747989
vt 0.424936 0.746013
vt 0.431473 0.750752
vt 0.424975 0.749438
vt 0.911700 0.735066
vt 0.914916 0.736246
vt 0.912643 0.741241
vt 0.443657 0.765860
vt 0.440613 0.761388
vt 0.445076 0.763823
vt 0.926673 0.746739
vt 0.929096 0.737296
vt 0.932421 0.745481
vt 0.159801 0.288382
vt 0.158752 0.287424
vt 0.159738 0.286472
vt 0.200607 0.296697
vt 0.199177 0.289818
vt 0.205289 0.292049
vt 0.219354 0.296368
vt 0.214773 0.298502
vt 0.215511 0.293218
vt 0.142729 0.284424
vt 0.147373 0.278167
vt 0.146778 0.288002
vt 0.170600 0.304793
vt 0.167189 0.301980
vt 0.171684 0.298774
vt 0.154152 0.308090
vt 0.152134 0.309213
vt 0.151382 0.305892
vt 0.911376 0.748779
vt 0.913102 0.754059
vt 0.909900 0.753144
vt 0.904023 0.717784
vt 0.906472 0.719828
vt 0.903891 0.720147
vt 0.893054 0.710640
vt 0.898329 0.709663
vt 0.893856 0.713960
vt 0.184744 0.357315
vt 0.182017 0.355122
vt 0.186936 0.353001
vt 0.186855 0.359260
vt 0.186731 0.361773
vt 0.184606 0.360562
vt 0.217787 0.370032
vt 0.222567 0.365639
vt 0.224020 0.369050
vt 0.181645 0.363563
vt 0.182842 0.362149
vt 0.183848 0.363327
vt 0.257031 0.301099
vt 0.260488 0.309768
vt 0.255040 0.304504
vt 0.238228 0.334657
vt 0.233914 0.334719
vt 0.238008 0.332318
vt 0.242839 0.350985
vt 0.240830 0.347484
vt 0.245246 0.347160
vt 0.816374 0.169991
vt 0.817045 0.167897
vt 0.819842 0.170096
vt 0.299938 0.301383
vt 0.310491 0.296011
vt 0.306151 0.301863
vt 0.466355 0.293499
vt 0.458314 0.292066
vt 0.465137 0.288952
vt 0.433571 0.301694
vt 0.426338 0.295857
vt 0.434328 0.296331
vt 0.438551 0.334192
vt 0.442585 0.342198
vt 0.448212 0.337741
vt 0.470537 0.344699
vt 0.293495 0.509207
vt 0.287369 0.501345
vt 0.297894 0.504280
vt 0.368050 0.136636
vt 0.371217 0.131460
vt 0.373030 0.135898
vt 0.349041 0.829230
vt 0.358583 0.826872
vt 0.351798 0.834168
vt 0.320277 0.764064
vt 0.311289 0.770027
vt 0.309346 0.755980
vt 0.273453 0.788997
vt 0.275375 0.786007
vt 0.278190 0.788769
vt 0.443959 0.171970
vt 0.441045 0.172436
vt 0.443883 0.169791
vt 0.457529 0.174805
vt 0.449797 0.185017
vt 0.448338 0.174829
vt 0.443900 0.174208
vt 0.470393 0.210447
vt 0.458698 0.202671
vt 0.467039 0.202400
vt 0.449096 0.228540
vt 0.444461 0.229094
vt 0.445361 0.224062
vt 0.955958 0.151411
vt 0.958737 0.149821
vt 0.962862 0.152667
vt 0.407305 0.228395
vt 0.401428 0.222875
vt 0.411296 0.225637
vt 0.405302 0.242734
vt 0.401815 0.239178
vt 0.409479 0.242709
vt 0.950796 0.114895
vt 0.950071 0.119613
vt 0.943451 0.116750
vt 0.952144 0.124232
vt 0.951617 0.127208
vt 0.949401 0.125391
vt 0.440849 0.167449
vt 0.440996 0.164738
vt 0.442408 0.166164
vt 0.409971 0.143568
vt 0.414367 0.148337
vt 0.405133 0.147212
vt 0.381804 0.184089
vt 0.391534 0.186522
vt 0.385616 0.193210
vt 0.396633 0.203231
vt 0.392099 0.209653
vt 0.383993 0.200743
vt 0.774985 0.049822
vt 0.773097 0.061914
vt 0.769644 0.056292
vt 0.761565 0.044872
vt 0.765610 0.051247
vt 0.762650 0.049277
vt 0.796147 0.054836
vt 0.799233 0.064391
vt 0.795180 0.065158
vt 0.165268 0.548703
vt 0.157105 0.544110
vt 0.163198 0.538747
vt 0.607739 0.323317
vt 0.612772 0.324133
vt 0.608298 0.327916
vt 0.582920 0.351512
vt 0.587487 0.348150
vt 0.586640 0.353148
vt 0.156851 0.564919
vt 0.157992 0.568316
vt 0.154006 0.565590
vt 0.179675 0.554056
vt 0.181717 0.550405
vt 0.185926 0.554957
vt 0.190217 0.577167
vt 0.188522 0.580134
vt 0.186824 0.578968
vt 0.205142 0.570430
vt 0.209623 0.568571
vt 0.208089 0.574667
vt 0.543329 0.359468
vt 0.540726 0.351366
vt 0.552272 0.357962
vt 0.545062 0.393374
vt 0.540142 0.394646
vt 0.542865 0.387914
vt 0.372286 0.228880
vt 0.368476 0.222113
vt 0.381157 0.227667
vt 0.337415 0.193326
vt 0.335316 0.196138
vt 0.336243 0.193465
vt 0.860641 0.051009
vt 0.854566 0.054517
vt 0.853270 0.047051
vt 0.868410 0.043044
vt 0.860617 0.043853
vt 0.863551 0.036201
vt 0.913288 0.008206
vt 0.918387 0.013885
vt 0.911188 0.015274
vt 0.325081 0.215233
vt 0.331079 0.214527
vt 0.327417 0.220182
vt 0.926304 0.021190
vt 0.921022 0.021003
vt 0.926148 0.018999
vt 0.876501 0.046188
vt 0.873378 0.047593
vt 0.873189 0.041371
vt 0.896004 0.048744
vt 0.900446 0.047864
vt 0.897687 0.054589
vt 0.176684 0.755352
vt 0.182767 0.755655
vt 0.181911 0.759149
vt 0.189120 0.770021
vt 0.184499 0.767519
vt 0.188553 0.765943
vt 0.234830 0.730585
vt 0.237154 0.720153
vt 0.241806 0.727001
vt 0.450634 0.829009
vt 0.454504 0.825558
vt 0.453009 0.831216
vt 0.424453 0.858603
vt 0.419562 0.859492
vt 0.424285 0.855482
vt 0.850567 0.213189
vt 0.849727 0.209189
vt 0.853367 0.211814
vt 0.838608 0.176897
vt 0.835526 0.171817
vt 0.839902 0.174018
vt 0.237624 0.702692
vt 0.231343 0.699903
vt 0.235739 0.697998
vt 0.253482 0.686932
vt 0.249219 0.693032
vt 0.246354 0.689986
vt 0.920384 0.200737
vt 0.923574 0.200160
vt 0.921563 0.202721
vt 0.893641 0.185670
vt 0.895501 0.191563
vt 0.885967 0.187490
vt 0.934636 0.154624
vt 0.937956 0.152554
vt 0.936785 0.155893
vt 0.930745 0.149127
vt 0.932876 0.146684
vt 0.933297 0.149895
vt 0.888355 0.134746
vt 0.892485 0.124692
vt 0.896960 0.129281
vt 0.804045 0.141025
vt 0.799540 0.141718
vt 0.799327 0.135980
vt 0.814227 0.150581
vt 0.811989 0.151478
vt 0.812293 0.149156
vt 0.811282 0.136985
vt 0.807917 0.139679
vt 0.810747 0.133330
vt 0.817435 0.151624
vt 0.820514 0.148791
vt 0.820543 0.154446
vt 0.812370 0.144329
vt 0.812749 0.141211
vt 0.814034 0.142613
vt 0.830136 0.139025
vt 0.841313 0.145427
vt 0.830146 0.146639
vt 0.836307 0.090014
vt 0.824795 0.094238
vt 0.829208 0.081000
vt 0.857261 0.086051
vt 0.846211 0.084543
vt 0.856452 0.075980
vt 0.879098 0.111860
vt 0.883781 0.116284
vt 0.878061 0.123003
vt 0.400762 0.312572
vt 0.387012 0.308078
vt 0.395489 0.301722
vt 0.245913 0.478561
vt 0.256524 0.478473
vt 0.255252 0.485243
vt 0.251952 0.455782
vt 0.253239 0.461134
vt 0.247319 0.453541
vt 0.256414 0.503293
vt 0.265948 0.492795
vt 0.268473 0.504561
vt 0.166996 0.499321
vt 0.169741 0.499879
vt 0.167829 0.504215
vt 0.243227 0.463544
vt 0.246738 0.469086
vt 0.239243 0.469596
vt 0.244932 0.492128
vt 0.241372 0.484532
vt 0.249579 0.489380
vt 0.190619 0.517251
vt 0.191326 0.523736
vt 0.185345 0.517853
vt 0.458438 0.376228
vt 0.460689 0.376179
vt 0.461901 0.380717
vt 0.293352 0.575538
vt 0.294685 0.578107
vt 0.292071 0.579258
vt 0.273656 0.577007
vt 0.278304 0.577430
vt 0.276225 0.580647
vt 0.264154 0.539793
vt 0.259108 0.544106
vt 0.259049 0.540103
vt 0.243372 0.512099
vt 0.238203 0.515279
vt 0.237769 0.509955
vt 0.258657 0.531073
vt 0.252633 0.535464
vt 0.251407 0.528901
vt 0.259953 0.572838
vt 0.254115 0.573198
vt 0.257297 0.567727
vt 0.222177 0.535122
vt 0.224717 0.532467
vt 0.225777 0.536768
vt 0.213300 0.560194
vt 0.207632 0.561876
vt 0.207864 0.558796
vt 0.220700 0.553812
vt 0.213089 0.555350
vt 0.213083 0.551798
vt 0.223812 0.572436
vt 0.227690 0.573191
vt 0.224233 0.575662
vt 0.501673 0.359347
vt 0.506998 0.361719
vt 0.499355 0.368668
vt 0.486785 0.387837
vt 0.488693 0.379594
vt 0.492539 0.388447
vt 0.283298 0.581568
vt 0.284970 0.584151
vt 0.281736 0.585054
vt 0.237564 0.613714
vt 0.242409 0.613565
vt 0.239620 0.616650
vt 0.233596 0.608083
vt 0.237716 0.610388
vt 0.229901 0.611445
vt 0.271209 0.596936
vt 0.270682 0.599727
vt 0.268963 0.598061
vt 0.251363 0.599582
vt 0.253244 0.596405
vt 0.254668 0.600229
vt 0.907889 0.112439
vt 0.908243 0.107632
vt 0.916937 0.107938
vt 0.863004 0.073309
vt 0.872173 0.080915
vt 0.865617 0.080641
vt 0.900406 0.098010
vt 0.906278 0.098985
vt 0.900955 0.103794
vt 0.884514 0.063313
vt 0.886030 0.060514
vt 0.887913 0.064346
vt 0.249214 0.238090
vt 0.248158 0.240500
vt 0.246424 0.238181
vt 0.312466 0.274271
vt 0.317816 0.269949
vt 0.319257 0.272409
vt 0.202173 0.686388
vt 0.199351 0.688811
vt 0.199083 0.685641
vt 0.227161 0.347870
vt 0.229934 0.349561
vt 0.225867 0.351116
vt 0.854082 0.133014
vt 0.856651 0.143037
vt 0.850072 0.142629
vt 0.921210 0.134591
vt 0.920795 0.131273
vt 0.925135 0.134050
vt 0.523296 0.384881
vt 0.514041 0.385339
vt 0.517581 0.378056
vt 0.214566 0.580944
vt 0.213896 0.576969
vt 0.219258 0.576954
vt 0.258504 0.591190
vt 0.255473 0.594089
vt 0.248996 0.587564
vt 0.258457 0.536490
vt 0.211799 0.509143
vt 0.215043 0.510992
vt 0.211761 0.511544
vt 0.204834 0.502727
vt 0.202069 0.504376
vt 0.201986 0.500153
vt 0.820341 0.124250
vt 0.814921 0.122936
vt 0.816095 0.117434
vt 0.848769 0.163629
vt 0.844447 0.160103
vt 0.848769 0.157800
vt 0.913363 0.183898
vt 0.910558 0.189354
vt 0.909950 0.185177
vt 0.204746 0.692168
vt 0.207149 0.690068
vt 0.209303 0.693124
vt 0.225133 0.744941
vt 0.218655 0.737816
vt 0.224675 0.733825
vt 0.200454 0.579068
vt 0.206194 0.580924
vt 0.199216 0.583786
vt 0.152094 0.507313
vt 0.153883 0.502818
vt 0.155568 0.506193
vt 0.793228 0.032384
vt 0.793953 0.037269
vt 0.788704 0.033949
vt 0.369586 0.202829
vt 0.375242 0.210869
vt 0.942093 0.131404
vt 0.936253 0.126297
vt 0.943743 0.126260
vt 0.956086 0.189743
vt 0.954402 0.192456
vt 0.952486 0.190139
vt 0.302428 0.717198
vt 0.300367 0.710979
vt 0.306627 0.710690
vt 0.312691 0.704127
vt 0.307156 0.704659
vt 0.310134 0.701177
vt 0.376776 0.864231
vt 0.375890 0.866343
vt 0.371326 0.863331
vt 0.346447 0.173864
vt 0.348040 0.169385
vt 0.350130 0.171812
vt 0.456176 0.352419
vt 0.460300 0.355689
vt 0.456062 0.358296
vt 0.296601 0.324681
vt 0.303357 0.322210
vt 0.306407 0.333984
vt 0.227209 0.301764
vt 0.232303 0.304252
vt 0.228497 0.306337
vt 0.198718 0.325597
vt 0.193368 0.324368
vt 0.198019 0.322261
vt 0.163261 0.290011
vt 0.166993 0.288498
vt 0.164922 0.294714
vt 0.264121 0.294684
vt 0.266932 0.293190
vt 0.266646 0.297605
vt 0.247018 0.279060
vt 0.246778 0.286706
vt 0.241106 0.288154
vt 0.297007 0.278506
vt 0.300852 0.279416
vt 0.297350 0.284946
vt 0.278254 0.270511
vt 0.270301 0.272354
vt 0.275674 0.263871
vt 0.168234 0.265338
vt 0.165980 0.259918
vt 0.175978 0.264597
vt 0.305200 0.896582
vt 0.298256 0.895058
vt 0.303006 0.891153
vt 0.289384 0.874655
vt 0.285838 0.870126
vt 0.291003 0.870722
vt 0.285984 0.861314
vt 0.281966 0.859137
vt 0.285866 0.854475
vt 0.384577 0.091256
vt 0.382235 0.097080
vt 0.379508 0.090862
vt 0.338646 0.338300
vt 0.334121 0.346195
vt 0.330802 0.341418
vt 0.333557 0.329690
vt 0.338557 0.323446
vt 0.345141 0.322561
vt 0.382236 0.063768
vt 0.375545 0.066010
vt 0.374179 0.060321
vt 0.118175 0.282651
vt 0.120015 0.292510
vt 0.113060 0.293381
vt 0.311889 0.741747
vt 0.321523 0.738055
vt 0.322769 0.742666
vt 0.985870 0.837063
vt 0.984574 0.841691
vt 0.981721 0.837960
vt 0.349683 0.772237
vt 0.345383 0.772930
vt 0.348380 0.768195
vt 0.324371 0.287825
vt 0.316477 0.290413
vt 0.315358 0.284595
vt 0.426738 0.018254
vt 0.437396 0.008100
vt 0.434635 0.015966
vt 0.321526 0.251080
vt 0.317208 0.241608
vt 0.326408 0.246515
vt 0.986449 0.819521
vt 0.987442 0.825505
vt 0.983652 0.828825
vt 0.349530 0.807723
vt 0.362078 0.811684
vt 0.190285 0.312392
vt 0.184294 0.315478
vt 0.184221 0.312325
vt 0.407026 0.859434
vt 0.408659 0.850674
vt 0.412449 0.858438
vt 0.294955 0.695851
vt 0.297946 0.691459
vt 0.301449 0.694974
vt 0.404876 0.212999
vt 0.237642 0.714568
vt 0.235771 0.709048
vt 0.242010 0.710674
vt 0.813074 0.113116
vt 0.813854 0.103085
vt 0.822228 0.107752
vt 0.827612 0.128335
vt 0.833391 0.118982
vt 0.840446 0.132857
vt 0.251569 0.562099
vt 0.247288 0.567397
vt 0.244785 0.563849
vt 0.916434 0.120181
vt 0.913001 0.117444
vt 0.917498 0.118336
vt 0.879571 0.102804
vt 0.881719 0.097952
vt 0.888474 0.101137
vt 0.208416 0.766158
vt 0.209778 0.771590
vt 0.203988 0.768983
vt 0.312313 0.144744
vt 0.317964 0.137657
vt 0.319237 0.148050
vt 0.396112 0.860684
vt 0.398743 0.849618
vt 0.401634 0.859773
vt 0.368842 0.128410
vt 0.366583 0.120800
vt 0.373632 0.123022
vt 0.808869 0.161162
vt 0.811392 0.159074
vt 0.812826 0.162450
vt 0.279552 0.273461
vt 0.280586 0.279240
vt 0.271779 0.277932
vt 0.355006 0.296652
vt 0.358876 0.288828
vt 0.361251 0.296130
vt 0.343253 0.814306
vt 0.342227 0.809430
vt 0.260796 0.218391
vt 0.268317 0.222043
vt 0.257765 0.226137
vt 0.423482 0.128731
vt 0.433156 0.120170
vt 0.434455 0.130311
vt 0.390123 0.859756
vt 0.383505 0.857296
vt 0.389074 0.847798
vt 0.321902 0.116304
vt 0.317307 0.118646
vt 0.314911 0.113582
vt 0.228334 0.763856
vt 0.221911 0.763911
vt 0.222300 0.754525
vt 0.360301 0.799881
vt 0.371251 0.803217
vt 0.507206 0.071108
vt 0.500996 0.070902
vt 0.498467 0.066338
vt 0.305971 0.844922
vt 0.308390 0.848689
vt 0.305408 0.848871
vt 0.196898 0.358100
vt 0.196787 0.360196
vt 0.192654 0.360152
vt 0.254524 0.299972
vt 0.252973 0.302570
vt 0.251742 0.300279
vt 0.204694 0.603311
vt 0.206586 0.603203
vt 0.206341 0.604251
vt 0.281279 0.579989
vt 0.280561 0.578195
vt 0.282841 0.577340
vt 0.218013 0.511858
vt 0.216790 0.512240
vt 0.216945 0.511298
vt 0.214926 0.604341
vt 0.217066 0.604705
vt 0.215219 0.605308
vt 0.249628 0.244106
vt 0.251465 0.245942
vt 0.249558 0.246044
vt 0.314328 0.853852
vt 0.312450 0.854299
vt 0.312544 0.852409
vt 0.162223 0.287376
vt 0.160580 0.288385
vt 0.160642 0.286356
vt 0.255349 0.606784
vt 0.254199 0.605277
vt 0.256905 0.605217
vt 0.145039 0.253864
vt 0.144499 0.253097
vt 0.145380 0.252990
vt 0.499021 0.072853
vt 0.493928 0.070543
vt 0.495502 0.069020
vt 0.253482 0.220223
vt 0.247655 0.217957
vt 0.251781 0.211214
vt 0.252007 0.223151
vt 0.246794 0.221277
vt 0.255587 0.229604
vt 0.250367 0.228035
vt 0.251113 0.225780
vt 0.492368 0.072165
vt 0.497523 0.074403
vt 0.495371 0.076444
vt 0.500467 0.079844
vt 0.508271 0.078942
vt 0.510923 0.082201
vt 0.503458 0.075525
vt 0.501781 0.077457
vt 0.241754 0.217024
vt 0.241991 0.212005
vt 0.246490 0.224774
vt 0.246435 0.228288
vt 0.162688 0.243940
vt 0.159683 0.246817
vt 0.159661 0.243244
vt 0.219592 0.226325
vt 0.224148 0.229039
vt 0.223089 0.230477
vt 0.249452 0.230756
vt 0.246082 0.234305
vt 0.217244 0.229953
vt 0.212533 0.227653
vt 0.214724 0.226791
vt 0.222082 0.231767
vt 0.220780 0.233366
vt 0.216633 0.236960
vt 0.223115 0.239214
vt 0.224333 0.237000
vt 0.225431 0.235474
vt 0.218480 0.227957
vt 0.226434 0.234117
vt 0.230400 0.235261
vt 0.229375 0.237167
vt 0.488331 0.075382
vt 0.495881 0.084416
vt 0.509316 0.087609
vt 0.511396 0.086796
vt 0.514958 0.084265
vt 0.513073 0.085618
vt 0.516714 0.089359
vt 0.514902 0.090249
vt 0.236153 0.216087
vt 0.232662 0.211656
vt 0.237207 0.211127
vt 0.234196 0.216699
vt 0.230462 0.212200
vt 0.147237 0.242292
vt 0.147767 0.240517
vt 0.153659 0.246879
vt 0.155112 0.245822
vt 0.227864 0.219733
vt 0.231791 0.228291
vt 0.225638 0.221224
vt 0.226145 0.226711
vt 0.238345 0.224131
vt 0.242307 0.226462
vt 0.240428 0.228085
vt 0.237261 0.225081
vt 0.156714 0.244865
vt 0.157593 0.247890
vt 0.239207 0.229296
vt 0.242381 0.231947
vt 0.241368 0.233017
vt 0.238251 0.230206
vt 0.240325 0.233812
vt 0.161795 0.251444
vt 0.160418 0.255957
vt 0.159037 0.252359
vt 0.243574 0.240423
vt 0.239921 0.238680
vt 0.241427 0.237619
vt 0.242490 0.236822
vt 0.244623 0.239570
vt 0.502784 0.088406
vt 0.515554 0.094072
vt 0.513090 0.090912
vt 0.520775 0.086578
vt 0.518392 0.091320
vt 0.524135 0.098390
vt 0.520230 0.095202
vt 0.524896 0.096456
vt 0.521687 0.088636
vt 0.518012 0.099086
vt 0.519332 0.096848
vt 0.516943 0.092773
vt 0.151293 0.245617
vt 0.147001 0.244113
vt 0.147076 0.246277
vt 0.151072 0.249217
vt 0.152674 0.254174
vt 0.154139 0.249376
vt 0.155294 0.253532
vt 0.153369 0.258836
vt 0.156901 0.257691
vt 0.158314 0.262636
vt 0.154043 0.264158
vt 0.521368 0.103878
vt 0.515758 0.102890
vt 0.146134 0.247921
vt 0.143242 0.245071
vt 0.141668 0.246934
vt 0.144799 0.249236
vt 0.142239 0.248832
vt 0.150315 0.254561
vt 0.148574 0.250419
vt 0.144094 0.251666
vt 0.145587 0.251168
vt 0.147643 0.257376
vt 0.490048 0.082496
vt 0.492632 0.079511
vt 0.514182 0.107710
vt 0.142995 0.252203
vt 0.140689 0.250944
vt 0.138895 0.250079
vt 0.144349 0.254490
vt 0.143642 0.253530
vt 0.145282 0.255766
vt 0.141045 0.256993
vt 0.140303 0.254643
vt 0.146275 0.259481
vt 0.149840 0.258236
vt 0.520564 0.108631
vt 0.137343 0.254884
vt 0.135844 0.248812
vt 0.523978 0.112959
vt 0.517928 0.113674
vt 0.140035 0.257922
vt 0.143328 0.259029
vt 0.139120 0.254753
vt 0.309404 0.230692
vt 0.303569 0.232270
vt 0.307816 0.228016
vt 0.460584 0.038158
vt 0.459259 0.034165
vt 0.464633 0.035076
vt 0.460705 0.029277
vt 0.441671 0.014663
vt 0.448798 0.018119
vt 0.467961 0.046783
vt 0.471652 0.048840
vt 0.473038 0.053087
vt 0.469907 0.050051
vt 0.454238 0.044470
vt 0.458416 0.040828
vt 0.465177 0.047944
vt 0.468110 0.052734
vt 0.284796 0.239260
vt 0.445294 0.044516
vt 0.451848 0.042611
vt 0.446988 0.046848
vt 0.448435 0.048615
vt 0.481848 0.058913
vt 0.484290 0.062543
vt 0.480005 0.060985
vt 0.490218 0.067442
vt 0.487876 0.063942
vt 0.487145 0.065364
vt 0.482995 0.064426
vt 0.261624 0.241451
vt 0.256406 0.246047
vt 0.257080 0.239427
vt 0.267129 0.243127
vt 0.260032 0.248366
vt 0.476851 0.065714
vt 0.479112 0.070752
vt 0.472532 0.068809
vt 0.472877 0.062946
vt 0.491063 0.065789
vt 0.485870 0.079662
vt 0.243414 0.236089
vt 0.244416 0.235201
vt 0.252447 0.245153
vt 0.436611 0.052583
vt 0.443397 0.052286
vt 0.438170 0.056066
vt 0.340734 0.248310
vt 0.333245 0.256335
vt 0.331760 0.252999
vt 0.316582 0.259091
vt 0.323232 0.260134
vt 0.316746 0.261879
vt 0.312235 0.263191
vt 0.316456 0.267352
vt 0.312068 0.266351
vt 0.324755 0.267661
vt 0.324311 0.264410
vt 0.305960 0.263074
vt 0.311587 0.260782
vt 0.310210 0.271871
vt 0.293524 0.266594
vt 0.300819 0.264155
vt 0.301143 0.266363
vt 0.303786 0.272115
vt 0.299681 0.275204
vt 0.298866 0.273458
vt 0.431852 0.061111
vt 0.439614 0.058801
vt 0.433755 0.063825
vt 0.320361 0.279408
vt 0.311646 0.279156
vt 0.305168 0.276744
vt 0.466304 0.098966
vt 0.480167 0.095907
vt 0.477308 0.104909
vt 0.335072 0.263594
vt 0.342006 0.258270
vt 0.325936 0.270576
vt 0.329402 0.277927
vt 0.418463 0.069345
vt 0.423155 0.067613
vt 0.420302 0.071534
vt 0.412476 0.073412
vt 0.409901 0.080432
vt 0.423237 0.085318
vt 0.410009 0.087135
vt 0.414060 0.082810
vt 0.403355 0.102189
vt 0.402814 0.090936
vt 0.410544 0.094321
vt 0.397088 0.096987
vt 0.399191 0.088804
vt 0.390007 0.100209
vt 0.389121 0.105407
vt 0.387165 0.104233
vt 0.386950 0.098708
vt 0.390531 0.092491
vt 0.378133 0.098719
vt 0.384025 0.114833
vt 0.388737 0.110222
vt 0.386467 0.116287
vt 0.377446 0.110795
vt 0.998366 0.774963
vt 0.995320 0.781753
vt 0.995173 0.774843
vt 0.984864 0.774143
vt 0.987895 0.774309
vt 0.991679 0.767860
vt 0.994843 0.768084
vt 0.997546 0.760567
vt 0.997637 0.768232
vt 0.994428 0.760808
vt 0.998651 0.788834
vt 0.998433 0.781503
vt 0.995568 0.789076
vt 0.991769 0.781958
vt 0.991477 0.774560
vt 0.988145 0.781760
vt 0.984622 0.781628
vt 0.977027 0.774565
vt 0.380043 0.747297
vt 0.373817 0.752718
vt 0.371842 0.750040
vt 0.355756 0.765037
vt 0.353587 0.762674
vt 0.357755 0.755134
vt 0.351340 0.760668
vt 0.987395 0.797493
vt 0.991251 0.797197
vt 0.961711 0.775400
vt 0.966779 0.759837
vt 0.975081 0.766442
vt 0.997630 0.808923
vt 0.950634 0.776429
vt 0.962146 0.791444
vt 0.918075 0.779804
vt 0.924916 0.772280
vt 0.992893 0.814576
vt 0.919179 0.790227
vt 0.916887 0.795882
vt 0.916899 0.790066
vt 0.918656 0.785337
vt 0.927734 0.791281
vt 0.924493 0.791761
vt 0.942113 0.791710
vt 0.335870 0.799776
vt 0.928536 0.800316
vt 0.925138 0.807150
vt 0.925552 0.800075
vt 0.333704 0.804767
vt 0.335753 0.805162
vt 0.922422 0.810320
vt 0.928175 0.810896
vt 0.923768 0.814318
vt 0.337893 0.805321
vt 0.336115 0.810310
vt 0.954107 0.825545
vt 0.949562 0.812669
vt 0.956230 0.813462
vt 0.334383 0.815630
vt 0.336655 0.815417
vt 0.946277 0.833907
vt 0.939363 0.824598
vt 0.947500 0.825599
vt 0.921917 0.821690
vt 0.924383 0.829374
vt 0.920779 0.829054
vt 0.988037 0.843495
vt 0.992495 0.839326
vt 0.991129 0.844334
vt 0.310784 0.734232
vt 0.319832 0.730639
vt 0.341012 0.820308
vt 0.340360 0.826659
vt 0.338319 0.821015
vt 0.135958 0.260787
vt 0.151742 0.273841
vt 0.519211 0.125502
vt 0.523229 0.129812
vt 0.517686 0.128069
vt 0.134941 0.269390
vt 0.131704 0.272787
vt 0.133414 0.278868
vt 0.129572 0.274748
vt 0.128695 0.282537
vt 0.127817 0.276203
vt 0.131706 0.280321
vt 0.916171 0.785017
vt 0.915772 0.779921
vt 0.908704 0.780447
vt 0.517149 0.144883
vt 0.507249 0.138253
vt 0.508863 0.131930
vt 0.915314 0.775140
vt 0.910284 0.775737
vt 0.131388 0.288237
vt 0.125642 0.286937
vt 0.494063 0.125786
vt 0.486363 0.121446
vt 0.494917 0.121559
vt 0.912463 0.795307
vt 0.908693 0.794443
vt 0.500278 0.129683
vt 0.907353 0.771763
vt 0.900888 0.771120
vt 0.898577 0.770994
vt 0.914939 0.794362
vt 0.902209 0.788634
vt 0.907095 0.787570
vt 0.898888 0.783748
vt 0.899630 0.789002
vt 0.911922 0.801184
vt 0.914880 0.797435
vt 0.913737 0.801689
vt 0.916882 0.798539
vt 0.911948 0.803198
vt 0.913274 0.803626
vt 0.910646 0.803289
vt 0.901576 0.804177
vt 0.899846 0.794474
vt 0.902161 0.794427
vt 0.509827 0.173353
vt 0.513019 0.163955
vt 0.517682 0.167438
vt 0.521757 0.163017
vt 0.909682 0.805418
vt 0.910078 0.808403
vt 0.907935 0.804595
vt 0.907609 0.800609
vt 0.899299 0.811096
vt 0.898107 0.803351
vt 0.906432 0.807113
vt 0.904253 0.828864
vt 0.900696 0.818496
vt 0.906430 0.819477
vt 0.313265 0.707288
vt 0.306799 0.707633
vt 0.445913 0.164523
vt 0.453604 0.167188
vt 0.447098 0.168056
vt 0.443736 0.159819
vt 0.449514 0.158484
vt 0.444445 0.166254
vt 0.443522 0.164037
vt 0.443564 0.166247
vt 0.450213 0.077629
vt 0.448710 0.092333
vt 0.439152 0.082943
vt 0.437450 0.077444
vt 0.425716 0.074350
vt 0.435759 0.070501
vt 0.427321 0.089078
vt 0.426761 0.103383
vt 0.416749 0.097154
vt 0.427163 0.144265
vt 0.420363 0.141766
vt 0.435811 0.156958
vt 0.437644 0.161889
vt 0.411303 0.138925
vt 0.409417 0.131680
vt 0.414468 0.132801
vt 0.419631 0.156137
vt 0.408891 0.053700
vt 0.399567 0.049958
vt 0.405635 0.043730
vt 0.326606 0.293194
vt 0.330234 0.286285
vt 0.333510 0.292241
vt 0.341857 0.290736
vt 0.339367 0.292505
vt 0.339422 0.290521
vt 0.334344 0.295043
vt 0.327899 0.296533
vt 0.319949 0.298297
vt 0.335396 0.298355
vt 0.339243 0.296271
vt 0.340036 0.299037
vt 0.335975 0.303082
vt 0.340321 0.302116
vt 0.344406 0.305251
vt 0.347744 0.303025
vt 0.340027 0.305014
vt 0.330995 0.304249
vt 0.360852 0.299725
vt 0.355070 0.301226
vt 0.347395 0.298157
vt 0.349903 0.305318
vt 0.347389 0.306776
vt 0.328113 0.309755
vt 0.328649 0.311798
vt 0.356285 0.310106
vt 0.342320 0.311595
vt 0.347116 0.310156
vt 0.348632 0.309998
vt 0.346665 0.311380
vt 0.339823 0.314335
vt 0.341259 0.316011
vt 0.345596 0.314327
vt 0.337092 0.316042
vt 0.330263 0.317668
vt 0.324483 0.314463
vt 0.377323 0.070304
vt 0.383885 0.072312
vt 0.367120 0.039939
vt 0.367509 0.047063
vt 0.364775 0.040721
vt 0.352961 0.315096
vt 0.357034 0.311938
vt 0.348519 0.315927
vt 0.352155 0.313655
vt 0.348288 0.313817
vt 0.350818 0.311739
vt 0.347751 0.311326
vt 0.345614 0.316662
vt 0.337942 0.317900
vt 0.342771 0.318083
vt 0.338195 0.320442
vt 0.376884 0.076626
vt 0.370580 0.053030
vt 0.367204 0.060875
vt 0.365864 0.054048
vt 0.359945 0.049068
vt 0.358306 0.055691
vt 0.357932 0.049521
vt 0.361617 0.310079
vt 0.362657 0.311899
vt 0.363459 0.316997
vt 0.356637 0.046627
vt 0.352676 0.052255
vt 0.351824 0.047999
vt 0.364876 0.320379
vt 0.349408 0.320814
vt 0.346357 0.319273
vt 0.349282 0.318171
vt 0.345930 0.325959
vt 0.373275 0.072560
vt 0.374758 0.077187
vt 0.375082 0.071797
vt 0.365997 0.067974
vt 0.362617 0.061698
vt 0.348331 0.048887
vt 0.349402 0.053713
vt 0.368430 0.323514
vt 0.360607 0.323361
vt 0.351079 0.323472
vt 0.363436 0.067914
vt 0.361623 0.076408
vt 0.336319 0.054182
vt 0.344312 0.050976
vt 0.344862 0.056001
vt 0.440174 0.267523
vt 0.453380 0.269697
vt 0.350931 0.058774
vt 0.347558 0.064998
vt 0.372518 0.340391
vt 0.335675 0.063434
vt 0.589381 0.265564
vt 0.599797 0.268818
vt 0.319159 0.062947
vt 0.326040 0.067518
vt 0.319661 0.071521
vt 0.316697 0.845921
vt 0.317740 0.839864
vt 0.324807 0.842495
vt 0.324954 0.838659
vt 0.328197 0.840172
vt 0.330961 0.844372
vt 0.331760 0.840831
vt 0.311000 0.848650
vt 0.313597 0.850023
vt 0.308432 0.851534
vt 0.310506 0.851961
vt 0.321156 0.855357
vt 0.318182 0.860174
vt 0.317342 0.857300
vt 0.317466 0.852839
vt 0.313712 0.844390
vt 0.331442 0.860106
vt 0.327987 0.862836
vt 0.327353 0.858723
vt 0.332129 0.850823
vt 0.326761 0.851021
vt 0.356309 0.863292
vt 0.352937 0.861889
vt 0.354088 0.866852
vt 0.314412 0.861351
vt 0.313045 0.857656
vt 0.305913 0.852381
vt 0.327100 0.866752
vt 0.329785 0.864936
vt 0.325990 0.863582
vt 0.309054 0.843221
vt 0.298746 0.845181
vt 0.300771 0.849816
vt 0.295596 0.839962
vt 0.297323 0.832756
vt 0.292561 0.834800
vt 0.290402 0.830990
vt 0.356691 0.870375
vt 0.357794 0.866390
vt 0.360965 0.868200
vt 0.319075 0.863293
vt 0.323597 0.861428
vt 0.322888 0.866380
vt 0.302596 0.853979
vt 0.322406 0.872972
vt 0.325980 0.869356
vt 0.325152 0.875146
vt 0.329026 0.870005
vt 0.292879 0.846646
vt 0.290005 0.841813
vt 0.290085 0.847967
vt 0.285683 0.843686
vt 0.336716 0.882929
vt 0.333276 0.875316
vt 0.284928 0.839075
vt 0.288061 0.837519
vt 0.285357 0.833366
vt 0.297220 0.828117
vt 0.311158 0.864451
vt 0.308430 0.866649
vt 0.296390 0.856247
vt 0.289124 0.853933
vt 0.293532 0.857623
vt 0.290388 0.859175
vt 0.285075 0.848511
vt 0.282709 0.849420
vt 0.283141 0.845398
vt 0.327698 0.881964
vt 0.328721 0.875796
vt 0.274390 0.844338
vt 0.269538 0.843683
vt 0.273875 0.841589
vt 0.341144 0.885118
vt 0.348213 0.891337
vt 0.287254 0.817739
vt 0.357016 0.883571
vt 0.357258 0.875830
vt 0.279480 0.850572
vt 0.339002 0.888869
vt 0.335402 0.889138
vt 0.333746 0.895811
vt 0.337377 0.893984
vt 0.340792 0.893245
vt 0.274717 0.846455
vt 0.269206 0.847124
vt 0.314328 0.878904
vt 0.337770 0.900299
vt 0.252959 0.848358
vt 0.262693 0.850370
vt 0.257182 0.854521
vt 0.348644 0.896249
vt 0.365869 0.893457
vt 0.370299 0.888655
vt 0.371589 0.892154
vt 0.350855 0.903765
vt 0.355887 0.902442
vt 0.362130 0.900923
vt 0.364579 0.890345
vt 0.292501 0.876665
vt 0.299730 0.879504
vt 0.312971 0.883596
vt 0.306055 0.880112
vt 0.334063 0.904069
vt 0.334087 0.900680
vt 0.328488 0.905919
vt 0.328403 0.903889
vt 0.457347 0.285249
vt 0.463714 0.284698
vt 0.467311 0.287739
vt 0.247087 0.855957
vt 0.254548 0.856129
vt 0.250262 0.859386
vt 0.482926 0.304091
vt 0.486004 0.309302
vt 0.481346 0.305442
vt 0.577615 0.276026
vt 0.320056 0.897878
vt 0.323364 0.903428
vt 0.317821 0.902701
vt 0.575824 0.269178
vt 0.581791 0.263472
vt 0.246831 0.862627
vt 0.251706 0.864805
vt 0.249898 0.866384
vt 0.500136 0.320036
vt 0.503975 0.327680
vt 0.496927 0.326038
vt 0.507688 0.316799
vt 0.501359 0.315364
vt 0.494595 0.313532
vt 0.489610 0.317188
vt 0.487849 0.314629
vt 0.494847 0.317420
vt 0.572571 0.286445
vt 0.568272 0.289788
vt 0.570129 0.285505
vt 0.313176 0.903687
vt 0.317341 0.904820
vt 0.573753 0.282036
vt 0.574014 0.277216
vt 0.578097 0.282414
vt 0.258238 0.866963
vt 0.253752 0.862732
vt 0.514714 0.319585
vt 0.507063 0.322419
vt 0.507753 0.330265
vt 0.288808 0.895623
vt 0.295196 0.901066
vt 0.287641 0.898135
vt 0.273910 0.882142
vt 0.276352 0.888451
vt 0.271785 0.885174
vt 0.594704 0.283703
vt 0.257535 0.876839
vt 0.262968 0.877486
vt 0.260890 0.879861
vt 0.255442 0.869792
vt 0.259405 0.873722
vt 0.582144 0.292104
vt 0.585433 0.284661
vt 0.588510 0.290591
vt 0.560363 0.303416
vt 0.569532 0.301179
vt 0.564923 0.308408
vt 0.270102 0.887601
vt 0.266979 0.881507
vt 0.584774 0.295861
vt 0.584134 0.297906
vt 0.587704 0.299844
vt 0.583002 0.302360
vt 0.572851 0.309376
vt 0.570416 0.315519
vt 0.585919 0.302681
vt 0.540084 0.322559
vt 0.543060 0.315326
vt 0.547236 0.320848
vt 0.588374 0.301283
vt 0.588768 0.304531
vt 0.577791 0.311499
vt 0.588049 0.310515
vt 0.584604 0.315713
vt 0.278672 0.845319
vt 0.279257 0.843615
vt 0.277684 0.847226
vt 0.280761 0.846769
vt 0.507510 0.337349
vt 0.508045 0.344280
vt 0.529940 0.343030
vt 0.533837 0.346001
vt 0.531269 0.347228
vt 0.227580 0.240384
vt 0.228452 0.238780
vt 0.232856 0.239909
vt 0.231766 0.241899
vt 0.230695 0.243879
vt 0.226452 0.242323
vt 0.235467 0.244648
vt 0.239520 0.246879
vt 0.241697 0.241852
vt 0.234768 0.246613
vt 0.238051 0.250529
vt 0.239155 0.248696
vt 0.169467 0.252848
vt 0.163224 0.254529
vt 0.219902 0.249836
vt 0.215011 0.240082
vt 0.220327 0.244160
vt 0.223982 0.245604
vt 0.225590 0.249648
vt 0.214091 0.260481
vt 0.223957 0.259937
vt 0.162814 0.260893
vt 0.162953 0.267211
vt 0.160851 0.261646
vt 0.159721 0.268411
vt 0.170186 0.270431
vt 0.188422 0.270889
vt 0.179643 0.281247
vt 0.176464 0.274412
vt 0.217167 0.269668
vt 0.228311 0.266372
vt 0.224931 0.274187
vt 0.216431 0.277859
vt 0.211556 0.275037
vt 0.213799 0.279822
vt 0.210165 0.279707
vt 0.161191 0.272416
vt 0.165207 0.266346
vt 0.164416 0.272161
vt 0.171554 0.277308
vt 0.215084 0.282906
vt 0.218355 0.281149
vt 0.217278 0.285223
vt 0.171209 0.285326
vt 0.174143 0.283987
vt 0.175115 0.290041
vt 0.190197 0.286392
vt 0.201408 0.283413
vt 0.220191 0.284412
vt 0.158901 0.272791
vt 0.160734 0.282951
vt 0.226173 0.297191
vt 0.225982 0.286782
vt 0.246639 0.242175
vt 0.252952 0.250893
vt 0.254174 0.248744
vt 0.255203 0.247737
vt 0.258929 0.250650
vt 0.257194 0.251708
vt 0.242974 0.251281
vt 0.247769 0.252866
vt 0.256506 0.255511
vt 0.300450 0.276608
vt 0.304699 0.274100
vt 0.267279 0.258861
vt 0.277364 0.260072
vt 0.294380 0.275251
vt 0.287606 0.276589
vt 0.238869 0.255342
vt 0.241039 0.266265
vt 0.233225 0.255449
vt 0.301581 0.289689
vt 0.305574 0.282240
vt 0.308179 0.287348
vt 0.285235 0.287578
vt 0.277180 0.288509
vt 0.267227 0.287156
vt 0.261580 0.281607
vt 0.252790 0.283360
vt 0.270127 0.287808
vt 0.275275 0.284327
vt 0.262128 0.288177
vt 0.266521 0.291434
vt 0.263363 0.291972
vt 0.270496 0.291131
vt 0.243139 0.291630
vt 0.248424 0.288928
vt 0.251608 0.292900
vt 0.252033 0.294596
vt 0.253388 0.292710
vt 0.253791 0.293876
vt 0.256254 0.292036
vt 0.256941 0.294243
vt 0.259742 0.293398
vt 0.260496 0.296798
vt 0.234259 0.285905
vt 0.238254 0.295285
vt 0.252532 0.297692
vt 0.249351 0.296107
vt 0.249626 0.300169
vt 0.253116 0.295570
vt 0.254200 0.295104
vt 0.254506 0.297905
vt 0.257125 0.297751
vt 0.387056 0.745487
vt 0.379616 0.744732
vt 0.386516 0.742629
vt 0.387753 0.749506
vt 0.996568 0.754361
vt 0.991817 0.747532
vt 0.995224 0.746143
vt 0.396049 0.741715
vt 0.396333 0.744586
vt 0.983178 0.757303
vt 0.984705 0.749603
vt 0.986422 0.756280
vt 0.404776 0.745133
vt 0.990020 0.738855
vt 0.993179 0.737503
vt 0.986653 0.739756
vt 0.988179 0.748719
vt 0.976878 0.758668
vt 0.979642 0.741291
vt 0.983552 0.740453
vt 0.409511 0.744657
vt 0.410109 0.747135
vt 0.977739 0.732500
vt 0.981393 0.731113
vt 0.987709 0.729772
vt 0.984633 0.730430
vt 0.972597 0.734487
vt 0.957726 0.736239
vt 0.967120 0.729373
vt 0.418574 0.746773
vt 0.417781 0.743849
vt 0.990528 0.727967
vt 0.985608 0.723482
vt 0.988445 0.721798
vt 0.972435 0.742555
vt 0.981015 0.750535
vt 0.973154 0.751908
vt 0.982712 0.725044
vt 0.980039 0.725475
vt 0.983926 0.715371
vt 0.987633 0.714637
vt 0.915206 0.770466
vt 0.916726 0.764555
vt 0.920280 0.763609
vt 0.915828 0.758091
vt 0.909435 0.759055
vt 0.913483 0.758404
vt 0.915016 0.753940
vt 0.424345 0.752229
vt 0.924193 0.765431
vt 0.963744 0.750759
vt 0.914267 0.748333
vt 0.910113 0.741690
vt 0.422387 0.761145
vt 0.410360 0.763689
vt 0.414793 0.756855
vt 0.437685 0.754996
vt 0.430963 0.754035
vt 0.980541 0.716238
vt 0.937297 0.740663
vt 0.947566 0.747352
vt 0.940060 0.751960
vt 0.933584 0.754024
vt 0.955346 0.719754
vt 0.966048 0.714189
vt 0.965829 0.721520
vt 0.434899 0.758751
vt 0.432621 0.763556
vt 0.430718 0.757872
vt 0.941093 0.736297
vt 0.948909 0.733557
vt 0.908645 0.735232
vt 0.910176 0.728881
vt 0.442306 0.759168
vt 0.446863 0.761484
vt 0.968229 0.706596
vt 0.970561 0.709314
vt 0.966540 0.708383
vt 0.936577 0.733601
vt 0.921487 0.727217
vt 0.919251 0.736714
vt 0.917547 0.727886
vt 0.948452 0.721854
vt 0.941822 0.731497
vt 0.913131 0.728760
vt 0.970346 0.706457
vt 0.966483 0.704216
vt 0.968450 0.697821
vt 0.963819 0.705755
vt 0.451200 0.767585
vt 0.449047 0.768949
vt 0.977408 0.701689
vt 0.971009 0.694925
vt 0.905591 0.723286
vt 0.903250 0.724147
vt 0.901831 0.720268
vt 0.437215 0.774488
vt 0.426532 0.776340
vt 0.446995 0.770333
vt 0.453432 0.772626
vt 0.451452 0.774008
vt 0.942086 0.713399
vt 0.939252 0.722132
vt 0.935080 0.713769
vt 0.924228 0.718611
vt 0.922298 0.717038
vt 0.910191 0.719393
vt 0.963733 0.688527
vt 0.966313 0.686623
vt 0.969684 0.684837
vt 0.934794 0.724227
vt 0.926826 0.716651
vt 0.931115 0.715806
vt 0.942935 0.703656
vt 0.947393 0.713378
vt 0.961343 0.690532
vt 0.964191 0.699231
vt 0.939535 0.708313
vt 0.933557 0.708653
vt 0.935949 0.703709
vt 0.913148 0.709954
vt 0.908341 0.710576
vt 0.954464 0.696022
vt 0.946932 0.699145
vt 0.947992 0.691198
vt 0.454367 0.786899
vt 0.448554 0.782853
vt 0.451912 0.781321
vt 0.969433 0.677144
vt 0.965189 0.677348
vt 0.191001 0.732257
vt 0.195154 0.727728
vt 0.195395 0.730285
vt 0.923264 0.709116
vt 0.922670 0.715349
vt 0.939683 0.696915
vt 0.950650 0.683661
vt 0.947710 0.686294
vt 0.451108 0.788542
vt 0.455955 0.792602
vt 0.452640 0.794602
vt 0.957148 0.684509
vt 0.456537 0.785721
vt 0.460796 0.789584
vt 0.458363 0.791153
vt 0.198821 0.725988
vt 0.192548 0.720913
vt 0.200542 0.721754
vt 0.935665 0.696324
vt 0.930577 0.701837
vt 0.942076 0.692410
vt 0.944007 0.688668
vt 0.459896 0.796956
vt 0.171121 0.760081
vt 0.165313 0.752511
vt 0.173834 0.757514
vt 0.169652 0.763200
vt 0.168193 0.749724
vt 0.204860 0.727422
vt 0.197884 0.736359
vt 0.204480 0.702928
vt 0.197602 0.700620
vt 0.204046 0.700278
vt 0.457938 0.803561
vt 0.454910 0.799569
vt 0.457551 0.797977
vt 0.462436 0.796130
vt 0.155040 0.279623
vt 0.158983 0.283443
vt 0.159679 0.289978
vt 0.160637 0.290057
vt 0.164555 0.283413
vt 0.209336 0.292148
vt 0.211578 0.303422
vt 0.207032 0.300918
vt 0.157163 0.291983
vt 0.154322 0.285724
vt 0.162201 0.301967
vt 0.175588 0.298647
vt 0.178614 0.304100
vt 0.173746 0.304534
vt 0.222638 0.301590
vt 0.224212 0.303351
vt 0.221533 0.299986
vt 0.226640 0.299466
vt 0.217468 0.304083
vt 0.216588 0.301969
vt 0.224400 0.308870
vt 0.158928 0.289848
vt 0.159356 0.292897
vt 0.155206 0.295070
vt 0.156798 0.299764
vt 0.151854 0.297766
vt 0.206817 0.306305
vt 0.211827 0.305670
vt 0.133466 0.285774
vt 0.135535 0.284083
vt 0.137087 0.289893
vt 0.144258 0.290688
vt 0.146426 0.296035
vt 0.142666 0.292292
vt 0.153610 0.303327
vt 0.158319 0.302645
vt 0.156523 0.305907
vt 0.159699 0.308067
vt 0.160704 0.313275
vt 0.157643 0.309632
vt 0.171062 0.313287
vt 0.167691 0.312122
vt 0.198413 0.313006
vt 0.191011 0.314736
vt 0.205042 0.311349
vt 0.203204 0.308721
vt 0.207171 0.308822
vt 0.202969 0.310175
vt 0.198582 0.310628
vt 0.209610 0.313367
vt 0.212575 0.307519
vt 0.205309 0.316777
vt 0.211121 0.315615
vt 0.206517 0.318438
vt 0.213785 0.310880
vt 0.215557 0.313227
vt 0.901613 0.765417
vt 0.907094 0.762223
vt 0.908161 0.766378
vt 0.911433 0.765193
vt 0.139014 0.295809
vt 0.141205 0.293675
vt 0.904565 0.757129
vt 0.138937 0.288231
vt 0.143464 0.298965
vt 0.145038 0.297356
vt 0.147543 0.302029
vt 0.148824 0.300820
vt 0.150469 0.314493
vt 0.148017 0.311161
vt 0.155439 0.307151
vt 0.152559 0.304488
vt 0.163938 0.310215
vt 0.221425 0.321796
vt 0.214043 0.319867
vt 0.218033 0.316900
vt 0.126657 0.301694
vt 0.135647 0.300100
vt 0.133100 0.304569
vt 0.141010 0.301998
vt 0.140882 0.307979
vt 0.902158 0.751720
vt 0.901232 0.756942
vt 0.900185 0.751437
vt 0.905837 0.752261
vt 0.902279 0.746798
vt 0.907414 0.747536
vt 0.146913 0.308307
vt 0.144708 0.312971
vt 0.204042 0.324233
vt 0.201684 0.321413
vt 0.906862 0.741561
vt 0.901570 0.742899
vt 0.898125 0.739863
vt 0.155430 0.320879
vt 0.160093 0.319235
vt 0.152354 0.323423
vt 0.152855 0.318046
vt 0.158432 0.326819
vt 0.162677 0.326015
vt 0.187262 0.324776
vt 0.183324 0.329303
vt 0.181902 0.327505
vt 0.188108 0.326878
vt 0.195048 0.329817
vt 0.189870 0.332816
vt 0.904604 0.729968
vt 0.907372 0.729587
vt 0.897777 0.734558
vt 0.899220 0.733111
vt 0.154481 0.328001
vt 0.184700 0.335525
vt 0.206045 0.333997
vt 0.202755 0.336484
vt 0.202315 0.334867
vt 0.222694 0.336673
vt 0.228038 0.336460
vt 0.227495 0.334235
vt 0.902049 0.729730
vt 0.893918 0.730802
vt 0.895716 0.729980
vt 0.897266 0.728289
vt 0.161871 0.333631
vt 0.217220 0.342726
vt 0.894264 0.726349
vt 0.160422 0.337746
vt 0.158639 0.333243
vt 0.902072 0.717114
vt 0.179178 0.345463
vt 0.178862 0.355004
vt 0.176408 0.346198
vt 0.182430 0.344435
vt 0.188151 0.342659
vt 0.901224 0.709566
vt 0.904327 0.709991
vt 0.155703 0.355108
vt 0.157838 0.351031
vt 0.157551 0.355355
vt 0.215120 0.362038
vt 0.208233 0.359803
vt 0.214411 0.357966
vt 0.176693 0.359542
vt 0.193008 0.682391
vt 0.196012 0.684011
vt 0.192721 0.683848
vt 0.155474 0.358606
vt 0.157073 0.359114
vt 0.156252 0.362197
vt 0.154507 0.365087
vt 0.155011 0.361963
vt 0.191613 0.690845
vt 0.198707 0.694667
vt 0.190927 0.693603
vt 0.202382 0.368173
vt 0.198578 0.365711
vt 0.203034 0.365548
vt 0.209165 0.364067
vt 0.215682 0.364727
vt 0.209717 0.366613
vt 0.176502 0.364412
vt 0.181629 0.358326
vt 0.183140 0.359190
vt 0.195866 0.685583
vt 0.198737 0.373193
vt 0.205908 0.372772
vt 0.211877 0.371633
vt 0.218494 0.372851
vt 0.224818 0.371583
vt 0.205332 0.686589
vt 0.205410 0.685121
vt 0.208266 0.686646
vt 0.155963 0.365270
vt 0.158081 0.365480
vt 0.203895 0.697744
vt 0.204399 0.694900
vt 0.837829 0.186634
vt 0.829876 0.187163
vt 0.833666 0.182443
vt 0.825774 0.182800
vt 0.172342 0.373400
vt 0.172053 0.366313
vt 0.174146 0.367656
vt 0.823812 0.185988
vt 0.828132 0.189746
vt 0.834229 0.190780
vt 0.174223 0.363174
vt 0.176281 0.368443
vt 0.177941 0.365705
vt 0.179637 0.366877
vt 0.179096 0.369290
vt 0.178747 0.371955
vt 0.175605 0.372585
vt 0.183157 0.369649
vt 0.182365 0.374220
vt 0.188874 0.369912
vt 0.199478 0.376211
vt 0.206259 0.375191
vt 0.836423 0.196966
vt 0.842338 0.199179
vt 0.841014 0.200932
vt 0.288794 0.294103
vt 0.297325 0.307882
vt 0.267761 0.302353
vt 0.260903 0.300512
vt 0.237633 0.302254
vt 0.233416 0.298644
vt 0.282444 0.304000
vt 0.233344 0.306162
vt 0.234267 0.307945
vt 0.229739 0.308436
vt 0.306998 0.304743
vt 0.287923 0.309090
vt 0.283511 0.316662
vt 0.264721 0.305650
vt 0.244740 0.305307
vt 0.251920 0.309338
vt 0.246621 0.311356
vt 0.255372 0.313920
vt 0.236969 0.312240
vt 0.230813 0.310515
vt 0.289676 0.316659
vt 0.294030 0.313120
vt 0.295316 0.315580
vt 0.265785 0.322471
vt 0.238700 0.321755
vt 0.233547 0.316106
vt 0.295789 0.318381
vt 0.284114 0.318823
vt 0.250818 0.323044
vt 0.247686 0.317854
vt 0.289427 0.326415
vt 0.278956 0.331755
vt 0.270387 0.332585
vt 0.257913 0.323690
vt 0.230810 0.324161
vt 0.236386 0.325599
vt 0.231463 0.327564
vt 0.225293 0.327091
vt 0.246227 0.328937
vt 0.242883 0.329632
vt 0.244397 0.325680
vt 0.240583 0.328356
vt 0.237125 0.330265
vt 0.226468 0.330721
vt 0.232744 0.332194
vt 0.292152 0.337868
vt 0.281238 0.338254
vt 0.287497 0.333346
vt 0.271631 0.335272
vt 0.264278 0.339435
vt 0.252248 0.330181
vt 0.259503 0.332647
vt 0.252403 0.334373
vt 0.257342 0.336948
vt 0.249776 0.341031
vt 0.256264 0.343000
vt 0.250827 0.345919
vt 0.242226 0.337328
vt 0.239245 0.342894
vt 0.237644 0.338836
vt 0.244136 0.341141
vt 0.246279 0.336752
vt 0.249014 0.339064
vt 0.244891 0.342838
vt 0.233589 0.344637
vt 0.767084 0.140140
vt 0.765920 0.148387
vt 0.756499 0.145385
vt 0.779699 0.150306
vt 0.781546 0.160564
vt 0.774673 0.155886
vt 0.263600 0.352479
vt 0.261370 0.349239
vt 0.757113 0.128824
vt 0.765557 0.125740
vt 0.771843 0.144676
vt 0.765858 0.153073
vt 0.775881 0.147368
vt 0.787465 0.158727
vt 0.789962 0.166677
vt 0.258247 0.344498
vt 0.254139 0.353254
vt 0.251164 0.348771
vt 0.247411 0.355918
vt 0.236442 0.352633
vt 0.238964 0.355052
vt 0.233236 0.356149
vt 0.235558 0.348743
vt 0.239955 0.344681
vt 0.765868 0.129093
vt 0.758237 0.132287
vt 0.778834 0.142187
vt 0.781255 0.133898
vt 0.786083 0.151322
vt 0.789090 0.155979
vt 0.784596 0.153236
vt 0.791955 0.161259
vt 0.229210 0.361884
vt 0.235722 0.362640
vt 0.229872 0.366434
vt 0.241718 0.359781
vt 0.785851 0.145737
vt 0.781240 0.148090
vt 0.785830 0.143268
vt 0.779065 0.144734
vt 0.791663 0.147014
vt 0.787986 0.149553
vt 0.796544 0.162616
vt 0.793194 0.158681
vt 0.797376 0.160657
vt 0.802312 0.175166
vt 0.799296 0.169156
vt 0.803983 0.172400
vt 0.796860 0.171426
vt 0.794629 0.166008
vt 0.807978 0.177838
vt 0.809538 0.175233
vt 0.777272 0.131635
vt 0.785941 0.127706
vt 0.791393 0.144883
vt 0.807827 0.163018
vt 0.802156 0.162722
vt 0.802670 0.160718
vt 0.801450 0.164701
vt 0.799438 0.154741
vt 0.794796 0.147570
vt 0.798584 0.149165
vt 0.806023 0.167258
vt 0.813263 0.180467
vt 0.814553 0.178158
vt 0.815075 0.172560
vt 0.770691 0.113176
vt 0.771736 0.120506
vt 0.768371 0.115234
vt 0.774445 0.110533
vt 0.775704 0.117687
vt 0.782720 0.122552
vt 0.791364 0.143343
vt 0.812343 0.164698
vt 0.817863 0.165707
vt 0.806993 0.164881
vt 0.803658 0.158816
vt 0.802201 0.154536
vt 0.805889 0.157713
vt 0.800069 0.152172
vt 0.803290 0.151220
vt 0.803183 0.149336
vt 0.778720 0.112931
vt 0.798204 0.132297
vt 0.790329 0.130477
vt 0.788181 0.134829
vt 0.806782 0.155724
vt 0.810093 0.154198
vt 0.830949 0.176328
vt 0.824925 0.174622
vt 0.825881 0.172804
vt 0.815965 0.158392
vt 0.817647 0.162804
vt 0.813855 0.155245
vt 0.319020 0.294940
vt 0.315110 0.304944
vt 0.312821 0.300200
vt 0.327211 0.305998
vt 0.327640 0.307828
vt 0.322362 0.307208
vt 0.317288 0.309162
vt 0.311059 0.314051
vt 0.335510 0.333205
vt 0.328446 0.338151
vt 0.353612 0.354473
vt 0.367424 0.354887
vt 0.322045 0.344550
vt 0.344779 0.345051
vt 0.340092 0.352800
vt 0.420074 0.284438
vt 0.430306 0.287516
vt 0.335410 0.357439
vt 0.347813 0.361537
vt 0.342799 0.366831
vt 0.756125 0.126076
vt 0.754269 0.121864
vt 0.400434 0.297740
vt 0.397572 0.283388
vt 0.408481 0.291502
vt 0.765032 0.112618
vt 0.744415 0.094301
vt 0.746106 0.103534
vt 0.388349 0.295962
vt 0.390153 0.289241
vt 0.409500 0.307237
vt 0.416390 0.316618
vt 0.408127 0.317303
vt 0.770293 0.107127
vt 0.750686 0.100713
vt 0.750655 0.090415
vt 0.755219 0.098348
vt 0.467434 0.303314
vt 0.470775 0.298321
vt 0.473277 0.306279
vt 0.476066 0.309992
vt 0.469664 0.310141
vt 0.469013 0.314356
vt 0.466731 0.309213
vt 0.481815 0.312084
vt 0.468872 0.320053
vt 0.462535 0.313867
vt 0.464645 0.322343
vt 0.454771 0.318965
vt 0.482806 0.320549
vt 0.486155 0.322046
vt 0.488109 0.330225
vt 0.492678 0.323652
vt 0.493808 0.331303
vt 0.442844 0.298833
vt 0.441321 0.303275
vt 0.471079 0.330834
vt 0.447666 0.313537
vt 0.446145 0.321919
vt 0.485671 0.336561
vt 0.482814 0.335965
vt 0.483451 0.329838
vt 0.484988 0.340568
vt 0.490898 0.339489
vt 0.488476 0.342325
vt 0.457093 0.337908
vt 0.459946 0.330196
vt 0.461773 0.338051
vt 0.429705 0.324588
vt 0.449987 0.339029
vt 0.454594 0.334165
vt 0.418565 0.309532
vt 0.425382 0.319606
vt 0.451731 0.340381
vt 0.447610 0.344623
vt 0.462012 0.350416
vt 0.458255 0.344573
vt 0.426205 0.335832
vt 0.454024 0.352010
vt 0.450152 0.345610
vt 0.455387 0.343883
vt 0.432904 0.346918
vt 0.448532 0.352061
vt 0.444589 0.350892
vt 0.412978 0.327083
vt 0.419145 0.332419
vt 0.412580 0.329895
vt 0.421725 0.337417
vt 0.454097 0.358495
vt 0.447824 0.358515
vt 0.308165 0.549941
vt 0.310906 0.544155
vt 0.312811 0.547742
vt 0.309658 0.541701
vt 0.305991 0.546746
vt 0.304209 0.544638
vt 0.303845 0.552532
vt 0.301464 0.550029
vt 0.507621 0.350841
vt 0.503942 0.344947
vt 0.388767 0.127725
vt 0.382091 0.131619
vt 0.386038 0.124270
vt 0.370966 0.147351
vt 0.366581 0.145538
vt 0.361433 0.140122
vt 0.363982 0.134629
vt 0.359107 0.143784
vt 0.363073 0.144703
vt 0.359305 0.140054
vt 0.353897 0.143163
vt 0.349319 0.137939
vt 0.362857 0.153514
vt 0.358483 0.152051
vt 0.369482 0.155085
vt 0.353834 0.159264
vt 0.354711 0.150553
vt 0.345281 0.168015
vt 0.350889 0.163289
vt 0.348821 0.178458
vt 0.345910 0.177985
vt 0.344047 0.173729
vt 0.343312 0.177663
vt 0.340886 0.173185
vt 0.350551 0.186123
vt 0.354121 0.180603
vt 0.347133 0.185183
vt 0.293720 0.717914
vt 0.348071 0.836044
vt 0.348697 0.842594
vt 0.345648 0.837268
vt 0.294878 0.721463
vt 0.286450 0.720152
vt 0.317523 0.779274
vt 0.312876 0.783017
vt 0.312620 0.779815
vt 0.354570 0.845813
vt 0.354561 0.839192
vt 0.357832 0.843975
vt 0.318603 0.782320
vt 0.313598 0.786151
vt 0.350957 0.841244
vt 0.352242 0.847327
vt 0.364458 0.834484
vt 0.292783 0.759611
vt 0.300226 0.749832
vt 0.316719 0.776412
vt 0.312579 0.774845
vt 0.359391 0.848390
vt 0.357588 0.849993
vt 0.354396 0.853121
vt 0.356048 0.851483
vt 0.302808 0.772520
vt 0.304680 0.777466
vt 0.289465 0.741624
vt 0.276757 0.749647
vt 0.277453 0.740956
vt 0.289812 0.750090
vt 0.279884 0.758141
vt 0.360556 0.854804
vt 0.268660 0.740949
vt 0.267937 0.727033
vt 0.276781 0.721316
vt 0.277210 0.728587
vt 0.258218 0.726097
vt 0.267220 0.734895
vt 0.306104 0.780785
vt 0.307462 0.784766
vt 0.308123 0.787573
vt 0.364196 0.859930
vt 0.359268 0.856677
vt 0.302708 0.788890
vt 0.286081 0.766462
vt 0.267100 0.755556
vt 0.267175 0.748582
vt 0.256939 0.745484
vt 0.256955 0.740828
vt 0.291345 0.780111
vt 0.298606 0.779317
vt 0.365598 0.858026
vt 0.372087 0.860894
vt 0.372973 0.858033
vt 0.367195 0.855685
vt 0.276958 0.766653
vt 0.255202 0.754937
vt 0.267742 0.707252
vt 0.260516 0.710411
vt 0.260542 0.707342
vt 0.286853 0.781232
vt 0.377722 0.862453
vt 0.378480 0.859502
vt 0.274329 0.781792
vt 0.285072 0.777419
vt 0.275684 0.772651
vt 0.268574 0.778418
vt 0.266303 0.772451
vt 0.285185 0.790495
vt 0.285237 0.787787
vt 0.286018 0.784783
vt 0.383472 0.862985
vt 0.268327 0.781852
vt 0.255249 0.766347
vt 0.389490 0.866688
vt 0.383027 0.867734
vt 0.383232 0.865640
vt 0.389802 0.864083
vt 0.278701 0.791148
vt 0.273137 0.791358
vt 0.267487 0.788841
vt 0.268094 0.785512
vt 0.402445 0.868861
vt 0.395768 0.866991
vt 0.402185 0.866685
vt 0.255312 0.788731
vt 0.260902 0.788899
vt 0.408107 0.865926
vt 0.414643 0.866314
vt 0.408592 0.867947
vt 0.443494 0.167600
vt 0.444779 0.167180
vt 0.446756 0.171380
vt 0.301717 0.701789
vt 0.301106 0.704958
vt 0.307646 0.683813
vt 0.297974 0.683711
vt 0.294787 0.702635
vt 0.461707 0.193711
vt 0.469667 0.196725
vt 0.442200 0.178165
vt 0.294313 0.708446
vt 0.288504 0.705887
vt 0.294447 0.705592
vt 0.288855 0.690237
vt 0.282238 0.703109
vt 0.287162 0.695143
vt 0.288488 0.703143
vt 0.282162 0.690783
vt 0.281520 0.695691
vt 0.281610 0.706121
vt 0.276744 0.703224
vt 0.274445 0.692579
vt 0.274098 0.711437
vt 0.281463 0.708845
vt 0.281968 0.711709
vt 0.275754 0.705913
vt 0.274818 0.708804
vt 0.268678 0.691892
vt 0.273968 0.695409
vt 0.268334 0.694743
vt 0.272627 0.698772
vt 0.454824 0.224928
vt 0.448680 0.220614
vt 0.262541 0.692604
vt 0.263262 0.695269
vt 0.266443 0.704316
vt 0.261250 0.701092
vt 0.268612 0.701021
vt 0.454704 0.231639
vt 0.452664 0.226096
vt 0.456358 0.229965
vt 0.955586 0.187927
vt 0.441299 0.215936
vt 0.432419 0.212064
vt 0.433924 0.208295
vt 0.954866 0.186246
vt 0.960067 0.182111
vt 0.960839 0.184560
vt 0.951571 0.187351
vt 0.435987 0.223066
vt 0.439539 0.218425
vt 0.447708 0.236945
vt 0.948847 0.187140
vt 0.953357 0.178580
vt 0.954128 0.181487
vt 0.433625 0.229697
vt 0.435325 0.235690
vt 0.425889 0.235044
vt 0.425692 0.230288
vt 0.416388 0.232991
vt 0.425514 0.239403
vt 0.429506 0.251114
vt 0.422228 0.243749
vt 0.402963 0.234864
vt 0.397253 0.225758
vt 0.404575 0.230816
vt 0.415387 0.235642
vt 0.424154 0.251387
vt 0.414086 0.239702
vt 0.961479 0.147176
vt 0.958250 0.148033
vt 0.951391 0.152794
vt 0.954635 0.148957
vt 0.425624 0.255393
vt 0.423000 0.253490
vt 0.421788 0.254852
vt 0.951392 0.130685
vt 0.950075 0.130229
vt 0.946719 0.131695
vt 0.948120 0.133072
vt 0.950644 0.149943
vt 0.946746 0.151900
vt 0.947466 0.149096
vt 0.943202 0.137059
vt 0.944718 0.134771
vt 0.940633 0.142989
vt 0.937935 0.141426
vt 0.433727 0.150697
vt 0.426757 0.161325
vt 0.434917 0.166248
vt 0.428594 0.168703
vt 0.431230 0.163515
vt 0.425439 0.163472
vt 0.410858 0.166852
vt 0.419742 0.164134
vt 0.419932 0.173333
vt 0.408939 0.179551
vt 0.415335 0.197958
vt 0.421880 0.190463
vt 0.342685 0.141855
vt 0.349897 0.148625
vt 0.817023 0.063143
vt 0.825926 0.057229
vt 0.826836 0.068029
vt 0.398974 0.197679
vt 0.346452 0.160681
vt 0.338253 0.160070
vt 0.342270 0.154076
vt 0.332413 0.156888
vt 0.389978 0.219830
vt 0.384330 0.216427
vt 0.835367 0.061402
vt 0.334269 0.174897
vt 0.331448 0.171872
vt 0.331399 0.162355
vt 0.322598 0.172997
vt 0.322210 0.164251
vt 0.358700 0.187508
vt 0.327952 0.175174
vt 0.349467 0.106220
vt 0.334200 0.097008
vt 0.342196 0.089194
vt 0.325215 0.087419
vt 0.296976 0.095734
vt 0.309851 0.097527
vt 0.305892 0.104266
vt 0.143145 0.550372
vt 0.150624 0.541796
vt 0.790025 0.074310
vt 0.782514 0.064485
vt 0.791444 0.065440
vt 0.783904 0.055190
vt 0.767152 0.042484
vt 0.803307 0.077354
vt 0.803799 0.063581
vt 0.763097 0.052991
vt 0.149866 0.511438
vt 0.151321 0.511774
vt 0.767697 0.061805
vt 0.764271 0.057499
vt 0.766332 0.056646
vt 0.159574 0.500431
vt 0.162226 0.510595
vt 0.155658 0.516711
vt 0.156208 0.512453
vt 0.179956 0.520423
vt 0.187648 0.532345
vt 0.179129 0.533679
vt 0.578769 0.319089
vt 0.570680 0.324099
vt 0.614431 0.294349
vt 0.607847 0.302885
vt 0.592703 0.318932
vt 0.583290 0.319781
vt 0.590122 0.322669
vt 0.566610 0.338578
vt 0.559184 0.335304
vt 0.563027 0.332213
vt 0.607847 0.315184
vt 0.615795 0.306255
vt 0.569862 0.340092
vt 0.561304 0.341711
vt 0.619695 0.302818
vt 0.621940 0.311970
vt 0.593962 0.328769
vt 0.599403 0.331229
vt 0.593199 0.331621
vt 0.578488 0.338153
vt 0.585629 0.335940
vt 0.581758 0.342063
vt 0.604437 0.322436
vt 0.605042 0.328968
vt 0.604913 0.332057
vt 0.592850 0.338801
vt 0.565884 0.357336
vt 0.569523 0.351093
vt 0.571050 0.355254
vt 0.622928 0.317677
vt 0.622070 0.322841
vt 0.159489 0.585717
vt 0.155335 0.588172
vt 0.156533 0.584895
vt 0.574496 0.352707
vt 0.615258 0.327373
vt 0.616314 0.334786
vt 0.610971 0.333866
vt 0.609435 0.329632
vt 0.613004 0.326708
vt 0.619085 0.329223
vt 0.162667 0.598050
vt 0.160646 0.590348
vt 0.166036 0.590898
vt 0.579781 0.356180
vt 0.574146 0.358779
vt 0.576882 0.354043
vt 0.152988 0.558542
vt 0.156577 0.572066
vt 0.150614 0.578946
vt 0.151154 0.571069
vt 0.563216 0.363962
vt 0.150573 0.560058
vt 0.150019 0.552039
vt 0.155370 0.552457
vt 0.165084 0.572842
vt 0.162026 0.580296
vt 0.159658 0.576819
vt 0.170759 0.593483
vt 0.172782 0.598889
vt 0.576926 0.362146
vt 0.584184 0.363781
vt 0.558360 0.365695
vt 0.562768 0.371599
vt 0.558034 0.374392
vt 0.172233 0.582703
vt 0.165371 0.586993
vt 0.166213 0.568219
vt 0.161412 0.568042
vt 0.580003 0.368333
vt 0.188468 0.607544
vt 0.178007 0.601936
vt 0.173448 0.563167
vt 0.176927 0.593629
vt 0.181553 0.592271
vt 0.555610 0.386904
vt 0.561600 0.385934
vt 0.556930 0.388644
vt 0.205653 0.613030
vt 0.200943 0.609556
vt 0.206395 0.611317
vt 0.551041 0.390842
vt 0.182967 0.580842
vt 0.178814 0.576221
vt 0.182915 0.578482
vt 0.184504 0.598096
vt 0.187567 0.598918
vt 0.179694 0.571847
vt 0.174579 0.574981
vt 0.178490 0.567911
vt 0.191116 0.598601
vt 0.190581 0.600945
vt 0.193090 0.603760
vt 0.190124 0.605163
vt 0.190783 0.599882
vt 0.193664 0.601618
vt 0.193866 0.600369
vt 0.173180 0.558004
vt 0.177932 0.561173
vt 0.192190 0.593915
vt 0.197047 0.606791
vt 0.196728 0.602459
vt 0.173732 0.554118
vt 0.179040 0.557139
vt 0.206992 0.609481
vt 0.185340 0.582747
vt 0.183168 0.573750
vt 0.186403 0.577099
vt 0.191080 0.585977
vt 0.192993 0.581841
vt 0.200058 0.601711
vt 0.196744 0.601208
vt 0.199819 0.600444
vt 0.196826 0.599851
vt 0.182602 0.563020
vt 0.187567 0.591142
vt 0.195659 0.590914
vt 0.200249 0.597836
vt 0.198001 0.594229
vt 0.202441 0.600775
vt 0.202380 0.601831
vt 0.206007 0.605820
vt 0.202073 0.602660
vt 0.204762 0.602287
vt 0.203658 0.597037
vt 0.205602 0.599366
vt 0.206355 0.592591
vt 0.208793 0.599155
vt 0.210184 0.607249
vt 0.212985 0.605350
vt 0.213491 0.609112
vt 0.208787 0.604397
vt 0.190986 0.548614
vt 0.187294 0.545187
vt 0.174538 0.550154
vt 0.189843 0.574723
vt 0.187077 0.564610
vt 0.184399 0.558011
vt 0.192047 0.563828
vt 0.193288 0.569224
vt 0.204898 0.601218
vt 0.206810 0.601169
vt 0.208957 0.602348
vt 0.206786 0.602316
vt 0.193419 0.572523
vt 0.194764 0.577455
vt 0.194430 0.559866
vt 0.215811 0.600012
vt 0.214857 0.602771
vt 0.213550 0.601712
vt 0.217053 0.592663
vt 0.218364 0.616156
vt 0.223992 0.613937
vt 0.223354 0.616463
vt 0.222562 0.606832
vt 0.222868 0.605752
vt 0.212986 0.604263
vt 0.213125 0.603333
vt 0.214839 0.603613
vt 0.342379 0.184939
vt 0.339881 0.177298
vt 0.399630 0.241687
vt 0.402430 0.246452
vt 0.404218 0.244632
vt 0.937436 0.146188
vt 0.940927 0.147723
vt 0.937686 0.148655
vt 0.933486 0.134056
vt 0.934169 0.139128
vt 0.930938 0.136202
vt 0.940924 0.134039
vt 0.935405 0.129074
vt 0.375809 0.235393
vt 0.937128 0.099727
vt 0.927130 0.094934
vt 0.937663 0.096558
vt 0.953201 0.093713
vt 0.948327 0.089675
vt 0.950899 0.087432
vt 0.384823 0.242618
vt 0.391748 0.243211
vt 0.384830 0.245117
vt 0.943679 0.093259
vt 0.944229 0.096910
vt 0.380958 0.241746
vt 0.380531 0.245812
vt 0.938087 0.092569
vt 0.942817 0.088135
vt 0.936955 0.087538
vt 0.372981 0.241561
vt 0.344815 0.185109
vt 0.343465 0.189734
vt 0.341068 0.188650
vt 0.336986 0.183330
vt 0.327275 0.181194
vt 0.848894 0.048194
vt 0.841375 0.043494
vt 0.846494 0.041078
vt 0.842102 0.051267
vt 0.851543 0.056015
vt 0.842357 0.058970
vt 0.849537 0.068980
vt 0.337261 0.189980
vt 0.336735 0.186873
vt 0.338342 0.192200
vt 0.338761 0.193572
vt 0.309588 0.184230
vt 0.318678 0.178660
vt 0.317222 0.184735
vt 0.308134 0.177112
vt 0.314976 0.170019
vt 0.852504 0.039498
vt 0.858465 0.061596
vt 0.340814 0.192392
vt 0.339473 0.190814
vt 0.337316 0.192134
vt 0.335764 0.192400
vt 0.335351 0.190435
vt 0.332510 0.192965
vt 0.330316 0.187215
vt 0.329020 0.194527
vt 0.319013 0.193418
vt 0.323877 0.187984
vt 0.372856 0.215416
vt 0.853416 0.033291
vt 0.848301 0.028177
vt 0.338571 0.198388
vt 0.334831 0.200947
vt 0.331331 0.199838
vt 0.359203 0.213700
vt 0.360090 0.223296
vt 0.354983 0.219501
vt 0.323306 0.194752
vt 0.326200 0.193458
vt 0.325806 0.196755
vt 0.323525 0.196454
vt 0.338463 0.205006
vt 0.334927 0.206106
vt 0.324012 0.205964
vt 0.331481 0.206832
vt 0.936784 0.008083
vt 0.930423 0.001918
vt 0.935723 0.002077
vt 0.363933 0.229617
vt 0.368239 0.235752
vt 0.361645 0.232027
vt 0.369858 0.233366
vt 0.374098 0.238646
vt 0.851655 0.022356
vt 0.853111 0.015716
vt 0.858822 0.018292
vt 0.904818 0.083566
vt 0.916015 0.081572
vt 0.916248 0.085475
vt 0.913237 0.089635
vt 0.902701 0.087620
vt 0.342190 0.207853
vt 0.352507 0.223384
vt 0.349231 0.217245
vt 0.351112 0.225439
vt 0.347305 0.219905
vt 0.358107 0.226639
vt 0.356628 0.229327
vt 0.360528 0.234348
vt 0.921093 0.006080
vt 0.868389 0.025694
vt 0.870395 0.033663
vt 0.938489 0.079594
vt 0.946904 0.074972
vt 0.345080 0.213160
vt 0.342893 0.215972
vt 0.337456 0.214641
vt 0.334638 0.212846
vt 0.340158 0.219302
vt 0.341399 0.217732
vt 0.335416 0.217522
vt 0.343764 0.223797
vt 0.933860 0.014934
vt 0.942385 0.013667
vt 0.916563 0.066948
vt 0.908132 0.078070
vt 0.875476 0.051048
vt 0.877830 0.050225
vt 0.904304 0.070716
vt 0.880604 0.049659
vt 0.880455 0.056992
vt 0.934882 0.019066
vt 0.941638 0.022564
vt 0.934272 0.021624
vt 0.930972 0.018847
vt 0.930757 0.020388
vt 0.930393 0.017219
vt 0.919943 0.017797
vt 0.925930 0.016931
vt 0.942507 0.037977
vt 0.918079 0.033224
vt 0.941292 0.027766
vt 0.912554 0.019468
vt 0.908226 0.024771
vt 0.905892 0.022691
vt 0.903253 0.039195
vt 0.899515 0.043093
vt 0.876563 0.038233
vt 0.874295 0.030736
vt 0.900605 0.030877
vt 0.903539 0.028380
vt 0.904976 0.030917
vt 0.898827 0.037747
vt 0.902882 0.034863
vt 0.896518 0.035912
vt 0.900908 0.033911
vt 0.885655 0.054889
vt 0.888050 0.059179
vt 0.892923 0.053671
vt 0.915961 0.024151
vt 0.921081 0.025499
vt 0.910375 0.027193
vt 0.909694 0.039285
vt 0.914642 0.021994
vt 0.199920 0.712295
vt 0.209903 0.709802
vt 0.213095 0.716450
vt 0.197301 0.741466
vt 0.186675 0.733272
vt 0.196359 0.749687
vt 0.185476 0.749439
vt 0.177804 0.764118
vt 0.176358 0.767478
vt 0.179672 0.761648
vt 0.458646 0.808120
vt 0.455313 0.804997
vt 0.225405 0.727307
vt 0.212216 0.729785
vt 0.214110 0.723413
vt 0.220257 0.711956
vt 0.226862 0.719268
vt 0.205140 0.741983
vt 0.205643 0.734599
vt 0.210603 0.704307
vt 0.216736 0.701732
vt 0.216825 0.704178
vt 0.463272 0.812105
vt 0.460490 0.812935
vt 0.211568 0.740803
vt 0.213891 0.734692
vt 0.220581 0.705850
vt 0.215076 0.709082
vt 0.221189 0.702795
vt 0.202381 0.758414
vt 0.192844 0.756690
vt 0.228379 0.714206
vt 0.246330 0.739275
vt 0.247680 0.719986
vt 0.258213 0.718792
vt 0.235101 0.737506
vt 0.229522 0.703698
vt 0.228985 0.707809
vt 0.195420 0.772722
vt 0.188715 0.773181
vt 0.202835 0.772746
vt 0.201891 0.775772
vt 0.246161 0.746086
vt 0.457262 0.825761
vt 0.458038 0.832869
vt 0.455409 0.832132
vt 0.454621 0.838791
vt 0.451978 0.837530
vt 0.208719 0.775023
vt 0.233710 0.755091
vt 0.238364 0.765892
vt 0.450062 0.844800
vt 0.217168 0.769995
vt 0.216596 0.774335
vt 0.206386 0.780735
vt 0.213797 0.780445
vt 0.212617 0.783306
vt 0.433057 0.856658
vt 0.436209 0.851427
vt 0.438453 0.853068
vt 0.230633 0.777089
vt 0.222103 0.776471
vt 0.223640 0.773489
vt 0.232047 0.773121
vt 0.440982 0.847109
vt 0.413479 0.862216
vt 0.420029 0.862774
vt 0.420521 0.865543
vt 0.238944 0.775520
vt 0.247118 0.778744
vt 0.238699 0.779132
vt 0.246892 0.782539
vt 0.238114 0.782040
vt 0.237815 0.784393
vt 0.230795 0.786929
vt 0.230933 0.784176
vt 0.230475 0.780631
vt 0.211339 0.686697
vt 0.210735 0.688452
vt 0.205514 0.683941
vt 0.208824 0.683203
vt 0.208528 0.684558
vt 0.208328 0.685557
vt 0.211657 0.685411
vt 0.212194 0.684153
vt 0.875294 0.221028
vt 0.871644 0.222320
vt 0.874116 0.219458
vt 0.836829 0.178627
vt 0.832782 0.174006
vt 0.165464 0.374847
vt 0.167999 0.367449
vt 0.843263 0.186471
vt 0.841893 0.189993
vt 0.838125 0.194818
vt 0.845605 0.195127
vt 0.858731 0.214343
vt 0.861458 0.214753
vt 0.858769 0.217323
vt 0.856258 0.214408
vt 0.854041 0.213963
vt 0.852353 0.216580
vt 0.215730 0.688637
vt 0.219710 0.692789
vt 0.220363 0.690414
vt 0.210039 0.696063
vt 0.865234 0.217069
vt 0.865338 0.214095
vt 0.850243 0.198984
vt 0.858002 0.199739
vt 0.854715 0.203209
vt 0.854405 0.193945
vt 0.848752 0.192058
vt 0.849949 0.190453
vt 0.861095 0.213252
vt 0.858728 0.212958
vt 0.860600 0.211394
vt 0.856644 0.212608
vt 0.854606 0.209596
vt 0.857337 0.211227
vt 0.210488 0.701030
vt 0.216141 0.698694
vt 0.875756 0.215227
vt 0.871735 0.216564
vt 0.882787 0.215832
vt 0.877753 0.217451
vt 0.881576 0.213372
vt 0.874884 0.208396
vt 0.879044 0.210420
vt 0.870236 0.207923
vt 0.850910 0.188763
vt 0.847784 0.182478
vt 0.854305 0.182147
vt 0.887843 0.213675
vt 0.222173 0.699634
vt 0.216020 0.695815
vt 0.222857 0.696383
vt 0.866983 0.204376
vt 0.872092 0.205846
vt 0.849540 0.170797
vt 0.844393 0.177037
vt 0.226541 0.699863
vt 0.224722 0.692818
vt 0.227392 0.697700
vt 0.225824 0.690879
vt 0.874809 0.198117
vt 0.883924 0.196534
vt 0.879264 0.201960
vt 0.236380 0.705509
vt 0.235032 0.695422
vt 0.914644 0.205401
vt 0.917330 0.202095
vt 0.917970 0.204918
vt 0.852259 0.161222
vt 0.851522 0.157928
vt 0.244207 0.704594
vt 0.239893 0.700008
vt 0.245320 0.702344
vt 0.922420 0.195481
vt 0.928222 0.197605
vt 0.914723 0.198464
vt 0.916825 0.197984
vt 0.909589 0.197957
vt 0.913123 0.195744
vt 0.915850 0.194625
vt 0.911687 0.193586
vt 0.250486 0.705994
vt 0.249473 0.708928
vt 0.260495 0.704246
vt 0.251539 0.699752
vt 0.951795 0.188922
vt 0.949488 0.190976
vt 0.948030 0.189518
vt 0.245952 0.699889
vt 0.250293 0.695586
vt 0.936539 0.185413
vt 0.931401 0.188845
vt 0.930851 0.186613
vt 0.931785 0.190530
vt 0.926478 0.190156
vt 0.926934 0.191807
vt 0.921213 0.191672
vt 0.915524 0.192564
vt 0.915520 0.189355
vt 0.906605 0.188996
vt 0.905806 0.195386
vt 0.902937 0.188414
vt 0.925548 0.184703
vt 0.925863 0.188160
vt 0.921744 0.184477
vt 0.921631 0.179934
vt 0.870843 0.168422
vt 0.875554 0.161255
vt 0.875916 0.170250
vt 0.942602 0.186913
vt 0.942255 0.183154
vt 0.924504 0.180493
vt 0.913632 0.178382
vt 0.907904 0.183580
vt 0.910093 0.175737
vt 0.906122 0.182106
vt 0.880083 0.160539
vt 0.878245 0.172128
vt 0.875269 0.155591
vt 0.871443 0.160530
vt 0.871757 0.154333
vt 0.878247 0.156068
vt 0.864750 0.152052
vt 0.924391 0.165546
vt 0.923108 0.173186
vt 0.915489 0.162735
vt 0.906205 0.158948
vt 0.899616 0.161700
vt 0.889743 0.161592
vt 0.879638 0.145833
vt 0.876654 0.151945
vt 0.932337 0.161502
vt 0.927156 0.168076
vt 0.930162 0.159528
vt 0.932202 0.153526
vt 0.935406 0.149149
vt 0.929342 0.151739
vt 0.908138 0.140620
vt 0.911139 0.151059
vt 0.790690 0.123838
vt 0.787000 0.118251
vt 0.807489 0.143900
vt 0.803462 0.135035
vt 0.816392 0.152821
vt 0.817663 0.157058
vt 0.815245 0.153874
vt 0.807256 0.146188
vt 0.810466 0.146690
vt 0.810372 0.144304
vt 0.787613 0.109011
vt 0.794794 0.113855
vt 0.821645 0.166868
vt 0.822705 0.160449
vt 0.826118 0.161633
vt 0.826058 0.154908
vt 0.823819 0.155194
vt 0.819036 0.155913
vt 0.811172 0.140864
vt 0.815178 0.149502
vt 0.790875 0.094611
vt 0.782842 0.107323
vt 0.779310 0.104872
vt 0.807153 0.128006
vt 0.803988 0.119661
vt 0.807611 0.122527
vt 0.803537 0.131256
vt 0.824918 0.147506
vt 0.822887 0.148081
vt 0.818816 0.143668
vt 0.821451 0.142220
vt 0.815970 0.139413
vt 0.818733 0.134997
vt 0.815173 0.133615
vt 0.812810 0.137519
vt 0.813213 0.133396
vt 0.814137 0.138267
vt 0.811663 0.127839
vt 0.812261 0.121820
vt 0.813878 0.127816
vt 0.800372 0.088288
vt 0.795421 0.099681
vt 0.841013 0.100490
vt 0.851703 0.153115
vt 0.814483 0.092111
vt 0.808405 0.077141
vt 0.815323 0.077499
vt 0.864466 0.128911
vt 0.850420 0.096496
vt 0.855471 0.107358
vt 0.859517 0.093616
vt 0.865112 0.101240
vt 0.867151 0.090286
vt 0.875117 0.106236
vt 0.873096 0.096861
vt 0.872808 0.115096
vt 0.774723 0.103060
vt 0.768453 0.100146
vt 0.765505 0.102018
vt 0.399304 0.325222
vt 0.784942 0.089693
vt 0.761828 0.095449
vt 0.269152 0.480410
vt 0.276898 0.496370
vt 0.754343 0.085186
vt 0.758280 0.077136
vt 0.760952 0.084449
vt 0.266244 0.465580
vt 0.266892 0.473394
vt 0.257389 0.471728
vt 0.765482 0.073937
vt 0.770002 0.078531
vt 0.256917 0.458104
vt 0.255693 0.466237
vt 0.788274 0.082672
vt 0.780461 0.079158
vt 0.771407 0.070567
vt 0.761254 0.072726
vt 0.762161 0.068236
vt 0.763627 0.069238
vt 0.766124 0.070937
vt 0.253449 0.454016
vt 0.153037 0.496359
vt 0.157350 0.493281
vt 0.156299 0.497053
vt 0.161010 0.493665
vt 0.247380 0.502588
vt 0.170492 0.497926
vt 0.168605 0.495005
vt 0.174833 0.486345
vt 0.168433 0.485815
vt 0.172511 0.481209
vt 0.245941 0.473701
vt 0.174287 0.498210
vt 0.175438 0.501545
vt 0.235956 0.475791
vt 0.233798 0.479004
vt 0.233227 0.485815
vt 0.235672 0.492209
vt 0.231611 0.491319
vt 0.178476 0.503073
vt 0.180684 0.511601
vt 0.175617 0.512961
vt 0.178904 0.495861
vt 0.176055 0.494606
vt 0.232323 0.481266
vt 0.229221 0.485852
vt 0.229711 0.480806
vt 0.188927 0.496015
vt 0.181579 0.496947
vt 0.181236 0.492595
vt 0.184104 0.493380
vt 0.184292 0.489009
vt 0.186015 0.489732
vt 0.188033 0.491032
vt 0.186568 0.494399
vt 0.190253 0.492637
vt 0.194218 0.496241
vt 0.228447 0.490076
vt 0.199313 0.496423
vt 0.198259 0.500168
vt 0.228854 0.494044
vt 0.226522 0.494044
vt 0.238130 0.498545
vt 0.237237 0.504324
vt 0.234292 0.500005
vt 0.234933 0.509652
vt 0.234962 0.516392
vt 0.230307 0.513250
vt 0.230253 0.510272
vt 0.199617 0.507230
vt 0.204523 0.507310
vt 0.202380 0.509938
vt 0.227984 0.498299
vt 0.225448 0.497586
vt 0.229619 0.500509
vt 0.230154 0.503857
vt 0.226580 0.502978
vt 0.229708 0.508087
vt 0.228312 0.506034
vt 0.199696 0.517284
vt 0.197325 0.526841
vt 0.194281 0.512494
vt 0.208103 0.515582
vt 0.205088 0.520730
vt 0.203245 0.516944
vt 0.206545 0.505054
vt 0.223699 0.501991
vt 0.225590 0.504624
vt 0.222691 0.503328
vt 0.207922 0.509917
vt 0.223512 0.506575
vt 0.220792 0.505724
vt 0.224493 0.508546
vt 0.225744 0.513590
vt 0.222758 0.512343
vt 0.225425 0.511666
vt 0.207326 0.512904
vt 0.211899 0.512892
vt 0.212236 0.514098
vt 0.212738 0.515702
vt 0.209799 0.517978
vt 0.214819 0.519600
vt 0.215242 0.515891
vt 0.214908 0.512398
vt 0.215005 0.513807
vt 0.218010 0.519181
vt 0.220671 0.512777
vt 0.222265 0.511090
vt 0.223133 0.514270
vt 0.222310 0.518361
vt 0.221168 0.514776
vt 0.224866 0.510158
vt 0.473733 0.359366
vt 0.464258 0.366919
vt 0.462574 0.358049
vt 0.459153 0.368814
vt 0.455851 0.363655
vt 0.457708 0.362813
vt 0.299168 0.521398
vt 0.300201 0.528117
vt 0.309017 0.558393
vt 0.300607 0.546258
vt 0.297305 0.538441
vt 0.473615 0.367418
vt 0.469265 0.376745
vt 0.303410 0.561023
vt 0.295595 0.550427
vt 0.298514 0.553893
vt 0.277914 0.504648
vt 0.300434 0.558417
vt 0.295705 0.561291
vt 0.297743 0.557573
vt 0.298197 0.563936
vt 0.300420 0.565069
vt 0.470605 0.383031
vt 0.474244 0.390524
vt 0.467574 0.385668
vt 0.294622 0.556874
vt 0.289710 0.559644
vt 0.287915 0.557286
vt 0.291824 0.564130
vt 0.292614 0.564848
vt 0.290568 0.563455
vt 0.294205 0.560174
vt 0.297745 0.571288
vt 0.295893 0.570448
vt 0.289167 0.567443
vt 0.288078 0.569493
vt 0.287123 0.568665
vt 0.289863 0.568879
vt 0.291582 0.574519
vt 0.287750 0.573550
vt 0.288213 0.566047
vt 0.285523 0.567604
vt 0.290316 0.579053
vt 0.285073 0.571747
vt 0.285573 0.575703
vt 0.286442 0.572563
vt 0.287948 0.576450
vt 0.284545 0.575372
vt 0.287082 0.588797
vt 0.290232 0.584705
vt 0.288946 0.589310
vt 0.266588 0.541999
vt 0.276280 0.565560
vt 0.276939 0.555675
vt 0.281892 0.562184
vt 0.281816 0.574530
vt 0.282828 0.570498
vt 0.279604 0.574274
vt 0.278280 0.571213
vt 0.284154 0.577375
vt 0.285516 0.577574
vt 0.280003 0.587343
vt 0.277873 0.586210
vt 0.279947 0.584698
vt 0.270354 0.559100
vt 0.273305 0.572593
vt 0.277271 0.567389
vt 0.277621 0.581800
vt 0.270993 0.581276
vt 0.273487 0.583791
vt 0.275152 0.584817
vt 0.260222 0.546750
vt 0.258256 0.522570
vt 0.250488 0.522802
vt 0.244756 0.524540
vt 0.261967 0.587771
vt 0.270104 0.587810
vt 0.266398 0.592137
vt 0.255384 0.540781
vt 0.264217 0.552672
vt 0.253338 0.549217
vt 0.260401 0.564075
vt 0.266875 0.556325
vt 0.263506 0.569373
vt 0.265423 0.573418
vt 0.260982 0.576103
vt 0.253542 0.545361
vt 0.258776 0.561946
vt 0.239121 0.525794
vt 0.236181 0.527248
vt 0.237227 0.523601
vt 0.238471 0.529352
vt 0.234810 0.532889
vt 0.237612 0.527961
vt 0.256130 0.558552
vt 0.248324 0.551487
vt 0.248028 0.538408
vt 0.253785 0.538308
vt 0.249145 0.541505
vt 0.254744 0.565221
vt 0.229398 0.523714
vt 0.227211 0.517403
vt 0.235936 0.537338
vt 0.233026 0.535787
vt 0.254184 0.582389
vt 0.237594 0.533362
vt 0.235158 0.540093
vt 0.242588 0.543467
vt 0.250721 0.570541
vt 0.225015 0.596712
vt 0.203979 0.528602
vt 0.202920 0.521959
vt 0.206473 0.526163
vt 0.206232 0.542990
vt 0.205134 0.537373
vt 0.199788 0.539918
vt 0.230418 0.583259
vt 0.238665 0.591104
vt 0.227917 0.589742
vt 0.211324 0.536443
vt 0.224156 0.518038
vt 0.226797 0.521147
vt 0.225073 0.521890
vt 0.226540 0.525617
vt 0.230233 0.528203
vt 0.228148 0.529707
vt 0.232227 0.531364
vt 0.231384 0.537947
vt 0.230502 0.533656
vt 0.226765 0.530809
vt 0.228450 0.535037
vt 0.229594 0.540391
vt 0.235062 0.544065
vt 0.240801 0.553840
vt 0.229988 0.551894
vt 0.235954 0.560209
vt 0.201880 0.565570
vt 0.219822 0.559833
vt 0.215203 0.546802
vt 0.218219 0.542839
vt 0.219509 0.545319
vt 0.227813 0.559958
vt 0.223453 0.568461
vt 0.227984 0.568992
vt 0.223157 0.541106
vt 0.225443 0.544235
vt 0.217359 0.525164
vt 0.223106 0.527825
vt 0.220866 0.529140
vt 0.223694 0.522460
vt 0.208653 0.553962
vt 0.212849 0.545088
vt 0.214256 0.549044
vt 0.210368 0.548155
vt 0.219628 0.549042
vt 0.506151 0.375940
vt 0.495005 0.380112
vt 0.497451 0.388031
vt 0.498404 0.396314
vt 0.505155 0.389235
vt 0.505776 0.397831
vt 0.487240 0.394988
vt 0.290629 0.594225
vt 0.287914 0.594153
vt 0.287432 0.599217
vt 0.286025 0.593931
vt 0.290227 0.605281
vt 0.286880 0.604993
vt 0.284943 0.588804
vt 0.282741 0.599063
vt 0.276996 0.598268
vt 0.278709 0.583121
vt 0.276558 0.585456
vt 0.529401 0.377563
vt 0.284721 0.604747
vt 0.285291 0.599166
vt 0.289775 0.610656
vt 0.286459 0.610760
vt 0.275042 0.594527
vt 0.276508 0.595020
vt 0.275421 0.588924
vt 0.277594 0.589171
vt 0.274529 0.597474
vt 0.274815 0.600651
vt 0.273289 0.600547
vt 0.272765 0.597147
vt 0.271611 0.593597
vt 0.273504 0.593963
vt 0.269182 0.593273
vt 0.273431 0.588663
vt 0.250745 0.609991
vt 0.272461 0.606071
vt 0.271304 0.603817
vt 0.272365 0.603519
vt 0.271444 0.602536
vt 0.271978 0.600191
vt 0.233747 0.604218
vt 0.238406 0.605315
vt 0.233456 0.605849
vt 0.243197 0.602569
vt 0.243505 0.604820
vt 0.247167 0.601712
vt 0.250906 0.602093
vt 0.268367 0.601763
vt 0.270357 0.602775
vt 0.230292 0.602205
vt 0.226454 0.600052
vt 0.229864 0.597225
vt 0.234241 0.602017
vt 0.238151 0.600096
vt 0.238267 0.603278
vt 0.934806 0.142638
vt 0.939567 0.144502
vt 0.929153 0.126213
vt 0.928181 0.123449
vt 0.923495 0.121101
vt 0.926897 0.119259
vt 0.930758 0.143528
vt 0.923900 0.128668
vt 0.926787 0.132967
vt 0.922665 0.130079
vt 0.918012 0.128350
vt 0.909589 0.121542
vt 0.914628 0.127240
vt 0.908293 0.122761
vt 0.906885 0.114907
vt 0.913092 0.115538
vt 0.910421 0.129975
vt 0.906940 0.124056
vt 0.912357 0.128711
vt 0.901014 0.110753
vt 0.901528 0.115369
vt 0.903995 0.119112
vt 0.902672 0.120212
vt 0.895320 0.115040
vt 0.898689 0.114230
vt 0.899021 0.116902
vt 0.878147 0.089784
vt 0.873038 0.089088
vt 0.872492 0.085207
vt 0.893454 0.105265
vt 0.901371 0.107692
vt 0.894110 0.102412
vt 0.889959 0.098507
vt 0.894933 0.098637
vt 0.877324 0.092497
vt 0.883228 0.095837
vt 0.890136 0.112151
vt 0.891831 0.110814
vt 0.880180 0.085107
vt 0.875184 0.071769
vt 0.884087 0.070610
vt 0.883531 0.078051
vt 0.879846 0.065014
vt 0.895152 0.078106
vt 0.893101 0.083660
vt 0.893010 0.078498
vt 0.896122 0.082428
vt 0.891692 0.074628
vt 0.890580 0.078756
vt 0.888736 0.075008
vt 0.896977 0.071814
vt 0.899486 0.065955
vt 0.893951 0.072220
vt 0.895250 0.065534
vt 0.892675 0.065325
vt 0.895726 0.060106
vt 0.890004 0.063834
vt 0.889701 0.069298
vt 0.891721 0.068667
vt 0.894058 0.074008
vt 0.138471 0.244434
vt 0.373649 0.897985
vt 0.280666 0.894639
vt 0.282139 0.892143
vt 0.171810 0.291342
vt 0.190692 0.705279
vt 0.198624 0.706141
vt 0.134011 0.292687
vt 0.164985 0.346181
vt 0.161786 0.341651
vt 0.168811 0.338980
vt 0.166794 0.351670
vt 0.174545 0.354391
vt 0.167326 0.359222
vt 0.157617 0.362523
vt 0.162513 0.364147
vt 0.159237 0.360026
vt 0.196653 0.368015
vt 0.188279 0.367513
vt 0.193235 0.363466
vt 0.199432 0.692146
vt 0.362090 0.363198
vt 0.356753 0.371124
vt 0.735935 0.086653
vt 0.367121 0.195065
vt 0.949839 0.094518
vt 0.359090 0.199102
vt 0.352773 0.202308
vt 0.350171 0.209223
vt 0.868500 0.049190
vt 0.210319 0.698691
vt 0.864182 0.202885
vt 0.866374 0.201476
vt 0.820397 0.162510
vt 0.816123 0.148130
vt 0.813083 0.147231
vt 0.814897 0.145717
vt 0.805143 0.090952
vt 0.888421 0.121303
vt 0.281285 0.473552
vt 0.237227 0.472443
vt 0.268351 0.566239
vt 0.216465 0.529990
vt 0.212272 0.534905
vt 0.209870 0.531928
vt 0.897859 0.119561
vt 0.883134 0.055980
vt 0.888635 0.089995
vt 0.888817 0.082859
vt 0.893674 0.092083
vt 0.896227 0.113614
vt 0.894080 0.109369
vt 0.875065 0.094851
vt 0.870665 0.091060
vt 0.893742 0.116492
vt 0.915903 0.132736
vt 0.929305 0.137850
vt 0.933592 0.142062
vt 0.905247 0.125599
vt 0.904297 0.132765
vt 0.899586 0.126999
vt 0.935141 0.146074
vt 0.918648 0.115926
vt 0.223361 0.603124
vt 0.226664 0.602862
vt 0.248612 0.593796
vt 0.243541 0.596261
vt 0.243148 0.600065
vt 0.223034 0.604735
vt 0.269604 0.604955
vt 0.254620 0.602353
vt 0.225618 0.608753
vt 0.254484 0.603881
vt 0.274316 0.603957
vt 0.275935 0.607487
vt 0.273999 0.606467
vt 0.229108 0.617038
vt 0.283840 0.593758
vt 0.512609 0.372126
vt 0.511385 0.360814
vt 0.216402 0.567178
vt 0.209497 0.551370
vt 0.205487 0.547639
vt 0.214141 0.573142
vt 0.224921 0.526615
vt 0.219710 0.524178
vt 0.239109 0.567441
vt 0.220596 0.539760
vt 0.222651 0.584746
vt 0.216231 0.587603
vt 0.241485 0.540498
vt 0.209268 0.524314
vt 0.195589 0.536407
vt 0.206329 0.534266
vt 0.218241 0.600544
vt 0.261732 0.578703
vt 0.253138 0.578557
vt 0.240193 0.527927
vt 0.266931 0.575264
vt 0.269254 0.577111
vt 0.267936 0.531762
vt 0.282212 0.580750
vt 0.283422 0.574971
vt 0.281206 0.564637
vt 0.284357 0.550723
vt 0.283696 0.564823
vt 0.284662 0.562658
vt 0.265769 0.520541
vt 0.288247 0.583980
vt 0.292261 0.585158
vt 0.272756 0.536141
vt 0.293631 0.565887
vt 0.464805 0.372617
vt 0.217494 0.515513
vt 0.218862 0.513033
vt 0.219393 0.515153
vt 0.217118 0.513474
vt 0.220386 0.518712
vt 0.219028 0.511590
vt 0.220539 0.511433
vt 0.204727 0.511997
vt 0.227082 0.500630
vt 0.224475 0.500160
vt 0.233279 0.506030
vt 0.230810 0.498433
vt 0.192120 0.489457
vt 0.189479 0.487863
vt 0.195939 0.493514
vt 0.171319 0.509699
vt 0.186639 0.486662
vt 0.183610 0.485924
vt 0.179787 0.489189
vt 0.239231 0.494112
vt 0.180163 0.484152
vt 0.158025 0.487498
vt 0.161982 0.486419
vt 0.764695 0.065167
vt 0.765038 0.062054
vt 0.258750 0.455718
vt 0.254586 0.451761
vt 0.766595 0.066490
vt 0.261908 0.461609
vt 0.755560 0.074238
vt 0.752123 0.079690
vt 0.750899 0.076741
vt 0.759415 0.071353
vt 0.781018 0.074232
vt 0.778755 0.087170
vt 0.769568 0.088271
vt 0.746297 0.078053
vt 0.744090 0.082136
vt 0.271841 0.467293
vt 0.267626 0.462712
vt 0.272791 0.462024
vt 0.757954 0.090299
vt 0.383772 0.299714
vt 0.761216 0.104461
vt 0.847958 0.116836
vt 0.816581 0.128176
vt 0.821460 0.132262
vt 0.824000 0.141299
vt 0.830313 0.154436
vt 0.800736 0.104467
vt 0.827834 0.169512
vt 0.831913 0.163420
vt 0.940304 0.152426
vt 0.917915 0.156213
vt 0.926303 0.155206
vt 0.920424 0.159712
vt 0.939807 0.156521
vt 0.921948 0.162303
vt 0.895928 0.172246
vt 0.901341 0.178283
vt 0.918345 0.190022
vt 0.900758 0.193341
vt 0.918276 0.192270
vt 0.927559 0.193823
vt 0.921753 0.193343
vt 0.932325 0.192674
vt 0.937629 0.191756
vt 0.933668 0.195906
vt 0.251154 0.703092
vt 0.942240 0.189590
vt 0.856380 0.164458
vt 0.919064 0.196771
vt 0.874868 0.185668
vt 0.862337 0.193416
vt 0.864391 0.183288
vt 0.869397 0.197332
vt 0.859218 0.207510
vt 0.853195 0.195513
vt 0.865076 0.212031
vt 0.840206 0.184348
vt 0.843853 0.185053
vt 0.845587 0.187380
vt 0.866481 0.221449
vt 0.868887 0.215359
vt 0.846825 0.203647
vt 0.845601 0.205434
vt 0.850936 0.206978
vt 0.855428 0.217177
vt 0.428433 0.863322
vt 0.435005 0.858944
vt 0.246862 0.786009
vt 0.189607 0.762471
vt 0.205971 0.722446
vt 0.206974 0.717964
vt 0.900041 0.061419
vt 0.878918 0.044849
vt 0.894079 0.041180
vt 0.896416 0.042405
vt 0.325092 0.211535
vt 0.345880 0.221656
vt 0.331255 0.210879
vt 0.930422 0.076304
vt 0.931520 0.061562
vt 0.950365 0.067940
vt 0.950895 0.075255
vt 0.861713 0.025075
vt 0.364215 0.207779
vt 0.930037 0.085037
vt 0.937545 0.084745
vt 0.940426 0.100054
vt 0.950523 0.100349
vt 0.945976 0.102239
vt 0.941042 0.103238
vt 0.220394 0.603365
vt 0.216869 0.603695
vt 0.542615 0.375982
vt 0.532307 0.368074
vt 0.538292 0.364656
vt 0.199824 0.568977
vt 0.200005 0.549657
vt 0.200748 0.561555
vt 0.193016 0.542617
vt 0.218464 0.613974
vt 0.211712 0.615341
vt 0.212102 0.613166
vt 0.212665 0.611347
vt 0.218767 0.612283
vt 0.186572 0.589237
vt 0.181992 0.588888
vt 0.565881 0.383216
vt 0.558670 0.382829
vt 0.562522 0.378003
vt 0.195905 0.609398
vt 0.196454 0.607958
vt 0.180824 0.597966
vt 0.553127 0.381570
vt 0.165050 0.554175
vt 0.169386 0.580444
vt 0.148964 0.584546
vt 0.598503 0.336000
vt 0.591472 0.334084
vt 0.586897 0.332309
vt 0.571384 0.329125
vt 0.580020 0.332670
vt 0.564159 0.349659
vt 0.553133 0.344029
vt 0.555998 0.336330
vt 0.573917 0.326286
vt 0.555941 0.331631
vt 0.581152 0.329551
vt 0.567508 0.324089
vt 0.557068 0.326917
vt 0.565130 0.316427
vt 0.588875 0.306829
vt 0.826694 0.027788
vt 0.839192 0.030849
vt 0.828593 0.036849
vt 0.151797 0.502085
vt 0.150184 0.507267
vt 0.759221 0.045611
vt 0.761177 0.049800
vt 0.147424 0.522373
vt 0.143813 0.530169
vt 0.794931 0.043892
vt 0.791017 0.054949
vt 0.789426 0.044037
vt 0.776722 0.034202
vt 0.766326 0.036365
vt 0.765034 0.030015
vt 0.340596 0.130869
vt 0.350007 0.127109
vt 0.301028 0.090045
vt 0.313823 0.089434
vt 0.833378 0.053794
vt 0.408306 0.208166
vt 0.363261 0.166826
vt 0.368454 0.174968
vt 0.362352 0.173516
vt 0.395445 0.156643
vt 0.374325 0.156522
vt 0.385673 0.148264
vt 0.395809 0.173879
vt 0.398447 0.144951
vt 0.385901 0.134776
vt 0.391672 0.136201
vt 0.948899 0.129280
vt 0.424487 0.256534
vt 0.952611 0.119781
vt 0.953290 0.115213
vt 0.953619 0.109797
vt 0.408694 0.245626
vt 0.956105 0.162768
vt 0.953948 0.170630
vt 0.945464 0.170688
vt 0.937183 0.164710
vt 0.946537 0.159035
vt 0.435893 0.242797
vt 0.960607 0.175708
vt 0.452968 0.233500
vt 0.260887 0.688243
vt 0.459158 0.227460
vt 0.269956 0.704684
vt 0.428826 0.201121
vt 0.476994 0.203265
vt 0.433678 0.190617
vt 0.300723 0.707904
vt 0.256353 0.779008
vt 0.395588 0.869287
vt 0.389103 0.868714
vt 0.290230 0.791169
vt 0.290780 0.787703
vt 0.291174 0.784446
vt 0.286595 0.772370
vt 0.297339 0.789836
vt 0.267272 0.717065
vt 0.258281 0.715854
vt 0.267709 0.710523
vt 0.275128 0.717459
vt 0.267476 0.720058
vt 0.276684 0.734838
vt 0.289662 0.726786
vt 0.346775 0.843720
vt 0.347262 0.153355
vt 0.351322 0.157245
vt 0.354783 0.171460
vt 0.360655 0.164130
vt 0.352500 0.165336
vt 0.380370 0.143288
vt 0.377261 0.140044
vt 0.312971 0.555553
vt 0.316132 0.552763
vt 0.441573 0.349944
vt 0.431394 0.354164
vt 0.441155 0.357093
vt 0.443802 0.357874
vt 0.420473 0.329726
vt 0.464398 0.351573
vt 0.480788 0.353410
vt 0.416357 0.294540
vt 0.482800 0.340456
vt 0.464424 0.328605
vt 0.450005 0.306573
vt 0.476173 0.317066
vt 0.460852 0.305131
vt 0.767228 0.109422
vt 0.403897 0.275920
vt 0.740723 0.107630
vt 0.324905 0.346488
vt 0.325497 0.335613
vt 0.319279 0.331013
vt 0.314810 0.326054
vt 0.323716 0.319066
vt 0.318736 0.314429
vt 0.313924 0.319539
vt 0.821888 0.179740
vt 0.829541 0.178096
vt 0.803449 0.143947
vt 0.803213 0.145948
vt 0.818836 0.183468
vt 0.819385 0.172885
vt 0.230505 0.368684
vt 0.795393 0.143728
vt 0.798842 0.145611
vt 0.795270 0.145333
vt 0.799127 0.144026
vt 0.804927 0.153772
vt 0.236897 0.365456
vt 0.785887 0.140687
vt 0.248827 0.358966
vt 0.255401 0.356228
vt 0.766051 0.136518
vt 0.234696 0.346605
vt 0.314287 0.340192
vt 0.321531 0.333094
vt 0.247406 0.334476
vt 0.221418 0.333471
vt 0.259817 0.339294
vt 0.296678 0.340381
vt 0.252146 0.327414
vt 0.259287 0.329143
vt 0.245044 0.331462
vt 0.268134 0.328283
vt 0.283540 0.329443
vt 0.241056 0.312587
vt 0.304476 0.315419
vt 0.225203 0.310687
vt 0.239551 0.306947
vt 0.249991 0.303993
vt 0.243933 0.302396
vt 0.243202 0.299884
vt 0.298342 0.295656
vt 0.310312 0.292464
vt 0.832409 0.193268
vt 0.192194 0.376529
vt 0.192238 0.373600
vt 0.183425 0.367486
vt 0.835249 0.180563
vt 0.187466 0.363582
vt 0.202414 0.683402
vt 0.199236 0.684244
vt 0.199399 0.682956
vt 0.195366 0.688303
vt 0.198139 0.697334
vt 0.190023 0.696511
vt 0.196235 0.682627
vt 0.207019 0.354640
vt 0.213869 0.354966
vt 0.207676 0.357321
vt 0.161149 0.351116
vt 0.160683 0.356074
vt 0.211424 0.346995
vt 0.204822 0.349080
vt 0.219954 0.352565
vt 0.226054 0.354103
vt 0.220300 0.355808
vt 0.226503 0.357429
vt 0.160671 0.346480
vt 0.157831 0.346599
vt 0.893175 0.718593
vt 0.895141 0.723833
vt 0.182110 0.342258
vt 0.172859 0.347473
vt 0.187541 0.340895
vt 0.186744 0.336905
vt 0.197397 0.336667
vt 0.192480 0.338960
vt 0.190969 0.335393
vt 0.176206 0.340462
vt 0.180563 0.335453
vt 0.178998 0.341836
vt 0.165567 0.318997
vt 0.170955 0.327988
vt 0.196275 0.333882
vt 0.199929 0.328303
vt 0.201714 0.333195
vt 0.180808 0.331296
vt 0.177631 0.333883
vt 0.179292 0.329649
vt 0.217342 0.324743
vt 0.214163 0.329648
vt 0.213024 0.327373
vt 0.204686 0.330566
vt 0.218872 0.327268
vt 0.223901 0.324359
vt 0.170521 0.318903
vt 0.899663 0.743371
vt 0.192676 0.322402
vt 0.898527 0.756873
vt 0.900980 0.762109
vt 0.899056 0.764557
vt 0.191145 0.308870
vt 0.914505 0.764777
vt 0.174901 0.313772
vt 0.140520 0.286781
vt 0.185474 0.300932
vt 0.183777 0.307495
vt 0.159603 0.297031
vt 0.190679 0.294601
vt 0.182103 0.298309
vt 0.160852 0.292607
vt 0.176650 0.746435
vt 0.181608 0.743591
vt 0.191488 0.715996
vt 0.200420 0.715577
vt 0.190350 0.709647
vt 0.449127 0.775313
vt 0.454293 0.780059
vt 0.959321 0.702558
vt 0.436858 0.782023
vt 0.927428 0.726726
vt 0.958609 0.707121
vt 0.961789 0.711843
vt 0.922948 0.737139
vt 0.956152 0.748949
vt 0.436227 0.756888
vt 0.972943 0.716976
vt 0.927087 0.764371
vt 0.976865 0.716832
vt 0.976371 0.725699
vt 0.957620 0.761999
vt 0.416462 0.748814
vt 0.409812 0.749979
vt 0.408032 0.752888
vt 0.406462 0.756693
vt 0.398427 0.760505
vt 0.415506 0.745711
vt 0.993281 0.754812
vt 0.991089 0.761240
vt 0.989740 0.755422
vt 0.258143 0.290638
vt 0.260987 0.273814
vt 0.281709 0.281942
vt 0.236959 0.276112
vt 0.262000 0.253849
vt 0.254764 0.262960
vt 0.251497 0.272947
vt 0.245516 0.260111
vt 0.292827 0.269327
vt 0.205928 0.287047
vt 0.209708 0.285801
vt 0.206150 0.280402
vt 0.167630 0.271751
vt 0.225477 0.280437
vt 0.210423 0.267084
vt 0.189282 0.278773
vt 0.197530 0.270328
vt 0.199865 0.275994
vt 0.228933 0.246930
vt 0.167577 0.249712
vt 0.579215 0.306545
vt 0.554942 0.319516
vt 0.554733 0.308508
vt 0.274437 0.890758
vt 0.565618 0.297416
vt 0.602704 0.276846
vt 0.578186 0.287615
vt 0.245322 0.857603
vt 0.242934 0.858749
vt 0.248400 0.861140
vt 0.257169 0.860127
vt 0.260725 0.863876
vt 0.264670 0.867317
vt 0.262756 0.861274
vt 0.266728 0.864712
vt 0.323329 0.905522
vt 0.284095 0.878834
vt 0.279973 0.875293
vt 0.295630 0.886616
vt 0.289613 0.881488
vt 0.362331 0.902978
vt 0.435596 0.277737
vt 0.333981 0.906173
vt 0.337789 0.904227
vt 0.337764 0.906206
vt 0.465637 0.280672
vt 0.466043 0.284310
vt 0.466159 0.275512
vt 0.259563 0.858124
vt 0.272253 0.868867
vt 0.345727 0.906175
vt 0.351315 0.905743
vt 0.469241 0.291689
vt 0.328495 0.899618
vt 0.267624 0.855055
vt 0.265302 0.842287
vt 0.258118 0.841202
vt 0.265013 0.852439
vt 0.270996 0.849496
vt 0.266275 0.846769
vt 0.332343 0.882065
vt 0.329645 0.891789
vt 0.325890 0.890912
vt 0.313696 0.869985
vt 0.294724 0.851842
vt 0.356158 0.867911
vt 0.333393 0.868410
vt 0.318741 0.848704
vt 0.424645 0.272571
vt 0.607016 0.256092
vt 0.609649 0.264981
vt 0.353667 0.328177
vt 0.365198 0.076448
vt 0.368391 0.076098
vt 0.372829 0.083023
vt 0.347227 0.331708
vt 0.386504 0.082397
vt 0.378066 0.083177
vt 0.392185 0.062187
vt 0.393770 0.070854
vt 0.370556 0.039338
vt 0.370349 0.046752
vt 0.348910 0.291439
vt 0.341337 0.293149
vt 0.341308 0.285369
vt 0.345236 0.282133
vt 0.336929 0.284883
vt 0.391078 0.050834
vt 0.391605 0.045426
vt 0.406285 0.136662
vt 0.374663 0.098845
vt 0.449551 0.125423
vt 0.446107 0.113211
vt 0.408549 0.106330
vt 0.438974 0.098693
vt 0.451630 0.099739
vt 0.442631 0.105746
vt 0.907519 0.814005
vt 0.903042 0.812754
vt 0.912516 0.809327
vt 0.914953 0.809583
vt 0.917437 0.809785
vt 0.507249 0.159203
vt 0.516008 0.158043
vt 0.508065 0.147271
vt 0.912683 0.780046
vt 0.912990 0.775277
vt 0.516523 0.130569
vt 0.521868 0.132358
vt 0.319313 0.724886
vt 0.312394 0.720059
vt 0.319373 0.719390
vt 0.319510 0.716204
vt 0.312629 0.716484
vt 0.389761 0.807088
vt 0.378382 0.791515
vt 0.338407 0.810079
vt 0.340495 0.805449
vt 0.960913 0.827694
vt 0.971429 0.826002
vt 0.979701 0.827583
vt 0.338342 0.799983
vt 0.919532 0.797220
vt 0.941602 0.811493
vt 0.941374 0.801208
vt 0.933988 0.770124
vt 0.932048 0.780885
vt 0.928522 0.771682
vt 0.940717 0.762736
vt 0.940585 0.776493
vt 0.983803 0.797667
vt 0.973435 0.792845
vt 0.983752 0.789651
vt 0.987993 0.789500
vt 0.998557 0.795907
vt 0.364285 0.751314
vt 0.371176 0.747499
vt 0.991711 0.789537
vt 0.378165 0.117715
vt 0.381649 0.113757
vt 0.385883 0.109364
vt 0.421863 0.065537
vt 0.427432 0.063640
vt 0.462402 0.069894
vt 0.457735 0.083551
vt 0.444734 0.064767
vt 0.456078 0.065429
vt 0.449680 0.071175
vt 0.466043 0.063443
vt 0.247382 0.241417
vt 0.245446 0.238876
vt 0.315498 0.255140
vt 0.482791 0.076297
vt 0.303269 0.248461
vt 0.294873 0.246628
vt 0.299169 0.241175
vt 0.289049 0.252017
vt 0.297673 0.252604
vt 0.476619 0.059270
vt 0.262710 0.237755
vt 0.257871 0.235508
vt 0.253457 0.243775
vt 0.253105 0.232991
vt 0.254407 0.231460
vt 0.258851 0.233214
vt 0.472887 0.055884
vt 0.459679 0.051157
vt 0.260041 0.231129
vt 0.263808 0.235438
vt 0.278677 0.241956
vt 0.302251 0.229794
vt 0.298168 0.233436
vt 0.297831 0.230209
vt 0.315002 0.225777
vt 0.449312 0.012295
vt 0.451542 0.005386
vt 0.452286 0.012117
vt 0.501050 0.104249
vt 0.507594 0.116439
vt 0.498802 0.111841
vt 0.156869 0.269761
vt 0.523324 0.100485
vt 0.141737 0.242071
vt 0.143509 0.240506
vt 0.499283 0.092508
vt 0.239152 0.234591
vt 0.236868 0.231267
vt 0.235911 0.226017
vt 0.156132 0.248774
vt 0.234740 0.222355
vt 0.235914 0.221046
vt 0.232489 0.217694
vt 0.149271 0.237916
vt 0.155338 0.239787
vt 0.229011 0.229131
vt 0.227451 0.232667
vt 0.239554 0.223021
vt 0.157739 0.241359
vt 0.237117 0.219904
vt 0.239579 0.219212
vt 0.516088 0.073642
vt 0.513748 0.080465
vt 0.511332 0.077050
vt 0.233618 0.223697
vt 0.230435 0.218906
vt 0.452575 0.032591
vt 0.452265 0.026251
vt 0.455101 0.031302
vt 0.311733 0.234671
vt 0.304361 0.234843
vt 0.290296 0.231882
vt 0.279890 0.222118
vt 0.296936 0.213931
vt 0.298737 0.236519
vt 0.290741 0.235425
vt 0.278720 0.234566
vt 0.284286 0.236659
vt 0.278839 0.237441
vt 0.310116 0.245742
vt 0.450293 0.050632
vt 0.456337 0.046585
vt 0.433542 0.032495
vt 0.440927 0.046799
vt 0.420946 0.031503
vt 0.334517 0.241674
vt 0.305127 0.267377
vt 0.389513 0.032826
vt 0.400801 0.035045
vt 0.393946 0.094422
vt 0.995494 0.796155
vt 0.366306 0.780165
vt 0.353798 0.775546
vt 0.342184 0.783997
vt 0.348411 0.787530
vt 0.345645 0.781433
vt 0.948818 0.761645
vt 0.926043 0.821462
vt 0.987428 0.831117
vt 0.991203 0.826272
vt 0.916346 0.815228
vt 0.914665 0.827244
vt 0.915351 0.821447
vt 0.978160 0.847429
vt 0.982553 0.849198
vt 0.342880 0.825764
vt 0.324069 0.749826
vt 0.328388 0.761290
vt 0.496755 0.117568
vt 0.488605 0.109618
vt 0.511882 0.125251
vt 0.113150 0.298441
vt 0.119746 0.299385
vt 0.494762 0.137868
vt 0.497881 0.153495
vt 0.478647 0.146286
vt 0.470392 0.154156
vt 0.449839 0.144895
vt 0.457064 0.137699
vt 0.913689 0.815010
vt 0.909907 0.819853
vt 0.910776 0.814565
vt 0.462704 0.163246
vt 0.313441 0.710401
vt 0.320678 0.707391
vt 0.321279 0.710411
vt 0.317851 0.700782
vt 0.319359 0.704085
vt 0.474570 0.111841
vt 0.486955 0.115942
vt 0.377349 0.035758
vt 0.374925 0.046162
vt 0.364452 0.046446
vt 0.362355 0.042257
vt 0.376029 0.091177
vt 0.356548 0.086288
vt 0.355881 0.076450
vt 0.368000 0.093501
vt 0.373144 0.103093
vt 0.363888 0.084868
vt 0.371079 0.091786
vt 0.361258 0.096947
vt 0.329904 0.078764
vt 0.614678 0.282258
vt 0.618807 0.291879
vt 0.529330 0.319038
vt 0.526799 0.327664
vt 0.524028 0.319356
vt 0.532856 0.338990
vt 0.545846 0.337665
vt 0.540176 0.344981
vt 0.180882 0.288126
vt 0.293655 0.264301
vt 0.285418 0.259721
vt 0.294105 0.261226
vt 0.451007 0.803076
vt 0.200335 0.307524
vt 0.221016 0.312656
vt 0.222173 0.314486
vt 0.224691 0.318400
vt 0.145704 0.303712
vt 0.208058 0.320469
vt 0.212413 0.317544
vt 0.216737 0.314929
vt 0.209951 0.322615
vt 0.184938 0.318298
vt 0.176775 0.321274
vt 0.210012 0.331800
vt 0.205391 0.332455
vt 0.209116 0.329864
vt 0.206598 0.326066
vt 0.895885 0.735635
vt 0.210787 0.333429
vt 0.206847 0.335644
vt 0.208627 0.340403
vt 0.224578 0.340121
vt 0.219802 0.349445
vt 0.156488 0.338092
vt 0.158110 0.341886
vt 0.156084 0.341771
vt 0.213358 0.352020
vt 0.220696 0.359741
vt 0.376264 0.125522
vt 0.383091 0.121488
vt 0.378529 0.128514
vt 0.359144 0.135357
vt 0.300089 0.727822
vt 0.299973 0.734581
vt 0.330776 0.767875
vt 0.323547 0.773386
vt 0.321454 0.770283
vt 0.369122 0.822571
vt 0.287941 0.712773
vt 0.294296 0.711584
vt 0.255530 0.791412
vt 0.261129 0.791433
vt 0.249890 0.791340
vt 0.250043 0.788728
vt 0.446979 0.222409
vt 0.434351 0.177601
vt 0.365742 0.187106
vt 0.341589 0.112014
vt 0.356630 0.121257
vt 0.366518 0.106687
vt 0.290205 0.088649
vt 0.634760 0.305767
vt 0.625254 0.308578
vt 0.630501 0.302078
vt 0.802149 0.042517
vt 0.802713 0.052356
vt 0.808767 0.062795
vt 0.806787 0.038471
vt 0.816161 0.030993
vt 0.817925 0.041366
vt 0.549373 0.387537
vt 0.208566 0.605603
vt 0.205410 0.589306
vt 0.528939 0.355514
vt 0.534661 0.353644
vt 0.224537 0.612020
vt 0.219229 0.610041
vt 0.925226 0.098562
vt 0.924118 0.107804
vt 0.867129 0.063264
vt 0.214058 0.745769
vt 0.460404 0.825839
vt 0.459370 0.819234
vt 0.462126 0.818854
vt 0.234328 0.746764
vt 0.194731 0.775821
vt 0.445262 0.841997
vt 0.446675 0.834865
vt 0.449400 0.836352
vt 0.200909 0.778188
vt 0.207355 0.778118
vt 0.429261 0.852492
vt 0.430857 0.846060
vt 0.434176 0.849267
vt 0.417856 0.855136
vt 0.422641 0.853204
vt 0.249960 0.771158
vt 0.216122 0.686797
vt 0.860558 0.196134
vt 0.859281 0.197982
vt 0.936845 0.187885
vt 0.881591 0.132833
vt 0.901476 0.135005
vt 0.265968 0.582923
vt 0.482157 0.367125
vt 0.247625 0.598289
vt 0.925093 0.140654
vt 0.925628 0.145931
vt 0.917136 0.142161
vt 0.914308 0.134644
vt 0.919431 0.136522
vt 0.910413 0.138042
vt 0.927292 0.139514
vt 0.917034 0.130812
vt 0.901496 0.121335
vt 0.885810 0.107096
vt 0.442943 0.154449
vt 0.199419 0.319958
vt 0.905942 0.118499
vt 0.243510 0.608843
vt 0.249122 0.613010
vt 0.534009 0.395765
vt 0.537567 0.384690
vt 0.195316 0.544605
vt 0.203314 0.544085
vt 0.843385 0.155413
vt 0.839181 0.163829
vt 0.837521 0.152823
vt 0.923227 0.148398
vt 0.243661 0.697309
vt 0.242999 0.695111
vt 0.241642 0.691805
vt 0.454795 0.819208
vt 0.457939 0.813481
vt 0.457098 0.819499
vt 0.451173 0.815898
vt 0.454869 0.813157
vt 0.429489 0.809678
vt 0.431917 0.827500
vt 0.418879 0.825663
vt 0.316145 0.156487
vt 0.818653 0.050581
vt 0.760171 0.033726
vt 0.625396 0.298987
vt 0.405003 0.158559
vt 0.427447 0.222592
vt 0.407656 0.863487
vt 0.414105 0.864411
vt 0.395943 0.864176
vt 0.382445 0.823124
vt 0.378143 0.813605
vt 0.329102 0.776094
vt 0.324290 0.780496
vt 0.323275 0.777350
vt 0.202529 0.361507
vt 0.221145 0.362330
vt 0.201928 0.358831
vt 0.201142 0.356282
vt 0.155903 0.346719
vt 0.892685 0.726751
vt 0.215075 0.331693
vt 0.219959 0.329649
vt 0.518574 0.336708
vt 0.515207 0.326671
vt 0.391691 0.120321
vt 0.911477 0.827524
vt 0.907896 0.828201
vt 0.912778 0.820754
vt 0.986831 0.849138
vt 0.989991 0.849433
vt 0.333722 0.810304
vt 0.991619 0.820321
vt 0.341714 0.789014
vt 0.342342 0.794725
vt 0.298873 0.268577
vt 0.290822 0.238435
vt 0.468077 0.006126
vt 0.455061 0.004942
vt 0.460580 0.000975
vt 0.455980 0.011227
vt 0.283370 0.231982
vt 0.270399 0.206728
vt 0.281541 0.206003
vt 0.447556 0.057650
vt 0.444876 0.054419
vt 0.349909 0.797066
vt 0.398435 0.792859
vt 0.391044 0.781507
vt 0.396510 0.110956
vt 0.400103 0.054171
vt 0.345782 0.076368
vt 0.334094 0.071506
vt 0.198069 0.338293
vt 0.209767 0.342948
vt 0.199053 0.352112
vt 0.302147 0.721296
vt 0.474019 0.189859
vt 0.464379 0.186174
vt 0.936617 0.117403
vt 0.317316 0.081296
vt 0.304103 0.083684
vt 0.306275 0.076645
vt 0.335575 0.115803
vt 0.149822 0.522911
vt 0.152184 0.532249
vt 0.443564 0.802563
vt 0.438181 0.815888
vt 0.413979 0.812965
vt 0.404469 0.824206
vt 0.402668 0.810935
vt 0.451760 0.809224
vt 0.446729 0.813318
vt 0.445874 0.825270
vt 0.441433 0.831199
vt 0.920668 0.151468
vt 0.915264 0.144759
vt 0.847303 0.154010
vt 0.925313 0.125717
vt 0.923520 0.123118
vt 0.378718 0.843712
vt 0.191561 0.298475
vt 0.401094 0.117145
vt 0.418459 0.123054
vt 0.427873 0.113512
vt 0.342385 0.801399
vt 0.363072 0.789979
vt 0.447557 0.038930
vt 0.446253 0.029416
vt 0.456673 0.808664
vt 0.404170 0.837688
vt 0.418129 0.841528
vt 0.427803 0.066966
vt 0.261041 0.207491
vt 0.508202 0.059721
vt 0.515559 0.066159
vt 0.245234 0.208797
vt 0.519870 0.081637
vt 0.520000 0.076216
vt 0.214544 0.223859
vt 0.216178 0.222060
vt 0.221951 0.215689
vt 0.217947 0.220208
vt 0.220952 0.224728
vt 0.243800 0.230805
vt 0.157242 0.252902
vt 0.162833 0.246402
vt 0.145077 0.238963
vt 0.158819 0.256783
vt 0.491956 0.099792
vt 0.491160 0.087001
vt 0.317430 0.228666
vt 0.465432 0.027362
vt 0.457469 0.030075
vt 0.454994 0.025081
vt 0.452695 0.018215
vt 0.445686 0.010700
vt 0.305690 0.238181
vt 0.461496 0.044239
vt 0.478510 0.046052
vt 0.471243 0.045833
vt 0.468731 0.031261
vt 0.474120 0.018090
vt 0.478067 0.027756
vt 0.273522 0.239681
vt 0.268499 0.237278
vt 0.273654 0.237216
vt 0.278904 0.239516
vt 0.264336 0.251302
vt 0.273167 0.243968
vt 0.272453 0.254915
vt 0.502840 0.052135
vt 0.250656 0.242015
vt 0.302522 0.257275
vt 0.300502 0.261689
vt 0.435900 0.044998
vt 0.322821 0.257404
vt 0.305874 0.260959
vt 0.309593 0.257538
vt 0.441926 0.050073
vt 0.413925 0.041094
vt 0.411551 0.032490
vt 0.331881 0.261493
vt 0.307538 0.265857
vt 0.306123 0.264514
vt 0.308081 0.270453
vt 0.285330 0.267287
vt 0.429521 0.056920
vt 0.416590 0.051449
vt 0.458326 0.094636
vt 0.417542 0.077414
vt 0.414855 0.075482
vt 0.403568 0.070740
vt 0.406409 0.084588
vt 0.385249 0.103552
vt 0.383653 0.108863
vt 0.380766 0.119781
vt 0.346169 0.766863
vt 0.972003 0.782004
vt 0.380521 0.753866
vt 0.380533 0.750247
vt 0.342613 0.772524
vt 0.998211 0.801755
vt 0.986338 0.805001
vt 0.989199 0.814178
vt 0.985498 0.813792
vt 0.978194 0.805059
vt 0.996043 0.815454
vt 0.334039 0.793414
vt 0.335905 0.787115
vt 0.966291 0.816032
vt 0.982162 0.817249
vt 0.966673 0.803791
vt 0.935417 0.791339
vt 0.994382 0.825910
vt 0.994955 0.820814
vt 0.333333 0.799586
vt 0.935256 0.801107
vt 0.992319 0.829681
vt 0.934178 0.811504
vt 0.990463 0.833638
vt 0.994342 0.830293
vt 0.993445 0.834899
vt 0.932280 0.822288
vt 0.989632 0.838341
vt 0.959298 0.839597
vt 0.951682 0.835785
vt 0.930623 0.830434
vt 0.937500 0.831594
vt 0.335839 0.821643
vt 0.339058 0.815118
vt 0.337937 0.827581
vt 0.310635 0.726413
vt 0.340785 0.832938
vt 0.342973 0.831959
vt 0.524199 0.118281
vt 0.525451 0.125836
vt 0.504734 0.121671
vt 0.514794 0.121332
vt 0.502585 0.125609
vt 0.509904 0.128328
vt 0.912046 0.770696
vt 0.123074 0.277660
vt 0.898227 0.777670
vt 0.128529 0.295639
vt 0.521815 0.155593
vt 0.486421 0.129923
vt 0.497903 0.165355
vt 0.505287 0.166138
vt 0.487453 0.158842
vt 0.503087 0.176176
vt 0.894825 0.809137
vt 0.897306 0.817486
vt 0.889757 0.815420
vt 0.494899 0.179120
vt 0.489429 0.186346
vt 0.894706 0.826536
vt 0.898106 0.827627
vt 0.888402 0.823729
vt 0.308243 0.690382
vt 0.319199 0.684559
vt 0.317638 0.691192
vt 0.317411 0.694665
vt 0.308671 0.694167
vt 0.482215 0.195122
vt 0.402143 0.064255
vt 0.460593 0.107537
vt 0.402830 0.131350
vt 0.380565 0.045330
vt 0.381088 0.052487
vt 0.374337 0.052128
vt 0.361011 0.055230
vt 0.362011 0.048949
vt 0.358183 0.044993
vt 0.359703 0.043911
vt 0.361254 0.308275
vt 0.394806 0.086257
vt 0.367244 0.083694
vt 0.355126 0.057645
vt 0.339189 0.046463
vt 0.327838 0.050785
vt 0.328801 0.043821
vt 0.316530 0.041193
vt 0.310769 0.048982
vt 0.311656 0.040101
vt 0.418357 0.256737
vt 0.419342 0.271448
vt 0.409711 0.267516
vt 0.428196 0.262425
vt 0.423623 0.260241
vt 0.326472 0.060261
vt 0.315330 0.050254
vt 0.322404 0.042425
vt 0.321323 0.051103
vt 0.312849 0.060112
vt 0.308560 0.057785
vt 0.612453 0.274641
vt 0.309886 0.066947
vt 0.305346 0.063761
vt 0.324103 0.833204
vt 0.322214 0.835805
vt 0.353485 0.869022
vt 0.361244 0.861616
vt 0.300559 0.822753
vt 0.315955 0.865064
vt 0.291906 0.852919
vt 0.287982 0.849836
vt 0.281961 0.866352
vt 0.278210 0.863472
vt 0.312053 0.892205
vt 0.317029 0.891652
vt 0.321816 0.890544
vt 0.341429 0.906074
vt 0.368153 0.899324
vt 0.251099 0.851601
vt 0.356551 0.904293
vt 0.472790 0.296443
vt 0.276362 0.872891
vt 0.477582 0.300144
vt 0.489084 0.308483
vt 0.276865 0.878905
vt 0.273316 0.875626
vt 0.269365 0.871489
vt 0.571932 0.277528
vt 0.571386 0.281544
vt 0.265842 0.874898
vt 0.570742 0.272053
vt 0.461825 0.269600
vt 0.465539 0.270400
vt 0.467536 0.270880
vt 0.572584 0.271129
vt 0.261905 0.870718
vt 0.281204 0.881804
vt 0.308828 0.902557
vt 0.269737 0.878715
vt 0.278704 0.885344
vt 0.303884 0.901630
vt 0.563811 0.295724
vt 0.570580 0.291220
vt 0.594299 0.293327
vt 0.264934 0.883676
vt 0.539630 0.328687
vt 0.549870 0.326960
vt 0.591052 0.302071
vt 0.590939 0.299890
vt 0.575089 0.304643
vt 0.551713 0.332769
vt 0.525935 0.337381
vt 0.519239 0.353607
vt 0.233470 0.250768
vt 0.173509 0.247137
vt 0.175496 0.250277
vt 0.184973 0.262164
vt 0.194146 0.263142
vt 0.167621 0.277893
vt 0.211130 0.286050
vt 0.286240 0.270656
vt 0.387595 0.755874
vt 0.406373 0.742052
vt 0.416293 0.752240
vt 0.423442 0.755589
vt 0.934440 0.762481
vt 0.926861 0.754378
vt 0.416259 0.772173
vt 0.437709 0.762809
vt 0.980299 0.699300
vt 0.428993 0.792966
vt 0.951961 0.707632
vt 0.444649 0.777117
vt 0.456826 0.778518
vt 0.442334 0.786507
vt 0.959031 0.681414
vt 0.458862 0.784567
vt 0.927030 0.706190
vt 0.169488 0.746474
vt 0.150983 0.291210
vt 0.137095 0.282808
vt 0.148238 0.294228
vt 0.150094 0.299663
vt 0.175184 0.317767
vt 0.903256 0.761963
vt 0.148068 0.316845
vt 0.173591 0.324410
vt 0.155853 0.333482
vt 0.158254 0.337744
vt 0.900157 0.724384
vt 0.193058 0.340510
vt 0.892507 0.723418
vt 0.892211 0.714718
vt 0.191205 0.356094
vt 0.891522 0.718905
vt 0.890636 0.715030
vt 0.226168 0.360097
vt 0.196018 0.355827
vt 0.197516 0.362125
vt 0.192658 0.685615
vt 0.202297 0.684690
vt 0.185865 0.376744
vt 0.238514 0.304298
vt 0.226187 0.312737
vt 0.300637 0.316375
vt 0.228976 0.319555
vt 0.232224 0.339303
vt 0.283096 0.343945
vt 0.254214 0.338937
vt 0.318114 0.342585
vt 0.758337 0.136243
vt 0.231811 0.353427
vt 0.797695 0.157569
vt 0.242785 0.362314
vt 0.810948 0.169203
vt 0.811754 0.166656
vt 0.803063 0.147651
vt 0.783174 0.115132
vt 0.806270 0.151928
vt 0.436391 0.290266
vt 0.414196 0.282131
vt 0.753733 0.111311
vt 0.757509 0.107311
vt 0.748370 0.115563
vt 0.451089 0.299644
vt 0.478268 0.329794
vt 0.468154 0.332018
vt 0.303964 0.533241
vt 0.500154 0.336544
vt 0.494718 0.345680
vt 0.489391 0.347190
vt 0.485367 0.348790
vt 0.486341 0.354999
vt 0.489989 0.351990
vt 0.494935 0.354232
vt 0.511629 0.350973
vt 0.502038 0.351802
vt 0.489320 0.366037
vt 0.480913 0.358696
vt 0.374798 0.150065
vt 0.343516 0.838440
vt 0.300549 0.741834
vt 0.330792 0.781116
vt 0.330057 0.778750
vt 0.345523 0.830812
vt 0.325101 0.783110
vt 0.289533 0.734456
vt 0.350118 0.848916
vt 0.282888 0.717331
vt 0.361974 0.852978
vt 0.376718 0.853097
vt 0.261802 0.760291
vt 0.267796 0.766643
vt 0.262763 0.766050
vt 0.401908 0.864125
vt 0.255193 0.772058
vt 0.267297 0.791273
vt 0.288746 0.681043
vt 0.288375 0.708787
vt 0.446742 0.199118
vt 0.277233 0.700162
vt 0.469650 0.220345
vt 0.436975 0.201893
vt 0.443507 0.212680
vt 0.948799 0.197328
vt 0.960321 0.196517
vt 0.426795 0.206734
vt 0.426000 0.212476
vt 0.417982 0.228961
vt 0.415609 0.218325
vt 0.953916 0.158066
vt 0.413269 0.250306
vt 0.408009 0.247969
vt 0.949506 0.133693
vt 0.400110 0.135289
vt 0.394304 0.126536
vt 0.425389 0.180018
vt 0.386307 0.171217
vt 0.367299 0.165086
vt 0.402252 0.191344
vt 0.327734 0.147940
vt 0.840554 0.073493
vt 0.299750 0.071015
vt 0.320776 0.094072
vt 0.295280 0.078744
vt 0.327535 0.102165
vt 0.326630 0.113096
vt 0.321740 0.107330
vt 0.310607 0.108050
vt 0.315518 0.101383
vt 0.782423 0.034435
vt 0.776016 0.042294
vt 0.756106 0.025439
vt 0.753823 0.033126
vt 0.136452 0.543861
vt 0.137901 0.548445
vt 0.783841 0.044274
vt 0.759116 0.039686
vt 0.148795 0.516467
vt 0.150672 0.516933
vt 0.328772 0.138926
vt 0.329592 0.131807
vt 0.798788 0.034437
vt 0.798163 0.031274
vt 0.804168 0.034305
vt 0.807255 0.051230
vt 0.163724 0.521695
vt 0.320048 0.132585
vt 0.809200 0.028915
vt 0.804789 0.028587
vt 0.173140 0.522287
vt 0.323662 0.155077
vt 0.171794 0.534855
vt 0.310480 0.157582
vt 0.830234 0.045589
vt 0.158366 0.597278
vt 0.150387 0.590924
vt 0.557173 0.355880
vt 0.548604 0.367331
vt 0.176000 0.578070
vt 0.177341 0.585362
vt 0.194147 0.598213
vt 0.200512 0.611399
vt 0.184620 0.569371
vt 0.210699 0.604897
vt 0.215579 0.606761
vt 0.200493 0.573376
vt 0.208870 0.603465
vt 0.211751 0.599800
vt 0.211103 0.602620
vt 0.210918 0.603829
vt 0.521303 0.360332
vt 0.546222 0.382572
vt 0.218234 0.606285
vt 0.218412 0.603540
vt 0.216652 0.602628
vt 0.393824 0.228659
vt 0.385433 0.221567
vt 0.952976 0.104425
vt 0.953843 0.099999
vt 0.938051 0.106268
vt 0.936906 0.137822
vt 0.915272 0.095753
vt 0.918051 0.090475
vt 0.843000 0.022926
vt 0.856040 0.065555
vt 0.309593 0.190057
vt 0.314067 0.192286
vt 0.352715 0.213208
vt 0.875290 0.058296
vt 0.925372 0.000975
vt 0.927489 0.010655
vt 0.943807 0.067824
vt 0.951732 0.061092
vt 0.923668 0.084435
vt 0.335320 0.227896
vt 0.948991 0.055976
vt 0.925195 0.046929
vt 0.942595 0.050330
vt 0.882881 0.049270
vt 0.929568 0.024524
vt 0.909042 0.056695
vt 0.879766 0.038246
vt 0.881359 0.044077
vt 0.893066 0.048141
vt 0.210769 0.736965
vt 0.183029 0.770330
vt 0.197800 0.765051
vt 0.196073 0.769044
vt 0.248192 0.716608
vt 0.248992 0.713184
vt 0.246673 0.755794
vt 0.443090 0.848777
vt 0.215564 0.777431
vt 0.431248 0.854734
vt 0.445268 0.850520
vt 0.447642 0.843421
vt 0.219055 0.785182
vt 0.426680 0.860804
vt 0.224303 0.786306
vt 0.440827 0.854549
vt 0.244782 0.789600
vt 0.237869 0.787247
vt 0.845298 0.189132
vt 0.855705 0.192302
vt 0.845951 0.185129
vt 0.842494 0.180931
vt 0.862572 0.204651
vt 0.857157 0.189914
vt 0.220984 0.688486
vt 0.887120 0.210043
vt 0.892014 0.212849
vt 0.891652 0.209338
vt 0.255556 0.695816
vt 0.254631 0.692824
vt 0.946826 0.191613
vt 0.941871 0.193550
vt 0.243388 0.707312
vt 0.238628 0.696812
vt 0.237336 0.693802
vt 0.937243 0.189746
vt 0.920802 0.189898
vt 0.884682 0.170920
vt 0.930317 0.182290
vt 0.936443 0.177904
vt 0.883716 0.155992
vt 0.885021 0.147935
vt 0.880199 0.152224
vt 0.928164 0.157351
vt 0.912045 0.157370
vt 0.798175 0.125035
vt 0.867888 0.109920
vt 0.861872 0.118427
vt 0.872110 0.123119
vt 0.282431 0.464565
vt 0.286942 0.494633
vt 0.272454 0.517383
vt 0.249257 0.450090
vt 0.155378 0.487341
vt 0.242750 0.457843
vt 0.252585 0.510281
vt 0.187854 0.481906
vt 0.183960 0.481220
vt 0.180222 0.480710
vt 0.191205 0.484518
vt 0.193167 0.486752
vt 0.206430 0.508892
vt 0.207921 0.506631
vt 0.209133 0.507762
vt 0.293967 0.544836
vt 0.292534 0.569448
vt 0.278169 0.523679
vt 0.291480 0.589825
vt 0.271981 0.571070
vt 0.270656 0.569540
vt 0.241795 0.522594
vt 0.239390 0.521788
vt 0.234243 0.596952
vt 0.218144 0.535220
vt 0.216199 0.538140
vt 0.203324 0.550818
vt 0.225704 0.581136
vt 0.221808 0.523270
vt 0.218833 0.572855
vt 0.500900 0.381438
vt 0.248407 0.615484
vt 0.247899 0.618776
vt 0.271185 0.588162
vt 0.282518 0.604744
vt 0.280581 0.610352
vt 0.277370 0.603628
vt 0.229931 0.614115
vt 0.257554 0.603819
vt 0.258261 0.600916
vt 0.260652 0.598191
vt 0.263730 0.596115
vt 0.258412 0.599298
vt 0.928065 0.131298
vt 0.889707 0.095247
vt 0.884363 0.093448
vt 0.888616 0.105614
vt 0.897993 0.090468
vt 0.887193 0.069770
vt 0.411813 0.203300
vt 0.419468 0.214799
vt 0.177485 0.574833
vt 0.214851 0.692018
vt 0.457158 0.369272
vt 0.283919 0.610734
vt 0.522557 0.398782
vt 0.512238 0.398268
vt 0.481837 0.393855
vt 0.865782 0.158381
vt 0.862768 0.161577
vt 0.918477 0.194132
vt 0.949372 0.193165
vt 0.841448 0.182629
vt 0.154739 0.371593
vt 0.438327 0.845070
vt 0.207109 0.750748
vt 0.922248 0.077852
vt 0.603983 0.335950
vt 0.326723 0.122135
vt 0.318479 0.124512
vt 0.293181 0.083991
vt 0.417593 0.252670
vt 0.450938 0.227213
vt 0.961671 0.186791
vt 0.364972 0.162574
vt 0.372431 0.113471
vt 0.402110 0.331189
vt 0.798687 0.147406
vt 0.155365 0.368427
vt 0.153979 0.368232
vt 0.891362 0.711200
vt 0.439811 0.794950
vt 0.962463 0.679325
vt 0.388281 0.768453
vt 0.376849 0.763495
vt 0.548486 0.312769
vt 0.476396 0.301677
vt 0.323887 0.899061
vt 0.334661 0.775862
vt 0.336187 0.778653
vt 0.371580 0.757265
vt 0.355895 0.276526
vt 0.399975 0.023461
vt 0.418727 0.023309
vt 0.462385 0.057416
vt 0.322664 0.234317
vt 0.268076 0.239255
vt 0.470729 0.040080
vt 0.448306 0.005305
vt 0.444630 0.005661
vt 0.228035 0.213725
vt 0.484344 0.037938
vt 0.495853 0.043901
vt 0.453433 0.054451
vt 0.284327 0.263196
vt 0.378266 0.776998
vt 0.401063 0.772668
vt 0.418236 0.787987
vt 0.407845 0.782609
vt 0.409634 0.798940
vt 0.392298 0.821759
vt 0.377784 0.832845
vt 0.390867 0.835296
vt 0.420500 0.223222
vt 0.136762 0.534144
vt 0.439183 0.837497
vt 0.432606 0.839946
vt 0.442647 0.840293
vt 0.425516 0.848590
vt 0.451559 0.823557
vt 0.420531 0.803088
vt 0.312785 0.223314
vt 0.454549 0.060204
vt 0.392467 0.102498
vt 0.250123 0.243170
vt 0.218310 0.602321
vt 0.218969 0.510440
vt 0.268194 0.604227
vt 0.218708 0.508732
vt 0.211528 0.233066
vt 0.233746 0.226664
vt 0.366869 0.330470
vt 0.448850 0.263383
vt 0.593933 0.257537
vt 0.328087 0.836632
vt 0.295611 0.821089
vt 0.296284 0.898811
vt 0.252438 0.871843
vt 0.535906 0.318017
vt 0.209580 0.252925
vt 0.972469 0.682530
vt 0.193152 0.726241
vt 0.945587 0.685858
vt 0.900181 0.746815
vt 0.150125 0.320068
vt 0.155848 0.351022
vt 0.212361 0.374217
vt 0.288691 0.313851
vt 0.328629 0.350429
vt 0.319414 0.785024
vt 0.274468 0.778448
vt 0.953052 0.127911
vt 0.147038 0.553760
vt 0.398314 0.244057
vt 0.308409 0.169956
vt 0.319119 0.199842
vt 0.848250 0.018619
vt 0.365896 0.238845
vt 0.942752 0.019153
vt 0.899096 0.027869
vt 0.205672 0.682564
vt 0.873218 0.223759
vt 0.878810 0.218966
vt 0.880714 0.192924
vt 0.913780 0.202009
vt 0.153710 0.492320
vt 0.492367 0.396343
vt 0.291116 0.599171
vt 0.271023 0.605623
vt 0.892633 0.059375
vt 0.189360 0.700457
vt 0.350396 0.377938
vt 0.837196 0.025568
vt 0.964998 0.162662
vt 0.179249 0.743551
vt 0.207903 0.272325
vt 0.377246 0.345601
vt 0.331998 0.772434
vt 0.631572 0.312022
vt 0.216745 0.685026
vt 0.263583 0.459404
vt 0.224178 0.213768
vt 0.146732 0.236323
vt 0.294053 0.201511
vt 0.525736 0.158796
vt 0.282702 0.834777
vt 0.204572 0.275829
vt 0.465799 0.228681
vt 0.963074 0.190424
vt 0.756460 0.040776
vt 0.872260 0.024058
vt 0.292355 0.483612
vt 0.250971 0.448099
vt 0.257921 0.602410
vt 0.889875 0.711354
vt 0.408559 0.021789
s 1
f 2159/1/1 2145/2/2 2158/3/3
f 1928/4/4 1926/5/5 1925/6/6
f 68/7/7 2234/8/8 2247/9/9
f 1882/10/10 75/11/11 1883/12/12
f 82/13/13 1877/14/14 81/15/15
f 2288/16/16 4567/17/17 1859/18/18
f 1848/19/19 2306/20/20 1851/21/21
f 2375/22/22 1828/23/23 2376/24/24
f 2395/25/25 2403/26/26 3958/27/27
f 185/28/28 2437/29/29 176/30/30
f 183/31/31 180/32/32 178/33/33
f 1786/34/34 224/35/35 235/36/36
f 2492/37/37 226/38/38 227/39/39
f 4488/40/40 2531/41/41 253/42/42
f 4485/43/43 2523/44/44 2539/45/45
f 2525/46/46 2536/47/47 4486/48/48
f 4483/49/49 266/50/50 265/51/51
f 255/52/52 4676/53/53 2544/54/54
f 1754/55/55 4457/56/56 1755/57/57
f 326/58/58 2656/59/59 331/60/60
f 4436/61/61 4435/62/62 1977/63/63
f 2728/64/64 375/65/65 4428/66/66
f 2732/67/67 2736/68/68 381/69/69
f 383/70/70 378/71/71 1713/72/72
f 4421/73/73 4878/74/74 2745/75/75
f 405/76/76 398/77/77 4419/78/78
f 2768/79/79 4411/80/80 1699/81/81
f 2777/82/82 417/83/83 416/84/84
f 2363/85/85 2790/86/86 2791/87/87
f 1993/88/88 4698/89/89 4377/90/90
f 2930/91/91 511/92/92 2701/93/93
f 1630/94/94 532/95/95 534/96/96
f 542/97/97 1632/98/98 539/99/99
f 2964/100/100 1617/101/101 554/102/102
f 566/103/103 2995/104/104 2988/105/105
f 3004/106/106 578/107/107 575/108/108
f 570/109/109 2999/110/110 1190/111/111
f 1594/112/112 3968/113/113 3027/114/114
f 2456/115/115 1593/116/116 2448/117/117
f 571/118/118 2985/119/119 2004/120/120
f 2005/121/121 270/122/122 2569/123/123
f 1577/124/124 4317/125/125 3067/126/126
f 1581/127/127 1576/128/128 610/129/129
f 1574/130/130 4316/131/131 611/132/132
f 619/133/133 3072/134/134 4313/135/135
f 3086/136/136 3087/137/137 1281/138/138
f 1047/139/139 1280/140/140 3083/141/141
f 1546/142/142 3134/143/143 1543/144/144
f 4303/145/145 3972/146/146 3145/147/147
f 2085/148/148 2016/149/149 3172/150/150
f 702/151/151 3224/152/152 3235/153/153
f 3260/154/154 723/155/155 724/156/156
f 3327/157/157 3323/158/158 1485/159/159
f 3339/160/160 3340/161/161 3336/162/162
f 753/163/163 2028/164/164 3347/165/165
f 3348/166/166 1478/167/167 3343/168/168
f 3362/169/169 1474/170/170 3370/171/171
f 3379/172/172 770/173/173 775/174/174
f 772/175/175 3365/176/176 771/177/177
f 4234/178/178 3380/179/179 777/180/180
f 3383/181/181 1198/182/182 793/183/183
f 817/184/184 3826/185/185 1224/186/186
f 3415/187/187 3418/188/188 819/189/189
f 824/190/190 3421/191/191 4207/192/192
f 3445/193/193 2035/194/194 3450/195/195
f 3474/196/196 863/197/197 859/198/198
f 3480/199/199 3467/200/200 3469/201/201
f 3544/202/202 3555/203/203 3554/204/204
f 4148/205/205 928/206/206 927/207/207
f 3595/208/208 3594/209/209 3596/210/210
f 3604/211/211 936/212/212 3602/213/213
f 956/214/214 4854/215/215 692/216/216
f 967/217/217 971/218/218 3641/219/219
f 3667/220/220 3019/221/221 3020/222/222
f 992/223/223 731/224/224 714/225/225
f 4070/226/226 1048/227/227 3774/228/228
f 1268/229/229 1060/230/230 1079/231/231
f 3809/232/232 1089/233/233 1096/234/234
f 1252/235/235 4055/236/236 1104/237/237
f 1250/238/238 3407/239/239 812/240/240
f 4039/241/241 1239/242/242 1276/243/243
f 1128/244/244 4031/245/245 1129/246/246
f 3888/247/247 4022/248/248 3889/249/249
f 3909/250/250 1226/251/251 3899/252/252
f 3923/253/253 4011/254/254 4833/255/255
f 655/256/256 1542/257/257 660/258/258
f 1210/259/259 3945/260/260 1207/261/261
f 3817/262/262 4053/263/263 3835/264/264
f 3772/265/265 3778/266/266 1051/267/267
f 1038/268/268 1041/269/269 3765/270/270
f 1305/271/271 1303/272/272 1297/273/273
f 4086/274/274 3745/275/275 4087/276/276
f 4123/277/277 965/278/278 1327/279/279
f 1347/280/280 3644/281/281 968/282/282
f 966/283/283 3643/284/284 2052/285/285
f 4124/286/286 1354/287/287 1353/288/288
f 955/289/289 954/290/290 3632/291/291
f 3618/292/292 1366/293/293 1368/294/294
f 4355/295/295 2049/296/296 2001/297/297
f 1403/298/298 1402/299/299 887/300/300
f 1407/301/301 425/302/302 426/303/303
f 1436/304/304 3437/305/305 3434/306/306
f 3980/307/307 3439/308/308 829/309/309
f 822/310/310 825/311/311 3433/312/312
f 1482/313/313 1480/314/314 745/315/315
f 742/316/316 297/317/317 3329/318/318
f 1507/319/319 708/320/320 3237/321/321
f 3201/322/322 3199/323/323 3195/324/324
f 4302/325/325 3164/326/326 902/327/327
f 896/328/328 653/329/329 4170/330/330
f 1578/331/331 612/332/332 1575/333/333
f 598/334/334 1591/335/335 600/336/336
f 537/337/337 2947/338/338 538/339/339
f 535/340/340 2943/341/341 533/342/342
f 593/343/343 2941/344/344 3029/345/345
f 515/346/346 523/347/347 522/348/348
f 495/349/349 1651/350/350 2913/351/351
f 1666/352/352 481/353/353 1664/354/354
f 2879/355/355 2873/356/356 4373/357/357
f 2859/358/358 1994/359/359 4695/360/360
f 2854/361/361 2853/362/362 1987/363/363
f 1677/364/364 463/365/365 1681/366/366
f 2760/367/367 4418/368/368 4417/369/369
f 2744/370/370 1710/371/371 2737/372/372
f 4445/373/373 2670/374/374 332/375/375
f 278/376/376 1757/377/377 279/378/378
f 254/379/379 2533/380/380 2550/381/381
f 2518/382/382 2532/383/383 4487/384/384
f 2511/385/385 237/386/386 248/387/387
f 238/388/388 228/389/389 1782/390/390
f 216/391/391 217/392/392 2493/393/393
f 1803/394/394 2440/395/395 2449/396/396
f 143/397/397 140/398/398 1827/399/399
f 1846/400/400 2321/401/401 4557/402/402
f 2315/403/403 2314/404/404 2319/405/405
f 4807/406/406 1865/407/407 4636/408/408
f 4600/409/409 2195/410/410 1892/411/411
f 4606/412/412 1901/413/413 51/414/414
f 2180/415/415 4609/416/416 38/417/417
f 4572/418/418 4635/419/419 2271/420/420
f 2320/421/421 4555/422/422 2326/423/423
f 2329/424/424 4550/425/425 2336/426/426
f 2408/427/427 2285/428/428 2287/429/429
f 2588/430/430 274/431/431 4471/432/432
f 2683/433/433 1731/434/434 2676/435/435
f 4403/436/436 442/437/437 2799/438/438
f 1526/439/439 3204/440/440 682/441/441
f 3284/442/442 2027/443/443 2082/444/444
f 4038/445/445 4765/446/446 3872/447/447
f 1937/448/448 4814/449/449 1938/450/450
f 2224/451/451 4812/452/452 2222/453/453
f 2131/454/454 4781/455/455 4121/456/456
f 29/457/457 2173/458/458 2156/459/459
f 3951/460/460 2185/461/461 4603/462/462
f 2197/463/463 2196/464/464 2203/465/465
f 67/466/466 1889/467/467 2214/468/468
f 2215/469/469 2216/470/470 66/471/471
f 2232/472/472 71/473/473 2231/474/474
f 2225/475/475 4590/476/476 2228/477/477
f 4588/478/478 4810/479/479 4809/480/480
f 2261/481/481 2262/482/482 2276/483/483
f 1862/484/484 1867/485/485 93/486/486
f 98/487/487 2288/16/16 1859/18/18
f 2294/488/488 2292/489/489 1856/490/490
f 106/491/491 2309/492/492 354/493/493
f 371/494/494 120/495/495 1843/496/496
f 1841/497/497 4553/498/498 1842/499/499
f 2335/500/500 2327/501/501 2104/502/502
f 2355/503/503 4655/504/504 1961/505/505
f 4650/506/506 130/507/507 4654/508/508
f 1829/509/509 4658/510/510 2368/511/511
f 144/512/512 126/513/513 149/514/514
f 2098/515/515 4669/516/516 1819/517/517
f 591/518/518 1810/519/519 2425/520/520
f 2430/521/521 1806/522/522 4509/523/523
f 174/524/524 173/525/525 2432/526/526
f 199/527/527 2445/528/528 204/529/529
f 2465/530/530 2466/531/531 1796/532/532
f 1795/533/533 212/534/534 4498/535/535
f 2626/536/536 4456/537/537 2484/538/538
f 1778/539/539 223/540/540 2494/541/541
f 4491/542/542 2507/543/543 2520/544/544
f 249/545/545 1772/546/546 2521/547/547
f 2540/548/548 1770/549/549 1768/550/550
f 2549/551/551 262/552/552 1769/553/553
f 1765/554/554 2562/555/555 1763/556/556
f 267/557/557 2596/558/558 1760/559/559
f 2592/560/560 1975/561/561 4464/562/562
f 293/563/563 290/564/564 2611/565/565
f 4213/566/566 2633/567/567 5035/568/568
f 307/569/569 306/570/570 35/571/571
f 323/572/572 328/573/573 322/574/574
f 4444/575/575 2667/576/576 2665/577/577
f 2928/578/578 2697/579/579 2693/580/580
f 2708/581/581 2713/582/582 2707/583/583
f 368/584/584 2725/585/585 2719/586/586
f 4423/587/587 384/588/588 379/589/589
f 395/590/590 386/591/591 2747/592/592
f 382/593/593 1708/594/594 2738/595/595
f 431/596/596 1695/597/597 1696/598/598
f 4682/599/599 434/600/600 2662/601/601
f 435/602/602 2788/603/603 1738/604/604
f 2800/605/605 4410/606/606 447/607/607
f 2793/608/608 4401/609/609 440/610/610
f 2826/611/611 2822/612/612 452/613/613
f 459/614/614 1716/615/615 2817/616/616
f 2882/617/617 401/618/618 4375/619/619
f 4364/620/620 4362/621/621 2886/622/622
f 2891/623/623 1662/624/624 4370/625/625
f 2894/626/626 2902/627/627 2901/628/628
f 2910/629/629 1997/630/630 498/631/631
f 2912/632/632 2911/633/633 4357/634/634
f 1641/635/635 4858/636/636 1638/637/637
f 2960/638/638 2069/639/639 2956/640/640
f 2977/641/641 556/642/642 557/643/643
f 3011/644/644 1598/645/645 3015/646/646
f 2934/647/647 3025/648/648 1640/649/649
f 4479/650/650 2570/651/651 1762/652/652
f 606/653/653 3034/654/654 3060/655/655
f 1577/124/124 3074/656/656 1574/130/130
f 1570/657/657 3074/656/656 1573/658/658
f 614/659/659 3072/134/134 619/133/133
f 3085/660/660 1282/661/661 3084/662/662
f 3102/663/663 2087/664/664 4309/665/665
f 4308/666/666 4826/667/667 2009/668/668
f 3120/669/669 3125/670/670 4706/671/671
f 3166/672/672 3165/673/673 4299/674/674
f 3176/675/675 1530/676/676 3175/677/677
f 3975/678/678 3185/679/679 677/680/680
f 3176/675/675 674/681/681 1530/676/676
f 3190/682/682 679/683/683 4286/684/684
f 3210/685/685 2022/686/686 4280/687/687
f 3228/688/688 3226/689/689 1196/690/690
f 696/691/691 1513/692/692 1516/693/693
f 701/694/694 3231/695/695 3233/696/696
f 4273/697/697 4272/698/698 3977/699/699
f 706/700/700 4271/701/701 1197/702/702
f 673/703/703 3243/704/704 671/705/705
f 2419/706/706 4269/707/707 3242/708/708
f 4263/709/709 4772/710/710 719/711/711
f 1500/712/712 4261/713/713 4721/714/714
f 732/715/715 736/716/716 4251/717/717
f 3296/718/718 3298/719/719 3294/720/720
f 3304/721/721 734/722/722 3293/723/723
f 4731/724/724 738/725/725 1488/726/726
f 755/727/727 754/728/728 761/729/729
f 762/730/730 759/731/731 1475/732/732
f 3363/733/733 3360/734/734 3355/735/735
f 3381/736/736 3384/737/737 798/738/738
f 4856/739/739 4222/740/740 800/741/741
f 1446/742/742 3856/743/743 4042/744/744
f 2079/745/745 2080/746/746 4211/747/747
f 3414/748/748 1445/749/749 5000/750/750
f 4737/751/751 847/752/752 3446/753/753
f 845/754/754 3451/755/755 1430/756/756
f 849/757/757 4736/758/758 2036/759/759
f 3472/760/760 848/761/761 1422/762/762
f 3481/763/763 4189/764/764 875/765/765
f 1413/766/766 3477/767/767 1935/768/768
f 872/769/769 874/770/770 871/771/771
f 3485/772/772 4188/773/773 3484/774/774
f 3497/775/775 3495/776/776 3500/777/777
f 2779/778/778 4177/779/779 888/780/780
f 2078/781/781 2040/782/782 3515/783/783
f 3516/784/784 3517/785/785 3520/786/786
f 3530/787/787 899/788/788 901/789/789
f 3549/790/790 3548/791/791 3541/792/792
f 4154/793/793 4153/794/794 912/795/795
f 3582/796/796 4755/797/797 929/798/798
f 4137/799/799 1367/800/800 939/801/801
f 3607/802/802 3608/803/803 3609/804/804
f 3616/805/805 3615/806/806 1363/807/807
f 4125/808/808 1361/809/809 944/810/810
f 3651/811/811 976/812/812 1342/813/813
f 3658/814/814 3915/815/815 978/816/816
f 3654/817/817 3918/818/818 4852/819/819
f 981/820/820 4329/821/821 3660/822/822
f 3677/823/823 3665/824/824 3666/825/825
f 991/826/826 3676/827/827 1334/828/828
f 3672/829/829 4111/830/830 985/831/831
f 3675/832/832 4107/833/833 4855/834/834
f 993/835/835 3697/836/836 3692/837/837
f 3985/838/838 3703/839/839 4101/840/840
f 997/841/841 4099/842/842 1164/843/843
f 3931/844/844 3930/845/845 3710/846/846
f 3051/847/847 2054/848/848 3050/849/849
f 3733/850/850 3722/851/851 1317/852/852
f 4092/853/853 3726/854/854 4091/855/855
f 3735/856/856 1005/857/857 1321/858/858
f 1012/859/859 1312/860/860 1313/861/861
f 3736/862/862 3732/863/863 1014/864/864
f 1315/865/865 4090/866/866 3734/867/867
f 1299/868/868 3759/869/869 3988/870/870
f 1050/871/871 1278/872/872 3775/873/873
f 3780/874/874 4066/875/875 3782/876/876
f 4060/877/877 1267/878/878 1264/879/879
f 3791/880/880 1085/881/881 1084/882/882
f 3800/883/883 1258/884/884 1301/885/885
f 1090/886/886 3815/887/887 1083/888/888
f 3814/889/889 4056/890/890 3813/891/891
f 3850/892/892 1245/893/893 4044/894/894
f 1112/895/895 3842/896/896 4050/897/897
f 1121/898/898 3844/899/899 1241/900/900
f 3863/901/901 3848/902/902 3864/903/903
f 4040/904/904 3866/905/905 3869/906/906
f 1123/907/907 3871/908/908 3876/909/909
f 1072/910/910 3785/911/911 1269/912/912
f 3883/913/913 3884/914/914 1136/915/915
f 4023/916/916 4026/917/917 3992/918/918
f 3898/919/919 1146/920/920 3897/921/921
f 2074/922/922 1228/923/923 3905/924/924
f 4013/925/925 3922/926/926 1161/927/927
f 4201/928/928 3932/929/929 1165/930/930
f 4775/931/931 1173/932/932 1169/933/933
f 1208/934/934 1180/935/935 3947/936/936
f 4580/937/937 84/938/938 2257/939/939
f 4573/940/940 1871/941/941 87/942/942
f 503/943/943 496/944/944 1655/945/945
f 2972/946/946 2978/947/947 2980/948/948
f 4100/949/949 3702/950/950 2076/951/951
f 2063/952/952 3921/953/953 4014/954/954
f 3879/955/955 3875/956/956 4037/957/957
f 3857/958/958 4041/959/959 3861/960/960
f 3906/961/961 3907/962/962 3821/963/963
f 1261/964/964 3791/880/880 1084/882/882
f 1287/965/965 1036/966/966 1035/967/967
f 3754/968/968 4075/969/969 1026/970/970
f 2072/971/971 3695/972/972 994/973/973
f 4140/974/974 4893/975/975 4103/976/976
f 4841/977/977 4126/978/978 959/979/979
f 908/980/980 1383/981/981 4848/982/982
f 3518/983/983 3512/984/984 4172/985/985
f 1452/986/986 1450/987/987 3394/988/988
f 3299/989/989 1489/990/990 3301/991/991
f 4788/992/992 3287/993/993 3281/994/994
f 3268/995/995 4721/714/714 831/996/996
f 3239/997/997 1505/998/998 3236/999/999
f 3208/1000/1000 4281/1001/1001 1523/1002/1002
f 3111/1003/1003 3182/1004/1004 3179/1005/1005
f 4521/1006/1006 676/1007/1007 1531/1008/1008
f 3159/1009/1009 666/1010/1010 3974/1011/1011
f 1555/1012/1012 641/1013/1013 1557/1014/1014
f 1566/1015/1015 3082/1016/1016 621/1017/1017
f 544/1018/1018 541/1019/1019 550/1020/1020
f 1637/1021/1021 518/1022/1022 517/1023/1023
f 2841/1024/1024 465/1025/1025 456/1026/1026
f 2783/1027/1027 1694/1028/1028 439/1029/1029
f 2195/410/410 4410/606/606 2790/86/86
f 353/1030/1030 345/1031/1031 2700/1032/1032
f 341/1033/1033 347/1034/1034 2698/1035/1035
f 2680/1036/1036 2681/1037/1037 2686/1038/1038
f 2679/1039/1039 2682/1040/1040 2672/1041/1041
f 2641/1042/1042 1747/1043/1043 4448/1044/1044
f 4466/1045/1045 4678/1046/1046 4470/1047/1047
f 2574/1048/1048 2552/1049/1049 4475/1050/1050
f 2541/1051/1051 2535/1052/1052 2524/1053/1053
f 4639/1054/1054 101/1055/1055 210/1056/1056
f 1799/1057/1057 3033/1058/1058 597/1059/1059
f 2457/1060/1060 2455/1061/1061 194/1062/1062
f 4508/1063/1063 197/1064/1064 184/1065/1065
f 2378/1066/1066 1826/1067/1067 3957/1068/1068
f 4536/1069/1069 132/1070/1070 2349/1071/1071
f 4651/1072/1072 4653/1073/1073 1960/1074/1074
f 2318/1075/1075 4641/1076/1076 1845/1077/1077
f 164/1078/1078 588/1079/1079 1864/1080/1080
f 1947/1081/1081 1942/1082/1082 1943/1083/1083
f 2248/1084/1084 4811/1085/1085 2108/1086/1086
f 2105/1087/1087 4643/1088/1088 2343/1089/1089
f 4655/504/504 4817/1090/1090 4800/1091/1091
f 4690/1092/1092 1680/1093/1093 4689/1094/1094
f 2133/1095/1095 4710/1096/1096 4711/1097/1097
f 3183/1098/1098 1529/1099/1099 2017/1100/1100
f 1513/692/692 4261/713/713 3219/1101/1101
f 3522/1102/1102 3529/1103/1103 3528/1104/1104
f 3696/1105/1105 1332/1106/1106 1330/1107/1107
f 3700/1108/1108 2053/1109/1109 3701/1110/1110
f 1098/1111/1111 3839/1112/1112 2059/1113/1113
f 4834/1114/1114 1216/1115/1115 3916/1116/1116
f 4002/1117/1117 1212/1118/1118 4005/1119/1119
f 4168/1120/1120 4165/1121/1121 4164/1122/1122
f 3318/1123/1123 3314/1124/1124 3317/1125/1125
f 2125/1126/1126 4829/1127/1127 4296/1128/1128
f 4791/1129/1129 2007/1130/1130 3100/1131/1131
f 3007/1132/1132 4116/1133/1133 3006/1134/1134
f 339/1135/1135 340/1136/1136 4439/1137/1137
f 2426/1138/1138 1967/1139/1139 2428/1140/1140
f 4817/1090/1090 2348/1141/1141 4649/1142/1142
f 4813/1143/1143 4629/1144/1144 72/1145/1145
f 159/1146/1146 2414/1147/1147 1966/1148/1148
f 4300/1149/1149 4301/1150/1150 4789/1151/1151
f 4869/1152/1152 4788/1153/992 3281/1154/994
f 3539/1155/1153 4166/1156/1154 2042/1157/1155
f 4800/1091/1091 2118/1158/1156 4652/1159/1157
f 2/1160/1158 2143/1161/1159 4620/1162/1160
f 232/1163/1161 220/1164/1162 2498/1165/1163
f 487/1166/1164 1656/1167/1165 4359/1168/1166
f 509/1169/1167 510/1170/1168 1642/1171/1169
f 794/1172/1170 3395/1173/1171 796/1174/1172
f 1077/1175/1173 3788/1176/1174 1075/1177/1175
f 3769/1178/1176 1286/1179/1177 3768/1180/1178
f 1442/1181/1179 1444/1182/1180 1443/1183/1181
f 1875/1184/1182 1737/1185/1183 333/1186/1184
f 2489/1187/1185 218/1188/1186 1789/1189/1187
f 2782/1190/1188 430/1191/1189 2781/1192/1190
f 3890/1193/1191 1230/1194/1192 1145/1195/1193
f 4602/1196/1194 4601/1197/1195 50/1198/1196
f 6/1199/1197 5/1200/1198 2138/1201/1199
f 2141/1202/1200 2139/1203/1201 1932/1204/1202
f 1931/1205/1203 2140/1206/1204 2139/1203/1201
f 4592/1207/1205 4/1208/1206 3/1209/1207
f 2138/1201/1199 2143/1161/1159 6/1199/1197
f 1876/1210/1208 2142/1211/1209 1930/1212/1210
f 2142/1211/1209 21/1213/1211 1930/1212/1210
f 2158/3/3 4619/1214/1212 4616/1215/1213
f 2144/1216/1214 2145/2/2 7/1217/1215
f 2139/1203/1201 4939/1218/1216 4618/1219/1217
f 12/1220/1218 3/1209/1207 4/1208/1206
f 4/1208/1206 4938/1221/1219 12/1220/1218
f 2150/1222/1220 2170/1223/1221 10/1224/1222
f 2151/1225/1223 16/1226/1224 15/1227/1225
f 2149/1228/1226 4580/937/937 1921/1229/1227
f 14/1230/1228 4935/1231/1229 2150/1232/1220
f 14/1230/1228 18/1233/1230 2153/1234/1231
f 2154/1235/1232 14/1230/1228 2153/1234/1231
f 302/1236/1233 2153/1234/1231 1748/1237/1234
f 4617/1238/1235 2153/1234/1231 18/1233/1230
f 15/1227/1225 13/1239/1236 2151/1225/1223
f 2155/1240/1237 20/1241/1238 19/1242/1239
f 1930/1212/1210 2157/1243/1240 1876/1210/1208
f 2177/1244/1241 1930/1212/1210 21/1213/1211
f 36/1245/1242 2158/3/3 2161/1246/1243
f 4616/1215/1213 22/1247/1244 2160/1248/1245
f 2161/1246/1243 4616/1215/1213 2160/1248/1245
f 2160/1248/1245 2178/1249/1246 37/1250/1247
f 23/1251/1248 2163/1252/1249 2162/1253/1250
f 24/1254/1251 43/1255/1252 2163/1252/1249
f 1925/6/6 1910/1256/1253 2179/1257/1254
f 4608/1258/1255 1926/5/5 2169/1259/1256
f 45/1260/1257 2171/1261/1258 4615/1262/1259
f 2171/1261/1258 4991/1263/1260 4615/1262/1259
f 2166/1264/1261 26/1265/1262 27/1266/1263
f 27/1266/1263 2167/1267/1264 2166/1264/1261
f 2146/1268/1265 2170/1223/1221 1922/1269/1266
f 4614/1270/1267 1920/1271/1268 33/1272/1269
f 31/1273/1270 33/1272/1269 34/1274/1271
f 1918/1275/1272 4611/1276/1273 28/1277/1274
f 1916/1278/1275 1917/1279/1276 2176/1280/1277
f 1916/1278/1275 2175/1281/1278 1915/1282/1279
f 1913/1283/1280 21/1213/1211 2159/1/1
f 37/1250/1247 2184/1284/1281 4610/1285/1282
f 4610/1285/1282 2185/461/461 3951/460/460
f 37/1250/1247 2161/1246/1243 2160/1248/1245
f 2163/1286/1249 40/1287/1283 2178/1249/1246
f 42/1288/1284 39/1289/1285 41/1290/1286
f 43/1291/1252 38/417/417 40/1287/1283
f 3952/1292/1287 2184/1284/1281 1904/1293/1288
f 1904/1293/1288 1912/1294/1289 39/1289/1285
f 1910/1256/1253 46/1295/1290 44/1296/1291
f 2187/1297/1292 46/1295/1290 4607/1298/1293
f 2182/1299/1294 4943/1300/1295 1907/1301/1296
f 2189/1302/1297 1907/1301/1296 2183/1303/1298
f 2189/1302/1297 2639/1304/1299 1898/1305/1300
f 3952/1292/1287 52/1306/1301 2186/1307/1302
f 49/1308/1303 4898/1309/1304 2187/1297/1292
f 2192/1310/1305 1903/1311/1306 53/1312/1307
f 4607/1298/1293 2188/1313/1308 1902/1314/1309
f 4606/412/412 2188/1313/1308 1901/413/413
f 1900/1315/1310 1903/1311/1306 1899/1316/1311
f 2188/1313/1308 1893/1317/1312 1901/413/413
f 2177/1244/1241 1905/1318/1313 1914/1319/1314
f 2191/1320/1315 4603/462/462 2186/1307/1302
f 53/1312/1307 54/1321/1316 1896/1322/1317
f 53/1312/1307 2193/1323/1318 2192/1310/1305
f 4601/1197/1195 54/1321/1316 1900/1315/1310
f 4601/1197/1195 55/1324/1319 1894/1325/1320
f 55/1324/1319 51/414/414 56/1326/1321
f 56/1326/1321 59/1327/1322 55/1324/1319
f 59/1327/1322 1894/1325/1320 55/1324/1319
f 62/1328/1323 54/1321/1316 1894/1325/1320
f 4920/1329/1324 4605/1330/1325 4600/409/409
f 2189/1302/1297 4600/409/409 4605/1330/1325
f 2186/1307/1302 1897/1331/1326 2191/1320/1315
f 2193/1323/1318 2194/1332/1327 1897/1333/1326
f 2194/1334/1327 58/1335/1328 1897/1331/1326
f 60/1336/1329 1895/1337/1330 1892/411/411
f 61/1338/1331 59/1327/1322 60/1336/1329
f 2208/1339/1332 4598/1340/1333 2113/1341/1334
f 2214/1342/468 2200/1343/1335 67/1344/466
f 2196/464/464 4597/1345/1336 2203/465/465
f 2234/8/8 4596/1346/1337 2204/1347/1338
f 67/466/466 65/1348/1339 1889/467/467
f 4919/1349/1340 70/1350/1341 2233/1351/1342
f 2109/1352/1343 2215/469/469 1888/1353/1344
f 1885/1354/1345 2233/1351/1342 2229/1355/1346
f 70/1350/1341 2229/1355/1346 2233/1351/1342
f 72/1145/1145 3/1209/1207 1931/1205/1203
f 2213/1356/1347 2225/475/475 2228/477/477
f 2241/1357/1348 69/1358/1349 2245/1359/1350
f 2244/1360/1351 69/1358/1349 2109/1352/1343
f 1882/10/10 74/1361/1352 75/11/11
f 4589/1362/1353 76/1363/1354 75/11/11
f 1877/14/14 80/1364/1355 81/15/15
f 4809/480/480 78/1365/1356 4588/478/478
f 79/1366/1357 2246/1367/1358 4589/1362/1353
f 2238/1368/1359 4586/1369/1360 1879/1370/1361
f 4630/1371/1362 2664/1372/1363 2238/1368/1359
f 1878/1373/1364 2246/1367/1358 2251/1374/1365
f 2252/1375/1366 1881/1376/1367 1878/1373/1364
f 77/1377/1368 79/1366/1357 78/1365/1356
f 5/1200/1198 81/15/15 80/1364/1355
f 2272/1378/1369 1914/1319/1314 1905/1318/1313
f 2257/939/939 1919/1379/1370 32/1380/1371
f 1921/1229/1227 2257/939/939 32/1380/1371
f 1875/1184/1182 1874/1381/1372 1737/1185/1183
f 2260/1382/1373 4633/1383/1374 4578/1384/1375
f 2263/1385/1376 1873/1386/1377 4584/1387/1378
f 4581/1388/1379 1872/1389/1380 2264/1390/1381
f 4576/1391/1382 4575/1392/1383 2265/1393/1384
f 2280/1394/1385 4575/1392/1383 86/1395/1386
f 2280/1394/1385 87/942/942 1871/941/941
f 4576/1391/1382 88/1396/1387 83/1397/1388
f 1871/941/941 89/1398/1389 4575/1392/1383
f 1950/1399/1390 1870/1400/1391 1869/1401/1392
f 4905/1402/1393 1733/1403/1394 2674/1404/1395
f 1934/1405/1396 1949/1406/1397 2137/1407/1398
f 2283/1408/1399 1864/1080/1080 2273/1409/1400
f 2273/1409/1400 4442/1410/1401 4573/940/940
f 2283/1408/1399 4573/940/940 87/942/942
f 1862/484/484 4635/419/419 1867/485/485
f 156/1411/1402 2277/1412/1403 4798/1413/1404
f 1952/1414/1405 1873/1386/1377 4570/1415/1406
f 2283/1408/1399 2281/1416/1407 92/1417/1408
f 94/1418/1409 4569/1419/1410 2284/1420/1411
f 2287/429/429 94/1418/1409 1861/1421/1412
f 1861/1421/1412 97/1422/1413 1859/18/18
f 2099/1423/1414 2289/1424/1415 1860/1425/1416
f 97/1422/1413 98/487/487 1859/18/18
f 2136/1426/1417 4566/1427/1418 1858/1428/1419
f 100/1429/1420 4637/1430/1421 4566/1427/1418
f 4565/1431/1422 2291/1432/1423 102/1433/1424
f 4564/1434/1425 4639/1054/1054 2301/1435/1426
f 2415/1436/1427 2292/489/489 2294/488/488
f 2295/1437/1428 2293/1438/1429 1855/1439/1430
f 2297/1440/1431 2294/488/488 1856/490/490
f 111/1441/1432 1852/1442/1433 2302/1443/1434
f 114/1444/1435 106/491/491 112/1445/1436
f 3953/1446/1437 112/1445/1436 106/491/491
f 2304/1447/1438 107/1448/1439 2303/1449/1440
f 3953/1446/1437 4561/1450/1441 2304/1447/1438
f 1850/1451/1442 1852/1442/1433 1853/1452/1443
f 108/1453/1444 109/1454/1445 1852/1442/1433
f 105/1455/1446 110/1456/1447 112/1445/1436
f 112/1445/1436 2311/1457/1448 114/1444/1435
f 2311/1457/1448 2307/1458/1449 114/1444/1435
f 2308/1459/1450 1847/1460/1451 113/1461/1452
f 2306/20/20 1844/1462/1453 115/1463/1454
f 1853/1464/1443 115/1463/1454 1850/1465/1442
f 2315/403/403 1848/19/19 2314/404/404
f 4557/402/402 4640/1466/1455 2313/1467/1456
f 118/1468/1457 2715/1469/1458 2312/1470/1459
f 1846/400/400 2320/1471/421 2321/401/401
f 124/1472/1460 2115/1473/1461 2329/424/424
f 1842/499/499 119/1474/1462 1841/497/497
f 371/494/494 2325/1475/1463 120/495/495
f 2320/1471/421 2328/1476/1464 2321/401/401
f 2323/1477/1465 142/1478/1466 139/1479/1467
f 1842/499/499 2323/1477/1465 121/1480/1468
f 1842/499/499 123/1481/1469 2330/1482/1470
f 2336/426/426 3955/1483/1471 2329/424/424
f 2104/502/502 1956/1484/1472 2335/500/500
f 4549/1485/1473 2341/1486/1474 2338/1487/1475
f 4993/1488/1476 1956/1484/1472 4544/1489/1477
f 4769/1490/1478 4645/1491/1479 4542/1492/1480
f 4543/1493/1481 1837/1494/1482 4544/1489/1477
f 4801/1495/1483 4644/1496/1484 2339/1497/1485
f 129/1498/1486 1837/1494/1482 1836/1499/1487
f 132/1500/1070 4541/1501/1488 4539/1502/1489
f 2101/1503/1490 134/1504/1491 2350/1505/1492
f 131/1506/1493 129/1507/1486 1834/1508/1494
f 132/1070/1070 2356/1509/1495 133/1510/1496
f 2352/1511/1497 2354/1512/1498 2353/1513/1499
f 1832/1514/1500 1892/411/411 2195/410/410
f 2195/410/410 327/1515/1501 4410/606/606
f 2362/1516/1502 2364/1517/1503 2369/1518/1504
f 2361/1519/1505 2363/85/85 2364/1520/1503
f 2364/1520/1503 2370/1521/1506 2371/1522/1507
f 138/1523/1508 2368/1524/511 444/1525/1509
f 119/1474/1462 2324/1526/1510 1830/1527/1511
f 2372/1528/1512 2376/24/24 1828/23/23
f 2378/1529/1066 4660/1530/1513 1829/509/509
f 4658/510/510 4660/1530/1513 2366/1531/1514
f 4533/1532/1515 119/1474/1462 1830/1527/1511
f 1827/399/399 5023/1533/1516 2372/1528/1512
f 138/1523/1508 4971/1534/1517 2374/1535/1518
f 4656/1536/1519 2365/1537/1520 4534/1538/1521
f 121/1480/1468 139/1479/1467 2324/1526/1510
f 2324/1526/1510 2375/22/22 2376/24/24
f 2375/22/22 2382/1539/1522 1828/23/23
f 1823/1540/1523 1828/23/23 2382/1539/1522
f 4660/1530/1513 4970/1541/1524 2366/1531/1514
f 2374/1535/1518 1826/1067/1067 2378/1066/1066
f 2373/1542/1525 140/398/398 1825/1543/1526
f 140/398/398 4661/1544/1527 1825/1543/1526
f 139/1479/1467 2379/1545/1528 2375/22/22
f 1823/1540/1523 4532/1546/1529 2377/1547/1530
f 1822/1548/1531 4532/1546/1529 2381/1549/1532
f 1820/1550/1533 147/1551/1534 1821/1552/1535
f 1821/1552/1535 4914/1553/1536 144/512/512
f 146/1554/1537 1821/1552/1535 145/1555/1538
f 2383/1556/1539 1820/1550/1533 146/1554/1537
f 4528/1557/1540 2385/1558/1541 1818/1559/1542
f 151/1560/1543 148/1561/1544 2385/1562/1541
f 148/1561/1544 2381/1563/1532 2385/1562/1541
f 150/1564/1545 146/1554/1537 2386/1565/1546
f 2383/1556/1539 4973/1566/1547 2384/1567/1548
f 4973/1566/1547 4528/1557/1540 2384/1567/1548
f 154/1568/1549 151/1569/1543 4528/1557/1540
f 2387/1570/1550 154/1568/1549 4528/1557/1540
f 2400/1571/1551 2398/1572/1552 1965/1573/1553
f 4667/1574/1554 3179/1005/1005 4713/1575/1555
f 2405/1576/1556 155/1577/1557 2404/1578/1558
f 2405/1576/1556 2420/1579/1559 4520/1580/1560
f 1533/1581/1561 162/1582/1562 2405/1576/1556
f 671/705/705 162/1582/1562 1/1583/1563
f 1866/1584/1564 4519/1585/1565 2409/1586/1566
f 2406/1587/1567 2286/1588/1568 1951/1589/1569
f 2412/1590/1570 4668/1591/1571 157/1592/1572
f 2365/1537/1520 1819/517/517 4669/516/516
f 159/1146/1146 160/1593/1573 2417/1594/1574
f 709/1595/1575 2420/1579/1559 1504/1596/1576
f 1814/1597/1577 2416/1598/1578 1815/1599/1579
f 2419/706/706 2417/1594/1574 4269/707/707
f 4269/707/707 160/1593/1573 4268/1600/1580
f 2407/1601/1581 165/1602/1582 4806/1603/1583
f 1812/1604/1584 2422/1605/1585 4513/1606/1586
f 166/1607/1587 4865/1608/1588 1813/1609/1589
f 169/1610/1590 1810/519/519 2424/1611/1591
f 1596/1612/1592 1812/1604/1584 2424/1611/1591
f 170/1613/1593 4980/1614/1594 1811/1615/1595
f 1809/1616/1596 1811/1615/1595 172/1617/1597
f 1807/1618/1598 172/1617/1597 2429/1619/1599
f 1809/1616/1596 2431/1620/1600 173/525/525
f 173/525/525 1808/1621/1601 1809/1616/1596
f 2436/1622/1602 2426/1138/1138 2428/1140/1140
f 176/30/30 4510/1623/1603 2436/1622/1602
f 4510/1623/1603 2096/1624/1604 2426/1138/1138
f 4510/1623/1603 2438/1625/1605 2429/1619/1599
f 177/1626/1606 1807/1618/1598 2429/1619/1599
f 2432/526/526 180/32/32 183/31/31
f 3030/1627/1607 183/31/31 595/1628/1608
f 185/28/28 186/1629/1609 2437/29/29
f 180/32/32 4509/523/523 181/1630/1610
f 2439/1631/1611 177/1626/1606 2446/1632/1612
f 4509/523/523 2439/1631/1611 191/1633/1613
f 178/33/33 181/1630/1610 179/1634/1614
f 190/1635/1615 181/1630/1610 1805/1636/1616
f 182/1637/1617 178/33/33 179/1634/1614
f 2430/521/521 1807/1618/1598 1806/522/522
f 181/1630/1610 191/1633/1613 1805/1636/1616
f 196/1638/1618 183/31/31 182/1637/1617
f 196/1638/1618 594/1639/1619 595/1628/1608
f 1801/1640/1620 4508/1063/1063 2458/1641/1621
f 2436/1642/1602 2435/1643/1622 176/1644/30
f 2445/528/528 189/1645/1623 2444/1646/1624
f 189/1645/1623 193/1647/1625 188/1648/1626
f 188/1648/1626 1804/1649/1627 187/1650/1628
f 187/1650/1628 195/1651/1629 2446/1632/1612
f 1805/1636/1616 193/1647/1625 192/1652/1630
f 1804/1649/1627 191/1633/1613 195/1651/1629
f 4506/1653/1631 4857/1654/1632 2447/1655/1633
f 4506/1653/1631 179/1634/1614 190/1635/1615
f 1798/1656/1634 1801/1640/1620 2458/1641/1621
f 2442/1657/1635 2450/1658/1636 2451/1659/1637
f 2452/1660/1638 4502/1661/1639 198/1662/1640
f 2445/528/528 2443/1663/1641 4504/1664/1642
f 2445/528/528 4501/1665/1643 204/529/529
f 4504/1666/1642 4500/1667/1644 4501/1668/1643
f 1800/1669/1645 204/529/529 4501/1665/1643
f 2453/1670/1646 4984/1671/1647 1802/1672/1648
f 2453/1670/1646 2460/1673/1649 194/1062/1062
f 4503/1674/1650 1798/1656/1634 1797/1675/1651
f 2449/396/396 1801/1640/1620 200/1676/1652
f 4503/1674/1650 2449/396/396 200/1676/1652
f 2459/1677/1653 202/1678/1654 2450/1658/1636
f 1800/1679/1645 4500/1667/1644 2467/1680/1655
f 207/1681/1656 3959/1682/1657 1800/1669/1645
f 3959/1682/1657 2454/1683/1658 204/529/529
f 201/1684/1659 2471/1685/1660 2465/530/530
f 2473/1686/1661 207/1687/1656 2468/1688/1662
f 208/1689/1663 2583/1690/1664 270/122/122
f 2468/1688/1662 206/1691/1665 2472/1692/1666
f 1795/533/533 211/1693/1667 212/534/534
f 2468/1688/1662 1791/1694/1668 2473/1686/1661
f 4925/1695/1669 1790/1696/1670 278/376/376
f 2483/1697/1671 4989/1698/1672 4819/1699/1673
f 2490/1700/1674 224/1701/35 215/1702/1675
f 225/1703/1676 2488/1704/1677 215/1702/1675
f 216/1705/391 2488/1704/1677 217/1706/392
f 224/1701/35 225/1703/1676 215/1702/1675
f 1789/1189/1187 219/1707/1678 221/1708/1679
f 221/1708/1679 2489/1187/1185 1789/1189/1187
f 2497/1709/1680 219/1707/1678 230/1710/1681
f 1186/1711/1682 2503/1712/1683 1781/1713/1684
f 1788/1714/1685 1781/1713/1684 2489/1187/1185
f 221/1708/1679 222/1715/1686 2490/1700/1674
f 233/1716/1687 2499/1717/1688 1787/1718/1689
f 223/1719/540 1787/1718/1689 2491/1720/1690
f 1787/1718/1689 1186/1711/1682 2491/1720/1690
f 2494/541/541 2511/385/385 1778/539/539
f 1785/1721/1691 217/392/392 2488/1722/1677
f 2495/1723/1692 2493/393/393 217/392/392
f 230/1710/1681 218/1188/1186 1782/390/390
f 4492/1724/1693 1781/1713/1684 2503/1712/1683
f 229/1725/1694 2489/1187/1185 1781/1713/1684
f 229/1725/1694 1782/390/390 218/1188/1186
f 230/1710/1681 228/389/389 2497/1709/1680
f 228/389/389 231/1726/1695 2497/1709/1680
f 2501/1727/1696 2499/1717/1688 234/1728/1697
f 2500/1729/1698 1787/1718/1689 2499/1717/1688
f 222/1730/1686 220/1164/1162 232/1163/1161
f 242/1731/1699 2498/1165/1163 239/1732/1700
f 235/36/36 242/1731/1699 2504/1733/1701
f 1786/34/34 1777/1734/1702 227/39/39
f 1777/1734/1702 2504/1733/1701 244/1735/1703
f 245/1736/1704 1777/1734/1702 244/1735/1703
f 1783/1737/1705 5006/1738/1706 236/1739/1707
f 2507/543/543 238/388/388 1782/390/390
f 4489/1740/1708 2502/1741/1709 1780/1742/1710
f 239/1732/1700 231/1726/1695 4490/1743/1711
f 2508/1744/1712 2501/1745/1696 246/1746/1713
f 234/1747/1697 246/1746/1713 2501/1745/1696
f 1780/1742/1710 2500/1729/1698 2501/1727/1696
f 240/1748/1714 2504/1733/1701 242/1731/1699
f 243/1749/1715 1774/1750/1716 2509/1751/1717
f 2510/1752/1718 1779/1753/1719 1778/539/539
f 298/1754/1720 243/1749/1715 2509/1751/1717
f 245/1736/1704 1775/1755/1721 2517/1756/1722
f 4487/384/384 2505/1757/1723 245/1736/1704
f 2520/544/544 2506/1758/1724 2522/1759/1725
f 4490/1743/1711 2521/547/547 2512/1760/1726
f 251/1761/1727 250/1762/1728 2534/1763/1729
f 246/1746/1713 4486/48/48 2508/1744/1712
f 1774/1750/1716 247/1764/1730 2509/1751/1717
f 252/1765/1731 2509/1766/1717 247/1764/1730
f 2527/1767/1732 246/1746/1713 241/1768/1733
f 300/1769/1734 2518/1770/382 2517/1771/1722
f 4988/1772/1735 248/387/387 2538/1773/1736
f 2531/1774/41 4487/384/384 2532/383/383
f 4483/49/49 248/387/387 1773/1775/1737
f 248/387/387 1776/1776/1738 1773/1775/1737
f 252/1765/1731 4676/53/53 2526/1777/1739
f 2510/1752/1718 2519/1778/1740 1771/1779/1741
f 260/1780/1742 1771/1779/1741 257/1781/1743
f 257/1781/1743 2519/1778/1740 256/1782/1744
f 301/1783/1745 2529/1784/1746 300/1769/1734
f 265/51/51 2538/1773/1736 4483/49/49
f 2536/47/47 4484/1785/1747 4486/48/48
f 3962/1786/1748 260/1780/1742 257/1781/1743
f 1767/1787/1749 2547/1788/1750 2546/1789/1751
f 264/1790/1752 256/1782/1744 2538/1773/1736
f 4480/1791/1753 1767/1792/1749 2548/1793/1754
f 4481/1794/1755 265/51/51 1972/1795/1756
f 266/50/50 1972/1795/1756 265/51/51
f 4480/1791/1753 271/1796/1757 266/50/50
f 266/50/50 259/1797/1758 4480/1791/1753
f 4476/1798/1759 2539/45/45 2551/1799/1760
f 2550/381/381 2574/1048/1048 4475/1050/1050
f 2542/1800/1761 4470/1047/1047 2553/1801/1762
f 3962/1786/1748 1764/1802/1763 3961/1803/1764
f 1764/1802/1763 2560/1804/1765 268/1805/1766
f 4473/1806/1767 270/122/122 1765/554/554
f 4472/1807/1768 1766/1808/1769 1762/652/652
f 2568/1809/1770 2566/1810/1771 273/1811/1772
f 1761/1812/1773 2572/1813/1774 2571/1814/1775
f 1757/377/377 280/1815/1776 279/378/378
f 2578/1816/1777 2559/1817/1778 2580/1818/1779
f 279/378/378 1758/1819/1780 2583/1820/1664
f 2583/1690/1664 1765/554/554 270/122/122
f 4467/1821/1781 2601/1822/1782 282/1823/1783
f 2591/1824/1784 2629/1825/1785 3063/1826/1786
f 282/1827/1783 2591/1824/1784 4467/1828/1781
f 274/1829/431 5026/1830/1787 2589/1831/1788
f 4467/1828/1781 2590/1832/1789 274/1829/431
f 2603/1833/1790 285/1834/1791 275/1835/1792
f 2597/1836/1793 2580/1818/1779 1759/1837/1794
f 275/1835/1792 2598/1838/1795 2603/1833/1790
f 2581/1839/1796 2595/1840/1797 2598/1838/1795
f 4468/1841/1798 2601/1822/1782 2586/1842/1799
f 2602/1843/1800 283/1844/1801 282/1827/1783
f 283/1844/1801 4944/1845/1802 2629/1825/1785
f 2606/1846/1803 2605/1847/1804 2613/1848/1805
f 2607/1849/1806 2614/1850/1807 2615/1851/1808
f 288/1852/1809 1757/377/377 278/376/376
f 286/1853/1810 2610/1854/1811 4459/1855/1812
f 286/1853/1810 281/1856/1813 2600/1857/1814
f 1752/1858/1815 284/1859/1816 292/1860/1817
f 288/1852/1809 292/1860/1817 284/1859/1816
f 2613/1861/1805 2612/1862/1818 2619/1863/1819
f 4460/1864/1820 2608/1865/1821 2615/1851/1808
f 4847/1866/1822 292/1860/1817 1754/55/55
f 1753/1867/1823 294/1868/1824 1751/1869/1825
f 2612/1862/1818 1750/1870/1826 2619/1863/1819
f 1755/57/57 4847/1866/1822 1754/55/55
f 292/1860/1817 4457/56/56 1754/55/55
f 293/563/563 4847/1866/1822 1753/1867/1823
f 4454/1871/1827 2619/1863/1819 1750/1870/1826
f 4457/56/56 294/1868/1824 1755/57/57
f 294/1868/1824 296/1872/1828 1751/1869/1825
f 4945/1873/1829 4460/1874/1820 2621/1875/1830
f 295/1876/1831 1749/1877/1832 296/1872/1828
f 3325/1878/1833 3324/1879/1834 743/1880/1835
f 299/1881/1836 300/1769/1734 298/1882/1720
f 299/1881/1836 4453/1883/1837 301/1783/1745
f 2526/1777/1739 4929/1884/1838 252/1765/1731
f 255/52/52 301/1783/1745 4453/1883/1837
f 2630/1885/1839 2633/567/567 4312/1886/1840
f 2634/1887/1841 3408/1888/1842 4212/1889/1843
f 303/1890/1844 302/1236/1233 1748/1237/1234
f 1927/1891/1845 304/1892/1846 4452/1893/1847
f 308/1894/1848 2635/1895/1849 303/1890/1844
f 305/1896/1850 307/569/569 310/1897/1851
f 4444/575/575 307/569/569 1936/1898/1852
f 4445/373/373 310/1897/1851 307/569/569
f 310/1897/1851 4451/1899/1853 305/1896/1850
f 313/1900/1854 4451/1899/1853 2636/1901/1855
f 4450/1902/1856 1747/1043/1043 4612/1903/1857
f 4449/1904/1858 4910/1905/1859 311/1906/1860
f 4449/1904/1858 4936/1907/1861 314/1908/1862
f 2637/1909/1863 4449/1904/1858 315/1910/1864
f 316/1911/1865 2640/1912/1866 2638/1913/1867
f 2638/1913/1867 4611/1276/1273 316/1911/1865
f 2639/1304/1299 2640/1912/1866 1743/1914/1868
f 4448/1044/1044 2642/1915/1869 2641/1042/1042
f 1746/1916/1870 1976/1917/1871 320/1918/1872
f 4447/1919/1873 2645/1920/1874 1742/1921/1875
f 4888/1922/1876 4447/1919/1873 1742/1921/1875
f 1745/1923/1877 2647/1924/1878 2652/1925/1879
f 2640/1912/1866 321/1926/1880 1743/1914/1868
f 317/1927/1881 318/1928/1882 2640/1912/1866
f 2649/1929/1883 2642/1915/1869 320/1918/1872
f 2653/1930/1884 2652/1925/1879 2647/1924/1878
f 1741/1931/1885 5044/1932/1886 2653/1930/1884
f 318/1928/1882 323/572/572 321/1926/1880
f 324/1933/1887 2649/1929/1883 2655/1934/1888
f 330/1935/1889 324/1933/1887 2655/1934/1888
f 434/600/600 325/1936/1890 1739/1937/1891
f 2656/59/59 5044/1932/1886 2654/1938/1892
f 327/1515/1501 1740/1939/1893 322/574/574
f 2660/1940/1894 328/573/573 323/572/572
f 331/60/60 1738/604/604 326/58/58
f 511/92/92 2784/1941/1895 2701/93/93
f 2701/93/93 331/60/60 2657/1942/1896
f 2667/576/576 333/1186/1184 2665/577/577
f 2666/1943/1897 1875/1184/1182 333/1186/1184
f 1187/1944/1898 1737/1185/1183 335/1945/1899
f 2670/374/374 333/1186/1184 1187/1944/1898
f 334/1946/1900 2664/1372/1363 4937/1947/1901
f 2668/1948/1902 1187/1944/1898 335/1945/1899
f 2670/374/374 1736/1949/1903 332/375/375
f 1735/1950/1904 1187/1944/1898 2671/1951/1905
f 2677/1952/1906 4443/1953/1907 4442/1410/1401
f 2681/1037/1037 2677/1952/1906 4442/1410/1401
f 2094/1954/1908 4679/1955/1909 2672/1041/1041
f 2680/1036/1036 2683/433/433 2676/435/435
f 2675/1956/1910 1731/434/434 4440/1957/1911
f 1733/1403/1394 2680/1036/1036 2676/435/435
f 336/1958/1912 338/1959/1913 2643/1960/1914
f 2692/1961/1915 2678/1962/1916 2685/1963/1917
f 2273/1409/1400 2685/1963/1917 2678/1962/1916
f 2681/1037/1037 2678/1962/1916 2686/1038/1038
f 2687/1964/1918 2693/580/580 2690/1965/1919
f 343/1966/1920 4438/1967/1921 4439/1137/1137
f 4437/1968/1922 347/1034/1034 341/1033/1033
f 2690/1965/1919 5005/1969/1923 2689/1970/1924
f 2695/1971/1925 344/1972/1926 1730/1973/1927
f 345/1031/1031 1730/1973/1927 344/1972/1926
f 2696/1974/1928 345/1031/1031 344/1972/1926
f 2700/1032/1032 2697/579/579 2928/578/578
f 1644/1975/1929 347/1034/1034 2699/1976/1930
f 2699/1976/1930 1977/63/63 4435/62/62
f 4436/61/61 1729/1977/1931 4435/62/62
f 348/1978/1932 351/1979/1933 349/1980/1934
f 350/1981/1935 351/1979/1933 4436/61/61
f 352/1982/1936 349/1980/1934 350/1981/1935
f 1727/1983/1937 353/1030/1030 1726/1984/1938
f 2691/1985/1939 2930/91/91 2701/93/93
f 2930/91/91 1644/1975/1929 2931/1986/1940
f 348/1978/1932 4953/1987/1941 507/1988/1942
f 4953/1987/1941 508/1989/1943 507/1988/1942
f 1725/1990/1944 349/1980/1934 1728/1991/1945
f 1643/1992/1946 1725/1990/1944 1728/1991/1945
f 4953/1987/1941 509/1169/1167 1642/1171/1169
f 2932/1993/1947 1728/1991/1945 352/1982/1936
f 355/1994/1948 107/1995/1439 2702/1996/1949
f 2705/1997/1950 2308/1459/1450 355/1994/1948
f 2702/1998/1949 358/1999/1951 359/2000/1952
f 355/1994/1948 359/2001/1952 357/2002/1953
f 2706/2003/1954 4434/2004/1955 2704/2005/1956
f 359/2001/1952 2709/2006/1957 357/2002/1953
f 2708/581/581 357/2002/1953 2709/2006/1957
f 359/2000/1952 4433/2007/1958 361/2008/1959
f 362/2009/1960 358/1999/1951 360/2010/1961
f 354/493/493 2706/2003/1954 2704/2005/1956
f 4958/2011/1962 2309/492/492 2312/1470/1459
f 4434/2004/1955 2711/2012/1963 2710/2013/1964
f 2710/2013/1964 360/2010/1961 4434/2004/1955
f 2709/2006/1957 364/2014/1965 3963/2015/1966
f 2710/2013/1964 4843/2016/1967 1722/2017/1968
f 2714/2018/1969 362/2009/1960 365/2019/1970
f 2715/1469/1458 4958/2011/1962 2312/1470/1459
f 4957/2020/1971 1979/2021/1972 2723/2022/1973
f 368/584/584 2718/2023/1974 1723/2024/1975
f 1723/2025/1975 2720/2026/1976 368/2027/584
f 2716/2028/1977 1724/2029/1978 2712/2030/1979
f 2711/2012/1963 4957/2020/1971 4843/2016/1967
f 4430/2031/1980 1722/2017/1968 1721/2032/1981
f 368/2027/584 374/2033/1982 2725/2034/585
f 370/2035/1983 372/2036/1984 371/494/494
f 2727/2037/1985 371/494/494 372/2036/1984
f 1718/2038/1986 2727/2037/1985 372/2036/1984
f 2814/2039/1987 1716/615/615 1719/2040/1988
f 1718/2038/1986 1716/615/615 1717/2041/1989
f 1717/2041/1989 375/65/65 1718/2038/1986
f 2725/585/585 1715/2042/1990 2719/586/586
f 1714/2043/1991 375/65/65 2728/64/64
f 366/2044/1992 1979/2021/1972 2716/2028/1977
f 377/2045/1993 1716/615/615 459/614/614
f 377/2045/1993 4428/66/66 1717/2041/1989
f 377/2045/1993 383/70/70 1713/72/72
f 466/2046/1994 377/2045/1993 459/614/614
f 2729/2047/1995 4964/2048/1996 2722/2049/1997
f 2732/2050/67 4427/2051/1998 2725/585/585
f 374/2033/1982 2732/67/67 2725/2034/585
f 373/2052/1999 2736/68/68 374/2033/1982
f 2739/2053/2000 1712/2054/2001 1188/2055/2002
f 2733/2056/2003 382/593/593 2738/595/595
f 382/593/593 2728/64/64 378/71/71
f 2728/64/64 1713/72/72 378/71/71
f 393/2057/2004 2723/2022/1973 1979/2021/1972
f 393/2057/2004 4956/2058/2005 2734/2059/2006
f 1711/2060/2007 2743/2061/2008 2730/2062/2009
f 1709/2063/2010 2740/2064/2011 1712/2054/2001
f 2852/2065/2012 394/2066/2013 4423/587/587
f 2747/592/592 381/2067/69 1706/2068/2014
f 4866/2069/2015 387/2070/2016 389/2071/2017
f 391/2072/2018 1709/2063/2010 2739/2053/2000
f 2750/2073/2019 2741/2074/2020 1980/2075/2021
f 393/2057/2004 2740/2064/2011 2751/2076/2022
f 4955/2077/2023 2751/2076/2022 2740/2064/2011
f 4423/587/587 392/2078/2024 384/588/588
f 2745/75/75 386/591/591 395/590/590
f 388/2079/2025 396/2080/2026 1707/2081/2027
f 396/2080/2026 389/2071/2017 397/2082/2028
f 2747/592/592 398/2083/77 399/2084/2029
f 390/2085/2030 400/2086/2031 4419/78/78
f 2744/370/370 1707/2081/2027 400/2086/2031
f 477/2087/2032 4375/619/619 401/618/618
f 4921/2088/2033 1665/2089/2034 4375/619/619
f 2743/2061/2008 2746/2090/2035 4822/2091/2036
f 4420/2092/2037 2745/75/75 395/590/590
f 399/2084/2029 395/590/590 2747/592/592
f 399/2084/2029 405/2093/76 404/2094/2038
f 2752/2095/2039 2751/2076/2022 2748/2096/2040
f 1702/2097/2041 2752/2095/2039 2748/2096/2040
f 1705/2098/2042 4418/368/368 406/2099/2043
f 1980/2075/2021 4418/368/368 2750/2073/2019
f 1980/2075/2021 3964/2100/2044 4417/369/369
f 1703/2101/2045 400/2086/2031 1707/2081/2027
f 4419/78/78 2757/2102/2046 1704/2103/2047
f 1704/2103/2047 405/76/76 4419/78/78
f 4681/2104/2048 1701/2105/2049 2758/2106/2050
f 2752/2095/2039 4862/2107/2051 410/2108/2052
f 408/2109/2053 1707/2081/2027 403/2110/2054
f 2759/2111/2055 4954/2112/2056 2764/2113/2057
f 2765/2114/2058 4417/369/369 3964/2100/2044
f 3964/2100/2044 2761/2115/2059 2765/2114/2058
f 407/2116/2060 2067/2117/2061 1700/2118/2062
f 412/2119/2063 4416/2120/2064 2762/2121/2065
f 1699/2122/81 1704/2103/2047 2768/2123/79
f 2770/2124/2066 2771/2125/2067 424/2126/2068
f 2764/2113/2057 4862/2107/2051 2759/2111/2055
f 2769/2127/2069 409/2128/2070 2760/367/367
f 4414/2129/2071 2067/2117/2061 4862/2107/2051
f 421/2130/2072 1700/2118/2062 418/2131/2073
f 2767/2132/2074 4413/2133/2075 2774/2134/2076
f 407/2116/2060 420/2135/2077 408/2109/2053
f 413/2136/2078 4411/2137/80 4412/2138/2079
f 2775/2139/2080 2763/2140/2081 423/2141/2082
f 2770/2142/2066 2764/2113/2057 4884/2143/2083
f 416/2144/84 1700/2118/2062 2067/2117/2061
f 417/2145/83 418/2131/2073 1700/2118/2062
f 428/2146/2084 4413/2133/2075 4412/2138/2079
f 429/2147/2085 414/2148/2086 2780/2149/2087
f 4411/80/80 429/2147/2085 1698/2150/2088
f 422/2151/2089 2780/2149/2087 414/2148/2086
f 423/2141/2082 3503/2152/2090 2775/2139/2080
f 3504/2153/2091 424/2126/2068 425/302/302
f 426/303/303 424/2126/2068 2771/2125/2067
f 3505/2154/2092 2773/2155/2093 3982/2156/2094
f 1404/2157/2095 2778/2158/2096 427/2159/2097
f 1698/2160/2088 4412/2138/2079 4411/2137/80
f 1697/2161/2098 4410/606/606 327/1515/1501
f 322/574/574 1697/2161/2098 327/1515/1501
f 329/2162/2099 1697/2161/2098 328/573/573
f 1695/597/597 329/2162/2099 1696/598/598
f 1696/598/598 430/1191/1189 431/596/596
f 1693/2163/2100 430/1191/1189 1692/2164/2101
f 2781/1192/1190 2659/2165/2102 2782/1190/1188
f 2663/2166/2103 326/58/58 1738/604/604
f 2788/603/603 1690/2167/2104 2787/2168/2105
f 4410/606/606 2791/87/87 2790/86/86
f 1695/597/597 436/2169/2106 3965/2170/2107
f 2805/2171/2108 439/1029/1029 4401/609/609
f 4409/2172/2109 2807/2173/2110 441/2174/2111
f 1691/2175/2112 1637/1021/1021 4408/2176/2113
f 2789/2177/2114 2935/2178/2115 1691/2175/2112
f 2789/2177/2114 4404/2179/2116 4851/2180/2117
f 442/437/437 1691/2175/2112 4408/2176/2113
f 4408/2176/2113 517/1023/1023 2798/2181/2118
f 437/2182/2119 438/2183/2120 436/2169/2106
f 4853/2184/2121 2804/2185/2122 1688/2186/2123
f 4406/2187/2124 1690/2167/2104 4405/2188/2125
f 2811/2189/2126 444/1525/1509 445/2190/2127
f 445/2190/2127 2813/2191/2128 2811/2189/2126
f 2803/2192/2129 1689/2193/2130 2802/2194/2131
f 2823/2195/2132 1687/2196/2133 1682/2197/2134
f 453/2198/2135 2838/2199/2136 4398/2200/2137
f 2793/608/608 454/2201/2138 2827/2202/2139
f 4690/1092/1092 1686/2203/2140 455/2204/2141
f 1981/2205/2142 2794/2206/2143 2795/2207/2144
f 4952/2208/2145 1686/2203/2140 4687/2209/2146
f 4887/2210/2147 1981/2205/2142 2795/2207/2144
f 4685/2211/2148 4887/2210/2147 2795/2207/2144
f 1982/2212/2149 2809/2213/2150 449/2214/2151
f 2809/2213/2150 2796/2215/2152 2797/2216/2153
f 2832/2217/2154 5019/2218/2155 450/2219/2156
f 2812/2220/2157 5019/2218/2155 2814/2039/1987
f 451/2221/2158 2813/2191/2128 2816/2222/2159
f 5019/2218/2155 2833/2223/2160 2814/2039/1987
f 2801/2224/2161 2816/2222/2159 2813/2191/2128
f 2816/2222/2159 2815/2225/2162 451/2221/2158
f 1683/2226/2163 2802/2194/2131 1689/2193/2130
f 2819/2227/2164 1683/2226/2163 2820/2228/2165
f 2822/612/612 2836/2229/2166 460/2230/2167
f 2823/2195/2132 2825/2231/2168 2824/2232/2169
f 2793/608/608 2806/2233/2170 4401/609/609
f 4396/2234/2171 2831/2235/2172 4400/2236/2173
f 4661/2237/1527 458/2238/2174 1983/2239/2175
f 1983/2239/2175 2818/2240/2176 4393/2241/2177
f 4395/2242/2178 2833/2223/2160 1984/2243/2179
f 1984/2243/2179 461/2244/2180 4395/2242/2178
f 2834/2245/2181 2835/2246/2182 462/2247/2183
f 461/2244/2180 2835/2246/2182 4395/2242/2178
f 4394/2248/2184 461/2249/2180 4393/2241/2177
f 1677/364/364 4398/2200/2137 2838/2199/2136
f 2842/2250/2185 2841/1024/1024 1679/2251/2186
f 2852/2065/2012 467/2252/2187 2853/362/362
f 2844/2253/2188 471/2254/2189 1987/363/363
f 467/2252/2187 1987/363/363 2853/362/362
f 1676/2255/2190 1677/364/364 2845/2256/2191
f 471/2257/2189 1678/2258/2192 1676/2255/2190
f 472/2259/2193 2845/2256/2191 2855/2260/2194
f 464/2261/2195 2848/2262/2196 2846/2263/2197
f 2849/2264/2198 4389/2265/2199 2858/2266/2200
f 2852/2065/2012 2861/2267/2201 474/2268/2202
f 2854/361/361 1672/2269/2203 1671/2270/2204
f 1676/2255/2190 4386/2271/2205 471/2257/2189
f 2848/2262/2196 2858/2266/2200 2862/2272/2206
f 1990/2273/2207 4384/2274/2208 1989/2275/2209
f 2859/358/358 2860/2276/2210 1994/359/359
f 2961/2277/2211 2860/2276/2210 4343/2278/2212
f 2861/2267/2201 2854/361/361 2870/2279/2213
f 1672/2269/2203 2869/2280/2214 2867/2281/2215
f 2870/2279/2213 1671/2270/2204 2868/2282/2216
f 475/2283/2217 472/2259/2193 2855/2260/2194
f 2860/2276/2210 4696/2284/2218 1994/359/359
f 4926/2285/2219 2868/2282/2216 2867/2281/2215
f 2871/2286/2220 1670/2287/2221 475/2283/2217
f 1665/2089/2034 2882/617/617 4375/619/619
f 1665/2089/2034 1664/354/354 482/2288/2222
f 2877/2289/2223 4367/2290/2224 4374/2291/2225
f 2879/355/355 2878/2292/2226 4378/2293/2227
f 1664/354/354 2888/2294/2228 482/2288/2222
f 482/2288/2222 2889/2295/2229 2882/617/617
f 4363/2296/2230 2887/2297/2231 1660/2298/2232
f 1664/354/354 2886/622/622 4362/621/621
f 4369/2299/2233 486/2300/2234 4365/2301/2235
f 4360/2302/2236 4367/2290/2224 495/349/349
f 2901/628/628 2891/623/623 2894/626/626
f 4363/2303/2230 2896/2304/2237 488/2305/2238
f 1659/2306/2239 1660/2298/2232 2898/2307/2240
f 2903/2308/2241 1999/2309/2242 490/2310/2243
f 4362/2311/621 497/2312/2244 2888/2313/2228
f 2000/2314/2245 5041/2315/2246 1658/2316/2247
f 493/2317/2248 2890/2318/2249 494/2319/2250
f 2913/351/351 500/2320/2251 495/349/349
f 1651/350/350 2892/2321/2252 1657/2322/2253
f 2911/633/633 1657/2322/2253 2901/628/628
f 2896/2304/2237 1655/945/945 489/2323/2254
f 1645/2324/2255 2000/2314/2245 2925/2325/2256
f 2890/2318/2249 2909/2326/2257 494/2319/2250
f 2907/2327/2258 498/631/631 499/2328/2259
f 2911/633/633 2913/351/351 1651/350/350
f 2901/628/628 4357/634/634 2911/633/633
f 1647/2329/2260 908/980/980 503/943/943
f 1648/2330/2261 3565/2331/2262 1647/2329/2260
f 503/943/943 1648/2330/2261 1647/2329/2260
f 2001/297/297 3966/2332/2263 2915/2333/2264
f 4157/2334/2265 497/2312/2244 3568/2335/2266
f 3565/2331/2262 1383/981/981 1647/2329/2260
f 911/2336/2267 504/2337/2268 2917/2338/2269
f 2918/2339/2270 2917/2338/2269 504/2337/2268
f 1386/2340/2271 2919/2341/2272 2920/2342/2273
f 499/2343/2259 504/2337/2268 2907/2344/2258
f 2921/2345/2274 2907/2344/2258 504/2337/2268
f 2908/2346/2275 2920/2342/2273 2919/2341/2272
f 2922/2347/2276 500/2320/2251 1652/2348/2277
f 2922/2347/2276 505/2349/2278 2923/2350/2279
f 2922/2347/2276 1385/2351/2280 4155/2352/2281
f 1385/2351/2280 1646/2353/2282 4154/2354/793
f 2924/2355/2283 4154/2354/793 1646/2353/2282
f 914/2356/2284 2925/2325/2256 4353/2357/2285
f 4353/2358/2285 1387/2359/2286 914/2360/2284
f 2909/2326/2257 4353/2357/2285 2925/2325/2256
f 2907/2327/2258 2909/2326/2257 2910/629/629
f 346/2361/2287 2934/647/647 2939/2362/2288
f 1726/1984/1938 352/1982/1936 1727/1983/1937
f 2928/578/578 4352/2363/2289 2700/1032/1032
f 510/1170/1168 1641/635/635 1638/637/637
f 2932/1993/1947 509/1169/1167 1643/1992/1946
f 2929/2364/2290 2932/1993/1947 1726/1984/1938
f 2931/1986/1940 513/2365/2291 512/2366/2292
f 2693/580/580 1639/2367/2293 2928/578/578
f 1639/2367/2293 515/346/346 2928/578/578
f 522/348/348 4352/2363/2289 515/346/346
f 2935/2178/2115 512/2366/2292 1637/1021/1021
f 513/2365/2291 2937/2368/2294 518/1022/1022
f 2937/2368/2294 517/1023/1023 518/1022/1022
f 1636/2369/2295 1635/2370/2296 2937/2368/2294
f 520/2371/2297 2934/647/647 1640/649/649
f 2939/2362/2288 3029/345/345 2941/344/344
f 2943/341/341 523/347/347 533/342/342
f 521/2372/2298 531/2373/2299 533/342/342
f 2929/2364/2290 4352/2363/2289 4351/2374/2300
f 532/95/95 4351/2374/2300 522/348/348
f 2936/2375/2301 516/2376/2302 525/2377/2303
f 532/95/95 1634/2378/2304 4858/636/636
f 524/2379/2305 528/2380/2306 1636/2369/2295
f 2946/2381/2307 530/2382/2308 2942/2383/2309
f 2941/344/344 530/2382/2308 2939/2362/2288
f 535/340/340 539/99/99 1632/98/98
f 4349/2384/2310 1630/94/94 534/96/96
f 2943/341/341 532/95/95 522/348/348
f 524/2379/2305 540/2385/2311 2944/2386/2312
f 2945/2387/2313 541/1019/1019 544/1018/1018
f 539/99/99 531/2373/2299 1633/2388/2314
f 1634/2378/2304 2948/2389/2315 1631/2390/2316
f 2951/2391/2317 2947/338/338 544/1018/1018
f 1625/2392/2318 1628/2393/2319 542/97/97
f 1629/2394/2320 2948/2389/2315 1630/94/94
f 4347/2395/2321 2003/2396/2322 4346/2397/2323
f 4346/2397/2323 469/2398/2324 4347/2395/2321
f 545/2399/2325 4345/2400/2326 2949/2401/2327
f 2003/2396/2322 4891/2402/2328 546/2403/2329
f 2949/2401/2327 1631/2390/2316 2948/2389/2315
f 2948/2389/2315 545/2399/2325 2949/2401/2327
f 1626/2404/2330 2957/2405/2331 4343/2278/2212
f 2957/2405/2331 2956/640/640 2069/639/639
f 2956/640/640 4891/2402/2328 4345/2400/2326
f 1620/2406/2332 3967/2407/2333 2953/2408/2334
f 1625/2392/2318 2953/2408/2334 3967/2407/2333
f 3967/2407/2333 4344/2409/2335 1625/2392/2318
f 2965/2410/2336 1628/2393/2319 4344/2409/2335
f 2964/100/100 2965/2410/2336 4344/2409/2335
f 1627/2411/2337 2958/2412/2338 2959/2413/2339
f 547/2414/2340 2959/2413/2339 2958/2412/2338
f 2967/2415/2341 2966/2416/2342 555/2417/2343
f 1624/2418/2344 553/2419/2345 549/2420/2346
f 1622/2421/2347 4950/2422/2348 1623/2423/2349
f 555/2417/2343 551/2424/2350 2967/2415/2341
f 1619/2425/2351 549/2420/2346 553/2419/2345
f 4703/2426/2352 2968/2427/2353 550/2428/1020
f 4339/2429/2354 1617/2430/101 560/2431/2355
f 554/102/102 1613/2432/2356 2976/2433/2357
f 2973/2434/2358 2985/119/119 565/2435/2359
f 2975/2436/2360 1620/2437/2332 2968/2427/2353
f 560/2431/2355 559/2438/2361 4339/2429/2354
f 1614/2439/2362 1613/2440/2356 1617/2430/101
f 2970/2441/2363 4873/2442/2364 2969/2443/2365
f 2983/2444/2366 2969/2443/2365 4873/2442/2364
f 4341/2445/2367 2090/2446/2368 2984/2447/2369
f 2979/2448/2370 2971/2449/2371 556/642/642
f 2973/2434/2358 2986/2450/2372 558/2451/2373
f 1610/2452/2374 4703/2426/2352 2987/2453/2375
f 1610/2452/2374 559/2438/2361 2975/2436/2360
f 563/2454/2376 2981/2455/2377 562/2456/2378
f 2981/2455/2377 2982/2457/2379 1614/2439/2362
f 1996/2458/2380 2994/2459/2381 1605/2460/2382
f 2994/2459/2381 2090/2446/2368 568/2461/2383
f 2090/2446/2368 2983/2444/2366 568/2461/2383
f 4338/2462/2384 563/2454/2376 1616/2463/2385
f 1610/2452/2374 573/2464/2386 1615/2465/2387
f 572/2466/2388 2995/104/104 2989/2467/2389
f 2991/2468/2390 2992/2469/2391 1607/2470/2392
f 567/2471/2393 1609/2472/2394 2993/2473/2395
f 1612/2474/2396 564/2475/2397 1609/2472/2394
f 569/2476/2398 2993/2473/2395 4336/2477/2399
f 1611/2478/2400 5010/2479/2401 2987/2453/2375
f 573/2464/2386 574/2480/2402 4338/2462/2384
f 574/2480/2402 2989/2467/2389 4338/2462/2384
f 4334/2481/2403 2996/2482/2404 2998/2483/2405
f 2990/2484/2406 1607/2470/2392 2996/2482/2404
f 1607/2470/2392 2998/2483/2405 2996/2482/2404
f 580/2485/2407 2988/105/105 2995/104/104
f 1601/2486/2408 3010/2487/2409 2995/104/104
f 2997/2488/2410 1609/2472/2394 2990/2484/2406
f 4335/2489/2411 4336/2477/2399 576/2490/2412
f 1605/2460/2382 1997/630/630 1996/2458/2380
f 3012/2491/2413 576/2490/2412 4336/2477/2399
f 3002/2492/2414 3001/2493/2415 577/2494/2416
f 1589/2495/2417 3000/2496/2418 3002/2492/2414
f 584/2497/2419 1190/111/111 2999/110/110
f 578/107/107 579/2498/2420 575/108/108
f 1598/645/645 1603/2499/2421 3016/2500/2422
f 1603/2499/2421 2089/2501/2423 4334/2481/2403
f 3007/1132/1132 1603/2499/2421 4334/2481/2403
f 4333/2502/2424 3008/2503/2425 4332/2504/2426
f 3008/2503/2425 3009/2505/2427 4330/2506/2428
f 3021/2507/2429 3009/2505/2427 3010/2487/2409
f 4118/2508/2430 2999/110/110 3000/2496/2418
f 3004/106/106 1337/2509/2431 3660/822/822
f 1604/2510/2432 1337/2509/2431 3003/2511/2433
f 4116/1133/1133 5011/2512/2434 587/2513/2435
f 2916/2514/2436 586/2515/2437 3014/2516/2438
f 3006/1134/1134 1336/2517/2439 3017/2518/2440
f 4116/1133/1133 3664/2519/2441 1336/2517/2439
f 3665/824/824 3664/2519/2441 587/2513/2435
f 589/2520/2442 164/1078/1078 1812/1604/1584
f 3025/648/648 588/1079/1079 589/2520/2442
f 1595/2521/2443 520/2371/2297 590/2522/2444
f 1594/112/112 592/2523/2445 2427/2524/2446
f 3026/2525/2447 2425/520/520 592/2523/2445
f 3026/2525/2447 1595/2521/2443 591/518/518
f 3028/2526/2448 4327/2527/2449 593/343/343
f 2461/2528/2450 597/1059/1059 4326/2529/2451
f 1191/2530/2452 4498/535/535 212/534/534
f 2474/2531/2453 1191/2530/2452 212/534/534
f 597/1059/1059 2973/2532/2358 4326/2529/2451
f 3033/1058/1058 3969/2533/2454 3037/2534/2455
f 3034/654/654 4325/2535/2456 3032/2536/2457
f 4324/2537/2458 3033/1058/1058 3037/2534/2455
f 4324/2537/2458 3040/2538/2459 3043/2539/2460
f 2004/120/120 3035/2540/2461 3036/2541/2462
f 4323/2542/2463 3044/2543/2464 3041/2544/2465
f 571/118/118 3046/2545/2466 577/2494/2416
f 1590/2546/2467 4322/2547/2468 598/334/334
f 4323/2542/2463 600/2548/336 1591/2549/335
f 3046/2545/2466 3002/2492/2414 577/2494/2416
f 4323/2542/2463 3051/847/847 3050/849/849
f 3045/2550/2469 617/2551/2470 601/2552/2471
f 3002/2492/2414 4872/2553/2472 1589/2495/2417
f 3049/2554/2473 4961/2555/2474 4321/2556/2475
f 1588/2557/2476 4479/650/650 4677/2558/2477
f 602/2559/2478 2571/1814/1775 5025/2560/2479
f 3053/2561/2480 1588/2557/2476 602/2559/2478
f 5025/2560/2479 3053/2561/2480 602/2559/2478
f 4319/2562/2481 5003/2563/2482 3053/2561/2480
f 2589/1831/1788 3054/2564/2483 2572/1813/1774
f 604/2565/2484 3057/2566/2485 4319/2562/2481
f 3058/2567/2486 4318/2568/2487 3057/2566/2485
f 4704/2569/2488 5026/1830/1787 1585/2570/2489
f 1584/2571/2490 1585/2570/2489 605/2572/2491
f 3064/2573/2492 605/2572/2491 3063/1826/1786
f 606/653/653 3055/2574/2493 1586/2575/2494
f 604/2565/2484 1582/2576/2495 3058/2567/2486
f 611/132/132 606/653/653 1586/2575/2494
f 3061/2577/2496 608/2578/2497 611/132/132
f 1578/331/331 1582/2576/2495 610/129/129
f 1577/124/124 4318/2568/2487 4317/125/125
f 3064/2573/2492 609/2579/2498 1584/2571/2490
f 1584/2571/2490 1580/2580/2499 3065/2581/2500
f 1581/127/127 3065/2581/2500 1580/2580/2499
f 1563/2582/2501 4896/2583/2502 3091/2584/2503
f 3070/2585/2504 3066/2586/2505 4315/2587/2506
f 614/659/659 1578/331/331 610/129/129
f 3073/2588/2507 4316/131/131 1574/130/130
f 613/2589/2508 3067/126/126 3068/2590/2509
f 606/653/653 3071/2591/2510 3034/654/654
f 3069/2592/2511 3071/2591/2510 4316/131/131
f 1577/124/124 1573/658/658 3074/656/656
f 3075/2593/2512 616/2594/2513 613/2589/2508
f 612/332/332 1571/2595/2514 1575/333/333
f 1575/333/333 1572/2596/2515 4315/2587/2506
f 3073/2588/2507 3074/656/656 1569/2597/2516
f 3079/2598/2517 615/2599/2518 3076/2600/2519
f 1569/2597/2516 3080/2601/2520 3083/141/141
f 616/2594/2513 618/2602/2521 1568/2603/2522
f 3081/2604/2523 3086/2605/136 3084/2606/662
f 3086/2605/136 1569/2597/2516 3087/2607/137
f 3087/2607/137 3083/141/141 1280/140/140
f 618/2602/2521 622/2608/2524 625/2609/2525
f 626/2610/2526 624/2611/2527 625/2612/2525
f 1565/2613/2528 1564/2614/2529 627/2615/2530
f 1281/138/138 3084/662/662 3086/136/136
f 3080/2601/2520 1047/139/139 3083/141/141
f 1564/2614/2529 3773/2616/2531 1279/2617/2532
f 4311/2618/2533 628/2619/2534 4312/1886/1840
f 2097/2620/2535 2088/2621/2536 2298/2622/2537
f 4309/665/665 633/2623/2538 3105/2624/2539
f 3102/663/663 4947/2625/2540 3103/2626/2541
f 635/2627/2542 4947/2625/2540 1562/2628/2543
f 634/2629/2544 4895/2630/2545 3250/2631/2546
f 1562/2628/2543 1560/2632/2547 636/2633/2548
f 3105/2624/2539 3253/2634/2549 1560/2632/2547
f 636/2633/2548 635/2627/2542 1562/2628/2543
f 3107/2635/2550 3106/2636/2551 636/2633/2548
f 1556/2637/2552 1559/2638/2553 641/1013/1013
f 642/2639/2554 1555/1012/1012 1557/1014/1014
f 1553/2640/2555 1554/2641/2556 1555/1012/1012
f 1552/2642/2557 722/2643/2558 1554/2641/2556
f 725/2644/2559 642/2639/2554 3266/2645/2560
f 1440/2646/2561 1553/2640/2555 642/2639/2554
f 4708/2647/2562 3182/1004/1004 3111/1003/1003
f 3112/2648/2563 3122/2649/2564 645/2650/2565
f 5027/2651/2566 5001/2652/2567 4708/2647/2562
f 5002/2653/2568 1549/2654/2569 3129/2655/2570
f 3131/2656/2571 3121/2657/2572 3126/2658/2573
f 4307/2659/2574 647/2660/2575 1549/2654/2569
f 3124/2661/2576 648/2662/2577 3122/2649/2564
f 4827/2663/2578 3126/2658/2573 3121/2657/2572
f 4707/2664/2579 3114/2665/2580 4706/671/671
f 3123/2666/2581 3129/2655/2570 3130/2667/2582
f 3131/2656/2571 3132/2668/2583 650/2669/2584
f 3136/2670/2585 648/2662/2577 649/2671/2586
f 3133/2672/2587 3130/2667/2582 651/2673/2588
f 3129/2655/2570 651/2673/2588 3130/2667/2582
f 4306/2674/2589 3137/2675/2590 3135/2676/2591
f 2012/2677/2592 3146/2678/2593 3137/2675/2590
f 650/2669/2584 3143/2679/2594 649/2671/2586
f 651/2673/2588 655/256/256 3133/2672/2587
f 3137/2675/2590 3139/2680/2595 3135/2676/2591
f 1544/2681/2596 1545/2682/2597 3970/2683/2598
f 3141/2684/2599 3140/2685/2600 653/329/329
f 3972/146/146 3971/2686/2601 1548/2687/2602
f 3136/2688/2585 3972/146/146 1548/2687/2602
f 3143/2679/2594 659/2689/2603 3144/2690/2604
f 3144/2691/2604 3145/147/147 3972/146/146
f 656/2692/2605 3146/2678/2593 4707/2664/2579
f 3137/2675/2590 3153/2693/2606 3147/2694/2607
f 3139/2680/2595 658/2695/2608 2043/2696/2609
f 4303/145/145 3152/2697/2610 654/2698/2611
f 3974/1011/1011 3150/2699/2612 3155/2700/2613
f 1543/144/144 661/2701/2614 3151/2702/2615
f 2014/2703/2616 3153/2693/2606 3146/2678/2593
f 3973/2704/2617 3147/2694/2607 3153/2693/2606
f 1521/2705/2618 3154/2706/2619 3214/2707/2620
f 665/2708/2621 1542/257/257 3152/2697/2610
f 662/2709/2622 661/2701/2614 3157/2710/2623
f 1536/2711/2624 663/2712/2625 665/2708/2621
f 4844/2713/2626 3169/2714/2627 3163/2715/2628
f 666/2716/1010 4299/674/674 3160/2717/2629
f 4299/674/674 1538/2718/2630 3160/2717/2629
f 3157/2710/2623 3161/2719/2631 662/2709/2622
f 1536/2711/2624 1538/2718/2630 3165/673/673
f 3169/2714/2627 1536/2711/2624 669/2720/2632
f 4302/325/325 1537/2721/2633 3164/326/326
f 3167/2722/2634 667/2723/2635 3162/2724/2636
f 3168/2725/2637 3162/2724/2636 3161/2719/2631
f 3166/672/672 667/2726/2635 1194/2727/2638
f 1194/2727/2638 670/2728/2639 3166/672/672
f 1536/2711/2624 3170/2729/2640 669/2720/2632
f 1534/2730/2641 4298/2731/2642 3171/2732/2643
f 2016/149/149 669/2720/2632 3170/2729/2640
f 4712/2733/2644 2016/149/149 4294/2734/2645
f 4293/2735/2646 4291/2736/2647 4292/2737/2648
f 672/2738/2649 671/705/705 1/1583/1563
f 1532/2739/2650 3175/677/677 672/2738/2649
f 3175/677/677 3174/2740/2651 3176/675/675
f 673/703/703 3175/677/677 1530/676/676
f 3180/2741/2652 676/1007/1007 678/2742/2653
f 4289/2743/2654 1529/1099/1099 4287/2744/2655
f 678/2742/2653 2018/2745/2656 3180/2741/2652
f 4286/684/684 4288/2746/2657 3184/2747/2658
f 675/2748/2659 677/680/680 3185/679/679
f 1528/2749/2660 3188/2750/2661 1527/2751/2662
f 4285/2752/2663 4287/2744/2655 1529/1099/1099
f 3192/2753/2664 4284/2754/2665 3189/2755/2666
f 3194/2756/2667 4284/2754/2665 3193/2757/2668
f 3190/682/682 3195/324/324 679/683/683
f 3191/2758/2669 4998/2759/2670 3192/2753/2664
f 3193/2757/2668 3196/2760/2671 3194/2756/2667
f 657/2761/2672 3197/2762/2673 652/2763/2674
f 1525/2764/2675 3197/2762/2673 3200/2765/2676
f 4282/2766/2677 681/2767/2678 683/2768/2679
f 1524/2769/2680 683/2768/2679 681/2767/2678
f 684/2770/2681 2020/2771/2682 3201/322/322
f 685/2772/2683 683/2768/2679 3205/2773/2684
f 687/2774/2685 4278/2775/2686 3212/2776/2687
f 3213/2777/2688 2019/2778/2689 4279/2779/2690
f 1523/1002/1002 3207/2780/2691 3208/1000/1000
f 686/2781/2692 4942/2782/2693 3216/2783/2694
f 690/2784/2695 691/2785/2696 3213/2786/2688
f 692/216/216 690/2784/2695 689/2787/2697
f 4280/687/687 4277/2788/2698 3209/2789/2699
f 3210/685/685 1519/2790/2700 2022/686/686
f 3207/2780/2691 689/2787/2697 690/2784/2695
f 945/2791/2701 692/216/216 689/2787/2697
f 692/216/216 3217/2792/2702 3215/2793/2703
f 694/2794/2704 2022/686/686 1518/2795/2705
f 694/2794/2704 695/2796/2706 1517/2797/2707
f 1516/693/693 3220/2798/2708 696/691/691
f 1514/2799/2709 1196/2800/690 1195/2801/2710
f 699/2802/2711 698/2803/2712 1512/2804/2713
f 697/2805/2714 696/691/691 3220/2798/2708
f 3225/2806/2715 1195/2801/2710 1196/2800/690
f 3233/696/696 699/2802/2711 3223/2807/2716
f 705/2808/2717 3226/689/689 704/2809/2718
f 3229/2810/2719 3227/2811/2720 3228/688/688
f 3225/2806/2715 705/2812/2717 703/2813/2721
f 3235/153/153 3225/2806/2715 703/2813/2721
f 706/2814/700 3235/153/153 703/2813/2721
f 4271/701/701 704/2815/2718 1509/2816/2722
f 3226/689/689 3227/2811/2720 704/2809/2718
f 4270/2817/2723 1509/2816/2722 1508/2818/2724
f 1507/2819/319 4275/2820/2725 708/2821/320
f 3237/321/321 3240/2822/2726 3238/2823/2727
f 3239/997/997 4270/2817/2723 3238/2823/2727
f 3240/2822/2726 1506/2824/2728 3424/2825/2729
f 4268/1600/1580 4515/2826/2730 1503/2827/2731
f 3243/704/704 3244/2828/2732 1504/1596/1576
f 3244/2828/2732 2024/2829/2733 711/2830/2734
f 710/2831/2735 4268/1600/1580 1503/2827/2731
f 1504/1596/1576 711/2830/2734 709/1595/1575
f 710/2831/2735 711/2830/2734 2024/2829/2733
f 3248/2832/2736 4268/1600/1580 3245/2833/2737
f 3248/2832/2736 713/2834/2738 1502/2835/2739
f 3255/2836/2740 1502/2835/2739 2128/2837/2741
f 4249/2838/2742 4895/2630/2545 1561/2839/2743
f 3256/2840/2744 4262/2841/2745 3258/2842/2746
f 4772/710/710 2083/2843/2747 719/711/711
f 640/2844/2748 4894/2845/2749 718/2846/2750
f 4894/2845/2749 3257/2847/2751 718/2846/2750
f 3260/154/154 1556/2637/2552 723/155/155
f 1513/692/692 700/2848/2752 4261/713/713
f 700/2848/2752 728/2849/2753 4261/713/713
f 4262/2841/2745 720/2850/2754 3258/2842/2746
f 722/2643/2558 3267/2851/2755 723/155/155
f 3262/2852/2756 3261/2853/2757 724/156/156
f 3262/2852/2756 4948/2854/2758 3264/2855/2759
f 3267/2851/2755 724/156/156 723/155/155
f 725/2644/2559 1499/2856/2760 2035/194/194
f 3267/2851/2755 727/2857/2761 3262/2852/2756
f 4796/2858/2762 1497/2859/2763 2485/2860/2764
f 4260/2861/2765 2485/2860/2764 1497/2859/2763
f 4724/2862/2766 4255/2863/2767 3283/2864/2768
f 1477/2865/2769 2082/444/444 4726/2866/2770
f 1495/2867/2771 3286/2868/2772 4252/2869/2773
f 2026/2870/2774 736/716/716 732/715/715
f 2081/2871/2775 3298/719/719 3296/718/718
f 731/224/224 734/722/722 714/225/225
f 3978/2872/2776 734/722/722 3305/2873/2777
f 1492/2874/2778 3294/720/720 3298/719/719
f 3295/2875/2779 3299/989/989 3300/2876/2780
f 3302/2877/2781 1490/2878/2782 1491/2879/2783
f 1489/990/990 3728/2880/2784 3301/991/991
f 3313/2881/2785 3306/2882/2786 739/2883/2787
f 1300/2884/2788 3759/869/869 1099/2885/2789
f 3320/2886/2790 1300/2884/2788 1099/2885/2789
f 744/2887/2791 3323/158/158 3325/1878/1833
f 744/2887/2791 1482/313/313 1485/159/159
f 1485/159/159 1484/2888/2792 3327/157/157
f 2626/536/536 3272/2889/2793 3328/2890/2794
f 3330/2891/2795 3329/318/318 3336/162/162
f 1480/314/314 4245/2892/2796 4243/2893/2797
f 743/1880/1835 742/316/316 3330/2891/2795
f 3333/2894/2798 3332/2895/2799 4244/2896/2800
f 2028/164/164 748/2897/2801 3335/2898/2802
f 3340/161/161 1480/314/314 4243/2893/2797
f 4242/2899/2803 3337/2900/2804 3333/2894/2798
f 3276/2901/2805 3342/2902/2806 3335/2898/2802
f 751/2903/2807 745/315/315 1480/314/314
f 3344/2904/2808 749/2905/2809 751/2903/2807
f 747/2906/2810 752/2907/2811 3338/2908/2812
f 3329/318/318 750/2909/2813 3336/162/162
f 748/2897/2801 755/727/727 750/2909/2813
f 750/2909/2813 3339/160/160 3336/162/162
f 4242/2899/2803 3343/168/168 1478/167/167
f 3338/2908/2812 3343/168/168 747/2906/2810
f 3338/2908/2812 762/730/730 3348/166/166
f 3344/2904/2808 3346/2910/2814 4241/2911/2815
f 759/731/731 752/2907/2811 758/2912/2816
f 753/163/163 754/728/728 755/727/727
f 755/727/727 3346/2910/2814 750/2909/2813
f 2029/2913/2817 3345/2914/2818 4239/2915/2819
f 3347/165/165 1477/2916/2769 4238/2917/2820
f 765/2918/2821 763/2919/2822 3352/2920/2823
f 3345/2914/2818 764/2921/2824 4239/2915/2819
f 3350/2922/2825 3355/2923/735 3351/2924/2826
f 756/2925/2827 3350/2922/2825 3351/2924/2826
f 761/729/729 4907/2926/2828 756/2925/2827
f 3347/165/165 760/2927/2829 3350/2922/2825
f 1475/2928/732 5033/2929/2830 4880/2930/2831
f 1475/732/732 3359/2931/2832 762/730/730
f 3354/2932/2833 764/2921/2824 3353/2933/2834
f 3355/735/735 3357/2934/2835 3363/733/733
f 4879/2935/2836 3349/2936/2837 3351/2937/2826
f 3354/2932/2833 3365/176/176 4237/2938/2838
f 760/2939/2829 1476/2940/2839 3357/2934/2835
f 3357/2934/2835 3358/2941/2840 1474/170/170
f 3366/2942/2841 1473/2943/2842 766/2944/2843
f 1475/2928/732 768/2945/2844 3368/2946/2845
f 3354/2932/2833 3359/2931/2832 3361/2947/2846
f 3368/2948/2845 3361/2947/2846 3359/2931/2832
f 3356/2949/2847 769/2950/2848 4236/2951/2849
f 3371/2952/2850 768/2945/2844 4880/2930/2831
f 1473/2943/2842 767/2953/2851 765/2918/2821
f 3362/169/169 3372/2954/2852 3364/2955/2853
f 3366/2942/2841 3364/2955/2853 3372/2954/2852
f 3369/2956/2854 3365/176/176 3361/2947/2846
f 770/173/173 771/2957/177 3369/2958/2854
f 3370/171/171 776/2959/2855 3372/2954/2852
f 4234/178/178 3367/2960/2856 2030/2961/2857
f 774/2962/2858 781/2963/2859 1467/2964/2860
f 1467/2965/2860 3382/2966/2861 782/2967/2862
f 4229/2968/2863 774/2962/2858 1467/2964/2860
f 1462/2969/2864 785/2970/2865 3387/2971/2866
f 3379/172/172 3376/2972/2867 4232/2973/2868
f 784/2974/2869 4963/2975/2870 3377/2976/2871
f 1460/2977/2872 4232/2973/2868 777/180/180
f 1466/2978/2873 4231/2979/2874 778/2980/2875
f 1465/2981/2876 3379/172/172 4232/2973/2868
f 780/2982/2877 1465/2981/2876 787/2983/2878
f 3373/2984/2879 790/2985/2880 776/2959/2855
f 790/2985/2880 3377/2976/2871 776/2959/2855
f 4226/2986/2881 777/180/180 3380/179/179
f 1198/182/182 779/2987/2882 1459/2988/2883
f 4231/2979/2874 1459/2988/2883 779/2987/2882
f 1468/2989/2884 1455/2990/2885 3373/2984/2879
f 4230/2991/2886 3382/2966/2861 3383/181/181
f 800/741/741 786/2992/2887 1462/2969/2864
f 3387/2971/2866 4227/2993/2888 799/2994/2889
f 3394/988/988 1464/2995/2890 1461/2996/2891
f 785/2970/2865 784/2974/2869 4227/2993/2888
f 1460/2977/2872 787/2983/2878 1465/2981/2876
f 789/2997/2892 1459/2988/2883 1458/2998/2893
f 1457/2999/2894 1458/2998/2893 4225/3000/2895
f 1455/2990/2885 4875/3001/2896 790/2985/2880
f 1463/3002/2897 1464/2995/2890 2031/3003/2898
f 4224/3004/2899 4225/3000/2895 788/3005/2900
f 789/2997/2892 1456/3006/2901 795/3007/2902
f 4224/3004/2899 1456/3006/2901 1457/2999/2894
f 797/3008/2903 3383/181/181 793/183/183
f 796/1174/1172 793/183/183 794/1172/1170
f 792/3009/2904 793/183/183 1198/182/182
f 792/3009/2904 789/2997/2892 795/3007/2902
f 794/1172/1170 795/3007/2902 803/3010/2905
f 803/3010/2905 3395/1173/1171 794/1172/1170
f 788/3005/2900 791/3011/2906 4224/3004/2899
f 4220/3012/2907 3402/3013/2908 4218/3014/2909
f 4223/3015/2910 1453/3016/2911 4732/3017/2912
f 3395/1173/1171 3397/3018/2913 796/1174/1172
f 3400/3019/2914 3384/737/737 3403/3020/2915
f 3374/3021/2916 3320/2886/2790 3384/737/737
f 4856/739/739 799/2994/2889 4221/3022/2917
f 3392/3023/2918 3389/3024/2919 3406/3025/2920
f 810/3026/2921 3392/3023/2918 3406/3025/2920
f 802/3027/2922 795/3007/2902 1456/3006/2901
f 3396/3028/2923 806/3029/2924 804/3030/2925
f 4221/3022/2917 810/3026/2921 3405/3031/2926
f 801/3032/2927 4221/3022/2917 3405/3031/2926
f 3401/3033/2928 3389/3024/2919 798/738/738
f 3401/3033/2928 3400/3019/2914 812/240/240
f 3404/3034/2929 4217/3035/2930 1451/3036/2931
f 3826/185/185 3404/3034/2929 2075/3037/2932
f 1452/986/986 4042/744/744 1450/987/987
f 4213/566/566 2634/1887/1841 4212/1889/1843
f 3414/3038/748 3887/3039/2933 1445/3040/749
f 1153/3041/2934 3415/187/187 1227/3042/2935
f 1442/1181/1179 1453/3016/2911 1454/3043/2936
f 809/3044/2937 4217/3035/2930 1441/3045/2938
f 1454/3043/2936 1441/3045/2938 1442/1181/1179
f 821/3046/2939 726/3047/2940 1552/2642/2557
f 701/694/694 3419/3048/2941 3231/695/695
f 3420/3049/2942 3419/3048/2941 1511/3050/2943
f 1156/3051/2944 1506/3052/2728 1339/3053/2945
f 1157/3054/2946 4981/3055/2947 3919/3056/2948
f 3241/3057/2949 1157/3054/2946 4206/3058/2950
f 3446/753/753 3433/312/312 1427/3059/2951
f 1427/3059/2951 4737/751/751 3446/753/753
f 3429/3060/2952 3430/3061/2953 827/3062/2954
f 3426/3063/2955 1437/3064/2956 828/3065/2957
f 3431/3066/2958 3426/3067/2955 828/3068/2957
f 827/3062/2954 4204/3069/2959 4205/3070/2960
f 1436/304/304 828/3065/2957 1437/3064/2956
f 1438/3071/2961 828/3068/2957 3434/3072/306
f 3432/3073/2962 5045/3074/2963 4204/3069/2959
f 3435/3075/2964 3980/307/307 829/309/309
f 857/3076/2965 1438/3071/2961 3434/3072/306
f 725/2644/2559 3445/193/193 1440/2646/2561
f 820/3077/2966 3445/193/193 833/3078/2967
f 821/3046/2939 833/3078/2967 834/3079/2968
f 3267/2851/2755 1435/3080/2969 835/3081/2970
f 3443/3082/2971 3270/3083/2972 3448/3084/2973
f 1498/3085/2974 3444/3086/2975 729/3087/2976
f 3444/3086/2975 3271/3088/2977 729/3087/2976
f 834/3079/2968 841/3089/2978 1434/3090/2979
f 845/754/754 1433/3091/2980 839/3092/2981
f 4949/3093/2982 3441/3094/2983 3452/3095/2984
f 3447/3096/2985 3442/3097/2986 3441/3094/2983
f 4199/3098/2987 3443/3082/2971 3448/3084/2973
f 3443/3082/2971 4736/758/758 3444/3086/2975
f 3449/3099/2988 3444/3086/2975 4736/758/758
f 838/3100/2989 834/3079/2968 833/3078/2967
f 838/3100/2989 1433/3091/2980 840/3101/2990
f 842/3102/2991 1430/756/756 1432/3103/2992
f 842/3102/2991 843/3104/2993 841/3089/2978
f 1430/756/756 3454/3105/2994 1432/3103/2992
f 843/3104/2993 3454/3105/2994 844/3106/2995
f 846/3107/2996 844/3106/2995 3454/3105/2994
f 1428/3108/2997 3452/3095/2984 3455/3109/2998
f 836/3110/2999 3446/753/753 847/752/752
f 1426/3111/3000 3448/3084/2973 4200/3112/3001
f 2036/759/759 848/761/761 849/757/757
f 3451/755/755 839/3092/2981 1431/3113/3002
f 3451/755/755 846/3107/2996 3454/3105/2994
f 3451/755/755 4197/3114/3003 3458/3115/3004
f 1429/3116/3005 4196/3117/3006 851/3118/3007
f 854/3119/3008 3455/3109/2998 852/3120/3009
f 854/3119/3008 853/3121/3010 1424/3122/3011
f 4197/3114/3003 1425/3123/3012 1421/3124/3013
f 3465/3125/3014 3458/3115/3004 860/3126/3015
f 3468/3127/3016 856/3128/3017 1428/3129/2997
f 1424/3122/3011 1428/3108/2997 854/3119/3008
f 1200/3130/3018 4196/3117/3006 847/752/752
f 1200/3130/3018 4195/3131/3019 855/3132/3020
f 1423/3133/3021 3436/3134/3022 4195/3131/3019
f 3453/3135/3023 3461/3136/3024 858/3137/3025
f 1177/3138/3026 4968/3139/3027 4966/3140/3028
f 1177/3138/3026 3473/3141/3029 3941/3142/3030
f 1421/3124/3013 859/198/198 863/197/197
f 859/198/198 3457/3143/3031 3474/196/196
f 863/197/197 860/3126/3015 1421/3124/3013
f 1420/3144/3032 4194/3145/3033 851/3118/3007
f 1419/3146/3034 861/3147/3035 1420/3144/3032
f 4196/3117/3006 1420/3144/3032 851/3118/3007
f 1419/3146/3034 3459/3148/3036 3466/3149/3037
f 4195/3131/3019 4193/3150/3038 855/3132/3020
f 858/3151/3025 4189/764/764 3481/763/763
f 1422/762/762 875/3152/765 3491/3153/3039
f 4203/3154/3040 3470/3155/3041 3437/305/305
f 3474/196/196 3464/3156/3042 3463/3157/3043
f 3463/3157/3043 3981/3158/3044 3474/196/196
f 3474/196/196 3475/3159/3045 863/197/197
f 1417/3160/3046 3981/3158/3044 4191/3161/3047
f 4190/3162/3048 3475/3159/3045 3981/3158/3044
f 3478/3163/3049 1419/3146/3034 3467/200/200
f 866/3164/3050 3468/3127/3016 3465/3165/3014
f 3483/3166/3051 4968/3139/3027 867/3167/3052
f 3486/3168/3053 3485/772/772 1415/3169/3054
f 1207/261/261 4187/3170/3055 1210/259/259
f 4184/3171/3056 3487/3172/3057 1415/3169/3054
f 868/3173/3058 1413/3174/766 4876/3175/3059
f 869/3176/3060 866/3164/3050 868/3173/3058
f 871/771/771 3488/3177/3061 872/769/769
f 871/771/771 870/3178/3062 869/3176/3060
f 871/771/771 4186/3179/3063 873/3180/3064
f 3479/3181/3065 883/3182/3066 1935/3183/768
f 3490/3184/3067 877/3185/3068 1412/3186/3069
f 4182/3187/3070 3495/776/776 879/3188/3071
f 1411/3189/3072 3491/3153/3039 1412/3190/3069
f 3494/3191/3073 3492/3192/3074 1408/3193/3075
f 3496/3194/3076 878/3195/3077 4182/3187/3070
f 881/3196/3078 5017/3197/3079 3496/3194/3076
f 1180/935/935 3501/3198/3080 3499/3199/3081
f 3499/3200/3081 3497/775/775 3500/777/777
f 882/3201/3082 874/770/770 3502/3202/3083
f 4183/3203/3084 1410/3204/3085 1408/3193/3075
f 4183/3203/3084 876/3205/3086 882/3201/3082
f 877/3185/3068 1408/3193/3075 3492/3192/3074
f 415/3206/3087 4179/3207/3088 886/3208/3089
f 1407/301/301 3504/2153/2091 425/302/302
f 2770/2124/2066 884/3209/3090 4414/3210/2071
f 4178/3211/3091 2777/82/82 884/3209/3090
f 2779/778/778 4181/3212/3092 4177/779/779
f 1698/2150/2088 2037/3213/3093 1402/3214/299
f 2780/2149/2087 2037/3213/3093 429/2147/2085
f 1403/298/298 1698/2160/2088 1402/299/299
f 2779/778/778 889/3215/3094 2780/2149/2087
f 3507/3216/3095 1405/3217/3096 1404/2157/2095
f 887/300/300 1404/2157/2095 1403/298/298
f 3511/3218/3097 4180/3219/3098 3508/3220/3099
f 1401/3221/3100 891/3222/3101 886/3208/3089
f 890/3223/3102 4178/3211/3091 884/3209/3090
f 890/3223/3102 3504/2153/2091 885/3224/3103
f 3506/3225/3104 924/3226/3105 3509/3227/3106
f 887/300/300 2039/3228/3107 2041/3229/3108
f 2041/3229/3108 3507/3216/3095 887/300/300
f 892/3230/3109 4176/3231/3110 3512/984/984
f 893/3232/3111 4999/3233/3112 3509/3227/3106
f 3509/3227/3106 3603/3234/3113 893/3232/3111
f 4178/3211/3091 4745/3235/3114 4174/3236/3115
f 3516/784/784 891/3222/3101 3517/785/785
f 3516/784/784 4172/985/985 3511/3218/3097
f 894/3237/3116 3517/785/785 891/3222/3101
f 653/329/329 1399/3238/3117 4170/330/330
f 3141/2684/2599 896/328/328 897/3239/3118
f 897/3239/3118 3142/3240/3119 3141/2684/2599
f 4170/330/330 898/3241/3120 3516/784/784
f 3520/786/786 897/3239/3118 896/328/328
f 934/3242/3121 3529/1103/1103 1400/3243/3122
f 4169/3244/3123 4171/3245/3124 2078/781/781
f 4169/3244/3123 3537/3246/3125 3538/3247/3126
f 2043/2696/2609 3526/3248/3127 1399/3238/3117
f 3523/3249/3128 2045/3250/3129 3531/3251/3130
f 3531/3251/3130 3534/3252/3131 3535/3253/3132
f 3536/3254/3133 3538/3247/3126 3537/3246/3125
f 3537/3246/3125 4165/1121/1121 3536/3254/3133
f 4167/3255/3134 902/327/327 4163/3256/3135
f 3546/3257/3136 3535/3253/3132 3534/3252/3131
f 4165/1121/1121 3540/3258/3137 3545/3259/3138
f 3534/3260/3131 904/3261/3139 3546/3262/3136
f 1395/3263/3140 905/3264/3141 4160/3265/3142
f 3553/3266/3143 3555/203/203 3556/3267/3144
f 3553/3266/3143 903/3268/3145 1394/3269/3146
f 3539/1155/1153 1394/3269/3146 903/3268/3145
f 4162/3270/3147 4160/3265/3142 905/3264/3141
f 4711/1097/1097 3548/791/791 906/3271/3148
f 4291/2736/2647 3559/3272/3149 2077/3273/3150
f 3550/3274/3151 3558/3275/3152 3561/3276/3153
f 3561/3276/3153 3557/3277/3154 1391/3278/3155
f 3562/3279/3156 3552/3280/3157 3563/3281/3158
f 1391/3278/3155 3563/3281/3158 1201/3282/3159
f 3565/2331/2262 3573/3283/3160 3566/3284/3161
f 4356/3285/3162 1390/3286/3163 3567/3287/3164
f 3564/3288/3165 907/3289/3166 3573/3283/3160
f 907/3289/3166 1390/3286/3163 1202/3290/3167
f 1202/3291/3167 2049/3292/296 4782/3293/3168
f 1381/3294/3169 2916/2514/2436 4156/3295/3170
f 3583/3296/3171 4845/3297/3172 1386/2340/2271
f 911/2336/2267 916/3298/3173 910/3299/3174
f 3569/3300/3175 1203/3301/3176 1387/2359/2286
f 3590/3302/3177 1388/3303/3178 1386/3304/2271
f 1386/3304/2271 4150/3305/3179 3590/3302/3177
f 4154/793/793 1384/3306/3180 1385/3307/2280
f 3575/3308/3181 3566/3284/3161 3573/3283/3160
f 926/3309/3182 3575/3308/3181 3592/3310/3183
f 3568/2335/2266 4848/982/982 3577/3311/3184
f 3583/3312/3171 1388/3303/3178 3584/3313/3185
f 922/3314/3186 3586/3315/3187 4151/3316/3188
f 915/3317/3189 3589/3318/3190 3580/3319/3191
f 1380/3320/3192 919/3321/3193 920/3322/3194
f 3591/3323/3195 3570/3324/3196 921/3325/3197
f 3591/3323/3195 1384/3306/3180 912/795/795
f 4150/3305/3179 919/3321/3193 3590/3302/3177
f 3578/3326/3198 923/3327/3199 924/3226/3105
f 3593/3328/3200 3579/3329/3201 928/206/206
f 1376/3330/3202 4753/3331/3203 4146/3332/3204
f 3593/3328/3200 1374/3333/3205 1369/3334/3206
f 4148/205/205 1373/3335/3207 928/206/206
f 3596/210/210 1373/3335/3207 3595/208/208
f 1377/3336/3208 3599/3337/3209 4144/3338/3210
f 4146/3332/3204 4142/3339/3211 1376/3330/3202
f 4143/3340/3212 925/3341/3213 1375/3342/3214
f 4143/3340/3212 924/3226/3105 923/3327/3199
f 925/3341/3213 926/3309/3182 1375/3342/3214
f 1372/3343/3215 4145/3344/3216 1373/3335/3207
f 929/798/798 932/3345/3217 3983/3346/3218
f 933/3347/3219 3603/3234/3113 4143/3340/3212
f 3600/3348/3220 1370/3349/3221 1375/3342/3214
f 4142/3350/3211 3602/213/213 3600/3348/3220
f 938/3351/3222 943/3352/3223 4883/3353/3224
f 1367/800/800 4136/3354/3225 934/3242/3121
f 939/801/801 936/212/212 1363/3355/807
f 936/212/212 1370/3349/3221 3602/213/213
f 3604/3356/211 937/3357/3226 936/3358/212
f 1360/3359/3227 4103/976/976 1359/3360/3228
f 948/3361/3229 4846/3362/3230 3611/3363/3231
f 3617/3364/3232 1364/3365/3233 3615/806/806
f 937/3357/3226 942/3366/3234 940/3367/3235
f 940/3367/3235 3616/805/805 937/3357/3226
f 942/3366/3234 1366/3368/293 1362/3369/3236
f 942/3366/3234 941/3370/3237 940/3367/3235
f 1366/3368/293 4128/3371/3238 1362/3369/3236
f 3620/3372/3239 3154/2706/2619 946/3373/3240
f 4134/3374/3241 4132/3375/3242 4278/2775/2686
f 688/3376/3243 1365/3377/3244 3623/3378/3245
f 945/2791/2701 688/3376/3243 3623/3378/3245
f 4985/3379/3246 4138/3380/3247 4132/3375/3242
f 3626/3381/3248 950/3382/3249 4131/3383/3250
f 4130/3384/3251 1358/3385/3252 950/3382/3249
f 4129/3386/3253 952/3387/3254 1358/3385/3252
f 1362/3369/3236 1356/3388/3255 941/3370/3237
f 1356/3388/3255 4126/978/978 3635/3389/3256
f 3630/3390/3257 4128/3371/3238 3618/3391/292
f 3631/3392/3258 1361/809/809 4125/808/808
f 3633/3393/3259 4131/3383/3250 3634/3394/3260
f 3634/3394/3260 1355/3395/3261 3633/3393/3259
f 1354/287/287 1349/3396/3262 1355/3395/3261
f 4841/977/977 3635/3389/3256 4126/978/978
f 3619/3397/3263 1350/3398/3264 960/3399/3265
f 956/214/214 3624/3400/3266 957/3401/3267
f 957/3401/3267 4854/215/215 956/214/214
f 4886/3402/3268 966/283/283 2052/285/285
f 1353/288/288 963/3403/3269 4124/286/286
f 958/3404/3270 4841/977/977 959/979/979
f 1348/3405/3271 958/3404/3270 3636/3406/3272
f 3636/3406/3272 968/282/282 1348/3405/3271
f 4757/3407/3273 960/3408/3265 1350/3398/3264
f 3640/3409/3274 4983/3410/3275 3639/3411/3276
f 1350/3398/3264 3642/3412/3277 4757/3407/3273
f 1348/3405/3271 3644/281/281 967/217/217
f 965/278/278 3639/3411/3276 1351/3413/3278
f 3649/3414/3279 1346/3415/3280 3641/219/219
f 967/217/217 974/3416/3281 971/218/218
f 4122/3417/3282 974/3416/3281 3644/281/281
f 3644/281/281 3645/3418/3283 4122/3417/3282
f 969/3419/3284 3645/3418/3283 1347/280/280
f 1343/3420/3285 4859/3421/3286 4123/277/277
f 1327/279/279 1343/3420/3285 4123/277/277
f 3648/3422/3287 3651/811/811 1342/813/813
f 970/3423/3288 1345/3424/3289 3648/3422/3287
f 978/816/816 3651/811/811 975/3425/3290
f 3656/3426/3291 976/812/812 3651/811/811
f 3658/814/814 975/3425/3290 3657/3427/3292
f 979/3428/3293 4758/3429/3294 4781/455/455
f 1338/3430/3295 584/2497/2419 984/3431/3296
f 4904/3432/3297 981/820/820 3676/827/827
f 981/820/820 980/3433/3298 3676/827/827
f 986/3434/3299 1335/3435/3300 3663/3436/3301
f 3667/220/220 982/3437/3302 4110/3438/3303
f 982/3437/3302 3674/3439/3304 4110/3438/3303
f 984/3431/3296 4115/3440/3305 983/3441/3306
f 4117/3442/3307 3671/3443/3308 3670/3444/3309
f 3671/3443/3308 4109/3445/3310 3670/3444/3309
f 4112/3446/3311 3662/3447/3312 985/831/831
f 3672/829/829 3662/3447/3312 986/3434/3299
f 3675/832/832 3685/3448/3313 4107/833/833
f 991/826/826 3685/3448/3313 3676/827/827
f 3672/829/829 3677/823/823 988/3449/3314
f 3666/825/825 988/3449/3314 3677/823/823
f 3686/3450/3315 4115/3440/3305 4114/3451/3316
f 4097/3452/3317 3686/3450/3315 4114/3451/3316
f 3680/3453/3318 5024/3454/3319 3679/3455/3320
f 3680/3453/3318 1334/828/828 3668/3456/3321
f 3682/3457/3322 4112/3446/3311 989/3458/3323
f 4108/3459/3324 989/3458/3323 4111/830/830
f 990/3460/3325 4761/3461/3326 3688/3462/3327
f 4108/3459/3324 4855/834/834 4761/3461/3326
f 3693/3463/3328 3683/3464/3329 3689/3465/3330
f 991/826/826 3689/3465/3330 3683/3464/3329
f 4107/833/833 3683/3464/3329 3684/3466/3331
f 4761/3461/3326 4107/833/833 3684/3466/3331
f 3679/3455/3320 3687/3467/3332 3680/3453/3318
f 4104/3468/3333 3691/3469/3334 3687/3467/3332
f 3687/3467/3332 3689/3465/3330 1334/828/828
f 3686/3450/3315 1333/3470/3335 3678/3471/3336
f 714/225/225 1333/3470/3335 992/223/223
f 3703/839/839 995/3472/3337 1330/1107/1107
f 4103/976/976 4102/3473/3338 1359/3360/3228
f 3699/3474/3339 3252/3475/3340 715/3476/3341
f 995/3472/3337 2053/1109/1109 1330/1107/1107
f 965/278/278 1329/3477/3342 1327/279/279
f 1328/3478/3343 3985/838/838 4099/842/842
f 4099/842/842 3271/3088/2977 1164/843/843
f 997/841/841 1328/3478/3343 4099/842/842
f 3705/3479/3344 3707/3480/3345 3708/3481/3346
f 3929/3482/3347 3708/3481/3346 3707/3480/3345
f 4902/3483/3348 1167/3484/3349 4002/1117/1117
f 3710/846/846 3709/3485/3350 3931/844/844
f 1589/2495/2417 3711/3486/3351 4097/3452/3317
f 1326/3487/3352 4872/2553/2472 1325/3488/3353
f 601/2552/2471 3081/2604/2523 1323/3489/3354
f 3711/3486/3351 3713/3490/3355 4097/3452/3317
f 998/3491/3356 1326/3487/3352 1325/3488/3353
f 3716/3492/3357 3717/3493/3358 1005/857/857
f 1001/3494/3359 1004/3495/3360 1000/3496/3361
f 3719/3497/3362 1002/3498/3363 4094/3499/3364
f 1004/3495/3360 3723/3500/3365 1003/3501/3366
f 1322/3502/3367 1008/3503/3368 3726/854/854
f 3720/3504/3369 731/224/224 992/223/223
f 3721/3505/3370 1495/2867/2771 3720/3504/3369
f 3723/3500/3365 5034/3506/3371 1003/3501/3366
f 1006/3507/3372 1007/3508/3373 1318/3509/3374
f 1006/3507/3372 4093/3510/3375 3723/3500/3365
f 1322/3502/3367 4092/853/853 3725/3511/3376
f 3727/3512/3377 1010/3513/3378 3729/3514/3379
f 1005/857/857 3734/867/867 1317/852/852
f 3729/3514/3379 3730/3515/3380 3728/2880/2784
f 3734/867/867 1309/3516/3381 1315/865/865
f 1311/3517/3382 1012/859/859 3731/3518/3383
f 4089/3519/3384 1316/3520/3385 3736/3521/862
f 1013/3522/3386 1014/864/864 3732/863/863
f 1312/860/860 1310/3523/3387 3738/3524/3388
f 3738/3524/3388 1313/861/861 1312/860/860
f 3737/3525/3389 4090/866/866 3742/3526/3390
f 3743/3527/3391 5014/3528/3392 1023/3529/3393
f 1307/3530/3394 4863/3531/3395 3744/3532/3396
f 3740/3533/3397 1310/3523/3387 3739/3534/3398
f 1019/3535/3399 1302/3536/3400 4085/3537/3401
f 1300/2884/2788 3744/3532/3396 4863/3531/3395
f 4086/274/274 1021/3538/3402 3745/275/275
f 3988/870/870 4863/3531/3395 1305/271/271
f 1306/3539/3403 3741/3540/3404 3746/3541/3405
f 3746/3541/3405 1017/3542/3406 3747/3543/3407
f 3746/3541/3405 3748/3544/3408 1304/3545/3409
f 1304/3545/3409 4084/3546/3410 1021/3538/3402
f 1021/3538/3402 1022/3547/3411 1303/272/272
f 1302/3536/3400 1023/3529/3393 3750/3548/3412
f 1022/3547/3411 3750/3549/3412 1298/3550/3413
f 3750/3548/3412 1027/3551/3414 1026/3552/970
f 1308/3553/3415 4082/3554/3416 4083/3555/3417
f 1024/3556/3418 1258/884/884 1092/3557/3419
f 1024/3556/3418 3758/3558/3420 1293/3559/3421
f 1025/3560/3422 3761/3561/3423 3753/3562/3424
f 1026/3552/970 3757/3563/3425 3754/3564/968
f 1295/3565/3426 4083/3555/3417 4079/3566/3427
f 1294/3567/3428 1295/3565/3426 4079/3566/3427
f 4079/3566/3427 4078/3568/3429 4077/3569/3430
f 4078/3568/3429 1024/3556/3418 1293/3559/3421
f 3752/3570/3431 1028/3571/3432 3759/869/869
f 3753/3562/3424 4080/3572/3433 1025/3560/3422
f 3762/3573/3434 1292/3574/3435 4874/3575/3436
f 3761/3561/3423 3754/968/968 1296/3576/3437
f 3756/3577/3438 1030/3578/3439 4074/3579/3440
f 1291/3580/3441 1287/965/965 1035/967/967
f 4074/3579/3440 1031/3581/3442 1287/3582/965
f 1038/268/268 1031/3581/3442 1032/3583/3443
f 4073/3584/3444 1039/3585/3445 1289/3586/3446
f 1290/3587/3447 1035/967/967 1034/3588/3448
f 3762/3573/3434 1034/3588/3448 1288/3589/3449
f 3762/3573/3434 3764/3590/3450 3763/3591/3451
f 4045/3592/3452 3764/3590/3450 1285/3593/3453
f 1037/3594/3454 1035/967/967 1036/966/966
f 1036/966/966 1286/1179/1177 1037/3594/3454
f 1288/3589/3449 1037/3594/3454 4072/3595/3455
f 1285/3593/3453 1114/3596/3456 4045/3592/3452
f 3767/3597/3457 3766/3598/3458 1039/3585/3445
f 1042/3599/3459 1243/3600/3460 1044/3601/3461
f 1039/3585/3445 1033/3602/3462 1289/3586/3446
f 1033/3602/3462 1038/268/268 1032/3583/3443
f 620/3603/3463 3770/3604/3464 3089/3605/3465
f 4071/3606/3466 3088/3607/3467 4314/3608/3468
f 1281/138/138 1280/3609/140 1048/227/227
f 1047/3610/139 1051/267/267 1280/3609/140
f 626/2610/2526 1205/3611/3469 3773/2616/2531
f 1052/3612/3470 4861/3613/3471 627/2615/2530
f 1564/2614/2529 1052/3612/3470 627/2615/2530
f 3095/3614/3472 4039/241/241 1049/3615/3473
f 1050/3616/871 3773/2616/2531 1205/3611/3469
f 1053/3617/3474 1052/3612/3470 1279/2617/2532
f 4068/3618/3475 1279/2617/2532 3773/2616/2531
f 1282/661/661 4070/226/226 4864/3619/3476
f 3778/266/266 3774/228/228 1051/267/267
f 1278/872/872 1049/3615/3473 3775/873/873
f 4069/3620/3477 1054/3621/3478 4932/3622/3479
f 3776/3623/3480 1050/3616/871 3775/3624/873
f 4069/3620/3477 4068/3618/3475 3773/2616/2531
f 1277/3625/3481 4066/3626/875 1055/3627/3482
f 3775/873/873 1277/3625/3481 1055/3627/3482
f 1057/3628/3483 2056/3629/3484 1062/3630/3485
f 1059/3631/3486 1054/3621/3478 4931/3632/3487
f 1274/3633/3488 1058/3634/3489 1059/3631/3486
f 1055/3635/3482 3780/874/874 1056/3636/3490
f 1062/3630/3485 1053/3617/3474 1057/3628/3483
f 1063/3637/3491 1066/3638/3492 4064/3639/3493
f 1064/3640/3494 4778/3641/3495 3781/3642/3496
f 3781/3642/3496 1066/3638/3492 1064/3640/3494
f 1065/3643/3497 4064/3639/3493 4063/3644/3498
f 3780/874/874 3783/3645/3499 4778/3641/3495
f 3784/3646/3500 4063/3644/3498 4064/3639/3493
f 1272/3647/3501 1069/3648/3502 3781/3642/3496
f 4065/3649/3503 1272/3647/3501 3781/3642/3496
f 4062/3650/3504 3784/3646/3500 1069/3648/3502
f 4034/3651/3505 1070/3652/3506 4035/3653/3507
f 1080/3654/3508 1060/230/230 1268/229/229
f 3790/3655/3509 1073/3656/3510 3786/3657/3511
f 3789/3658/3512 1075/1177/1175 3788/1176/1174
f 1068/3659/3513 4913/3660/3514 3792/3661/3515
f 1072/910/910 3787/3662/3516 1076/3663/3517
f 1235/3664/3518 1233/3665/3519 1266/3666/3520
f 3794/3667/3521 1079/231/231 1073/3656/3510
f 1263/3668/3522 4762/3669/3523 3792/3661/3515
f 1267/878/878 3793/3670/3524 1264/879/879
f 1086/3671/3525 1264/879/879 1262/3672/3526
f 1264/879/879 1133/3673/3527 1262/3672/3526
f 1268/229/229 3797/3674/3528 1080/3654/3508
f 1081/3675/3529 1083/888/888 3795/3676/3530
f 3801/3677/3531 1083/888/888 1089/233/233
f 4764/3678/3532 1142/3679/3533 1231/3680/3534
f 1261/964/964 3815/887/887 1090/886/886
f 1085/881/881 3802/3681/3535 1084/882/882
f 3802/3681/3535 1261/964/964 1084/882/882
f 1087/3682/3536 1256/3683/3537 3797/3674/3528
f 3804/3684/3538 1088/3685/3539 3794/3667/3521
f 3813/891/891 4057/3686/3540 3814/889/889
f 3814/889/889 4059/3687/3541 4058/3688/3542
f 3797/3674/3528 3811/3689/3543 1085/881/881
f 3803/3690/3544 1087/3682/3536 1088/3685/3539
f 3806/3691/3545 1094/3692/3546 1257/3693/3547
f 3807/3694/3548 1254/3695/3549 1093/3696/3550
f 4058/3688/3542 4056/890/890 3814/889/889
f 1231/3680/3534 3906/961/961 4764/3678/3532
f 1255/3697/3551 3812/3698/3552 1256/3683/3537
f 3822/3699/3553 1091/3700/3554 3823/3701/3555
f 3812/3698/3552 3811/3689/3543 1256/3683/3537
f 3824/3702/3556 3804/3684/3538 3813/891/891
f 4052/3703/3557 3836/3704/3558 1092/3557/3419
f 1254/3695/3549 3820/3705/3559 1109/3706/3560
f 3817/262/262 3808/3707/3561 3821/963/963
f 1096/234/234 1095/3708/3562 3809/232/232
f 1096/234/234 1251/3709/3563 3820/3705/3559
f 3812/3698/3552 3840/3710/3564 3823/3701/3555
f 3824/3702/3556 1255/3697/3551 3803/3690/3544
f 3839/1112/1112 3824/3702/3556 3841/3711/3565
f 3825/3712/3566 1224/186/186 3826/185/185
f 1253/3713/3567 3760/3714/3568 1103/3715/3569
f 1104/237/237 1102/3716/3570 1101/3717/3571
f 1102/3716/3570 1100/3718/3572 1101/3717/3571
f 4049/3719/3573 3832/3720/3574 3828/3721/3575
f 1292/3574/3435 1103/3715/3569 3760/3714/3568
f 1105/3722/3576 1252/235/235 1104/237/237
f 1283/3723/3577 1107/3724/3578 1117/3725/3579
f 3855/3726/3580 3818/3727/3581 1108/3728/3582
f 3819/3729/3583 1108/3728/3582 3818/3727/3581
f 1111/3730/3584 4051/3731/3585 1109/3706/3560
f 1118/3732/3586 4051/3731/3585 1110/3733/3587
f 1111/3730/3584 3820/3705/3559 1251/3709/3563
f 3834/3734/3588 1251/3709/3563 3837/3735/3589
f 3834/3734/3588 1110/3733/3587 1111/3730/3584
f 3837/3735/3589 3838/3736/3590 1246/3737/3591
f 2059/1113/1113 3851/3738/3592 3838/3736/3590
f 1446/742/742 1447/3739/3593 3856/743/743
f 3844/899/899 3847/3740/3594 1112/895/895
f 1120/3741/3595 4048/3742/3596 4047/3743/3597
f 1121/898/898 4934/3744/3598 3847/3740/3594
f 3862/3745/3599 4934/3744/3598 3865/3746/3600
f 1113/3747/3601 3834/3734/3588 1247/3748/3602
f 4048/3742/3596 1113/3747/3601 4047/3743/3597
f 1114/3596/3456 3849/3749/3603 4045/3592/3452
f 3854/3750/3604 1118/3732/3586 1245/893/893
f 1245/893/893 1244/3751/3605 3854/3750/3604
f 1283/3723/3577 1115/3752/3606 1243/3600/3460
f 3855/3726/3580 1115/3752/3606 1117/3725/3579
f 1107/3724/3578 3855/3726/3580 1117/3725/3579
f 3858/3753/3607 1241/900/900 3844/899/899
f 3844/899/899 4050/897/897 3858/3753/3607
f 3846/3754/3608 5037/3755/3609 3843/3756/3610
f 4046/3757/3611 1241/900/900 5037/3755/3609
f 3866/905/905 1240/3758/3612 3869/906/906
f 1049/3615/3473 1276/243/243 1277/3625/3481
f 3876/909/909 3870/3759/3613 1122/3760/3614
f 1237/3761/3615 3876/909/909 1122/3760/3614
f 1237/3761/3615 1124/3762/3616 1125/3763/3617
f 3876/909/909 4036/3764/3618 1123/907/907
f 4035/3653/3507 1238/3765/3619 1127/3766/3620
f 1126/3767/3621 3877/3768/3622 1127/3766/3620
f 1126/3767/3621 1125/3769/3617 4033/3770/3623
f 4035/3653/3507 3877/3768/3622 4034/3651/3505
f 3877/3768/3622 2060/3771/3624 4034/3651/3505
f 1128/244/244 4032/3772/3625 3881/3773/3626
f 1265/3774/3627 1233/3665/3519 1134/3775/3628
f 3879/955/955 4765/446/446 1236/3776/3629
f 1130/3777/3630 4032/3772/3625 1131/3778/3631
f 4033/3770/3623 3880/3779/3632 1234/3780/3633
f 3882/3781/3634 4031/245/245 4030/3782/3635
f 3882/3781/3634 1135/3783/3636 1132/3784/3637
f 4028/3785/3638 1139/3786/3639 3895/3787/3640
f 1140/3788/3641 3882/3781/3634 4028/3785/3638
f 1140/3788/3641 4027/3789/3642 1232/3790/3643
f 3898/919/919 1231/3791/3534 4027/3789/3642
f 1232/3790/3643 1141/3792/3644 1135/3783/3636
f 1230/1194/1192 1137/3793/3645 3888/247/247
f 3889/249/249 1230/1194/1192 3888/247/247
f 1144/3794/3646 1147/3795/3647 3892/3796/3648
f 3895/3787/3640 1229/3797/3649 4024/3798/3650
f 1148/3799/3651 3901/3800/3652 3900/3801/3653
f 1149/3802/3654 4022/248/248 3902/3803/3655
f 1150/3804/3656 2074/922/922 3904/3805/3657
f 1151/3806/3658 1146/920/920 3896/3807/3659
f 3911/3808/3660 4018/3809/3661 3910/3810/3662
f 3910/3810/3662 1154/3811/3663 3911/3808/3660
f 1155/3812/3664 1149/3802/3654 1225/3813/3665
f 1156/3051/2944 1223/3814/3666 3424/3815/2729
f 1505/998/998 1158/3816/3667 3913/3817/3668
f 3913/3817/3668 3914/3818/3669 4774/3819/3670
f 1223/3814/3666 3915/815/815 1159/3820/3671
f 1220/3821/3672 1219/3822/3673 1218/3823/3674
f 1217/3824/3675 4011/254/254 3923/253/253
f 3925/3825/3676 4834/1114/1114 4011/254/254
f 3925/3825/3676 4768/3826/3677 2065/3827/3678
f 2064/3828/3679 1221/3829/3680 1216/1115/1115
f 4009/3830/3681 3926/3831/3682 1162/3832/3683
f 4010/3833/3684 2064/3828/3679 2073/3834/3685
f 1163/3835/3686 3926/3831/3682 1214/3836/3687
f 4003/3837/3688 1211/3838/3689 1206/3839/3690
f 1165/930/930 1164/843/843 4201/928/928
f 3929/3482/3347 997/841/841 1165/930/930
f 3998/3840/3691 4941/3841/3692 1168/3842/3693
f 1165/930/930 1168/3842/3693 3929/3482/3347
f 3934/3843/3694 1169/933/933 4006/3844/3695
f 1170/3845/3696 1174/3846/3697 3937/3847/3698
f 1212/1118/1118 4004/3848/3699 3933/3849/3700
f 3934/3843/3694 4005/1119/1119 1170/3845/3696
f 4003/3837/3688 4000/3850/3701 3999/3851/3702
f 1168/3842/3693 3936/3852/3703 3998/3840/3691
f 1175/3853/3704 5046/3854/3705 1176/3855/3706
f 3932/929/929 1176/3855/3706 3936/3852/3703
f 3944/3856/3707 3487/3172/3057 1208/934/934
f 3945/260/260 1177/3138/3026 3941/3142/3030
f 1210/259/259 867/3167/3052 1177/3138/3026
f 3948/3857/3708 3943/3858/3709 1178/3859/3710
f 3942/3860/3711 1207/261/261 3945/260/260
f 3994/3861/3712 3995/3862/3713 1181/3863/3714
f 3946/3864/3715 1183/3865/3716 4187/3170/3055
f 3949/3866/3717 1179/3867/3718 3946/3864/3715
f 1209/3868/3719 1184/3869/3720 1179/3867/3718
f 3950/3870/3721 1182/3871/3722 3947/936/936
f 3948/3857/3708 3946/3864/3715 1207/261/261
f 3994/3861/3712 1209/3872/3719 3949/3873/3717
f 1184/3869/3720 3499/3200/3081 3500/777/777
f 3947/936/936 3499/3199/3081 3950/3870/3721
f 2193/1323/1318 52/3874/1301 2192/1310/1305
f 2450/1658/1636 1803/394/394 2459/1677/1653
f 235/36/36 222/1730/1686 232/1163/1161
f 4471/432/432 2568/3875/1770 2588/430/430
f 4461/3876/3723 2614/1850/1807 289/3877/3724
f 432/3878/3725 1694/1028/1028 324/1933/1887
f 2765/3879/2058 2773/2155/2093 2772/3880/3726
f 458/2238/2174 4399/3881/3727 451/2221/2158
f 4986/3882/3728 2875/3883/3729 1669/3884/3730
f 1663/3885/3731 492/3886/3732 4361/3887/3733
f 2898/2307/2240 2904/3888/3734 2903/2308/2241
f 1653/3889/3735 2904/3888/3734 2899/3890/3736
f 501/3891/3737 4358/3892/3738 1650/3893/3739
f 2906/3894/3740 3568/2335/2266 497/2312/2244
f 3040/2538/2459 3038/3895/3741 3044/3896/2464
f 3044/3896/2464 3043/2539/2460 3040/2538/2459
f 598/334/334 4320/3897/3742 1590/2546/2467
f 4721/714/714 3263/3898/3743 719/711/711
f 826/3899/3744 4204/3069/2959 1437/3064/2956
f 2035/194/194 830/3900/3745 4784/3901/3746
f 1429/3116/3005 1199/3902/3747 4784/3901/3746
f 3472/760/760 4188/773/773 1418/3903/3748
f 4157/2334/2265 3577/3311/3184 3576/3904/3749
f 1372/3343/3215 3598/3905/3750 3601/3906/3751
f 1335/3435/3300 3671/3443/3308 3661/3907/3752
f 3673/3908/3753 1204/3909/3754 987/3910/3755
f 4773/3911/3756 3678/3471/3336 1333/3470/3335
f 4000/3850/3701 1213/3912/3757 3930/845/845
f 1002/3498/3363 2054/3913/848 3716/3492/3357
f 1013/3522/3386 3737/3525/3389 1015/3914/3758
f 3798/3915/3759 3804/3684/3538 3794/3667/3521
f 3813/891/891 3841/3711/3565 3824/3702/3556
f 3833/3916/3760 3831/3917/3761 3830/3918/3762
f 1214/3836/3687 4007/3919/3763 1206/3839/3690
f 1180/935/935 3487/3172/3057 1414/3920/3764
f 3995/3862/3713 1176/3855/3706 1181/3863/3714
f 5046/3854/3705 1181/3863/3714 1176/3855/3706
f 3941/3142/3030 3942/3860/3711 3945/260/260
f 3943/3858/3709 3938/3921/3765 3940/3922/3766
f 3936/3852/3703 3940/3922/3766 3938/3921/3765
f 3996/3923/3767 4775/931/931 3937/3847/3698
f 4010/3833/3684 5012/3924/3768 1172/3925/3769
f 1166/3926/3770 4941/3841/3692 4004/3848/3699
f 4005/1119/1119 3933/3849/3700 1174/3846/3697
f 1212/1118/1118 1167/3484/3349 1166/3926/3770
f 1167/3484/3349 3928/3927/3771 1166/3926/3770
f 4003/3837/3688 4007/3919/3763 4001/3928/3772
f 2073/3834/3685 1211/3838/3689 4010/3833/3684
f 3924/3929/3773 4009/3830/3681 1162/3832/3683
f 4013/925/925 4006/3844/3695 3922/926/926
f 3920/3930/3774 1219/3822/3673 3919/3056/2948
f 1159/3820/3671 3920/3930/3774 1223/3931/3666
f 4008/3932/3775 3917/3933/3776 4777/3934/3777
f 3914/3818/3669 4834/1114/1114 3916/1116/1116
f 3656/3426/3291 3915/815/815 1222/3935/3778
f 4017/3936/3779 3914/3818/3669 3916/1116/1116
f 1339/3053/2945 1222/3935/3778 1156/3051/2944
f 3416/3937/3780 4018/3809/3661 3908/3938/3781
f 4019/3939/3782 3907/962/962 1228/923/923
f 1155/3812/3664 3912/3940/3783 3903/3941/3784
f 3908/3938/3781 1226/251/251 3909/250/250
f 3909/250/250 1227/3042/2935 3417/3942/3785
f 1227/3042/2935 819/189/189 3417/3942/3785
f 3909/250/250 3416/3937/3780 3908/3938/3781
f 1147/3795/3647 4912/3943/3786 3896/3807/3659
f 3904/3805/3657 3905/924/924 3891/3944/3787
f 3901/3800/3652 1149/3802/3654 3902/3803/3655
f 1154/3811/3663 1225/3813/3665 1148/3799/3651
f 1227/3042/2935 1152/3945/3788 1153/3041/2934
f 1140/3788/3641 1146/920/920 3898/919/919
f 1147/3795/3647 1229/3797/3649 3892/3796/3648
f 3894/3946/3789 1145/1195/1193 1230/1194/1192
f 4025/3947/3790 3890/3948/1191 1145/3949/1193
f 3887/3039/2933 1143/3950/3791 1445/3040/749
f 4030/3782/3635 4028/3785/3638 3882/3781/3634
f 1140/3788/3641 3895/3787/3640 4024/3798/3650
f 1128/244/244 4030/3782/3635 4031/245/245
f 4033/3770/3623 1131/3778/3631 1126/3767/3621
f 1128/244/244 2060/3771/3624 3878/3951/3792
f 3878/3951/3792 1131/3778/3631 4032/3772/3625
f 1238/3765/3619 1126/3767/3621 1127/3766/3620
f 1123/907/907 4039/241/241 3871/908/908
f 3872/447/447 4037/957/957 3873/3952/3793
f 3868/3953/3794 3873/3952/3793 3866/905/905
f 3863/901/901 3865/3746/3600 3848/902/902
f 1241/900/900 3843/3756/3610 5037/3755/3609
f 3856/743/743 1112/895/895 3859/3954/3795
f 1119/3955/3796 1248/3956/3797 3843/3756/3610
f 4933/3957/3798 4042/744/744 3856/743/743
f 1108/3728/3582 1116/3958/3799 3855/3726/3580
f 1247/3748/3602 3837/3735/3589 1246/3737/3591
f 1110/3733/3587 1245/893/893 1118/3732/3586
f 3853/3959/3800 3854/3750/3604 1244/3751/3605
f 3852/3960/3801 3848/902/902 3865/3746/3600
f 4044/894/894 1106/3961/3802 3850/892/892
f 1102/3716/3570 3846/3754/3608 3843/3756/3610
f 1248/3956/3797 1102/3716/3570 3843/3756/3610
f 3857/958/958 3845/3962/3803 2058/3963/3804
f 3852/3960/3801 3839/1112/1112 3835/264/264
f 1097/3964/3805 3837/3735/3589 1251/3709/3563
f 1283/3723/3577 4073/3584/3444 3836/3704/3558
f 3845/3962/3803 4049/3719/3573 3828/3721/3575
f 3829/3965/3806 3830/3918/3762 1103/3715/3569
f 1101/3717/3571 3827/3966/3807 5040/3967/3808
f 817/184/184 4216/3968/3809 3826/185/185
f 1096/234/234 3822/3699/3553 1097/3964/3805
f 1105/3722/3576 3830/3918/3762 3831/3917/3761
f 3808/3707/3561 3906/961/961 3821/963/963
f 1259/3969/3810 3810/3970/3811 4058/3688/3542
f 1260/3971/3812 1089/233/233 3809/232/232
f 4058/3688/3542 3796/3972/3813 1259/3969/3810
f 1268/229/229 1088/3685/3539 1087/3682/3536
f 1085/881/881 1080/3654/3508 3797/3674/3528
f 3793/3670/3524 1134/3775/3628 1133/3673/3527
f 1086/3671/3525 3799/3973/3814 4060/877/877
f 1261/964/964 3989/3974/3815 3791/880/880
f 1078/3975/3816 1075/1177/1175 3787/3662/3516
f 3789/3658/3512 3784/3646/3500 1074/3976/3817
f 3787/3662/3516 1272/3647/3501 1076/3663/3517
f 1068/3659/3513 4762/3669/3523 1270/3977/3818
f 1078/3975/3816 1269/912/912 1266/3666/3520
f 1079/231/231 1061/3978/3819 1073/3656/3510
f 3784/3646/3500 1066/3638/3492 1069/3648/3502
f 1065/3643/3497 4930/3979/3820 1067/3980/3821
f 3989/3974/3815 1081/3675/3529 1271/3981/3822
f 3783/3645/3499 1070/3652/3506 1071/3982/3823
f 3782/876/876 1273/3983/3824 1070/3652/3506
f 1065/3643/3497 1059/3631/3486 1063/3637/3491
f 1063/3637/3491 4931/3632/3487 1064/3640/3494
f 3778/266/266 1060/230/230 3990/3984/3825
f 1239/242/242 4066/3626/875 1276/243/243
f 1056/3636/3490 4067/3985/3826 3776/3623/3480
f 4067/3985/3826 1054/3621/3478 3776/3623/3480
f 1058/3634/3489 4932/3622/3479 1054/3621/3478
f 1056/3636/3490 3775/3624/873 1055/3635/3482
f 4071/3606/3466 3771/3986/3827 1278/872/872
f 3771/3986/3827 3095/3614/3472 1049/3615/3473
f 1046/3987/3828 1284/3988/3829 1043/3989/3830
f 1285/3593/3453 1045/3990/3831 1046/3987/3828
f 1044/3601/3461 4043/3991/3832 1043/3989/3830
f 3767/3597/3457 3769/3992/1176 1040/3993/3833
f 3765/270/270 1287/3582/965 1031/3581/3442
f 1029/3994/3834 1291/3580/3441 1290/3587/3447
f 1029/3994/3834 3752/3570/3431 3753/3562/3424
f 1028/3571/3432 1099/2885/2789 3759/869/869
f 3757/3563/3425 1295/3565/3426 3755/3995/3835
f 1296/3996/3437 1294/3567/3428 3756/3577/3438
f 3755/3995/3835 3754/3564/968 3757/3563/3425
f 1303/272/272 1298/3550/3413 1297/273/273
f 1026/970/970 1298/3550/3413 3750/3549/3412
f 1299/868/868 3752/3570/3431 3759/869/869
f 4082/3554/3416 1024/3556/3418 3751/3997/3836
f 3751/3997/3836 4083/3555/3417 4082/3554/3416
f 5014/3528/3392 5015/3998/3837 1023/3529/3393
f 1027/3551/3414 5015/3998/3837 3757/3563/3425
f 3748/3544/3408 4085/3999/3401 4084/3546/3410
f 3747/3543/3407 1018/4000/3838 3748/3544/3408
f 4084/3546/3410 1302/4001/3400 1022/3547/3411
f 3987/4002/3839 1307/3530/3394 3744/3532/3396
f 3749/4003/3840 1017/3542/3406 4915/4004/3841
f 4088/4005/3842 1017/3542/3406 3741/3540/3404
f 1315/865/865 1308/3553/3415 1020/4006/3843
f 1016/4007/3844 4088/4005/3842 4089/3519/3384
f 3730/3515/3380 1011/4008/3845 4091/4009/855
f 3302/2877/2781 1009/4010/3846 3727/4011/3377
f 3986/4012/3847 3725/3511/3376 3724/4013/3848
f 1319/4014/3849 4093/3510/3375 1318/3509/3374
f 3719/3497/3362 1008/3503/3368 4095/4015/3850
f 3986/4016/3847 3714/4017/3851 3718/4018/3852
f 1006/3507/3372 3986/4016/3847 3724/4019/3848
f 1003/3501/3366 1320/4020/3853 3721/3505/3370
f 3716/3492/3357 1317/852/852 3722/851/851
f 1003/3501/3366 999/4021/3854 4096/4022/3855
f 4962/4023/3856 3714/4017/3851 3712/4024/3857
f 3715/4025/3858 4962/4026/3856 3712/4027/3857
f 1590/2546/2467 3712/4024/3857 4961/2555/2474
f 1001/3494/3359 3712/4024/3857 3714/4017/3851
f 4096/4022/3855 1324/4028/3859 1000/3496/3361
f 4320/4029/3742 3050/849/849 2054/848/848
f 3048/4030/3860 998/3491/3356 1325/3488/3353
f 995/3472/3337 3705/3479/3344 3704/4031/3861
f 994/973/973 4104/3468/3333 3696/1105/1105
f 3693/3463/3328 3691/3469/3334 3690/4032/3862
f 2072/971/971 4105/4033/3863 3690/4032/3862
f 4106/4034/3864 3688/3462/3327 4105/4033/3863
f 3682/3457/3322 3681/4035/3865 4109/3445/3310
f 4115/3440/3305 3694/4036/3866 983/3441/3306
f 3673/3908/3753 3672/829/829 988/3449/3314
f 4110/3438/3303 3675/832/832 1204/3909/3754
f 3675/832/832 987/3910/3755 1204/3909/3754
f 4108/3459/3324 3673/3908/3753 987/3910/3755
f 985/831/831 989/3458/3323 4112/3446/3311
f 4328/4037/3867 3670/3444/3309 3669/4038/3868
f 1334/828/828 980/3433/3298 3668/3456/3321
f 3016/2500/2422 3661/3907/3752 4117/3442/3307
f 4097/3452/3317 4118/2508/2430 1589/2495/2417
f 1339/3053/2945 977/4039/3869 976/812/812
f 3653/4040/3870 1340/4041/3871 3650/4042/3872
f 976/812/812 3647/4043/3873 1342/813/813
f 3649/3414/3279 971/218/218 973/4044/3874
f 964/4045/3875 968/282/282 1352/4046/3876
f 967/217/217 963/3403/3269 1348/3405/3271
f 3631/3392/3258 958/3404/3270 3630/3390/3257
f 953/4047/3877 1353/288/288 1354/287/287
f 943/4048/3223 3630/3390/3257 3618/3391/292
f 3629/4049/3878 941/3370/3237 1356/3388/3255
f 949/4050/3879 951/4051/3880 4129/3386/3253
f 949/4050/3879 4130/3384/3251 3627/4052/3881
f 2051/4053/3882 3609/4054/804 3627/4052/3881
f 3620/3372/3239 3611/3363/3231 3621/4055/3883
f 3624/3400/3266 3623/3378/3245 3622/4056/3884
f 4134/3374/3241 3620/3372/3239 3621/4055/3883
f 1360/3359/3227 954/290/290 3605/4057/3885
f 941/3370/3237 4135/4058/3886 940/3367/3235
f 944/4059/810 931/4060/3887 4141/4061/3888
f 944/4059/810 938/3351/3222 2050/4062/3889
f 1374/3333/3205 1368/294/294 1369/3334/3206
f 1367/800/800 933/3347/3219 1370/3349/3221
f 933/3347/3219 1375/3342/3214 1370/3349/3221
f 3605/4057/3885 4144/3338/3210 932/3345/3217
f 3601/3906/3751 931/4060/3887 2050/4062/3889
f 1373/3335/3207 1374/3333/3205 928/206/206
f 3600/3348/3220 926/3309/3182 3592/3310/3183
f 918/4063/3890 3594/209/209 920/3322/3194
f 3584/3313/3185 4148/205/205 927/207/207
f 921/3325/3197 918/4063/3890 920/3322/3194
f 922/3314/3186 3589/3318/3190 3587/4064/3891
f 3585/4065/3892 1388/3303/3178 1380/3320/3192
f 917/4066/3893 5016/4067/3894 916/3298/3173
f 3581/4068/3895 1377/3336/3208 3580/3319/3191
f 4355/4069/295 5022/4070/3896 3579/3329/3201
f 2049/3292/296 3579/3329/3201 4782/3293/3168
f 3572/4071/3897 914/2360/2284 1387/2359/2286
f 913/4072/3898 3571/4073/3899 4153/794/794
f 1384/3306/3180 4155/4074/2281 1385/3307/2280
f 1387/2359/2286 922/3314/3186 3572/4071/3897
f 3572/4071/3897 4151/3316/3188 3571/4073/3899
f 2921/2345/2274 910/3299/3174 3569/3300/3175
f 4158/4075/3900 1395/3263/3140 3552/4076/3157
f 3562/3279/3156 3557/3277/3154 4159/4077/3901
f 4160/3265/3142 3552/4076/3157 1395/3263/3140
f 4170/330/330 3520/786/786 896/328/328
f 1401/3221/3100 1400/3243/3122 894/3237/3116
f 4176/3231/3110 4172/985/985 3512/984/984
f 4177/779/779 3510/4078/3902 888/780/780
f 4960/4079/3903 4180/3219/3098 3503/2152/2090
f 1403/298/298 427/2159/2097 428/2146/2084
f 2777/82/82 4414/3210/2071 884/3209/3090
f 1406/4080/3904 415/3206/3087 886/3208/3089
f 878/3195/3077 1410/3204/3085 4182/3187/3070
f 1179/3867/3718 4967/4081/3905 1183/3865/3716
f 880/4082/3906 1415/3169/3054 3485/772/772
f 3498/4083/3907 3496/3194/3076 1409/4084/3908
f 879/3188/3071 3496/3194/3076 4182/3187/3070
f 865/4085/3909 3477/767/767 1413/766/766
f 3472/760/760 3491/3153/3039 3484/774/774
f 3467/200/200 3466/3149/3037 3469/201/201
f 3465/3165/3014 868/3173/3058 866/3164/3050
f 1417/3160/3046 864/4086/3910 3478/3163/3049
f 865/4085/3909 860/3126/3015 3476/4087/3911
f 3471/4088/3912 3483/3166/3051 3482/4089/3913
f 3470/3155/3041 3460/4090/3914 857/4091/2965
f 4197/3114/3003 860/3126/3015 3458/3115/3004
f 3481/4092/763 3453/3135/3023 858/3137/3025
f 857/3076/2965 4195/3131/3019 3436/3134/3022
f 846/3107/2996 853/3121/3010 852/3120/3009
f 844/3106/2995 3455/3109/2998 835/3081/2970
f 1433/3091/2980 841/3089/2978 840/3101/2990
f 835/3081/2970 3452/3095/2984 3441/3094/2983
f 4784/3901/3746 4202/4093/3915 1429/3116/3005
f 844/3106/2995 1435/3080/2969 1434/3090/2979
f 1434/3090/2979 843/3104/2993 844/3106/2995
f 831/996/996 4202/4093/3915 3268/995/995
f 728/2849/2753 836/3110/2999 831/996/996
f 3435/3075/2964 3440/4094/3916 3438/4095/3917
f 5045/3074/2963 3438/4095/3917 1436/304/304
f 3437/305/305 3438/4095/3917 4203/3154/3040
f 3437/305/305 857/4091/2965 3434/306/306
f 827/3062/2954 3428/4096/3918 3429/3060/2952
f 4205/3070/2960 3427/4097/3919 1439/4098/3920
f 3920/3930/3774 4981/3055/2947 1223/3931/3666
f 1439/4098/3920 824/190/190 4207/192/192
f 4273/697/697 4207/192/192 3421/191/191
f 3428/4096/3918 1439/4098/3920 3422/4099/3921
f 4207/192/192 3422/4099/3921 1439/4098/3920
f 3419/3048/2941 3426/3067/2955 825/311/311
f 822/310/310 3419/3048/2941 825/311/311
f 3417/3942/3785 816/4100/3922 3416/3937/3780
f 813/4101/3923 1442/1181/1179 1441/3045/2938
f 3412/4102/3924 3411/4103/3925 4210/4104/3926
f 3406/3025/2920 811/4105/3927 810/3026/2921
f 811/4105/3927 3405/3031/2926 810/3026/2921
f 3400/3019/2914 1449/4106/3928 812/240/240
f 3406/3025/2920 1448/4107/3929 1447/3739/3593
f 1456/3006/2901 4220/3012/2907 802/3027/2922
f 4227/2993/2888 4221/3022/2917 799/2994/2889
f 1099/2885/2789 5039/4108/3930 3403/3020/2915
f 3387/2971/2866 800/741/741 1462/2969/2864
f 4208/4109/3931 4229/4110/2863 3385/4111/3932
f 4208/4109/3931 3386/4112/3933 4228/4113/3934
f 1463/3002/2897 4226/2986/2881 3380/179/179
f 3380/179/179 2030/2961/2857 1463/3002/2897
f 5021/4114/3935 2030/2961/2857 3378/4115/3936
f 3378/4115/3936 1462/2969/2864 786/2992/2887
f 1469/4116/3937 773/4117/3938 1470/4118/3939
f 1469/4119/3937 778/2980/2875 4903/4120/3940
f 1471/4121/3941 770/173/173 3369/2958/2854
f 1471/4121/3941 3376/2972/2867 775/174/174
f 777/180/180 3376/2972/2867 4234/178/178
f 4963/2975/2870 3366/2942/2841 3372/2954/2852
f 774/2962/2858 4734/4122/3942 773/4117/3938
f 3373/2984/2879 4730/4123/3943 1468/2989/2884
f 3371/2952/2850 767/2953/2851 1472/4124/3944
f 3358/2941/2840 4731/724/724 4730/4123/3943
f 3363/733/733 1474/170/170 3362/169/169
f 1473/2943/2842 3352/2920/2823 766/2944/2843
f 1476/2940/2839 738/725/725 3358/2941/2840
f 3351/2924/2826 4241/2911/2815 756/2925/2827
f 764/2921/2824 3348/166/166 3353/2933/2834
f 763/2919/2822 1479/4125/3945 3352/2920/2823
f 3350/2922/2825 754/728/728 3347/165/165
f 1479/4126/3945 4240/4127/3946 749/2905/2809
f 745/315/315 4240/4127/3946 4881/4128/3947
f 747/2906/2810 1483/4129/3948 746/4130/3949
f 3333/2894/2798 1483/4129/3948 4242/2899/2803
f 4881/4128/3947 1482/313/313 745/315/315
f 3341/4131/3950 3334/4132/3951 3337/2900/2804
f 3337/2900/2804 1481/4133/3952 3332/2895/2799
f 1482/313/313 4923/4134/3953 1485/159/159
f 1481/4133/3952 741/4135/3954 3332/2895/2799
f 741/4135/3954 4244/2896/2800 3332/2895/2799
f 746/4130/3949 4923/4134/3953 3331/4136/3955
f 740/4137/3956 4244/2896/2800 2627/4138/3957
f 4454/1871/1827 3327/157/157 2625/4139/3958
f 4906/4140/3959 742/316/316 3324/1879/1834
f 1486/4141/3960 3269/4142/3961 4786/4143/3962
f 1561/2839/2743 718/2846/2750 4249/2838/2742
f 3313/2881/2785 3301/991/991 3728/2880/2784
f 1490/4144/2782 3299/989/989 1492/4145/2778
f 1493/4146/3963 3294/720/720 3295/4147/2779
f 733/4148/3964 2027/443/443 730/4149/3965
f 3289/4150/3966 3291/4151/3967 3288/4152/3968
f 3283/4153/2768 3285/4154/3969 4724/4155/2766
f 3250/2631/2546 4725/4156/3970 4723/4157/3971
f 2071/4158/3972 3275/4159/3973 4255/2863/2767
f 3265/4160/3974 729/3087/2976 720/2850/2754
f 4101/840/840 4099/842/842 3985/838/838
f 2083/2843/2747 2070/4161/3975 1500/712/712
f 719/711/711 1500/712/712 4721/714/714
f 637/4162/3976 1501/4163/3977 4264/4164/3978
f 715/3476/3341 3258/2842/2746 4101/840/840
f 4895/2630/2545 3106/2636/2551 1561/2839/2743
f 3305/2873/2777 3252/3475/3340 3978/2872/2776
f 4265/4165/3979 3251/4166/3980 712/4167/3981
f 4720/4168/3982 3248/2832/2736 1502/2835/2739
f 712/4167/3981 4717/4169/3983 4265/4165/3979
f 712/4167/3981 4266/4170/3984 4267/4171/3985
f 2420/1579/1559 3243/704/704 1504/1596/1576
f 4206/3058/2950 3239/997/997 3241/3057/2949
f 3238/2823/2727 1508/2818/2724 3237/321/321
f 1508/2818/2724 1507/319/319 3237/321/321
f 707/4172/3986 4271/701/701 1509/2816/2722
f 703/2813/2721 4271/4173/701 706/2814/700
f 4273/697/697 3234/4174/3987 4272/698/698
f 4274/4175/3988 3421/191/191 1510/4176/3989
f 701/694/694 3232/4177/3990 1511/3050/2943
f 697/2805/2714 1195/2801/2710 3223/2807/2716
f 3221/4178/3991 693/4179/3992 962/4180/3993
f 3984/4181/3994 3222/4182/3995 962/4180/3993
f 3222/4182/3995 3221/4178/3991 962/4180/3993
f 1514/2799/2709 1518/2795/2705 3218/4183/3996
f 693/4179/3992 1519/4184/2700 3217/2792/2702
f 691/2785/2696 3217/2792/2702 1519/4184/2700
f 3205/2773/2684 3212/2776/2687 4278/2775/2686
f 3214/2707/2620 687/2774/2685 1521/2705/2618
f 3210/685/685 3213/2777/2688 691/4185/2696
f 4282/2766/2677 3206/4186/3997 3204/440/440
f 1526/439/439 4282/2766/2677 3204/440/440
f 684/2770/2681 3195/324/324 3203/4187/3998
f 4998/2759/2670 1522/4188/3999 3212/2776/2687
f 3976/4189/4000 3255/2836/2740 2128/2837/2741
f 3192/2753/2664 3188/2750/2661 3191/2758/2669
f 4287/4190/2655 4286/684/684 3184/2747/2658
f 3186/4191/4001 675/2748/2659 3185/679/679
f 3179/1005/1005 4714/4192/4002 4713/1575/1555
f 672/2738/2649 1533/1581/1561 1532/2739/2650
f 3174/2740/2651 674/681/681 3176/675/675
f 3173/4193/4003 3557/3277/3154 3558/3275/3152
f 3166/672/672 3170/2729/2640 3165/673/673
f 3167/2722/2634 1535/4194/4004 1194/4195/2638
f 3974/4196/1011 3160/2717/2629 1540/4197/4005
f 3162/2724/2636 662/2709/2622 3161/2719/2631
f 665/2708/2621 1539/4198/4006 1538/2718/2630
f 1538/2718/2630 1540/4197/4005 3160/2717/2629
f 656/2692/2605 660/258/258 1541/4199/4007
f 3151/2702/2615 3155/2700/2613 3150/2699/2612
f 3152/2697/2610 655/256/256 654/2698/2611
f 659/4200/2603 1540/4197/4005 3145/147/147
f 1539/4198/4006 3145/147/147 1540/4197/4005
f 3149/4201/4008 3142/3240/3119 2044/4202/4009
f 657/2761/2672 3149/4201/4008 3148/4203/4010
f 3138/4204/4011 4304/4205/4012 3149/4201/4008
f 1541/4199/4007 2014/2703/2616 656/2692/2605
f 3141/2684/2599 4304/4205/4012 1544/2681/2596
f 3140/2685/2600 3970/2683/2598 4305/4206/4013
f 3140/2685/2600 2043/2696/2609 653/329/329
f 4305/4206/4013 3139/2680/2595 3140/2685/2600
f 652/2763/2674 3138/4204/4011 657/2761/2672
f 3132/2668/2583 3134/143/143 1546/142/142
f 4303/145/145 651/2673/2588 3971/2686/2601
f 3970/2683/2598 5001/2652/2567 646/4207/4014
f 3971/2686/2601 1549/2654/2569 1548/2687/2602
f 2009/668/668 3124/2661/2576 3112/2648/2563
f 3118/4208/4015 645/2650/2565 3122/2649/2564
f 640/2844/2748 639/4209/4016 638/4210/4017
f 637/4162/3976 3109/4211/4018 3108/4212/4019
f 1558/4213/4020 3107/2635/2550 3108/4212/4019
f 1559/2638/2553 638/4210/4017 3107/2635/2550
f 1560/2632/2547 3107/2635/2550 636/2633/2548
f 3246/4214/4021 633/2623/2538 3101/4215/4022
f 3102/663/663 3105/2624/2539 1562/2628/2543
f 3088/4216/3467 625/2612/2525 622/4217/2524
f 623/4218/4023 3090/4219/4024 3080/2601/2520
f 1565/4220/2528 1568/2603/2522 624/4221/2527
f 621/1017/1017 3079/2598/2517 1566/1015/1015
f 3089/3605/3465 619/133/133 620/3603/3463
f 617/2551/2470 1567/4222/4025 3081/2604/2523
f 1567/4222/4025 3073/2588/2507 1569/2597/2516
f 3077/4223/4026 3082/1016/1016 1571/2595/2514
f 3078/4224/4027 620/3603/3463 619/133/133
f 614/659/659 3077/4223/4026 612/332/332
f 3068/2590/2509 3075/2593/2512 613/2589/2508
f 610/129/129 3072/134/134 614/659/659
f 4315/2587/2506 1578/331/331 1575/333/333
f 3071/2591/2510 3042/4225/4028 3034/654/654
f 608/2578/2497 1574/130/130 611/132/132
f 1576/128/128 1580/2580/2499 1579/4226/4029
f 607/4227/4030 4317/125/125 3058/2567/2486
f 4318/2568/2487 3056/4228/4031 3057/2566/2485
f 1582/2576/2495 607/4227/4030 3058/2567/2486
f 3032/2536/2457 3060/655/655 3034/654/654
f 605/2572/2491 2591/1824/1784 3063/1826/1786
f 5026/1830/1787 605/2572/2491 1585/2570/2489
f 3061/2577/2496 1586/2575/2494 3056/4228/4031
f 4319/2562/2481 1587/4229/4032 604/2565/2484
f 3056/4228/4031 3052/4230/4033 3057/2566/2485
f 5003/2563/2482 3052/4230/4033 1588/2557/2476
f 4677/2558/2477 602/2559/2478 1588/2557/2476
f 3047/4231/4034 1325/3488/3353 4872/2553/2472
f 3046/2545/2466 3048/4030/3860 3047/4231/4034
f 3038/4232/3741 3041/2544/2465 3044/2543/2464
f 598/334/334 3043/4233/2460 1591/335/335
f 3037/2534/2455 1191/2530/2452 3040/2538/2459
f 3033/1058/1058 3035/4234/2461 597/1059/1059
f 1592/4235/4035 2456/115/115 2457/1060/1060
f 2962/4236/4036 543/4237/4037 1593/116/116
f 543/4237/4037 596/4238/4038 1593/116/116
f 596/4238/4038 2448/117/117 1593/116/116
f 4327/2527/2449 4916/4239/4039 3031/4240/4040
f 1594/112/112 3028/2526/2448 3026/2525/2447
f 3030/1627/1607 1594/112/112 2427/2524/2446
f 174/524/524 592/2523/2445 1808/1621/1601
f 1595/2521/2443 593/343/343 3029/345/345
f 1596/1612/1592 1595/2521/2443 590/2522/2444
f 589/2520/2442 590/2522/2444 3025/648/648
f 1600/4241/4041 1389/4242/4042 2918/2339/2270
f 3024/4243/4043 982/3437/3302 3023/4244/4044
f 578/107/107 3660/822/822 4329/821/821
f 576/2490/2412 1599/4245/4045 4335/2489/2411
f 4331/4246/4046 1600/4241/4041 576/2490/2412
f 499/2343/2259 1600/4241/4041 2918/2339/2270
f 498/631/631 1599/4247/4045 499/2328/2259
f 583/4248/4047 1602/4249/4048 582/4250/4049
f 578/107/107 585/4251/4050 583/4248/4047
f 4330/2506/2428 1597/4252/4051 3008/2503/2425
f 3000/2496/2418 570/109/109 3001/2493/2415
f 4335/4253/2411 1605/2460/2382 2994/2459/2381
f 2987/2453/2375 1608/4254/4052 1610/2452/2374
f 2989/2467/2389 566/103/103 563/2454/2376
f 567/4255/2393 4873/2442/2364 1612/4256/2396
f 562/2456/2378 1614/2439/2362 1617/2430/101
f 1616/2463/2385 562/2456/2378 4339/2429/2354
f 2974/4257/4053 558/2451/2373 2986/2450/2372
f 2969/2443/2365 2966/2416/2342 2970/2441/2363
f 557/643/643 2969/2443/2365 2977/641/641
f 557/643/643 2971/2449/2371 551/2424/2350
f 556/642/642 4341/2445/2367 2979/2448/2370
f 1618/4258/4054 553/2419/2345 2971/2449/2371
f 1621/4259/4055 2962/4236/4036 2963/4260/4056
f 1623/2423/2349 551/2424/2350 1622/2421/2347
f 548/4261/4057 1623/2423/2349 4950/2422/2348
f 2951/2391/2317 1620/2406/2332 2953/2408/2334
f 4343/2278/2212 4694/4262/4058 1626/2404/2330
f 2960/638/638 1624/2418/2344 549/2420/2346
f 2958/2412/2338 4974/4263/4059 547/2414/2340
f 1620/2406/2332 550/1020/1020 2968/4264/2353
f 541/1019/1019 543/4237/4037 550/1020/1020
f 1593/116/116 2963/4260/4056 2962/4236/4036
f 2950/4265/4060 2954/4266/4061 1627/2411/2337
f 1627/2411/2337 545/2399/2325 2950/4265/4060
f 1627/2411/2337 548/4261/4057 2955/4267/4062
f 4348/4268/4063 542/97/97 1628/2393/2319
f 4349/2384/2310 1632/98/98 4348/4268/4063
f 4347/2395/2321 2944/2386/2312 540/2385/2311
f 2952/4269/4064 542/97/97 538/339/339
f 1633/2388/2314 537/337/337 538/339/339
f 2947/338/338 2945/2387/2313 544/1018/1018
f 2942/2383/2309 537/337/337 2946/2381/2307
f 1631/2390/2316 2940/4270/4065 525/2377/2303
f 535/340/340 534/96/96 2943/341/341
f 531/2373/2299 2946/2381/2307 1633/2388/2314
f 593/343/343 4350/4271/4066 2941/344/344
f 2798/2181/2118 1635/2370/2296 526/4272/4067
f 524/2379/2305 519/4273/4068 2940/4270/4065
f 1634/2378/2304 525/2377/2303 516/2376/2302
f 530/2382/2308 521/2372/2298 2939/2362/2288
f 4702/4274/4069 2933/4275/4070 508/1989/1943
f 2933/4275/4070 513/2365/2291 514/4276/4071
f 1726/1984/1938 2700/1032/1032 2929/2364/2290
f 3025/648/648 2927/4277/4072 2926/4278/4073
f 590/2522/2444 1640/649/649 3025/648/648
f 3569/3300/3175 506/4279/4074 2921/2345/2274
f 1645/2324/2255 913/4280/3898 4354/4281/4075
f 501/3891/3737 4354/4281/4075 2924/2355/2283
f 1646/2353/2282 4358/3892/3738 2924/2355/2283
f 1646/2353/2282 505/2349/2278 5042/4282/4076
f 1389/4242/4042 909/4283/4077 2917/2338/2269
f 496/944/944 908/980/980 2906/3894/3740
f 4355/295/295 2915/2333/2264 1653/3889/3735
f 502/4284/4078 4359/1168/1166 1650/3893/3739
f 4357/634/634 502/4284/4078 5042/4282/4076
f 2913/351/351 505/2349/2278 1652/2348/2277
f 1999/4285/2242 1654/4286/4079 490/4287/2243
f 1655/945/945 2897/4288/4080 489/2323/2254
f 2899/3890/3736 4361/3887/3733 1653/3889/3735
f 2888/2313/2228 2905/4289/4081 2889/4290/2229
f 490/2310/2243 2898/2307/2240 2903/2308/2241
f 1659/4291/2239 1654/4286/4079 2896/2304/2237
f 2091/4292/4082 2885/4293/4083 4366/4294/4084
f 4366/4294/4084 4365/2301/2235 486/2300/2234
f 2892/2321/2252 2891/623/623 1657/2322/2253
f 1660/2298/2232 1189/4295/4085 491/4296/4086
f 4697/4297/4087 2091/4292/4082 4700/4298/4088
f 2877/2289/2223 4370/625/625 1662/624/624
f 483/4299/4089 561/4300/4090 2884/4301/4091
f 4371/4302/4092 2884/4301/4091 561/4300/4090
f 2881/4303/4093 2887/2297/2231 4372/4304/4094
f 2880/4305/4095 1666/352/352 4376/4306/4096
f 2877/2289/2223 1668/4307/4097 2878/2292/2226
f 2883/4308/4098 4986/3882/3728 1669/3884/3730
f 4378/2293/2227 1668/4307/4097 4379/4309/4099
f 1668/4307/4097 4380/4310/4100 4379/4309/4099
f 477/2087/2032 394/2066/2013 474/2268/2202
f 4384/2274/2208 1992/4311/4101 1989/2275/2209
f 2864/4312/4102 4380/4310/4100 2863/4313/4103
f 4380/4310/4100 2858/2266/2200 2863/4313/4103
f 4381/4314/4104 4385/4315/4105 2872/4316/4106
f 2855/2260/2194 4391/4317/4107 2856/4318/4108
f 2867/2281/2215 1671/2270/2204 1672/2269/2203
f 1988/4319/4109 470/4320/4110 2092/4321/4111
f 2857/4322/4112 473/4323/4113 1675/4324/4114
f 4692/4325/4115 4388/4326/4116 1986/4327/4117
f 4387/4328/4118 2092/4321/4111 470/4320/4110
f 469/2398/2324 2847/4329/4119 4693/4330/4120
f 2827/2202/2139 2839/4331/4121 4391/4317/4107
f 2835/2246/2182 468/4332/4122 2844/2253/2188
f 2829/4333/4123 456/1026/1026 465/1025/1025
f 465/1025/1025 464/2261/2195 2829/4333/4123
f 2827/2202/2139 2838/2199/2136 2806/2233/2170
f 467/2252/2187 2835/2246/2182 2844/2253/2188
f 4393/4334/2177 4691/4335/4124 1983/4336/2175
f 4691/4335/4124 2832/2217/2154 1983/4336/2175
f 2832/2217/2154 4661/1544/1527 1983/4336/2175
f 4792/4337/4125 4687/2209/2146 4690/1092/1092
f 2805/2171/2108 2806/2233/2170 453/2198/2135
f 1687/2196/2133 453/2198/2135 1682/2197/2134
f 2824/2232/2169 2826/611/611 452/613/613
f 4971/1534/1517 2813/2191/2128 4399/3881/3727
f 2812/2220/2157 1719/2040/1988 1720/4338/4126
f 2794/2206/2143 4406/2187/2124 2795/2207/2144
f 441/2174/2111 4397/4339/4127 454/2201/2138
f 2803/2192/2129 2800/605/605 447/607/607
f 446/4340/4128 2802/2194/2131 2801/2224/2161
f 4403/436/436 2797/2216/2153 2796/2215/2152
f 2807/2173/2110 5004/4341/4129 4686/4342/4130
f 439/1029/1029 440/610/610 4401/609/609
f 2805/2171/2108 2804/2185/2122 2792/4343/4131
f 4853/2184/2121 438/2183/2120 2792/4343/4131
f 3965/2170/2107 447/607/607 4410/606/606
f 446/4340/4128 2791/87/87 2800/605/605
f 433/4344/4132 5004/4341/4129 2786/4345/4133
f 1693/2163/2100 2785/4346/4134 438/2183/2120
f 437/2182/2119 431/596/596 1693/2163/2100
f 432/3878/3725 4409/2172/2109 440/610/610
f 2782/1190/1188 1694/1028/1028 2783/1027/1027
f 427/2159/2097 2774/2134/2076 4413/2133/2075
f 421/4347/2072 419/4348/4135 4181/3212/3092
f 419/4348/4135 2777/82/82 4181/3212/3092
f 2769/4349/2069 415/3206/3087 2776/4350/4136
f 2760/4351/367 2772/3880/3726 415/3206/3087
f 4416/2120/2064 2755/4352/4137 2762/2121/2065
f 409/2128/2070 1705/2098/2042 406/2099/2043
f 2755/4352/4137 4415/4353/4138 2762/2121/2065
f 4418/368/368 409/2128/2070 406/2099/2043
f 404/2094/2038 4420/2092/2037 399/2084/2029
f 397/2082/2028 402/4354/4139 403/2110/2054
f 2746/2090/2035 411/4355/4140 4822/2091/2036
f 2749/4356/4141 1705/2098/2042 1701/2105/2049
f 393/2057/2004 4959/4357/4142 2742/4358/4143
f 3964/2100/2044 394/2066/2013 401/618/618
f 4422/4359/4144 2749/4356/4141 1708/594/594
f 4681/2104/2048 4955/2077/2023 391/2072/2018
f 384/588/588 1980/2075/2021 2741/2074/2020
f 1710/371/371 390/2085/2030 2736/68/68
f 1712/2054/2001 1979/2021/1972 376/4360/4145
f 381/2067/69 2735/4361/4146 2732/2050/67
f 2737/372/372 2731/4362/4147 387/2070/2016
f 2729/2047/1995 2730/2062/2009 2743/2061/2008
f 2728/64/64 4429/4363/4148 1714/2043/1991
f 4426/4364/4149 1710/371/371 373/2052/1999
f 2734/2059/2006 369/4365/4150 2723/2022/1973
f 2726/4366/4151 366/2044/1992 2715/1469/1458
f 2720/2026/1976 365/2019/1970 4430/2031/1980
f 1721/2032/1981 4843/2016/1967 369/4365/4150
f 4431/4367/4152 363/4368/4153 3963/2015/1966
f 2708/581/581 367/4369/4154 2713/582/582
f 2713/582/582 2721/4370/4155 1978/4371/4156
f 3963/2015/1966 5049/4372/4157 4431/4367/4152
f 366/2044/1992 2712/2030/1979 2715/1469/1458
f 361/2008/1959 2714/2018/1969 1723/2025/1975
f 2705/1997/1950 357/2002/1953 2707/583/583
f 2703/4373/4158 2305/4374/4159 356/4375/4160
f 356/4375/4160 354/493/493 2704/2005/1956
f 1727/1983/1937 350/1981/1935 2694/4376/4161
f 1729/1977/1931 507/1988/1942 4435/62/62
f 4435/62/62 1644/1975/1929 2699/1976/1930
f 2657/1942/1896 2691/1985/1939 2701/93/93
f 2697/579/579 2690/1965/1919 2693/580/580
f 2695/1971/1925 1977/63/63 4438/1967/1921
f 4438/1967/1921 4437/1968/1922 2688/4377/4162
f 4439/1137/1137 5005/1969/1923 343/1966/1920
f 340/1136/1136 2689/1970/1924 4439/1137/1137
f 2690/1965/1919 2684/4378/4163 2687/1964/1918
f 342/4379/4164 2645/1920/1874 338/1959/1913
f 2094/1954/1908 2671/1951/1905 2669/4380/4165
f 339/1135/1135 4440/1957/1911 340/1136/1136
f 337/4381/4166 2688/4377/4162 4867/4382/4167
f 2671/1951/1905 1732/4383/4168 1735/1950/1904
f 1733/1403/1394 2675/1956/1910 2674/1404/1395
f 1734/4384/4169 2674/1404/1395 2675/1956/1910
f 1732/4383/4168 1736/1949/1903 1735/1950/1904
f 334/1946/1900 2668/1948/1902 335/1945/1899
f 1874/1381/1372 335/1945/1899 1737/1185/1183
f 2663/2166/2103 4850/4385/4170 2658/4386/4171
f 2656/59/59 2657/1942/1896 331/60/60
f 321/1926/1880 322/574/574 1740/1939/1893
f 1898/1305/1300 327/1515/1501 4600/409/409
f 2652/4387/1879 4850/4385/4170 1739/1937/1891
f 2647/1924/1878 1741/1931/1885 2653/1930/1884
f 1740/1939/1893 1743/1914/1868 321/1926/1880
f 2648/4388/4172 2641/1042/1042 2642/1915/1869
f 2651/4389/4173 342/4379/4164 2691/1985/1939
f 1745/1923/1877 2646/4390/4174 4447/1919/1873
f 2650/4391/4175 2646/4392/4174 1744/4393/4176
f 317/1927/1881 1747/1043/1043 2641/1042/1042
f 2637/1909/1863 4447/1919/1873 2646/4390/4174
f 2643/1960/1914 313/1900/1854 336/1958/1912
f 4451/1899/1853 309/4394/4177 308/1894/1848
f 302/1236/1233 4936/1907/1861 311/1906/1860
f 1936/1898/1852 35/571/571 1917/1279/1276
f 311/1906/1860 2154/1235/1232 302/1236/1233
f 4612/1903/1857 17/4395/4178 4450/1902/1856
f 316/1911/1865 4612/1903/1857 1747/1043/1043
f 4452/1893/1847 306/570/570 305/1896/1850
f 305/1896/1850 308/1894/1848 4452/1893/1847
f 4454/1871/1827 3325/1878/1833 3323/158/158
f 4455/4396/4179 4906/4140/3959 3324/1879/1834
f 740/4137/3956 2623/4397/4180 2625/4139/3958
f 4461/4398/3723 2619/1863/1819 2625/4139/3958
f 2620/4399/4181 2615/1851/1808 2614/1850/1807
f 2605/4400/1804 2611/565/565 2612/1862/1818
f 278/376/376 2480/4401/4182 288/1852/1809
f 2595/1840/1797 284/1859/1816 2604/4402/4183
f 279/378/378 4925/1695/1669 278/376/376
f 2588/4403/430 4467/1821/1781 274/4404/431
f 2587/4405/4184 2586/1842/1799 2601/1822/1782
f 4468/1841/1798 2564/4406/4185 2585/4407/4186
f 2582/4408/4187 4474/4409/4188 2558/4410/4189
f 1759/1837/1794 2559/1817/1778 4469/4411/4190
f 2552/1049/1049 2593/4412/4191 2576/4413/4192
f 2573/4414/4193 2553/1801/1762 4470/1047/1047
f 2575/4415/4194 2551/1799/1760 2573/4414/4193
f 271/1796/1757 4471/432/432 1761/4416/1773
f 270/122/122 209/4417/4195 208/1689/1663
f 4473/1806/1767 1763/556/556 4472/1807/1768
f 2565/4418/4196 261/4419/4197 269/4420/4198
f 4472/1807/1768 2565/4421/4196 269/4422/4198
f 2546/1789/1751 2564/4406/4185 2566/1810/1771
f 2565/4421/4196 2562/555/555 2560/4423/1765
f 2585/4407/4186 2563/4424/4199 4474/4409/4188
f 2544/54/54 272/4425/4200 2558/4410/4189
f 263/4426/4201 4481/1794/1755 4478/4427/4202
f 263/4428/4201 1762/652/652 1766/1808/1769
f 2561/4429/4203 260/1780/1742 3961/1803/1764
f 2558/4410/4189 4482/4430/4204 2544/54/54
f 2553/1801/1762 2539/45/45 2523/44/44
f 1768/550/550 2550/381/381 4475/1050/1050
f 2532/4431/383 2547/1788/1750 2531/4432/41
f 2545/4433/4205 2530/4434/4206 4482/4430/4204
f 2519/1778/1740 2538/1773/1736 256/1782/1744
f 2518/1770/382 258/4435/4207 2532/4431/383
f 1771/1779/1741 2516/4436/4208 2510/1752/1718
f 2527/1767/1732 2528/4437/4209 2537/4438/4210
f 2517/1756/1722 4487/384/384 245/1736/1704
f 2521/547/547 250/1762/1728 2512/1760/1726
f 4490/1743/1711 238/388/388 4491/542/542
f 2513/4439/4211 2522/1759/1725 2506/1758/1724
f 1776/1776/1738 253/42/42 1773/1775/1737
f 1778/539/539 4988/1772/1735 2510/1752/1718
f 243/1749/1715 244/1735/1703 2504/1733/1701
f 242/1731/1699 2514/4440/4212 240/1748/1714
f 4488/40/40 1783/1737/1705 236/1739/1707
f 2497/1709/1680 2498/1165/1163 220/1164/1162
f 2495/1723/1692 5006/1738/1706 2496/4441/4213
f 2494/541/541 216/391/391 2493/393/393
f 233/4442/1687 1778/539/539 1779/1753/1719
f 221/1708/1679 4995/4443/4214 1788/1714/1685
f 216/1705/391 2491/1720/1690 215/1702/1675
f 4497/4444/4215 208/1689/1663 209/4417/4195
f 211/1693/1667 2474/2531/2453 212/534/534
f 1790/1696/1670 1793/4445/4216 2478/4446/4217
f 4498/535/535 4499/4447/4218 1795/533/533
f 4500/1667/1644 206/1691/1665 2467/1680/1655
f 2459/1677/1653 1794/4448/4219 201/1684/1659
f 2464/4449/4220 1797/1675/1651 2470/4450/4221
f 4503/1674/1650 2459/1677/1653 1803/394/394
f 2461/2528/2450 205/4451/4222 1799/1057/1057
f 1796/532/532 201/1684/1659 2465/530/530
f 1798/1656/1634 2462/4452/4223 2463/4453/4224
f 2456/115/115 2455/1061/1061 2457/1060/1060
f 2460/1673/1649 2457/1060/1060 194/1062/1062
f 202/1678/1654 2451/1659/1637 2450/1658/1636
f 2449/396/396 184/1065/1065 197/1064/1064
f 193/1647/1625 4984/1671/1647 192/1652/1630
f 2458/1641/1621 2095/4454/4225 2433/4455/4226
f 2438/1625/1605 187/1650/1628 2446/1632/1612
f 2428/4456/1140 175/4457/4227 2436/1642/1602
f 174/524/524 3030/1627/1607 2427/2524/2446
f 1808/1621/1601 170/1613/1593 1809/1616/1596
f 2096/1624/1604 172/1617/1597 1811/1615/1595
f 4865/1608/1588 4980/1614/1594 169/1610/1590
f 2423/4458/4228 168/4459/4229 166/1607/1587
f 2424/1611/1591 4513/1606/1586 169/1610/1590
f 2423/4458/4228 5031/4460/4230 2421/4461/4231
f 5031/4460/4230 1813/1609/1589 163/4462/4232
f 165/1602/1582 171/4463/4233 167/4464/4234
f 1815/1599/1579 2417/1594/1574 1814/1597/1577
f 2419/706/706 4514/4465/4235 1814/1597/1577
f 2294/488/488 4897/4466/4236 2415/1436/1427
f 2121/4467/4237 2414/1147/1147 4518/4468/4238
f 4668/1591/1571 2122/4469/4239 157/1592/1572
f 4990/4470/4240 2410/4471/4241 2413/4472/4242
f 4990/4470/4240 2409/1586/1566 4519/1585/1565
f 155/1577/1557 3975/678/678 677/680/680
f 2387/1570/1550 2391/4473/4243 1817/4474/4244
f 4526/4475/4245 149/514/514 152/4476/4246
f 2340/4477/4247 149/514/514 126/513/513
f 2381/1549/1532 1818/1559/1542 2385/1558/1541
f 1818/1559/1542 2384/1567/1548 4528/1557/1540
f 2379/1545/1528 147/1551/1534 2382/1539/1522
f 143/397/397 2377/1547/1530 4532/1546/1529
f 148/1561/1544 4969/4478/4248 2380/4479/4249
f 450/2219/2156 1825/1543/1526 2832/2217/2154
f 2378/1529/1066 2380/4479/4249 4531/4480/4250
f 5023/1533/1516 1185/4481/4251 2372/1528/1512
f 137/4482/4252 1830/1527/1511 1185/4481/4251
f 2368/511/511 1831/4483/4253 2371/4484/1507
f 2351/4485/4254 3956/4486/4255 134/4487/1491
f 2350/4488/1492 3956/4486/4255 2359/4489/4256
f 2134/4490/4257 4652/1159/1157 4647/4491/4258
f 128/4492/4259 4648/4493/4260 4649/1142/1142
f 4802/4494/4261 4901/4495/4262 4650/506/506
f 2344/4496/4263 2105/1087/1087 2343/1089/1089
f 4544/1489/1477 127/4497/4264 4543/1493/1481
f 2338/1487/1475 126/513/513 1839/4498/4265
f 126/513/513 4914/1553/1536 1839/4498/4265
f 2336/426/426 4546/4499/4266 1838/4500/4267
f 4425/4501/4268 3954/4502/4269 2331/4503/4270
f 4425/4501/4268 1840/4504/4271 125/4505/4272
f 124/1472/1460 2726/4366/4151 118/1468/1457
f 370/2035/1983 1843/496/496 4533/1532/1515
f 137/4482/4252 370/2035/1983 4533/1532/1515
f 1841/497/497 1843/496/496 120/495/495
f 1851/21/21 2314/404/404 1848/19/19
f 4556/4506/4273 2114/4507/4274 2310/4508/4275
f 2311/1457/1448 1849/4509/4276 2310/4508/4275
f 4559/4510/4277 108/1453/1444 1850/1451/1442
f 2309/492/492 2307/1458/1449 2312/1470/1459
f 113/1461/1452 111/4511/1432 2303/4512/1440
f 2306/20/20 111/4511/1432 1851/21/21
f 1849/4509/4276 109/1454/1445 1854/4513/4278
f 2305/4374/4159 106/491/491 354/493/493
f 2303/4512/1440 2308/1459/1450 113/1461/1452
f 2303/1449/1440 2302/1443/1434 2304/1447/1438
f 3097/4514/4279 2297/1440/1431 2296/4515/4280
f 103/4516/4281 2291/1432/1423 2293/1438/1429
f 1863/4517/4282 2285/428/428 93/486/486
f 1933/4518/4283 93/486/486 1867/485/485
f 90/4519/4284 2276/483/483 2279/4520/4285
f 4816/4521/4286 4808/4522/4287 2278/4523/4288
f 2252/1375/1366 90/4519/4284 4585/4524/4289
f 2258/4525/4290 1915/1282/1279 85/4526/4291
f 83/1397/1388 4582/4527/4292 4581/1388/1379
f 2261/481/481 4842/4528/4293 2262/482/482
f 2246/1367/1358 82/13/13 2251/1374/1365
f 82/13/13 4842/4528/4293 2251/1374/1365
f 4593/4529/4294 2237/4530/4295 4595/4531/4296
f 2107/4532/4297 2237/4530/4295 4979/4533/4298
f 1878/1373/1364 2243/4534/4299 76/1363/1354
f 4633/1383/1374 2245/1359/1350 2244/1360/1351
f 2236/4535/4300 1879/1370/1361 1884/4536/4301
f 1879/1370/1361 2249/4537/4302 1880/4538/4303
f 4849/4539/4304 2235/4540/4305 1884/4536/4301
f 4589/1362/1353 78/1365/1356 79/1366/1357
f 1883/12/12 76/1363/1354 2243/4534/4299
f 2231/474/474 2243/4534/4299 2242/4541/4306
f 2229/1355/1346 4631/4542/4307 1885/1354/1345
f 2235/4540/4305 2236/4535/4300 1884/4536/4301
f 1945/4543/4308 2223/4544/4309 2235/4540/4305
f 1946/4545/4310 2213/1356/1347 2228/477/477
f 2199/4546/4311 1940/4547/4312 2112/4548/4313
f 2113/1341/1334 2206/4549/4314 2208/1339/1332
f 2205/4550/4315 2198/4551/4316 4599/4552/4317
f 1892/411/411 4920/1329/1324 4600/409/409
f 57/4553/4318 136/4554/4319 2119/4555/4320
f 4446/4556/4321 2639/1304/1299 1743/1914/1868
f 56/1326/1321 4920/1329/1324 1895/1337/1330
f 1899/1316/1311 49/1308/1303 1902/1314/1309
f 1899/1316/1311 4606/412/412 50/1198/1196
f 1904/1293/1288 48/4557/4322 3952/1292/1287
f 36/1245/1242 1913/1283/1280 2159/1/1
f 44/1296/1291 4898/1309/1304 48/4558/4322
f 41/1290/1286 38/417/417 4609/416/416
f 44/1296/1291 42/4559/1284 1910/1256/1253
f 40/1287/1283 39/1289/1285 1912/1294/1289
f 2190/4560/4323 2177/1244/1241 1913/1283/1280
f 2176/1280/1277 34/1274/1271 2175/1281/1278
f 2174/4561/4324 1917/1279/1276 2173/458/458
f 1919/1379/1370 1915/1282/1279 2175/1281/1278
f 30/4562/4325 1923/4563/4326 31/1273/1270
f 30/4562/4325 34/1274/1271 2174/4561/4324
f 30/4562/4325 2173/458/458 29/457/457
f 28/1277/1274 2168/4564/4327 1922/1269/1266
f 1908/4565/4328 2167/1267/1264 1923/4563/4326
f 2164/4566/4329 2166/1264/1261 2167/1267/1264
f 2164/4566/4329 1911/4567/4330 24/1254/1251
f 1925/6/6 1909/4568/4331 2147/4569/4332
f 21/1213/1211 2145/2/2 2159/1/1
f 20/1241/1238 29/457/457 2156/459/459
f 19/1242/1239 2156/459/459 304/1892/1846
f 1927/1891/1845 1748/1237/1234 4617/1238/1235
f 4617/1238/1235 19/1242/1239 1927/1891/1845
f 16/1226/1224 4613/4570/4333 2152/4571/4334
f 1922/1269/1266 2169/1259/1256 2146/1268/1265
f 2165/4572/4335 4939/1218/1216 26/1265/1262
f 2148/4573/4336 2146/1268/1265 1928/4/4
f 2165/4572/4335 25/4574/4337 9/4575/4338
f 4618/1219/1217 23/1251/1248 2162/1253/1250
f 4938/1221/1219 26/1265/1262 12/1220/1218
f 5036/4576/4339 8/4577/4340 1929/4578/4341
f 4619/1214/1212 2/1160/1158 1929/4578/4341
f 3973/2704/2617 3526/3248/3127 658/2695/2608
f 1924/4579/4342 45/1260/1257 2181/4580/4343
f 2219/4581/4344 2202/4582/4345 2201/4583/4346
f 2209/4584/4347 1891/4585/4348 2208/1339/1332
f 1939/4586/4349 4626/4587/4350 4838/4588/4351
f 4623/4589/4352 4625/4590/4353 1940/4547/4312
f 4594/4591/4354 2211/4592/4355 2212/4593/4356
f 1944/4594/4357 2209/4584/4347 4811/1085/1085
f 4587/4595/4358 2109/1352/1343 2240/4596/4359
f 2234/8/8 2253/4597/4360 2247/9/9
f 2245/1359/1350 2250/4598/4361 2241/1357/1348
f 4577/4599/4362 2253/4597/4360 2271/420/420
f 4584/1387/1378 1947/4600/1081 2263/1385/1376
f 4940/4601/4363 4905/1402/1393 1869/1401/1392
f 4442/1410/1401 89/1398/1389 4573/940/940
f 1905/1318/1313 2262/482/482 2272/1378/1369
f 4671/4602/4364 2282/4603/4365 167/4464/4234
f 2122/4469/4239 1858/1428/1419 157/1592/1572
f 100/1429/1420 4565/1431/1422 4638/4604/4366
f 4565/1431/1422 2301/1435/1426 4638/4604/4366
f 1846/400/400 2313/1467/1456 117/4605/4367
f 2315/403/403 4840/4606/4368 4805/4607/4369
f 4555/422/422 4909/4608/4370 2326/423/423
f 4803/4609/4371 4909/4608/4370 2322/4610/4372
f 124/1472/1460 1840/4504/4271 122/4611/4373
f 2347/4612/4374 4542/1492/1480 4645/1491/1479
f 1958/4613/4375 4643/1088/1088 4547/4614/4376
f 4651/1072/1072 2343/1089/1089 1958/4613/4375
f 2101/1503/1490 4525/4615/4377 4542/1492/1480
f 2101/1503/1490 4664/4616/4378 2396/4617/4379
f 4537/4618/4380 4653/1073/1073 1833/4619/4381
f 2352/1511/1497 1961/505/505 135/4620/4382
f 3120/669/669 4538/4621/4383 4654/4622/508
f 4799/4623/4384 2360/4624/4385 2119/4555/4320
f 1963/4625/4386 2362/1516/1502 2369/1518/1504
f 1822/4626/1531 1826/1067/1067 141/4627/4387
f 4531/4480/4250 4662/4628/4388 4660/1530/1513
f 4530/4629/4389 4529/4630/4390 4662/4628/4388
f 4663/4631/4391 4770/4632/4392 4517/4633/4393
f 153/4634/4394 2397/4635/4395 2390/4636/4396
f 4663/4631/4391 3958/27/27 2401/4637/4397
f 4666/4638/4398 4523/4639/4399 4664/4640/4378
f 4521/1006/1006 2400/4641/1551 4665/4642/4400
f 4771/4643/4401 2360/4624/4385 2120/4644/4402
f 4669/516/516 2120/4644/4402 2365/1537/1520
f 4518/4468/4238 2098/515/515 2121/4467/4237
f 1967/4645/1139 2434/4646/4403 2428/4456/1140
f 176/1644/30 4890/4647/4404 185/4648/28
f 1802/1672/1648 199/527/527 2453/1670/1646
f 2463/4453/4224 2476/4649/4405 2470/4450/4221
f 2471/1685/1660 4673/4650/4406 3960/4651/4407
f 1969/4652/4408 4897/4466/4236 1816/4653/4409
f 213/4654/4410 4495/4655/4411 1969/4652/4408
f 1816/4653/4409 4494/4656/4412 1969/4652/4408
f 4989/1698/1672 1971/4657/4413 4819/1699/1673
f 3272/2889/2793 2487/4658/4414 3273/4659/4415
f 252/1765/1731 2524/1053/1053 2535/1052/1052
f 4678/1046/1046 2606/1846/1803 1975/561/561
f 4459/4660/1812 2617/4661/4416 286/4662/1810
f 2632/4663/4417 3326/4664/4418 4214/4665/4419
f 314/1908/1862 315/1910/1864 4449/1904/1858
f 2643/1960/1914 2645/1920/1874 315/1910/1864
f 2661/4666/4420 433/4344/4132 2786/4345/4133
f 2269/4667/4421 2268/4668/4422 2266/4669/4423
f 389/2071/2017 4956/2058/2005 2742/4358/4143
f 403/2110/2054 407/2116/2060 408/2109/2053
f 1405/3217/3096 4741/4670/4424 2778/2158/2096
f 4407/4671/4425 2787/2168/2105 4406/2187/2124
f 1690/2167/2104 4404/2179/2116 4405/2188/2125
f 4400/2236/2173 2808/4672/4426 448/4673/4427
f 4400/2236/2173 4688/4674/4428 4396/2234/2171
f 452/613/613 4972/4675/4429 2819/2227/2164
f 1680/1093/1093 4397/4339/4127 4689/1094/1094
f 455/2204/2141 1680/1093/1093 4690/1092/1092
f 2830/4676/4430 2809/2213/2150 2810/4677/4431
f 1685/4678/4432 2831/2235/2172 2810/4677/4431
f 457/4679/4433 2810/4677/4431 2831/2235/2172
f 4392/4680/4434 2846/2263/2197 2840/4681/4435
f 4389/2265/2199 2841/1024/1024 470/4320/4110
f 1673/4682/4436 4997/4683/4437 2850/4684/4438
f 4387/4328/4118 2842/2250/2185 2843/4685/4439
f 4388/4326/4116 2850/4684/4438 1986/4327/4117
f 4386/4686/2205 1987/363/363 471/2254/2189
f 1991/4687/4440 2859/358/358 4695/360/360
f 4695/360/360 1674/4688/4441 1991/4687/4440
f 1993/88/88 1674/4688/4441 2866/4689/4442
f 4378/2293/2227 2873/356/356 2879/355/355
f 4383/4690/4443 480/4691/4444 4696/2284/2218
f 4382/4692/4445 1667/4693/4446 479/4694/4447
f 4699/4695/4448 483/4299/4089 2885/4293/4083
f 2873/356/356 4698/89/89 4373/357/357
f 1663/3885/3731 491/4296/4086 1189/4295/4085
f 4368/4696/4449 4365/2301/2235 2884/4301/4091
f 1658/2316/2247 494/2319/2250 2000/2314/2245
f 494/2319/2250 2925/2325/2256 2000/2314/2245
f 546/2403/2329 4346/2397/2323 2003/2396/2322
f 2957/2405/2331 2961/2277/2211 4343/2278/2212
f 570/109/109 2986/2450/2372 565/2435/2359
f 3014/2516/2438 4117/3442/3307 4328/4037/3867
f 1592/4235/4035 2461/2528/2450 4326/2529/2451
f 4314/3608/3468 3770/3604/3464 4071/3606/3466
f 3098/4697/4450 2299/4698/4451 3099/4699/4452
f 3098/4697/4450 4791/1129/1129 3100/1131/1131
f 3099/4699/4452 2087/664/664 3098/4697/4450
f 4266/4170/3984 3101/4215/4022 2088/2621/2536
f 3104/4700/4453 4947/2625/2540 634/2629/2544
f 4536/1069/1069 4538/4621/4383 4706/671/671
f 3116/4701/4454 2356/1509/1495 3115/4702/4455
f 4537/4703/4380 3119/4704/4456 3113/4705/4457
f 4826/667/667 4800/1091/1091 4825/4706/4458
f 4708/2647/2562 1192/4707/4459 1550/4708/4460
f 4292/4709/2648 4294/2734/2645 1534/4710/2641
f 4712/2733/2644 4291/4711/2647 2084/4712/4461
f 4521/1006/1006 4713/1575/1555 676/1007/1007
f 1527/2751/2662 4714/4192/4002 1528/2749/2660
f 1528/2749/2660 3182/1004/1004 1550/4708/4460
f 3183/1098/1098 4285/2752/2663 1529/1099/1099
f 1527/2751/2662 3189/2755/2666 2018/2745/2656
f 3211/4713/4462 3209/2789/2699 686/2781/2692
f 3211/4713/4462 3210/685/685 4280/687/687
f 3244/2828/2732 1530/676/676 2127/4714/4463
f 3259/4715/4464 4264/4164/3978 1501/4163/3977
f 3277/4716/4465 4718/4717/4466 4723/4157/3971
f 4675/4718/4467 4796/2858/2762 4494/4656/4412
f 3272/2889/2793 3335/2898/2802 3328/2890/2794
f 4253/4719/4468 2071/4158/3972 4724/2862/2766
f 4253/4720/4468 3279/4721/4469 4254/4722/4470
f 2027/443/443 4726/2866/2770 2082/444/444
f 4252/2869/2773 2026/2870/2774 3291/4151/3967
f 3287/993/993 3310/4723/4471 3289/4150/3966
f 3305/2873/2777 3304/721/721 3311/4724/4472
f 3311/4724/4472 3312/4725/4473 3305/2873/2777
f 3315/4726/4474 3318/4727/1123 3319/4728/4475
f 3414/748/748 4233/4729/4476 4229/2968/2863
f 3385/4111/3932 4230/2991/2886 3386/4112/3933
f 3390/4730/4477 4230/2991/2886 797/3008/2903
f 2058/3963/3804 3402/3013/2908 808/4731/4478
f 3409/4732/4479 4212/1889/1843 3410/4733/4480
f 3409/4732/4479 4210/4104/3926 3411/4103/3925
f 4766/4734/4481 4735/4735/4482 1152/3945/3788
f 1161/927/927 4860/4736/4483 2034/4737/4484
f 3449/3099/2988 849/757/757 850/4738/4485
f 889/3215/3094 2040/782/782 2037/3213/3093
f 3529/1103/1103 894/3237/3116 1400/3243/3122
f 2042/1157/1155 3513/4739/4486 3518/983/983
f 900/4740/4487 3519/4741/4488 4171/4742/3124
f 4167/3255/3134 3518/983/983 3521/4743/4489
f 3538/3247/3126 900/4744/4487 4169/3244/3123
f 4752/4745/4490 4750/4746/4491 3533/4747/4492
f 4750/4746/4491 901/789/789 3533/4747/4492
f 2045/4748/3129 1398/4749/4493 3534/3260/3131
f 3551/4750/4494 2130/4751/4495 3542/4752/4496
f 3541/792/792 4976/4753/4497 2046/4754/4498
f 4161/4755/4499 3173/4193/4003 3558/3275/3152
f 1202/3290/3167 3574/4756/4500 907/3289/3166
f 915/3317/3189 1378/4757/4501 1379/4758/4502
f 947/4759/4503 4130/3384/3251 950/3382/3249
f 1358/3385/3252 4131/3383/3250 950/3382/3249
f 3654/817/817 1343/3420/3285 3655/4760/4504
f 3917/3933/3776 979/3428/3293 4760/4761/4505
f 1332/1106/1106 3703/839/839 1330/1107/1107
f 3701/1110/1110 2076/951/951 3697/836/836
f 3986/4012/3847 4095/4015/3850 1322/3502/3367
f 1067/3980/3821 1062/3630/3485 2056/3629/3484
f 4764/3678/3532 1259/3969/3810 4763/4762/4506
f 632/4763/4507 3871/908/908 4039/241/241
f 3785/911/911 4034/3651/3505 2060/3771/3624
f 4023/916/916 3901/3800/3652 4026/917/917
f 4026/917/917 3884/914/914 3883/913/913
f 1226/251/251 3900/3801/3653 3899/252/252
f 1228/923/923 4021/4764/4508 4019/3939/3782
f 3916/1116/1116 1221/3829/3680 4017/3936/3779
f 4012/4765/4509 1159/3820/3671 4119/4766/4510
f 2062/4767/4511 1160/4768/4512 4776/4769/4513
f 4009/3830/3681 4016/4770/4514 3917/3933/3776
f 5030/4771/4515 4014/954/954 3920/3930/3774
f 2132/4772/4516 2063/952/952 3924/3929/3773
f 3923/253/253 1220/3821/3672 1218/3823/3674
f 1217/3824/3675 2132/4772/4516 4768/3826/3677
f 1162/3832/3683 2132/4772/4516 3924/3929/3773
f 2065/3827/3678 1162/3832/3683 3926/3831/3682
f 1214/3836/3687 4008/3932/3775 3927/4773/4517
f 3930/845/845 2066/4774/4518 4000/3850/3701
f 1172/3925/3769 4006/3844/3695 4010/3833/3684
f 4520/1580/1560 161/4775/4519 4770/4632/4392
f 2795/2207/2144 4405/2188/2125 4685/2211/2148
f 4685/2211/2148 4403/436/436 2796/2215/2152
f 455/2204/2141 2828/4776/4520 2829/4333/4123
f 3051/847/847 601/2552/2471 1323/3489/3354
f 2024/2829/2733 3245/2833/2737 710/2831/2735
f 3931/844/844 4002/1117/1117 2066/4774/4518
f 4777/3934/3777 3927/4773/4517 4008/3932/3775
f 1215/4777/4521 2073/3834/3685 2064/3828/3679
f 3921/953/953 3923/253/253 1218/3823/3674
f 3917/3933/3776 4852/819/819 4777/3934/3777
f 4029/4778/4522 1137/3793/3645 3885/4779/4523
f 1143/4780/3791 3879/955/955 4209/4781/4524
f 1450/987/987 2058/3963/3804 808/4731/4478
f 2057/4782/4525 5038/4783/4526 1449/4106/3928
f 3698/4784/4527 4780/4785/4528 4779/4786/4529
f 3659/4787/4530 2062/4767/4511 4119/4766/4510
f 3613/4788/4531 3608/803/803 4138/3380/3247
f 3609/804/804 3612/4789/4532 1364/4790/3233
f 4753/3331/3203 4782/3293/3168 3593/3328/3200
f 4168/1120/1120 4166/1156/1154 3540/3258/3137
f 2129/4791/4533 3514/4792/4534 895/4793/4535
f 2129/4791/4533 4889/4794/4536 4740/4795/4537
f 2038/4796/4538 4832/4797/4539 4173/4798/4540
f 1199/3902/3747 3457/3143/3031 4784/3901/3746
f 3321/4799/4541 3264/2855/2759 3442/3097/2986
f 3312/4725/4473 1487/4800/4542 3256/2840/2744
f 3285/4154/3969 2025/4801/4543 4724/4155/2766
f 3279/4721/4469 4257/4802/4544 4254/4722/4470
f 715/3476/3341 3312/4725/4473 3256/2840/2744
f 4265/4165/3979 3242/708/708 3247/4803/4545
f 4716/4804/4546 694/2794/2704 1517/2797/2707
f 2015/4805/4547 1392/4806/4548 4293/2735/2646
f 3168/2725/2637 4298/2731/2642 3167/2722/2634
f 3168/2725/2637 2125/1126/1126 668/4807/4549
f 2124/4808/4550 4825/4706/4458 4818/4809/4551
f 2008/4810/4552 643/4811/4553 2011/4812/4554
f 2087/664/664 3103/2626/2541 4791/1129/1129
f 3080/2601/2520 1570/657/657 623/4218/4023
f 4333/2502/2424 4334/2481/2403 2998/2483/2405
f 1996/2458/2380 4371/4302/4092 2984/2447/2369
f 493/2317/2248 1998/4813/4555 486/2300/2234
f 1997/630/630 2890/2318/2249 1661/4814/4556
f 2091/4292/4082 2893/4815/4557 2895/4816/4558
f 2887/2297/2231 1995/4817/4559 4372/4304/4094
f 480/4691/4444 4697/4297/4087 4696/2284/2218
f 4382/4818/4445 2867/2281/2215 2869/2280/2214
f 2068/4819/4560 4694/4262/4058 2859/358/358
f 1626/2404/2330 2851/4820/4561 469/2398/2324
f 1986/4327/4117 2843/4685/4439 457/4679/4433
f 2831/2235/2172 1986/4327/4117 457/4679/4433
f 2842/2250/2185 449/2214/2151 2830/4676/4430
f 442/437/437 2798/2181/2118 2799/438/438
f 4685/2211/2148 4404/2179/2116 442/437/437
f 2617/4661/4416 4795/4821/4562 287/4822/4563
f 293/563/563 2604/4402/4183 1752/1858/1815
f 2533/380/380 2539/45/45 2550/381/381
f 4562/4823/4564 2097/2620/2535 2298/2622/2537
f 1951/1589/1569 2278/4523/4288 2406/1587/1567
f 2397/4635/4395 4523/4824/4399 4665/4825/4400
f 2393/4826/4565 4664/4616/4378 4523/4824/4399
f 4654/508/508 1960/1074/1074 4537/4618/4380
f 1833/4619/4381 131/1506/1493 2358/4827/4566
f 2357/4828/4567 131/1506/1493 1834/1508/1494
f 2348/1141/1141 4655/504/504 2355/503/503
f 4544/1489/1477 2102/4829/4568 4993/1488/1476
f 4539/1502/1489 4546/4499/4266 4644/1496/1484
f 4643/1088/1088 2333/4830/4569 4547/4614/4376
f 2104/502/502 4642/4831/4570 2117/4832/4571
f 1950/1399/1390 2270/4833/4572 1734/4384/4169
f 2107/4532/4297 2228/477/477 4590/476/476
f 4810/479/479 74/1361/1352 71/473/473
f 4595/4531/4296 1890/4834/4573 4623/4589/4352
f 2237/4530/4295 2225/475/475 4595/4531/4296
f 1891/4585/4348 1940/4547/4312 4598/1340/1333
f 4838/4835/4351 4814/4836/449 1937/4837/448
f 4621/4838/4574 2198/4551/4316 4814/4836/449
f 4621/4838/4574 2196/464/464 2197/463/463
f 4594/4591/4354 4626/4587/4350 4624/4839/4575
f 4626/4587/4350 4922/4840/4576 4628/4841/4577
f 4837/4842/4578 1949/1406/1397 4634/4843/4579
f 92/1417/1408 1865/407/407 4807/406/406
f 2117/4832/4571 4803/4609/4371 2103/4844/4580
f 2339/1497/1485 4802/4494/4261 4801/1495/1483
f 4793/4845/4581 4647/4491/4258 4794/4846/4582
f 2122/4469/4239 1953/4847/4583 2136/1426/1417
f 5020/4848/4584 2095/4454/4225 171/4463/4233
f 214/4849/4585 1971/4657/4413 1970/4850/4586
f 4494/4656/4412 2485/2860/2764 4673/4650/4406
f 1993/88/88 476/4851/4587 4384/2274/2208
f 4696/2284/2218 2874/4852/4588 1994/359/359
f 4695/360/360 2874/4852/4588 2866/4689/4442
f 2123/4853/4589 4698/89/89 4700/4298/4088
f 2895/4816/4558 4700/4298/4088 2091/4292/4082
f 2893/4815/4557 486/2300/2234 1998/4813/4555
f 3111/1003/1003 3956/4486/4255 3117/4854/4590
f 3958/27/27 3178/4855/4591 3181/4856/4592
f 3236/999/999 2033/4857/4593 3977/699/699
f 3247/4803/4545 4269/707/707 4268/1600/1580
f 4259/4858/4594 4722/4859/4595 4258/4860/4596
f 4723/4157/3971 4256/4861/4597 3277/4716/4465
f 735/4862/4598 4728/4863/4599 2027/443/443
f 4228/4113/3934 4732/3017/2912 4735/4735/4482
f 2038/4796/4538 5047/4864/4600 4743/4865/4601
f 5032/4866/4602 4871/4867/4603 4824/4868/4604
f 4739/4869/4605 4889/4794/4536 4742/4870/4606
f 4832/4797/4539 4748/4871/4607 4749/4872/4608
f 4780/4785/4528 4755/797/797 3669/4038/3868
f 3605/4057/3885 4140/974/974 1360/3359/3227
f 3652/4873/4609 4759/4874/4610 3659/4787/4530
f 3697/836/836 3698/4784/4527 4779/4786/4529
f 2076/951/951 1331/4875/4611 3697/836/836
f 4833/255/255 4982/4876/4612 1220/3821/3672
f 4833/255/255 4834/1114/1114 4767/4877/4613
f 2013/4878/4614 1543/144/144 3134/143/143
f 4792/4337/4125 5004/4341/4129 4683/4879/4615
f 2416/1598/1578 4670/4880/4616 4516/4881/4617
f 4516/4881/4617 2122/4469/4239 158/4882/4618
f 4817/1090/1090 4648/4493/4260 4646/4883/4619
f 4840/4606/4368 4647/4491/4258 2342/4884/4620
f 2219/4581/4344 2230/4885/4621 2220/4886/4622
f 4629/1144/1144 1945/4543/4308 72/1145/1145
f 4646/4883/4619 2103/4844/4580 4817/1090/1090
f 4739/4869/4605 4175/4887/4623 4740/4795/4537
f 4835/4888/4624 4173/4798/4540 4831/4889/4625
f 2103/4844/4580 2342/4884/4620 2118/1158/1156
f 2342/4884/4620 4805/4607/4369 4840/4606/4368
f 1951/1589/1569 4978/4890/4626 2137/1407/1398
f 1933/4518/4283 4569/1419/1410 1863/4517/4282
f 2/1160/1158 5036/4576/4339 1929/4578/4341
f 4813/1143/1143 1932/1204/1202 2110/4891/4627
f 2/1160/1158 2110/4892/4627 1932/4893/1202
f 2139/1203/1201 5036/4894/4339 1932/1204/1202
f 2149/1228/1226 4849/4539/4304 1880/4538/4303
f 6/1199/1197 7/1217/1215 2142/1211/1209
f 2144/1216/1214 2143/1161/1159 2/1160/1158
f 4616/1215/1213 1929/4578/4341 8/4577/4340
f 2162/4895/1250 8/4577/4340 4618/4896/1217
f 2140/1206/1204 26/1265/1262 4939/1218/1216
f 1928/4/4 2147/4569/4332 2148/4573/4336
f 2151/1225/1223 10/4897/1222 2148/4898/4336
f 13/1239/1236 2150/1232/1220 10/4897/1222
f 1921/1229/1227 4938/1221/1219 2149/1228/1226
f 2152/4571/4334 15/1227/1225 16/1226/1224
f 1909/4899/4331 45/1260/1257 4615/1262/1259
f 2147/4900/4332 4615/1262/1259 11/4901/4628
f 25/4574/4337 24/1254/1251 23/1251/1248
f 23/1251/1248 9/4575/4338 25/4574/4337
f 2168/4564/4327 4608/1258/1255 2169/1259/1256
f 1928/4/4 2169/1259/1256 1926/5/5
f 11/4901/4628 2148/4898/4336 2147/4900/4332
f 1923/4563/4326 1924/4579/4342 1908/4565/4328
f 27/1266/1263 2172/4902/4629 1920/1271/1268
f 1922/1269/1266 1918/1275/1272 28/1277/1274
f 47/4903/4630 4943/1300/1295 2168/4564/4327
f 4613/4570/4333 20/1241/1238 2152/4571/4334
f 2171/1261/1258 30/4562/4325 29/457/457
f 1923/4563/4326 4614/1270/1267 31/1273/1270
f 32/1380/1371 2172/4902/4629 1921/1229/1227
f 1919/1379/1370 34/1274/1271 33/1272/1269
f 4935/4904/1229 1918/1275/1272 2170/1223/1221
f 304/1892/1846 35/571/571 306/570/570
f 2173/458/458 35/571/571 2156/459/459
f 4610/1285/1282 36/1245/1242 2161/1246/1243
f 1912/1294/1289 2178/1249/1246 40/1287/1283
f 41/4905/1286 1910/1256/1253 42/4559/1284
f 41/4905/1286 1909/4568/4331 2179/1257/1254
f 2187/1297/1292 1902/1314/1309 49/1308/1303
f 2181/4580/4343 1908/4565/4328 1924/4579/4342
f 28/1277/1274 1906/4906/4631 47/4903/4630
f 2183/1303/1298 47/4903/4630 1906/4906/4631
f 2272/1378/1369 4842/4528/4293 2157/1243/1240
f 4604/4907/4632 5029/4908/4633 2190/4560/4323
f 3951/460/460 2190/4560/4323 1913/1283/1280
f 4898/1309/1304 52/3874/1301 48/4558/4322
f 2182/1299/1294 4605/1330/1325 2188/1313/1308
f 2185/461/461 2186/1307/1302 4603/462/462
f 1901/413/413 56/1326/1321 51/414/414
f 2190/4560/4323 57/4553/4318 4604/4907/4632
f 2194/1332/1327 60/1336/1329 1832/1514/1500
f 2207/4909/4634 2208/1339/1332 2206/4549/4314
f 1940/4547/4312 1939/4586/4349 2112/4548/4313
f 2214/1342/468 2215/469/469 66/471/471
f 2111/4910/4635 67/1344/466 4597/1345/1336
f 2200/1343/1335 4597/1345/1336 67/1344/466
f 2201/4583/4346 2200/1343/1335 66/471/471
f 2203/465/465 64/4911/4636 4622/4912/4637
f 4622/4912/4637 2201/4583/4346 2202/4582/4345
f 2202/4582/4345 63/4913/4638 4622/4912/4637
f 2197/463/463 4622/4912/4637 63/4913/4638
f 63/4913/4638 2205/4550/4315 4599/4552/4317
f 1942/1082/1082 5043/4914/4639 4596/1346/1337
f 4623/4589/4352 2210/4915/4640 4595/4531/4296
f 1890/4834/4573 2211/4592/4355 4625/4590/4353
f 2211/4592/4355 1939/4586/4349 4625/4590/4353
f 2214/468/468 1886/4916/4641 1888/1353/1344
f 2201/4583/4346 2216/470/470 2219/4581/4344
f 4627/4917/4642 71/473/473 2217/4918/4643
f 2218/4919/4644 2221/4920/4645 4627/4921/4642
f 1943/1083/1083 4596/1346/1337 68/7/7
f 4628/4841/4577 4838/4588/4351 4626/4587/4350
f 4812/452/452 2223/4544/4309 2222/453/453
f 2227/4922/4646 1941/4923/4647 2226/4924/4648
f 4812/452/452 2226/4924/4648 1941/4923/4647
f 4594/4591/4354 2226/4924/4648 2224/451/451
f 1887/4925/4649 2211/4592/4355 2213/1356/1347
f 1946/4545/4310 2227/4922/4646 1887/4925/4649
f 2227/4922/4646 2212/4593/4356 1887/4925/4649
f 1885/1354/1345 1889/467/467 65/1348/1339
f 2216/470/470 69/1358/1349 2230/4885/4621
f 2231/474/474 1882/10/10 1883/12/12
f 2232/472/472 2217/4918/4643 71/473/473
f 2210/4915/4640 4593/4529/4294 4595/4531/4296
f 4868/4926/4650 2239/4927/4651 4632/4928/4652
f 2240/4596/4359 1888/1353/1344 1886/4916/4641
f 1886/4916/4641 4631/4542/4307 2240/4596/4359
f 74/1361/1352 4589/1362/1353 75/11/11
f 2230/4885/4621 2253/4597/4360 2220/4886/4622
f 2138/1201/1199 80/1364/1355 77/1377/1368
f 4620/1162/1160 4922/4929/4576 2110/4892/4627
f 2247/9/9 1943/1083/1083 68/7/7
f 2094/1954/1908 4868/4926/4650 4632/4928/4652
f 4632/4928/4652 1946/4545/4310 2228/477/477
f 4585/4524/4289 2229/1355/1346 2242/4541/4306
f 81/15/15 2157/1243/1240 82/13/13
f 2259/4930/4653 1880/4538/4303 2249/4537/4302
f 2266/4669/4423 2255/4931/4654 4579/4932/4655
f 2266/4669/4423 2107/4532/4297 4979/4533/4298
f 2259/4930/4653 84/938/938 4580/937/937
f 90/4519/4284 4808/4522/4287 4585/4524/4289
f 4927/4933/4656 2271/420/420 2253/4597/4360
f 2251/1374/1365 2252/1375/1366 1878/1373/1364
f 4584/1387/1378 2248/1084/1084 2108/1086/1086
f 2254/4934/4657 4582/4527/4292 2248/1084/1084
f 83/1397/1388 2264/1390/1381 4576/1391/1382
f 83/1397/1388 2256/4935/4658 4583/4936/4659
f 2269/4667/4421 4579/4932/4655 1870/1400/1391
f 84/938/938 85/4526/4291 2257/939/939
f 1874/1381/1372 4586/1369/1360 334/1946/1900
f 4578/1384/1375 4634/4843/4579 1949/1406/1397
f 2260/1382/1373 2250/4598/4361 1948/4937/4660
f 4577/4599/4362 2275/4938/4661 91/4939/4662
f 2254/4934/4657 1873/1386/1377 1872/1389/1380
f 1872/1389/1380 4928/4940/4663 86/1395/1386
f 2264/1390/1381 86/1395/1386 4575/1392/1383
f 2267/4941/4664 4576/1391/1382 2265/1393/1384
f 4579/4932/4655 88/1396/1387 1870/1400/1391
f 1870/1400/1391 4574/4942/4665 1869/1401/1392
f 4905/1402/1393 2270/4833/4572 1869/1401/1392
f 1868/4943/4666 2267/4941/4664 2265/1393/1384
f 2265/1393/1384 89/1398/1389 1868/4943/4666
f 4680/4944/4667 2269/4667/4421 1950/1399/1390
f 4443/1953/1907 1868/4943/4666 89/1398/1389
f 4806/1603/1583 91/4939/4662 2275/4938/4661
f 2262/482/482 2277/1412/1403 2276/483/483
f 4635/419/419 2274/4945/4668 1867/485/485
f 90/4519/4284 1866/1584/1564 2278/4523/4288
f 4571/4946/4669 2271/420/420 4635/419/419
f 1866/1584/1564 2406/1587/1567 2278/4523/4288
f 2137/1407/1398 4816/4521/4286 1951/1589/1569
f 1933/4518/4283 2274/4945/4668 1934/1405/1396
f 2276/483/483 5028/4947/4670 2279/4520/4285
f 1865/407/407 2280/1394/1385 1952/1414/1405
f 4636/408/408 1952/1414/1405 4570/1415/1406
f 164/1078/1078 92/1417/1408 2422/1605/1585
f 1862/484/484 2285/428/428 2408/427/427
f 2284/1420/1411 95/4948/4671 96/4949/4672
f 96/4949/4672 1860/1425/1416 97/1422/1413
f 95/4948/4671 2099/1423/1414 1860/1425/1416
f 4567/17/17 4568/4950/4673 1859/18/18
f 4568/4950/4673 1861/1421/1412 1859/18/18
f 4566/1427/1418 98/487/487 99/4951/4674
f 4637/1430/1421 2288/16/16 98/487/487
f 4566/1427/1418 2289/1424/1415 1858/1428/1419
f 4564/1434/1425 102/1433/1424 1857/4952/4675
f 1857/4952/4675 103/4516/4281 4563/4953/4676
f 2292/489/489 4564/1434/1425 1857/4952/4675
f 4563/4953/4676 2295/1437/1428 2296/4515/4280
f 4562/4823/4564 2293/1438/1429 1953/4847/4583
f 4563/4953/4676 2292/489/489 1857/4952/4675
f 2300/4954/4677 2296/4515/4280 2295/1437/1428
f 2300/4954/4677 1855/1439/1430 2299/4698/4451
f 2296/4515/4280 1856/490/490 4563/4953/4676
f 2462/4452/4223 2433/4455/4226 4567/17/17
f 2462/4452/4223 2301/1435/1426 4639/1054/1054
f 2304/1447/1438 105/1455/1446 3953/1446/1437
f 2302/1443/1434 109/1454/1445 105/1455/1446
f 1847/1460/1451 1851/21/21 113/1461/1452
f 1850/1465/1442 1845/1077/1077 4559/4955/4277
f 1854/4513/4278 117/4605/4367 2313/1467/1456
f 2310/4508/4275 4558/4956/4678 2311/1457/1448
f 2705/1997/1950 4432/4957/4679 4560/4958/4680
f 4432/4957/4679 1847/1460/1451 4560/4958/4680
f 4559/4955/4277 4641/1076/1076 2317/4959/4681
f 2317/4960/4681 117/4605/4367 4559/4510/4277
f 4640/1466/1455 2310/4508/4275 1849/4509/4276
f 2315/403/403 2318/1075/1075 1844/1462/1453
f 4641/1076/1076 2322/4610/4372 4555/422/422
f 1954/4961/4682 4556/4506/4273 4640/1466/1455
f 4558/4956/4678 2115/1473/1461 118/1468/1457
f 2324/1526/1510 1185/4481/4251 1830/1527/1511
f 1954/4961/4682 4552/4962/4683 1955/4963/4684
f 2321/401/401 4552/4962/4683 4557/402/402
f 4805/4607/4369 2322/4610/4372 2318/1075/1075
f 1841/497/497 2325/1475/1463 4553/498/498
f 2331/4503/4270 1714/2043/1991 4429/4363/4148
f 1955/4963/4684 4554/4964/4685 1954/4961/4682
f 1839/4498/4265 2330/1482/1470 2338/1487/1475
f 3955/1483/1471 124/1472/1460 2329/424/424
f 4553/498/498 2331/4503/4270 3954/4502/4269
f 4429/4363/4148 4425/4501/4268 2331/4503/4270
f 2106/4965/4686 2333/4830/4569 2328/1476/1464
f 2333/4830/4569 4552/4962/4683 2328/1476/1464
f 2327/501/501 2332/4966/4687 2106/4967/4686
f 1957/4968/4688 4554/4964/4685 2334/4969/4689
f 4550/425/425 2115/1473/1461 2135/4970/4690
f 123/1481/1469 2338/1487/1475 2330/1482/1470
f 123/1481/1469 3954/4502/4269 4551/4971/4691
f 4548/4972/4692 2333/4830/4569 2332/4973/4687
f 2335/500/500 4548/4974/4692 2332/4966/4687
f 2117/4832/4571 127/4497/4264 2104/502/502
f 2339/1497/1485 2336/426/426 4550/425/425
f 2135/4970/4690 2339/1497/1485 4550/425/425
f 4769/1490/1478 126/513/513 2341/1486/1474
f 4549/1485/1473 4551/4971/4691 2337/4975/4693
f 2337/4975/4693 4645/1491/1479 4549/1485/1473
f 1838/4500/4267 4551/4971/4691 3955/1483/1471
f 4545/4976/4694 1958/4613/4375 4547/4614/4376
f 4525/4615/4377 4769/1490/1478 4542/1492/1480
f 152/4476/4246 4525/4615/4377 153/4634/4394
f 2337/4975/4693 4546/4499/4266 2345/4977/4695
f 2346/4978/4696 4993/4979/1476 2102/4980/4568
f 2345/4977/4695 4541/1501/1488 4540/4981/4697
f 2348/1141/1141 128/4492/4259 4649/1142/1142
f 2343/1089/1089 130/507/507 2344/4496/4263
f 4645/1491/1479 4540/4981/4697 2347/4612/4374
f 2102/4980/4568 1959/4982/4698 2346/4978/4696
f 4650/506/506 4538/4983/4383 4802/4494/4261
f 4539/1502/1489 2349/4984/1071 132/1500/1070
f 2351/4985/4254 4541/1501/1488 133/4986/1496
f 2351/4985/4254 2347/4612/4374 4540/4981/4697
f 1836/1499/1487 1834/4987/1494 129/1498/1486
f 1835/4988/4699 2353/1513/1499 1836/1499/1487
f 2352/1511/1497 2348/1141/1141 2355/503/503
f 2357/4989/4567 2353/1513/1499 2354/1512/1498
f 133/1510/1496 2100/4990/4700 2351/4485/4254
f 1551/4991/4701 2354/1512/1498 3110/4992/4702
f 3114/2665/2580 4536/1069/1069 4706/671/671
f 4798/1413/1404 4604/4907/4632 2360/4624/4385
f 58/1335/1328 2191/1320/1315 1897/1331/1326
f 136/4554/4319 4799/4623/4384 2119/4555/4320
f 2361/1519/1505 2195/410/410 2790/86/86
f 2362/1516/1502 1832/4993/1500 2361/4994/1505
f 4535/4995/4703 4534/1538/1521 4799/4623/4384
f 1963/4625/4386 136/4554/4319 1964/4996/4704
f 2371/4484/1507 2369/1518/1504 2364/1517/1503
f 4534/1538/1521 2120/4644/4402 4799/4623/4384
f 2367/4997/4705 4656/1536/1519 4534/1538/1521
f 4535/4995/4703 4657/4998/4706 2367/4997/4705
f 2366/1531/1514 1831/4483/4253 4658/510/510
f 1963/4625/4386 1831/4483/4253 4657/4998/4706
f 2371/1522/1507 444/1525/1509 2368/1524/511
f 450/2219/2156 1684/4999/4707 2373/1542/1525
f 2374/1535/1518 1829/5000/509 138/1523/1508
f 143/397/397 141/5001/4387 140/398/398
f 1824/5002/4708 141/4627/4387 1826/1067/1067
f 142/1478/1466 4914/1553/1536 147/1551/1534
f 3957/5003/1068 2381/1563/1532 2380/4479/4249
f 145/1555/1538 144/512/512 149/514/514
f 2384/1567/1548 2382/1539/1522 1820/1550/1533
f 4529/4630/4390 4659/5004/4709 4662/4628/4388
f 4969/4478/4248 4531/4480/4250 2380/4479/4249
f 2386/1565/1546 145/1555/1538 4526/4475/4245
f 2388/5005/4710 4969/4478/4248 4527/5006/4711
f 2389/5007/4712 4663/4631/4391 4529/4630/4390
f 4517/4633/4393 4529/4630/4390 4663/4631/4391
f 2387/1570/1550 150/1564/1545 2386/1565/1546
f 4527/5006/4711 2392/5008/4713 2388/5005/4710
f 153/4634/4394 4526/4475/4245 152/4476/4246
f 2392/5009/4713 4524/5010/4714 2394/5011/4715
f 2393/4826/4565 4525/4615/4377 2396/4617/4379
f 1965/1573/1553 1817/4474/4244 2391/4473/4243
f 2398/1572/1552 154/1568/1549 1817/4474/4244
f 2391/4473/4243 2397/4635/4395 1965/1573/1553
f 2403/26/26 2394/5012/4715 2402/5013/4716
f 4520/1580/1560 2401/4637/4397 155/1577/1557
f 4522/5014/4717 2398/1572/1552 2399/5015/4718
f 1965/1573/1553 4665/4825/4400 2400/1571/1551
f 4524/5010/4714 2402/5016/4716 2394/5011/4715
f 4667/1574/1554 4665/4642/4400 4523/4639/4399
f 2350/4488/1492 4666/4638/4398 4664/4640/4378
f 4290/5017/4719 2402/5018/4716 4522/5019/4717
f 1531/1008/1008 2399/5020/4718 2400/4641/1551
f 3177/5021/4720 4522/5019/4717 2399/5020/4718
f 2403/26/26 4289/5022/2654 3178/4855/4591
f 3975/678/678 3958/27/27 3181/4856/4592
f 155/1577/1557 3174/2740/2651 2404/1578/1558
f 2408/427/427 4571/4946/4669 1862/484/484
f 4519/1585/1565 5028/4947/4670 2410/4471/4241
f 4672/5023/4721 2287/429/429 4568/4950/4673
f 2411/5024/4722 5028/4947/4670 156/1411/1402
f 2406/1587/1567 2412/1590/1570 2099/1423/1414
f 2410/4471/4241 4518/4468/4238 2413/4472/4242
f 157/1592/1572 2099/1423/1414 2412/1590/1570
f 4668/1591/1571 2413/4472/4242 158/4882/4618
f 4517/4633/4393 2098/515/515 1819/517/517
f 2413/4472/4242 2414/1147/1147 158/4882/4618
f 2414/1147/1147 4516/4881/4617 158/4882/4618
f 4516/4881/4617 1815/1599/1579 2416/1598/1578
f 4514/4465/4235 2418/5025/4723 2416/1598/1578
f 2097/2620/2535 4267/4171/3985 4266/4170/3984
f 2421/4461/4231 1967/1139/1139 2423/4458/4228
f 163/4462/4232 92/1417/1408 4807/406/406
f 163/4462/4232 4513/1606/1586 2422/1605/1585
f 4672/5023/4721 2407/1601/1581 2408/427/427
f 1808/1621/1601 2425/520/520 1810/519/519
f 4511/5026/4724 171/4463/4233 4512/5027/4725
f 2423/4458/4228 2426/1138/1138 2096/1624/1604
f 4672/5023/4721 2433/4455/4226 2095/4454/4225
f 2441/5028/4726 4511/5026/4724 4512/5027/4725
f 4512/5027/4725 184/1065/1065 2441/5028/4726
f 2438/1625/1605 177/1626/1606 2429/1619/1599
f 173/525/525 2430/521/521 2432/526/526
f 175/4457/4227 2441/5028/4726 2442/1657/1635
f 2442/1657/1635 184/1065/1065 2440/395/395
f 203/5029/4727 4505/5030/4728 2451/1659/1637
f 198/1662/1640 2443/5031/1641 2452/1660/1638
f 4507/5032/4729 4890/4647/4404 4505/5030/4728
f 2444/1646/1624 4507/5033/4729 2443/1663/1641
f 187/1650/1628 186/1629/1609 188/1648/1626
f 192/1652/1630 190/1635/1615 1805/1636/1616
f 2455/1061/1061 4857/1654/1632 194/1062/1062
f 4506/1653/1631 196/1638/1618 182/1637/1617
f 2447/1655/1633 2448/117/117 4506/1653/1631
f 4567/17/17 2290/5034/4730 2462/4452/4223
f 4499/4447/4218 2460/1673/1649 2454/1683/1658
f 2463/4453/4224 1797/1675/1651 1798/1656/1634
f 1792/5035/4731 2464/4449/4220 2470/4450/4221
f 2466/531/531 206/1691/1665 1968/5036/4732
f 3959/1682/1657 1795/533/533 4499/4447/4218
f 3969/2533/2454 205/4451/4222 4498/535/535
f 3960/4651/4407 2465/530/530 2471/1685/1660
f 2469/5037/4733 2477/5038/4734 211/5039/1667
f 4496/5040/4735 2478/5041/4217 1793/5042/4216
f 2479/5043/4736 2475/5044/4737 2474/5045/2453
f 1793/5046/4216 2475/5044/4737 4496/5047/4735
f 2470/4450/4221 4495/4655/4411 1792/5035/4731
f 4797/5048/4738 2473/1686/1661 1791/1694/1668
f 2481/5049/4739 2479/5050/4736 4674/5051/4740
f 2479/5050/4736 2477/5038/4734 4674/5051/4740
f 2476/4649/4405 4897/4466/4236 4495/4655/4411
f 214/4849/4585 2466/531/531 3960/4651/4407
f 4797/5048/4738 4674/5051/4740 2477/5038/4734
f 4674/5051/4740 2482/5052/4741 2481/5049/4739
f 2478/4446/4217 2480/4401/4182 1790/1696/1670
f 4493/5053/4742 2481/5049/4739 2482/5052/4741
f 4673/4650/4406 214/4849/4585 3960/4651/4407
f 1970/4850/4586 2472/1692/1666 214/4849/4585
f 2484/538/538 4493/5054/4742 2487/4658/4414
f 2486/5055/4743 2483/1697/1671 4819/1699/1673
f 2487/5056/4414 2482/5052/4741 2486/5055/4743
f 4819/1699/1673 4258/4860/4596 2486/5055/4743
f 215/1702/1675 4995/4443/4214 2490/1700/1674
f 1186/1711/1682 4995/4443/4214 2491/1720/1690
f 1786/34/34 226/38/38 224/35/35
f 2492/5057/37 225/1703/1676 226/5058/38
f 1784/5059/4744 2494/541/541 2493/393/393
f 1784/5059/4744 2496/4441/4213 1783/1737/1705
f 2492/5060/37 5006/1738/1706 1785/1721/1691
f 4489/1740/1708 4492/1724/1693 2503/1712/1683
f 234/1747/1697 1779/1753/1719 241/1768/1733
f 227/39/39 2505/1757/1723 2492/37/37
f 2505/1757/1723 236/5061/1707 2492/37/37
f 237/386/386 1783/1737/1705 1776/1776/1738
f 4492/1724/1693 2507/543/543 229/1725/1694
f 1780/1742/1710 4994/5062/4745 4489/1740/1708
f 2506/1758/1724 4994/5062/4745 2513/4439/4211
f 2512/1760/1726 239/1732/1700 4490/1743/1711
f 2516/4436/4208 241/1768/1733 1779/1753/1719
f 298/1754/1720 2517/1756/1722 1775/1755/1721
f 249/545/545 4491/542/542 2520/544/544
f 2515/5063/4746 2512/1760/1726 250/1762/1728
f 2508/1744/1712 2513/4439/4211 1780/1742/1710
f 1774/1750/1716 2514/4440/4212 2515/5063/4746
f 249/545/545 254/379/379 1772/546/546
f 4485/43/43 2522/1759/1725 2523/44/44
f 1770/549/549 250/1762/1728 1772/546/546
f 2534/1763/1729 2524/1053/1053 251/1761/1727
f 4484/1785/1747 2513/4439/4211 4486/48/48
f 2524/1053/1053 4917/5064/4747 251/1761/1727
f 2537/4438/4210 2525/46/46 2527/1767/1732
f 1767/1792/1749 253/42/42 2531/41/41
f 259/1797/1758 1773/1775/1737 253/42/42
f 254/379/379 1770/549/549 1772/546/546
f 2540/548/548 2534/1763/1729 1770/549/549
f 255/52/52 2526/1777/1739 4676/53/53
f 258/4435/4207 2545/4433/4205 2547/1788/1750
f 257/1781/1743 1769/553/553 3962/1786/1748
f 2549/551/551 264/1790/1752 4481/1794/1755
f 2533/380/380 2520/544/544 4485/43/43
f 4475/1050/1050 2540/548/548 1768/550/550
f 2553/1801/1762 4484/1785/1747 2542/1800/1761
f 1973/5065/4748 2540/548/548 2552/1049/1049
f 1973/5065/4748 2535/1052/1052 2541/1051/1051
f 2554/5066/4749 4676/53/53 2535/1052/1052
f 267/557/557 2555/5067/4750 2556/5068/4751
f 2578/1816/1777 2556/5068/4751 2543/5069/4752
f 2537/4438/4210 2578/1816/1777 2543/5069/4752
f 268/1805/1766 3961/1803/1764 1764/1802/1763
f 2563/4424/4199 2547/1788/1750 2545/4433/4205
f 3962/1786/1748 262/552/552 261/4419/4197
f 269/4420/4198 262/552/552 1766/5070/1769
f 2548/1793/1754 2567/5071/4753 4480/1791/1753
f 2546/1789/1751 2548/5072/1754 1767/1787/1749
f 1766/5070/1769 2549/551/551 263/4426/4201
f 4478/4427/4202 1972/1795/1756 4477/5073/4754
f 4479/650/650 4478/5074/4202 4677/2558/2477
f 2577/5075/4755 2554/5066/4749 1973/5065/4748
f 4482/4430/4204 255/52/52 2544/54/54
f 268/1805/1766 4469/4411/4190 2559/1817/1778
f 2559/1817/1778 2561/4429/4203 268/1805/1766
f 2545/4433/4205 4474/4409/4188 2563/4424/4199
f 4473/1806/1767 1762/652/652 2570/651/651
f 2570/651/651 2569/123/123 4473/1806/1767
f 1761/4416/1773 1972/1795/1756 271/1796/1757
f 2571/1814/1775 4477/5076/4754 1761/1812/1773
f 3054/2564/2483 2571/1814/1775 2572/1813/1774
f 2589/1831/1788 4471/5077/432 274/1829/431
f 2575/4415/4194 2574/1048/1048 4476/1798/1759
f 2576/4413/4192 1973/5065/4748 2552/1049/1049
f 4678/1046/1046 2573/4414/4193 4470/1047/1047
f 276/5078/4756 2577/5075/4755 2576/4413/4192
f 4466/1045/1045 2555/5067/4750 1760/559/559
f 272/4425/4200 277/5079/4757 2579/5080/4758
f 1759/5081/1794 2598/1838/1795 2597/5082/1793
f 2558/4410/4189 2579/5080/4758 2582/4408/4187
f 2609/5083/4759 2582/4408/4187 2579/5080/4758
f 4469/5084/4190 2581/1839/1796 1759/5081/1794
f 2562/555/555 1758/5085/1780 2584/5086/4760
f 2560/4423/1765 2584/5086/4760 4469/5087/4190
f 2584/5088/4760 280/1815/1776 2581/1839/1796
f 2599/5089/4761 2585/4407/4186 2582/4408/4187
f 273/1811/1772 2588/4403/430 2568/1809/1770
f 2593/4412/4191 2592/560/560 2594/5090/4762
f 2576/4413/4192 2594/5090/4762 276/5078/4756
f 2596/558/558 275/5091/1792 1760/559/559
f 2607/1849/1806 277/5079/4757 276/5078/4756
f 4462/5092/4763 2579/5080/4758 277/5079/4757
f 281/1856/1813 282/1823/1783 2601/1822/1782
f 281/1856/1813 2599/5089/4761 2600/1857/1814
f 2606/1846/1803 4464/562/562 1975/561/561
f 2592/560/560 2573/4414/4193 1975/561/561
f 2594/5090/4762 4464/562/562 4463/5093/4764
f 2595/1840/1797 2603/1833/1790 2598/1838/1795
f 285/5094/1791 4678/1046/1046 4466/1045/1045
f 4465/5095/4765 1756/5096/4766 2605/4400/1804
f 276/5078/4756 4463/5093/4764 2607/1849/1806
f 4462/5092/4763 2615/1851/1808 2608/1865/1821
f 2608/1865/1821 2609/5083/4759 4462/5092/4763
f 2599/5089/4761 2610/1854/1811 2600/1857/1814
f 2604/4402/4183 1756/5096/4766 2603/1833/1790
f 290/564/564 2612/1862/1818 2611/565/565
f 4456/537/537 291/5097/4767 288/1852/1809
f 2613/1848/1805 289/3877/3724 2606/1846/1803
f 289/3877/3724 4463/5093/4764 4464/562/562
f 2610/1854/1811 2616/5098/4768 4459/1855/1812
f 4459/4660/1812 4945/1873/1829 4458/5099/4769
f 1753/1867/1823 290/564/564 293/563/563
f 2628/5100/4770 4945/1873/1829 2621/1875/1830
f 2626/536/536 2624/5101/4771 2622/5102/4772
f 4455/4396/4179 290/564/564 1751/1869/1825
f 296/1872/1828 4906/4140/3959 1751/1869/1825
f 2623/4397/4180 2628/5100/4770 2621/1875/1830
f 2622/5102/4772 291/5097/4767 2626/536/536
f 297/317/317 1749/1877/1832 2624/5101/4771
f 4455/4396/4179 1750/1870/1826 2618/5103/4773
f 741/4135/3954 2628/5100/4770 2627/4138/3957
f 4246/5104/4774 4458/5099/4769 2628/5100/4770
f 4795/4821/4562 4944/1845/1802 287/4822/4563
f 2617/4661/4416 2632/4663/4417 2631/5105/4775
f 4795/4821/4562 5035/568/568 2633/567/567
f 2634/1887/1841 2631/5105/4775 2632/4663/4417
f 4785/5106/4776 2633/567/567 4213/566/566
f 4452/1893/1847 303/1890/1844 1927/1891/1845
f 312/5107/4777 314/1908/1862 309/4394/4177
f 332/375/375 2636/1901/1855 310/1897/1851
f 2154/5108/1232 4450/1902/1856 17/4395/4178
f 309/4394/4177 4936/1907/1861 2635/1895/1849
f 1736/1949/1903 313/1900/1854 2636/1901/1855
f 4448/1044/1044 4910/5109/1859 2644/5110/4778
f 2638/1913/1867 2183/1303/1298 1906/4906/4631
f 1746/1916/1870 2637/5111/1863 2646/4392/4174
f 1741/1931/1885 1742/1921/1875 2651/4389/4173
f 2648/4388/4172 319/5112/4779 318/1928/1882
f 2649/1929/1883 1976/1917/1871 2655/1934/1888
f 2651/4389/4173 2654/1938/1892 1741/1931/1885
f 1744/4393/4176 2652/4387/1879 1739/1937/1891
f 323/572/572 2659/2165/2102 2660/1940/1894
f 2650/4391/4175 2661/4666/4420 1976/1917/1871
f 2650/4391/4175 1739/1937/1891 325/1936/1890
f 434/600/600 4850/4385/4170 2662/601/601
f 2658/5113/4171 5044/1932/1886 326/58/58
f 324/1933/1887 2659/2165/2102 319/5112/4779
f 4445/373/373 2665/577/577 2670/374/374
f 4937/1947/1901 4868/4926/4650 2669/4380/4165
f 2668/1948/1902 2669/4380/4165 2671/1951/1905
f 2672/1041/1041 4680/4944/4667 2679/1039/1039
f 4680/4944/4667 1734/4384/4169 4441/5114/4780
f 4867/4382/4167 1732/4383/4168 337/4381/4166
f 4441/5114/4780 2679/1039/1039 4680/4944/4667
f 339/1135/1135 2682/1040/1040 2679/1039/1039
f 1731/434/434 2687/1964/1918 2684/4378/4163
f 2686/1038/1038 2687/1964/1918 2683/433/433
f 4439/1137/1137 2688/4377/4162 2682/1040/1040
f 343/1966/1920 2696/1974/1928 344/1972/1926
f 342/4379/4164 2698/1035/1035 2691/1985/1939
f 2685/1963/1917 588/1079/1079 2926/4278/4073
f 2926/4278/4073 2692/1961/1915 2685/1963/1917
f 2686/1038/1038 2927/4277/4072 346/2361/2287
f 4436/61/61 2694/4376/4161 350/1981/1935
f 1730/1973/1927 2694/4376/4161 2695/1971/1925
f 2702/1998/1949 4561/1450/1441 2703/4373/4158
f 356/4375/4160 4434/2004/1955 360/2010/1961
f 2703/4373/4158 360/2010/1961 358/1999/1951
f 2707/583/583 4965/5115/4781 2705/1997/1950
f 1724/2029/1978 4958/2011/1962 2712/2030/1979
f 2708/581/581 3963/2015/1966 363/4368/4153
f 365/2019/1970 2710/2013/1964 1722/2017/1968
f 1723/2024/1975 364/2014/1965 361/5116/1959
f 367/4369/4154 2717/5117/4782 2722/2049/1997
f 2722/2049/1997 2721/4370/4155 367/4369/4154
f 369/4365/4150 4957/2020/1971 2723/2022/1973
f 2718/2023/1974 5049/4372/4157 1723/2024/1975
f 1715/2042/1990 2718/2023/1974 2719/586/586
f 2720/2026/1976 373/2052/1999 374/2033/1982
f 122/4611/4373 376/4360/4145 2726/4366/4151
f 1978/4371/4156 4965/5115/4781 2713/582/582
f 372/2036/1984 1719/2040/1988 1718/2038/1986
f 2724/5118/4783 2722/2049/1997 2717/5117/4782
f 2717/5117/4782 1715/2042/1990 2724/5118/4783
f 4427/2051/1998 2724/5118/4783 1715/2042/1990
f 369/4365/4150 4426/4364/4149 1721/2032/1981
f 122/4611/4373 1188/2055/2002 1712/2054/2001
f 1840/4504/4271 2733/2056/2003 1188/2055/2002
f 4996/5119/4784 4424/5120/4785 2733/2056/2003
f 1188/2055/2002 2738/595/595 2739/2053/2000
f 2729/2047/1995 4822/2091/2036 380/5121/4786
f 2731/4362/4147 4956/2058/2005 387/2070/2016
f 1711/2060/2007 386/591/591 385/5122/4787
f 390/2085/2030 381/69/69 2736/68/68
f 4422/4359/4144 382/593/593 378/71/71
f 4422/4359/4144 383/70/70 2741/2074/2020
f 384/588/588 383/70/70 379/589/589
f 388/2079/2025 2737/372/372 387/2070/2016
f 391/2072/2018 2749/4356/4141 4681/2104/2048
f 2739/2053/2000 1708/594/594 391/2072/2018
f 4878/74/74 385/5122/4787 2745/75/75
f 390/2085/2030 398/77/77 1706/5123/2014
f 397/2082/2028 2742/4358/4143 4959/4357/4142
f 396/2080/2026 403/2110/2054 1707/2081/2027
f 4839/5124/4788 4822/2091/2036 411/4355/4140
f 393/2057/2004 410/2108/2052 2753/5125/4789
f 2746/2090/2035 4421/73/73 2754/5126/4790
f 4421/73/73 2755/4352/4137 2754/5126/4790
f 4681/2104/2048 1702/2097/2041 2748/2096/2040
f 2761/2115/2059 2882/617/617 2889/2295/2229
f 402/4354/4139 2753/5125/4789 407/2116/2060
f 404/2094/2038 2756/5127/4791 4415/4353/4138
f 2769/2127/2069 2758/2106/2050 1701/2105/2049
f 2766/5128/4792 2754/5126/4790 4416/2120/2064
f 422/5129/2089 2757/2102/2046 1703/2101/2045
f 1703/2101/2045 420/2135/2077 422/5129/2089
f 2762/2121/2065 413/2136/2078 412/2119/2063
f 1699/5130/81 4415/4353/4138 2756/5127/4791
f 4884/2143/2083 4954/2112/2056 2763/5131/2081
f 4954/2112/2056 2758/2106/2050 2763/5131/2081
f 2771/2125/2067 2775/2139/2080 426/303/303
f 2773/2155/2093 2889/4290/2229 2905/4289/4081
f 4412/2138/2079 412/2119/2063 413/2136/2078
f 2776/4350/4136 2763/2140/2081 2769/4349/2069
f 421/4347/2072 422/2151/2089 420/5132/2077
f 1407/301/301 2775/2139/2080 3503/2152/2090
f 1406/4080/3904 423/2141/2082 2776/4350/4136
f 2783/1027/1027 430/1191/1189 2782/1190/1188
f 2786/4345/4133 330/1935/1889 2661/4666/4420
f 435/602/602 2784/1941/1895 2789/2177/2114
f 2788/603/603 2663/2166/2103 1738/604/604
f 435/602/602 4851/2180/2117 2788/603/603
f 436/2169/2106 4684/5133/4793 3965/2170/2107
f 2785/4346/4134 2792/4343/4131 438/2183/2120
f 441/2174/2111 440/610/610 4409/2172/2109
f 443/5134/4794 2363/85/85 2791/87/87
f 4402/5135/4795 447/607/607 4684/5133/4793
f 1685/4678/4432 2799/438/438 2808/4672/4426
f 2798/2181/2118 2808/4672/4426 2799/438/438
f 443/5134/4794 2801/2224/2161 445/2190/2127
f 445/2190/2127 2370/1521/1506 443/5134/4794
f 4684/5133/4793 1688/2186/2123 4402/5135/4795
f 4686/4342/4130 4397/4339/4127 2807/2173/2110
f 4689/1094/1094 4792/4337/4125 4690/1092/1092
f 4407/4671/4425 4952/2208/2145 4687/2209/2146
f 2797/2216/2153 2810/4677/4431 2809/2213/2150
f 1684/4999/4707 5023/1533/1516 2373/1542/1525
f 370/2035/1983 2812/2220/2157 1720/4338/4126
f 2833/2223/2160 2817/616/616 2814/2039/1987
f 451/2221/2158 2818/2240/2176 458/2238/2174
f 2834/2245/2181 459/614/614 2817/616/616
f 2815/2225/2162 4972/4675/4429 2818/2240/2176
f 2820/2228/2165 2823/2195/2132 2824/2232/2169
f 4394/2248/2184 2822/612/612 460/2230/2167
f 2820/2228/2165 1689/2193/2130 2821/5136/4796
f 2819/2227/2164 2824/2232/2169 452/613/613
f 1681/366/366 2822/612/612 2826/611/611
f 4398/2200/2137 1682/2197/2134 453/2198/2135
f 454/2201/2138 1985/5137/4797 2839/4331/4121
f 4688/4674/4428 4693/4330/4120 4396/2234/2171
f 4396/2234/2171 2847/4329/4119 4692/4325/4115
f 1679/2251/2186 456/1026/1026 2828/4776/4520
f 1679/2251/2186 1982/2212/2149 449/2214/2151
f 2843/4685/4439 2830/4676/4430 457/4679/4433
f 1824/5002/4708 4971/1534/1517 4399/3881/3727
f 2093/5138/4798 1984/2243/2179 2833/2223/2160
f 462/2247/2183 466/2046/1994 459/614/614
f 2837/5139/4799 460/2230/2167 2836/2229/2166
f 463/365/365 1678/2258/2192 2836/2229/2166
f 2845/2256/2191 2838/2199/2136 4391/4317/4107
f 2839/4331/4121 2840/4681/4435 4390/5140/4800
f 1680/1093/1093 2840/4681/4435 1985/5137/4797
f 2852/2065/2012 379/589/589 466/2046/1994
f 1678/2258/2192 2837/5139/4799 2836/2229/2166
f 2856/4318/4108 2839/4331/4121 4390/5140/4800
f 2846/2263/2197 4390/5140/4800 2840/4681/4435
f 1675/4324/4114 2856/4318/4108 4390/5140/4800
f 2857/4322/4112 2846/2263/2197 2848/2262/2196
f 1988/4319/4109 2858/2266/2200 4389/2265/2199
f 4997/4683/4437 1989/2275/2209 2092/4321/4111
f 2869/5141/2214 472/2259/2193 1670/2287/2221
f 2856/4318/4108 475/2283/2217 2855/2260/2194
f 1988/4319/4109 2864/4312/4102 2863/4313/4103
f 476/4851/4587 2864/4312/4102 1992/4311/4101
f 1993/88/88 2874/4852/4588 4698/89/89
f 2869/5141/2214 478/5142/4801 4382/4692/4445
f 474/2268/2202 4921/2088/2033 477/2087/2032
f 2868/2282/2216 2876/5143/4802 2870/2279/2213
f 4921/2088/2033 2870/2279/2213 2876/5143/4802
f 1668/4307/4097 4385/4315/4105 2862/2272/2206
f 4379/4309/4099 2865/5144/4803 4378/2293/2227
f 4377/90/90 2865/5144/4803 476/4851/4587
f 4700/4298/4088 2874/4852/4588 4697/4297/4087
f 1666/352/352 2876/5143/4802 4376/4306/4096
f 479/5145/4447 2880/4305/4095 4376/4306/4096
f 2871/2286/2220 1667/4693/4446 478/5142/4801
f 2881/4303/4093 1667/4693/4446 2875/3883/3729
f 2871/2286/2220 1669/3884/3730 2875/3883/3729
f 4381/4314/4104 2883/4308/4098 1669/3884/3730
f 2872/4316/4106 4374/2291/2225 4381/4314/4104
f 480/4691/4444 2980/948/948 483/4299/4089
f 4372/4304/4094 479/4694/4447 1667/4693/4446
f 481/353/353 484/5146/4804 2886/622/622
f 4374/2291/2225 492/3886/3732 2883/4308/4098
f 2884/4301/4091 2885/4293/4083 483/4299/4089
f 4701/5147/4805 2879/355/355 4373/357/357
f 2894/626/626 4370/625/625 4701/5147/4805
f 484/5146/4804 1995/5148/4559 485/5149/4806
f 1997/630/630 4900/5150/4807 1996/2458/2380
f 4367/2290/2224 2892/2321/2252 495/349/349
f 4359/1168/1166 4924/5151/4808 487/1166/1164
f 4359/1168/1166 2894/626/626 4701/5147/4805
f 2893/4815/4557 2900/5152/4809 1656/1167/1165
f 487/1166/1164 2893/4815/4557 1656/1167/1165
f 2897/4288/4080 4364/5153/620 489/2323/2254
f 491/4296/4086 2898/2307/2240 1660/2298/2232
f 2897/4288/4080 2906/3894/3740 4362/2311/621
f 1998/4813/4555 5041/2315/2246 2900/5152/4809
f 1650/3893/3739 1656/1167/1165 2900/5152/4809
f 1649/5154/4810 1655/945/945 1654/4286/4079
f 2904/3888/3734 3966/2332/2263 2903/2308/2241
f 4361/3887/3733 2919/2341/2272 4845/3297/3172
f 1653/3889/3735 4845/3297/3172 4355/295/295
f 500/2320/2251 4360/2302/2236 495/349/349
f 1650/3893/3739 5041/2315/2246 501/3891/3737
f 2912/632/632 5042/4282/4076 505/2349/2278
f 4358/3892/3738 502/4284/4078 1650/3893/3739
f 3982/2156/2094 2905/4289/4081 4157/2334/2265
f 4354/4281/4075 4153/5155/794 2924/2355/2283
f 1644/1975/1929 514/4276/4071 2931/1986/1940
f 508/1989/1943 514/4276/4071 507/1988/1942
f 1642/1171/1169 4702/4274/4069 508/1989/1943
f 1638/637/637 4702/4274/4069 510/1170/1168
f 2936/2375/2301 2938/5156/4811 2933/4275/4070
f 346/2361/2287 521/2372/2298 1639/2367/2293
f 521/2372/2298 523/347/347 1639/2367/2293
f 2929/2364/2290 4858/636/636 1641/635/635
f 516/2376/2302 4858/636/636 1634/2378/2304
f 512/2366/2292 518/1022/1022 1637/1021/1021
f 2936/2375/2301 2940/4270/4065 519/4273/4068
f 526/4272/4067 528/2380/2306 527/5157/4812
f 4350/4271/4066 536/5158/4813 2941/344/344
f 2942/2383/2309 536/5158/4813 2945/2387/2313
f 2944/2386/2312 527/5157/4812 528/2380/2306
f 4688/4674/4428 527/5157/4812 2002/5159/4814
f 538/339/339 539/99/99 1633/2388/2314
f 4349/2384/2310 2954/4266/4061 1629/2394/2320
f 4350/4271/4066 3031/4240/4040 541/1019/1019
f 2952/4269/4064 2951/2391/2317 2953/2408/2334
f 4693/4330/4120 4347/2395/2321 469/2398/2324
f 2949/2401/2327 4891/2402/2328 540/2385/2311
f 2955/4267/4062 4950/2422/2348 1624/2418/2344
f 4348/4268/4063 2958/2412/2338 2954/4266/4061
f 2069/639/639 549/2420/2346 4342/5160/4815
f 2960/638/638 4345/2400/2326 2955/4267/4062
f 560/5161/2355 2964/100/100 3967/2407/2333
f 2970/2441/2363 4974/4263/4059 2965/2410/2336
f 1623/2423/2349 552/5162/4816 2967/2415/2341
f 1622/2421/2347 2971/2449/2371 553/2419/2345
f 558/5163/2373 2963/4260/4056 1592/4235/4035
f 4703/2426/2352 1621/5164/4055 2974/4257/4053
f 2970/2441/2363 554/102/102 2976/2433/2357
f 1619/2425/2351 2978/947/947 2972/946/946
f 2979/2448/2370 2978/947/947 1618/4258/4054
f 4339/2429/2354 1615/2465/2387 1616/2463/2385
f 1612/4256/2396 2976/2433/2357 1613/2432/2356
f 4341/2445/2367 4340/5165/4817 2979/2448/2370
f 2978/947/947 561/4300/4090 2980/948/948
f 4703/2426/2352 1611/2478/2400 2987/2453/2375
f 2982/2457/2379 564/2475/2397 1613/2440/2356
f 4371/4302/4092 4340/5165/4817 2984/2447/2369
f 2992/2469/2391 566/103/103 2988/105/105
f 1606/5166/4818 2992/2469/2391 2988/105/105
f 569/5167/2398 2994/2459/2381 568/2461/2383
f 568/2461/2383 567/4255/2393 569/5167/2398
f 571/118/118 3001/2493/2415 2985/119/119
f 3003/2511/2433 5010/2479/2401 1604/2510/2432
f 3003/2511/2433 575/108/108 1608/4254/4052
f 573/2464/2386 575/108/108 579/2498/2420
f 2089/2501/2423 2990/2484/2406 2996/2482/2404
f 4337/5168/4819 2993/2473/2395 2997/2488/2410
f 572/2466/2388 582/4250/4049 1601/2486/2408
f 583/4248/4047 574/2480/2402 579/2498/2420
f 2997/2488/2410 3005/5169/4820 4337/5168/4819
f 3007/1132/1132 4332/2504/2426 4116/1133/1133
f 3010/2487/2409 3022/5170/4821 3021/2507/2429
f 3011/644/644 4331/4246/4046 3012/2491/2413
f 3012/2491/2413 4337/5168/4819 3011/644/644
f 3005/5169/4820 3011/644/644 4337/5168/4819
f 3022/5170/4821 1602/4249/4048 3023/4244/4044
f 584/2497/2419 3013/5171/4822 984/3431/3296
f 3014/2516/2438 4331/4246/4046 3015/646/646
f 3018/5172/4823 5011/2512/2434 1597/4252/4051
f 3021/2507/2429 3020/222/222 3019/221/221
f 3021/2507/2429 3018/5172/4823 4330/2506/2428
f 585/4251/4050 3023/4244/4044 1602/4249/4048
f 3023/4244/4044 3020/222/222 3022/5170/4821
f 2424/1611/1591 591/518/518 1596/1612/1592
f 595/1628/1608 3968/113/113 3030/1627/1607
f 3059/5173/4824 209/4417/4195 2005/121/121
f 2973/2532/2358 1592/4235/4035 4326/2529/2451
f 4325/2535/2456 2475/5044/4737 4497/4444/4215
f 2474/5045/2453 3039/5174/4825 3038/4232/3741
f 3042/4225/4028 3039/5174/4825 4325/2535/2456
f 3045/2550/2469 3041/2544/2465 3042/4225/4028
f 3046/2545/2466 4882/5175/4826 599/5176/4827
f 3036/2541/2462 4882/5175/4826 2004/120/120
f 4324/5177/2458 4322/2547/2468 4882/5175/4826
f 4321/2556/2475 599/5176/4827 3049/2554/2473
f 3049/2554/2473 4882/5175/4826 4322/2547/2468
f 3055/2574/2493 3059/5173/4824 2005/121/121
f 2569/123/123 3055/2574/2493 2005/121/121
f 2570/651/651 3052/4230/4033 603/5178/4828
f 1587/4229/4032 3054/2564/2483 4704/2569/2488
f 1583/5179/4829 1587/4229/4032 4704/2569/2488
f 3065/2581/2500 4704/2569/2488 1585/2570/2489
f 3067/126/126 3066/2586/2505 3068/2590/2509
f 1579/4226/4029 609/2579/2498 1563/2582/2501
f 4315/2587/2506 607/4227/4030 3062/5180/4830
f 1582/2576/2495 1581/127/127 610/129/129
f 4313/135/135 1576/128/128 1579/4226/4029
f 3076/2600/2519 3075/2593/2512 3070/2585/2504
f 616/2594/2513 1573/658/658 613/2589/2508
f 616/2594/2513 623/4218/4023 1570/657/657
f 1566/1015/1015 3076/2600/2519 1572/2596/2515
f 1566/1015/1015 1571/2595/2514 3082/1016/1016
f 621/1017/1017 3089/3605/3465 4314/3608/3468
f 618/2602/2521 624/4221/2527 1568/2603/2522
f 621/1017/1017 3088/3607/3467 622/2608/2524
f 627/2615/2530 3090/5181/4024 1565/2613/2528
f 4705/5182/4831 4896/2583/2502 3064/2573/2492
f 3091/2584/2503 3092/5183/4832 3093/5184/4833
f 4313/135/135 1563/2582/2501 3094/5185/4834
f 3094/5185/4834 3091/2584/2503 3093/5184/4833
f 629/5186/4835 3078/4224/4027 3094/5185/4834
f 4946/5187/4836 3092/5183/4832 2006/5188/4837
f 3094/5185/4834 4946/5187/4836 629/5186/4835
f 4312/1886/1840 631/5189/4838 4311/2618/2533
f 3092/5183/4832 628/2619/2534 4310/5190/4839
f 3096/5191/4840 630/5192/4841 629/5186/4835
f 4311/2618/2533 4040/904/904 4310/5190/4839
f 2006/5188/4837 4310/5190/4839 4040/904/904
f 3100/1131/1131 2300/4954/4677 3098/4697/4450
f 2088/2621/2536 4309/665/665 3099/4699/4452
f 3249/5193/4842 3253/2634/2549 633/2623/2538
f 639/4209/4016 3106/2636/2551 638/4210/4017
f 1558/4213/4020 3109/4211/4018 1557/1014/1014
f 641/1013/1013 1558/4213/4020 1557/1014/1014
f 4264/4164/3978 3266/2645/2560 3109/4211/4018
f 1555/1012/1012 1556/2637/2552 641/1013/1013
f 642/2639/2554 3109/4211/4018 3266/2645/2560
f 820/3077/2966 1552/2642/2557 1553/2640/2555
f 135/4620/4382 3110/4992/4702 2354/1512/1498
f 3119/4704/4456 2008/4810/4552 2011/4812/4554
f 3110/4992/4702 2010/5194/4843 1551/4991/4701
f 4537/4703/4380 3120/669/669 4654/4622/508
f 2356/1509/1495 644/5195/4844 3115/4702/4455
f 2100/4990/4700 3117/4854/4590 3956/4486/4255
f 3111/1003/1003 5027/2651/2566 4708/2647/2562
f 1551/5196/4701 643/4811/4553 2086/5197/4845
f 1962/5198/4846 645/2650/2565 3110/4992/4702
f 4308/666/666 3112/2648/2563 1962/5198/4846
f 643/4811/4553 5002/2653/2568 2011/4812/4554
f 2010/5199/4843 4307/2659/2574 643/4811/4553
f 3123/2666/2581 3113/4705/4457 3119/4704/4456
f 3115/4702/4455 4306/2674/2589 3127/5200/4847
f 3122/2649/2564 647/5201/2575 3118/4208/4015
f 3133/2672/2587 4706/671/671 3125/670/670
f 3116/4701/4454 5027/2651/2566 3117/4854/4590
f 3127/5200/4847 3970/2683/2598 646/4207/4014
f 3131/2656/2571 649/2671/2586 648/2662/2577
f 647/2660/2575 1548/2687/2602 1549/2654/2569
f 3133/2672/2587 660/258/258 4707/2664/2579
f 3135/2676/2591 3127/5200/4847 4306/2674/2589
f 3128/5202/4848 1545/2682/2597 3138/4204/4011
f 649/2671/2586 3144/2690/2604 3136/2670/2585
f 1547/5203/4849 3132/2668/2583 1546/142/142
f 1192/4707/4459 3128/5202/4848 652/2763/2674
f 1547/5203/4849 3150/2699/2612 3143/2679/2594
f 3148/4203/4010 3200/2765/2676 657/2761/2672
f 1522/4188/3999 3200/2765/2676 1521/2705/2618
f 3149/4201/4008 3154/2706/2619 3148/4203/4010
f 1542/257/257 1541/4199/4007 660/258/258
f 3156/5204/4850 3157/2710/2623 661/2701/2614
f 663/2712/2625 4844/2713/2626 1541/4199/4007
f 3158/5205/4851 3973/2704/2617 3153/2693/2606
f 3159/1009/1009 3155/2700/2613 662/2709/2622
f 664/5206/4852 3158/5205/4851 3153/2693/2606
f 3159/1009/1009 667/2723/2635 666/1010/1010
f 3161/2719/2631 4300/1149/1149 3168/2725/2637
f 664/5206/4852 4844/2713/2626 3163/2715/2628
f 3163/2715/2628 4987/5207/4853 664/5206/4852
f 4297/5208/4854 2125/1126/1126 4296/1128/1128
f 3171/2732/2643 668/4807/4549 4297/5208/4854
f 3163/2715/2628 3173/4193/4003 4295/5209/4855
f 1537/2721/2633 4987/5207/4853 4295/5209/4855
f 1535/5210/4004 4294/2734/2645 670/2728/2639
f 3170/2729/2640 4294/2734/2645 2016/149/149
f 669/2720/2632 3173/4193/4003 3169/2714/2627
f 1534/2730/2641 4293/2735/2646 4292/2737/2648
f 2084/4712/4461 3172/150/150 4712/2733/2644
f 3172/150/150 3557/3277/3154 2085/148/148
f 1532/2739/2650 2405/1576/1556 2404/1578/1558
f 3181/4856/4592 3185/679/679 3975/678/678
f 675/2748/2659 1530/676/676 674/681/681
f 3180/2741/2652 3183/1098/1098 2017/1100/1100
f 3194/2756/2667 3190/5211/682 4285/2752/2663
f 3187/5212/4856 1550/4708/4460 1192/4707/4459
f 3189/2755/2666 3183/1098/1098 2018/2745/2656
f 680/5213/4857 4288/2746/2657 679/683/683
f 680/5213/4857 3186/4191/4001 3185/679/679
f 3191/2758/2669 3187/5212/4856 3197/2762/2673
f 3192/2753/2664 4283/5214/4858 3193/2757/2668
f 4283/5214/4858 681/2767/2678 3193/2757/2668
f 3194/2756/2667 1526/439/439 682/441/441
f 679/683/683 3199/323/323 680/5213/4857
f 682/5215/441 3203/4187/3998 3195/324/324
f 3186/4191/4001 3976/4189/4000 2128/2837/2741
f 3199/323/323 3198/5216/4859 680/5213/4857
f 3202/5217/4860 3216/2783/2694 3198/5216/4859
f 1524/2769/2680 4998/2759/2670 3212/2776/2687
f 3206/5218/3997 4281/1001/1001 3204/5219/440
f 3208/1000/1000 3204/5219/440 4281/1001/1001
f 3976/4189/4000 3216/2783/2694 2021/5220/4861
f 3202/5217/4860 3201/322/322 2020/2771/2682
f 686/2781/2692 2020/2771/2682 3211/4713/4462
f 687/2774/2685 1522/4188/3999 1521/2705/2618
f 684/2770/2681 4279/2779/2690 2019/2778/2689
f 3213/2786/2688 3207/2780/2691 690/2784/2695
f 2021/5220/4861 4942/2782/2693 4715/5221/4862
f 1518/2795/2705 1519/2790/2700 3218/4183/3996
f 3219/1101/1101 1516/693/693 1513/692/692
f 1517/2797/2707 3220/2798/2708 1515/5222/4863
f 2070/4161/3975 4899/5223/4864 3219/1101/1101
f 1513/692/692 1512/2804/2713 698/2803/2712
f 697/2805/2714 695/2796/2706 1514/2799/2709
f 4276/5224/4865 3228/688/688 1196/690/690
f 1196/690/690 3221/4178/3991 4276/5224/4865
f 3222/4182/3995 3229/2810/2719 4276/5224/4865
f 699/2802/2711 697/2805/2714 3223/2807/2716
f 702/151/151 3233/696/696 3224/152/152
f 1506/3052/2728 4275/2820/2725 977/4039/3869
f 822/310/310 699/2802/2711 3231/695/695
f 4274/5225/3988 3232/4177/3990 702/151/151
f 1511/3050/2943 1510/5226/3989 3420/3049/2942
f 4272/698/698 706/700/700 1197/702/702
f 1509/2816/2722 3227/5227/2720 1508/2818/2724
f 3236/999/999 707/4172/3986 4270/2817/2723
f 4272/698/698 3236/999/999 3977/699/699
f 5007/5228/4866 4267/4171/3985 5008/5229/4867
f 4514/4465/4235 4717/4169/3983 5007/5228/4866
f 1503/2827/2731 709/1595/1575 711/2830/2734
f 2024/2829/2733 4951/5230/4868 713/2834/2738
f 712/4167/3981 3249/5193/4842 3246/4214/4021
f 4265/4165/3979 4720/4168/3982 4719/5231/4869
f 4951/5230/4868 3186/4191/4001 2128/2837/2741
f 3250/2631/2546 3104/4700/4453 634/2629/2544
f 716/5232/4870 4719/5231/4869 1501/4163/3977
f 4719/5231/4869 4772/710/710 4263/709/709
f 1502/2835/2739 4951/5230/4868 2128/2837/2741
f 3254/5233/4871 4720/4168/3982 1502/2835/2739
f 3257/2847/2751 3316/5234/4872 718/2846/2750
f 4263/709/709 3263/3898/3743 3259/4715/4464
f 3219/1101/1101 1500/712/712 2070/4161/3975
f 721/5235/4873 3258/2842/2746 720/2850/2754
f 724/156/156 4894/2845/2749 3260/154/154
f 3263/3898/3743 1499/2856/2760 3259/4715/4464
f 728/2849/2753 4721/714/714 4261/713/713
f 721/5235/4873 729/3087/2976 3271/3088/2977
f 3268/995/995 830/3900/3745 3263/3898/3743
f 3442/3097/2986 4948/2854/2758 3441/3094/2983
f 3273/5236/4415 2486/5055/4743 4258/4860/4596
f 3273/4659/4415 3276/2901/2805 3272/2889/2793
f 3274/5237/4874 4255/2863/2767 3275/4159/3973
f 4258/4860/4596 4257/5238/4544 3273/5236/4415
f 3979/5239/4875 3280/5240/4876 1496/5241/4877
f 1496/5241/4877 3282/5242/4878 3278/5243/4879
f 3282/5244/4878 3292/5245/4880 3283/4153/2768
f 4253/5246/4468 2025/4801/4543 730/5247/3965
f 3279/5248/4469 2082/444/444 3342/5249/2806
f 1476/2940/2839 1477/2865/2769 4726/2866/2770
f 3292/5245/4880 2081/2871/2775 3285/4154/3969
f 3293/723/723 1495/2867/2771 4252/2869/2773
f 3286/2868/2772 5034/3506/3371 736/716/716
f 1319/4014/3849 736/716/716 5034/3506/3371
f 4869/1152/1152 1496/5241/4877 3280/5240/4876
f 3282/5244/4878 3288/4152/3968 3290/5250/4881
f 3287/993/993 3288/4152/3968 3281/994/994
f 3291/4151/3967 3290/5250/4881 3288/4152/3968
f 2081/2871/2775 1494/5251/4882 3285/4154/3969
f 3293/723/723 3291/4151/3967 3304/721/721
f 1493/4146/3963 1494/5251/4882 3296/718/718
f 738/725/725 4728/4863/4599 1488/726/726
f 732/715/715 3290/5250/4881 2026/2870/2774
f 3300/2876/2780 1493/5252/3963 3295/2875/2779
f 733/4148/3964 3297/5253/4883 735/4862/4598
f 3306/2882/2786 735/4862/4598 3297/5253/4883
f 3302/2877/2781 4251/717/717 736/716/716
f 1491/2879/2783 1492/2874/2778 3298/719/719
f 3298/719/719 4251/717/717 1491/2879/2783
f 3727/3512/3377 1489/990/990 1490/4144/2782
f 4725/4156/3970 3307/5254/4884 4727/5255/4885
f 4788/992/992 3303/5256/4886 3287/993/993
f 3311/4724/4472 3289/4150/3966 3310/4723/4471
f 737/5257/4887 3309/5258/4888 3303/5256/4886
f 3309/5258/4888 3310/4723/4471 3303/5256/4886
f 3310/4723/4471 4248/5259/4889 3311/4724/4472
f 4248/5259/4889 3319/4728/4475 1487/4800/4542
f 4250/5260/4890 1488/726/726 4728/4863/4599
f 3728/2880/2784 1313/861/861 3313/2881/2785
f 3316/5234/4872 4249/2838/2742 718/2846/2750
f 3308/5261/4891 3307/5254/4884 3314/1124/1124
f 3314/5262/1124 3309/5258/4888 3308/5263/4891
f 3307/5254/4884 3317/1125/1125 3314/1124/1124
f 3313/2881/2785 3987/4002/3839 4250/5260/4890
f 3987/4002/3839 4081/5264/4892 4250/5260/4890
f 4787/5265/4893 3317/1125/1125 3316/5234/4872
f 4247/5266/4894 4081/5264/4892 3320/2886/2790
f 3318/1123/1123 3321/4799/4541 1486/5267/3960
f 3270/3083/2972 4786/4143/3962 3269/4142/3961
f 3265/4160/3974 3270/3083/2972 1498/3085/2974
f 4262/2841/2745 4729/5268/4895 3265/4160/3974
f 743/1880/1835 744/2887/2791 3325/1878/1833
f 3327/157/157 740/4137/3956 2625/4139/3958
f 1484/2888/2792 1483/4129/3948 740/4137/3956
f 3328/2890/2794 297/317/317 2626/536/536
f 1481/4133/3952 3326/4664/4418 4246/5104/4774
f 743/1880/1835 4243/2893/2797 4245/2892/2796
f 748/2897/2801 3328/2890/2794 3335/2898/2802
f 3330/2891/2795 3340/161/161 4243/2893/2797
f 3342/2902/2806 2028/164/164 3335/2898/2802
f 3339/160/160 751/2903/2807 3340/161/161
f 752/2907/2811 4240/4127/3946 758/2912/2816
f 763/2919/2822 759/5269/731 758/5270/2816
f 4242/2899/2803 3345/2914/2818 3341/4131/3950
f 756/2925/2827 3346/2910/2814 761/729/729
f 757/5271/4896 3356/2949/2847 4211/747/747
f 3352/2920/2823 3349/2936/2837 766/2944/2843
f 3353/2933/2834 762/730/730 3359/2931/2832
f 2029/2913/2817 3354/2932/2833 4237/2938/2838
f 4236/2951/2849 4733/5272/4897 3356/2949/2847
f 767/2953/2851 5033/2929/2830 765/2918/2821
f 3362/169/169 3360/734/734 3363/733/733
f 4730/4123/3943 1474/170/170 3358/2941/2840
f 768/2945/2844 3367/2960/2856 3368/2946/2845
f 3368/2946/2845 1471/4121/3941 3369/2958/2854
f 4731/724/724 1468/2989/2884 4730/4123/3943
f 4247/5266/4894 4731/724/724 1488/726/726
f 3367/2960/2856 3378/4115/3936 2030/2961/2857
f 772/175/175 1469/4116/3937 1470/4118/3939
f 3381/736/736 3374/3021/2916 3384/737/737
f 773/4117/3938 4236/2951/2849 1470/4118/3939
f 1472/4124/3944 3375/5273/4898 3371/2952/2850
f 786/2992/2887 5021/4114/3935 3378/4115/3936
f 4235/5274/4899 3375/5273/4898 1462/2969/2864
f 4963/2975/2870 776/2959/2855 3377/2976/2871
f 3379/172/172 778/2980/2875 770/173/173
f 4226/2986/2881 3388/5275/4900 1460/2977/2872
f 4231/2979/2874 4903/4120/3940 778/2980/2875
f 3382/2966/2861 779/2987/2882 3383/181/181
f 1469/4119/3937 3382/2966/2861 781/5276/2859
f 3320/2886/2790 3403/3020/2915 3384/737/737
f 4223/3015/2910 3386/4112/3933 4230/2991/2886
f 3393/5277/4901 784/2974/2869 3377/2976/2871
f 4222/740/740 1464/2995/2890 786/2992/2887
f 4225/3000/2895 787/2983/2878 3388/5275/4900
f 780/2982/2877 1458/2998/2893 1459/2988/2883
f 3389/3024/2919 3381/736/736 798/738/738
f 788/3005/2900 808/4731/4478 3402/3013/2908
f 3390/4730/4477 3399/5278/4902 4223/3015/2910
f 3390/4730/4477 796/1174/1172 3397/3018/2913
f 3391/5279/4903 4735/4735/4482 4732/3017/2912
f 3393/5277/4901 4875/3001/2896 3392/3023/2918
f 1461/2996/2891 4856/739/739 801/3032/2927
f 801/3032/2927 3394/988/988 1461/2996/2891
f 801/3032/2927 4215/5280/4904 1452/986/986
f 805/5281/4905 804/3030/2925 806/3029/2924
f 808/4731/4478 3394/988/988 1450/987/987
f 806/3029/2924 4219/5282/4906 807/5283/4907
f 3398/5284/4908 3397/3018/2913 805/5281/4905
f 4218/3014/2909 2075/3037/2932 4219/5282/4906
f 3400/3019/2914 5039/4108/3930 2057/4782/4525
f 4219/5282/4906 3404/3034/2929 1451/3036/2931
f 3407/239/239 3401/3033/2928 812/240/240
f 4038/445/445 3409/4732/4479 3411/4103/3925
f 4785/5106/4776 3409/4732/4479 3867/5285/4909
f 2079/745/745 3410/4733/4480 2080/746/746
f 4733/5272/4897 4211/747/747 3356/2949/2847
f 4210/4104/3926 4733/5272/4897 3412/4102/3924
f 1236/3776/3629 4038/445/445 3411/4103/3925
f 4734/4122/3942 3412/4102/3924 4236/2951/2849
f 3413/5286/4910 4209/4781/4524 3412/4102/3924
f 3391/5279/4903 1444/1182/1180 2032/5287/4911
f 3391/5279/4903 1453/3016/2911 1443/1183/1181
f 3418/188/188 2032/5287/4911 1444/1182/1180
f 3416/3937/3780 817/184/184 1224/186/186
f 819/189/189 814/5288/4912 816/4100/3922
f 4216/3968/3809 815/5289/4913 3404/3034/2929
f 3230/5290/4914 3446/753/753 832/5291/4915
f 700/2848/2752 3230/5290/4914 832/5291/4915
f 3420/5292/2942 3427/4097/3919 823/5293/4916
f 4207/192/192 2033/4857/4593 3423/5294/4917
f 2033/4857/4593 2034/4737/4484 3423/5294/4917
f 3424/2825/2729 4981/3055/2947 3425/5295/4918
f 3240/2822/2726 3425/5295/4918 3241/3057/2949
f 3431/3066/2958 3433/312/312 825/311/311
f 823/5293/4916 826/3899/3744 3426/3063/2955
f 3429/3060/2952 3422/4099/3921 3423/5294/4917
f 827/3062/2954 3980/307/307 3432/3073/2962
f 4860/4736/4483 3423/5294/4917 2034/4737/4484
f 1161/927/927 1173/932/932 3456/5296/4919
f 1438/3071/2961 1427/3059/2951 3433/312/312
f 3439/308/308 3430/3061/2953 4198/5297/4920
f 3440/4094/3916 4203/3154/3040 3438/4095/3917
f 3439/308/308 3440/4094/3916 829/309/309
f 3448/3084/2973 3269/4142/3961 4200/3112/3001
f 3269/4142/3961 3447/5298/2985 4200/3112/3001
f 3445/193/193 838/3100/2989 833/3078/2967
f 1434/3090/2979 821/3046/2939 834/3079/2968
f 836/3110/2999 1429/3116/3005 4202/4093/3915
f 837/5299/4921 850/4738/4485 4201/928/928
f 4784/3901/3746 3450/195/195 2035/194/194
f 3450/195/195 839/3092/2981 838/3100/2989
f 3461/5300/3024 3452/3095/2984 856/5301/3017
f 851/3118/3007 5013/5302/4922 1429/3116/3005
f 4737/751/751 1200/3130/3018 847/752/752
f 3447/5298/2985 3453/3135/3023 4200/3112/3001
f 4199/3098/2987 1422/762/762 848/761/761
f 848/761/761 1418/3903/3748 849/757/757
f 1175/3853/3704 4201/928/928 850/4738/4485
f 855/3132/3020 3459/3148/3036 1200/3130/3018
f 3481/4092/763 1426/3111/3000 4200/3112/3001
f 1418/3903/3748 850/4738/4485 849/757/757
f 1418/3903/3748 3486/3168/3053 4192/5303/4923
f 1173/932/932 3473/3141/3029 3456/5296/4919
f 3944/3856/3707 850/4738/4485 4192/5303/4923
f 3465/3125/3014 1424/3122/3011 853/3121/3010
f 4193/3150/3038 3466/3149/3037 855/3132/3020
f 3461/5304/3024 1416/5305/4924 858/3151/3025
f 4877/5306/4925 4193/5307/3038 3460/4090/3914
f 3471/4088/3912 4877/5306/4925 4203/3154/3040
f 3462/5308/4926 3471/4088/3912 3440/4094/3916
f 4187/3170/3055 3483/3166/3051 867/3167/3052
f 3486/3168/3053 3487/3172/3057 4192/5303/4923
f 3475/3159/3045 3476/4087/3911 863/197/197
f 4194/3145/3033 3463/3157/3043 3464/3156/3042
f 4191/3161/3047 861/3147/3035 864/4086/3910
f 3479/5309/3065 1417/3160/3046 3478/3163/3049
f 3478/3163/3049 3480/199/199 3479/5309/3065
f 870/3178/3062 1416/5305/4924 866/3164/3050
f 873/3180/3064 4189/764/764 1416/5305/4924
f 3482/4089/3913 3469/5310/201 4877/5306/4925
f 4189/764/764 3490/3184/3067 875/765/765
f 875/3152/765 1412/3190/3069 3491/3153/3039
f 4185/5311/4927 3480/5312/199 3482/4089/3913
f 3483/3166/3051 4185/5311/4927 3482/4089/3913
f 880/4082/3906 3484/774/774 1411/3189/3072
f 3498/5313/3907 1414/3920/3764 4184/3171/3056
f 4190/3162/3048 1935/768/768 3477/767/767
f 1935/3183/768 4876/3175/3059 1413/3174/766
f 868/3173/3058 3488/3177/3061 869/3176/3060
f 3488/3177/3061 3489/5314/4928 872/769/769
f 883/3182/3066 3489/5314/4928 1935/3183/768
f 4186/3179/3063 876/3205/3086 3490/3184/3067
f 1410/3204/3085 4185/5311/4927 3493/5315/4929
f 880/4082/3906 3494/5316/3073 881/5317/3078
f 1408/3193/3075 5017/3197/3079 3494/3191/3073
f 881/5317/3078 4184/3171/3056 880/4082/3906
f 3500/777/777 4967/4081/3905 1184/3869/3720
f 3495/776/776 3493/5315/4929 3500/777/777
f 1409/4084/3908 3501/5318/3080 3498/4083/3907
f 879/3188/3071 3497/775/775 1409/4084/3908
f 3502/3202/3083 872/769/769 3489/5314/4928
f 882/3201/3082 883/3182/3066 4183/3203/3084
f 3492/3192/3074 1412/3186/3069 877/3185/3068
f 885/3224/3103 3503/2152/2090 4180/3219/3098
f 4179/3207/3088 3505/2154/2092 3506/3225/3104
f 890/3223/3102 4892/5319/4930 892/3230/3109
f 886/3208/3089 4999/3233/3112 1401/3221/3100
f 4181/3212/3092 4174/3236/3115 4177/779/779
f 1402/3214/299 2040/782/782 2039/5320/3107
f 3508/3220/3099 1406/4080/3904 886/3208/3089
f 3508/3220/3099 891/3222/3101 3511/3218/3097
f 3513/4739/4486 890/3223/3102 892/3230/3109
f 3506/3225/3104 4999/3233/3112 4179/3207/3088
f 3514/4792/4534 4175/4887/4623 3507/3216/3095
f 888/780/780 3515/783/783 889/3215/3094
f 3513/4739/4486 3512/984/984 3518/983/983
f 3514/4792/4534 3519/4741/4488 895/4793/4535
f 2039/5320/3107 2078/781/781 4171/3245/3124
f 898/3241/3120 3518/983/983 4172/985/985
f 3603/3234/3113 1400/3243/3122 893/3232/3111
f 899/788/788 2129/4791/4533 895/4793/4535
f 3523/3249/3128 895/4793/4535 3519/4741/4488
f 3515/783/783 3525/5321/4931 3524/5322/4932
f 4174/3236/3115 3525/5321/4931 3510/4078/3902
f 2041/3229/3108 4171/4742/3124 3519/4741/4488
f 3524/5322/4932 2078/781/781 3515/783/783
f 4976/4753/4497 4710/1096/1096 4831/4889/4625
f 3528/1104/1104 4746/5323/4933 3522/1102/1102
f 3522/1102/1102 897/3239/3118 3517/785/785
f 898/3241/3120 3526/3248/3127 3521/4743/4489
f 4742/4870/4606 4743/4865/4601 5047/4864/4600
f 946/3373/3240 2044/4202/4009 3527/5324/4934
f 2044/4202/4009 4746/5323/4933 3527/5324/4934
f 3521/4743/4489 3532/5325/4935 4167/3255/3134
f 4164/1122/1122 3524/5322/4932 3525/5321/4931
f 4302/325/325 3532/5325/4935 3973/2704/2617
f 903/3268/3145 4166/1156/1154 3539/1155/1153
f 4752/4745/4490 3543/5326/4936 4162/3270/3147
f 3536/3254/3133 3545/3259/3138 3547/5327/4937
f 3536/3254/3133 904/3261/3139 1398/4749/4493
f 4163/3256/3135 3550/3274/3151 1394/3269/3146
f 1396/5328/4938 3542/4752/4496 905/3264/3141
f 2048/5329/4939 1397/5330/4940 3546/3257/3136
f 3546/3262/3136 3544/202/202 2048/5331/4939
f 3547/5327/4937 3556/3267/3144 3555/203/203
f 3547/5327/4937 3544/202/202 904/3261/3139
f 3545/3259/3138 903/3268/3145 3556/3267/3144
f 4161/4755/4499 1537/2721/2633 4295/5209/4855
f 3560/5332/4941 2077/3273/3150 3559/3272/3149
f 1396/5328/4938 3541/792/792 3551/4750/4494
f 3560/5332/4941 1396/5328/4938 1395/3263/3140
f 3563/3281/3158 1393/5333/4942 3554/204/204
f 3553/3266/3143 3550/3274/3151 3561/3276/3153
f 3554/204/204 1201/3282/3159 3563/3281/3158
f 3543/5326/4936 1393/5334/4942 4160/3265/3142
f 3554/204/204 2048/5331/4939 3544/202/202
f 2077/5335/3150 2084/4712/4461 4291/4711/2647
f 3549/790/790 3559/3272/3149 3548/791/791
f 4158/5336/3900 4159/4077/3901 2077/5335/3150
f 1201/3282/3159 3561/3276/3153 1391/3278/3155
f 3576/3904/3749 3982/2156/2094 4157/2334/2265
f 911/2336/2267 909/4283/4077 917/4066/3893
f 1381/3294/3169 917/4066/3893 909/4283/4077
f 1203/3301/3176 3588/5337/4943 3589/3318/3190
f 2920/2342/2273 4155/2352/2281 1386/2340/2271
f 3573/3283/3160 3574/4756/4500 3575/3308/3181
f 3576/3904/3749 925/3341/3213 923/3327/3199
f 3580/3319/3191 3588/5337/4943 3581/4068/3895
f 4147/5338/4944 3580/3319/3191 1377/3336/3208
f 3581/4068/3895 5016/4067/3894 4754/5339/4945
f 5016/4067/3894 4152/5340/4946 4754/5339/4945
f 3582/796/796 3983/3346/3218 4152/5340/4946
f 4156/3295/3170 3582/796/796 1381/3294/3169
f 3585/4065/3892 920/3322/3194 3594/209/209
f 4151/3316/3188 3597/5341/4947 918/4063/3890
f 3588/5337/4943 916/3298/3173 3581/4068/3895
f 3570/3324/3196 4151/3316/3188 918/4063/3890
f 921/3325/3197 919/3321/3193 3591/3323/3195
f 3579/3329/3201 927/207/207 928/206/206
f 3596/210/210 3597/5341/4947 3598/3905/3750
f 3586/3315/3187 3598/3905/3750 3597/5341/4947
f 1371/5342/4948 1377/3336/3208 4144/3338/3210
f 4152/5340/4946 3599/3337/3209 4754/5339/4945
f 3585/4065/3892 3595/208/208 4148/205/205
f 1376/5343/3202 3600/3348/3220 3592/3310/3183
f 1369/3334/3206 930/5344/4949 4146/3332/3204
f 2050/4062/3889 4145/3344/3216 3601/3906/3751
f 931/4060/3887 4147/5338/4944 1371/5342/4948
f 1371/5342/4948 4141/4061/3888 931/4060/3887
f 3604/5345/211 930/5344/4949 935/5346/4950
f 4145/3344/3216 4883/3353/3224 1374/3333/3205
f 3605/4057/3885 3619/3397/3263 4141/4061/3888
f 4144/3338/3210 3983/3346/3218 932/3345/3217
f 4780/4785/4528 4140/974/974 932/3345/3217
f 937/3357/3226 1363/807/807 936/3358/212
f 930/5344/4949 1366/293/293 935/5346/4950
f 4883/3353/3224 3618/292/292 1368/294/294
f 685/2772/2683 4756/5347/4951 4139/5348/4952
f 4133/5349/4953 3206/5218/3997 3607/5350/802
f 3206/4186/3997 4139/5348/4952 3607/802/802
f 1365/3377/3244 4133/5349/4953 3623/3378/3245
f 3608/803/803 4139/5348/4952 4138/3380/3247
f 3610/5351/4954 4137/799/799 948/3361/3229
f 3613/4788/4531 3614/5352/4955 3612/4789/4532
f 3613/4788/4531 3611/3363/3231 4846/3362/3230
f 1363/3355/807 3614/5352/4955 939/801/801
f 3617/3364/3232 3616/805/805 4135/4058/3886
f 1364/4790/3233 3614/5352/4955 3615/5353/806
f 949/4050/3879 3609/4054/804 1364/3365/3233
f 939/801/801 4846/3362/3230 4137/799/799
f 3632/291/291 1359/3360/3228 4102/3473/3338
f 4138/3380/3247 4756/5347/4951 4132/3375/3242
f 3622/4056/3884 4133/5349/4953 3607/5350/802
f 948/3361/3229 946/3373/3240 3610/5351/4954
f 3621/4055/3883 4985/3379/3246 4132/3375/3242
f 2051/4053/3882 3622/4056/3884 3607/5350/802
f 3626/3381/3248 3624/3400/3266 947/4759/4503
f 947/4759/4503 3622/4056/3884 3625/5354/4956
f 1358/3385/3252 1357/5355/4957 3634/3394/3260
f 1357/5355/4957 1354/287/287 1355/3395/3261
f 953/4047/3877 1356/3388/3255 3635/3389/3256
f 944/810/810 3638/5356/4958 4125/808/808
f 3626/3381/3248 4885/5357/4959 3637/5358/4960
f 3637/5358/4960 957/3401/3267 3626/3381/3248
f 3630/3390/3257 959/979/979 4126/978/978
f 3631/3392/3258 1352/4046/3876 3636/3406/3272
f 964/4045/3875 4125/808/808 3638/5356/4958
f 1355/3395/3261 4886/3402/3268 3633/3393/3259
f 3637/5358/4960 2052/285/285 3643/284/284
f 1349/3396/3262 1346/3415/3280 966/283/283
f 3641/219/219 4124/286/286 963/3403/3269
f 969/3419/3284 964/4045/3875 3638/5356/4958
f 4757/3407/3273 969/3419/3284 3638/5356/4958
f 4859/3421/3286 3642/3412/3277 3640/3409/3274
f 3984/4181/3994 3637/5358/4960 3643/284/284
f 966/283/283 970/3423/3288 3643/284/284
f 3643/284/284 3648/3422/3287 3984/4181/3994
f 4121/456/456 3646/5359/4961 4120/5360/4962
f 972/5361/4963 4120/5360/4962 3646/5359/4961
f 3646/5359/4961 3642/3412/3277 972/5361/4963
f 974/3416/3281 973/4044/3874 971/218/218
f 974/3416/3281 3653/4040/3870 3650/4042/3872
f 3647/4043/3873 4275/2820/2725 3222/4182/3995
f 1342/813/813 3984/4181/3994 3648/3422/3287
f 1345/3424/3289 975/3425/3290 3651/811/811
f 3657/3427/3292 1341/5362/4964 1340/4041/3871
f 3650/4042/3872 1341/5362/4964 973/4044/3874
f 3649/3414/3279 1341/5362/4964 1345/3424/3289
f 1340/4041/3871 3659/4787/4530 3657/3427/3292
f 4122/3417/3282 4758/3429/3294 1344/5363/4965
f 3653/4040/3870 4758/3429/3294 3652/4873/4609
f 3645/3418/3283 4781/455/455 4122/3417/3282
f 4777/3934/3777 3918/818/818 4007/3919/3763
f 3655/4760/4504 3918/818/818 3654/817/817
f 4113/5364/4966 3668/3456/3321 1337/2509/2431
f 1337/2509/2431 980/3433/3298 3660/822/822
f 4117/3442/3307 1598/645/645 3016/2500/2422
f 1335/3435/3300 3017/2518/2440 1336/2517/2439
f 3019/221/221 587/2513/2435 3018/5172/4823
f 3667/220/220 3665/824/824 3019/221/221
f 3664/2519/2441 1335/3435/3300 1336/2517/2439
f 3685/3448/3313 4904/3432/3297 3676/827/827
f 4110/3438/3303 3666/825/825 3667/220/220
f 1604/2510/2432 1338/3430/3295 4113/5364/4966
f 3681/4035/3865 3670/3444/3309 4109/3445/3310
f 1338/3430/3295 983/3441/3306 4113/5364/4966
f 983/3441/3306 5024/3454/3319 4113/5364/4966
f 3682/3457/3322 990/3460/3325 4106/4034/3864
f 3713/3490/3355 992/223/223 3686/3450/3315
f 3696/1105/1105 3694/4036/3866 1332/1106/1106
f 3690/4032/3862 3688/3462/3327 3693/3463/3328
f 3692/837/837 4106/4034/3864 993/835/835
f 993/835/835 4105/4033/3863 3700/1108/1108
f 3695/972/972 3690/4032/3862 3691/3469/3334
f 4779/4786/4529 3692/837/837 3697/836/836
f 3978/2872/2776 4773/3911/3756 1333/3470/3335
f 1332/1106/1106 4773/3911/3756 3699/3474/3339
f 993/835/835 3701/1110/1110 3697/836/836
f 2072/971/971 2053/1109/1109 3700/1108/1108
f 3699/3474/3339 4101/840/840 3703/839/839
f 1351/3413/3278 3632/291/291 3702/950/950
f 3702/950/950 965/278/278 1351/3413/3278
f 3708/3481/3346 996/5365/4967 3705/3479/3344
f 3706/5366/4968 3705/3479/3344 996/5365/4967
f 3706/5366/4968 3709/3485/3350 4098/5367/4969
f 4098/5367/4969 1329/3477/3342 3706/5366/4968
f 3710/846/846 1327/279/279 4098/5367/4969
f 1164/843/843 837/5299/4921 4201/928/928
f 3709/3485/3350 4902/3483/3348 3931/844/844
f 1213/3912/3757 3710/846/846 3930/845/845
f 999/4021/3854 1326/3487/3352 4096/4022/3855
f 4321/2556/2475 1324/4028/3859 998/3491/3356
f 3715/4025/3858 4320/5368/3742 2054/3913/848
f 1324/4028/3859 1001/3494/3359 1000/3496/3361
f 2054/3913/848 1323/5369/3354 3716/3492/3357
f 1282/661/661 3717/3493/3358 1323/5369/3354
f 3720/3504/3369 999/4021/3854 3721/3505/3370
f 1003/3501/3366 1000/3496/3361 1004/3495/3360
f 4095/4015/3850 4962/4026/3856 3719/3497/3362
f 4864/3619/3476 1275/5370/4970 1321/858/858
f 3722/851/851 1002/3498/3363 3716/3492/3357
f 1318/3509/3374 1009/4010/3846 1319/4014/3849
f 1011/5371/3845 3724/4013/3848 3725/3511/3376
f 1011/5371/3845 4092/853/853 4091/855/855
f 3722/851/851 1013/3522/3386 4094/3499/3364
f 1010/3513/3378 1007/5372/3373 1011/4008/3845
f 3726/854/854 3732/863/863 3736/862/862
f 3732/863/863 4094/3499/3364 1013/3522/3386
f 3726/854/854 1316/5373/3385 4091/855/855
f 1321/858/858 1271/3981/3822 3735/856/856
f 3730/3515/3380 1012/859/859 3728/2880/2784
f 3730/3515/3380 1316/3520/3385 3731/3518/3383
f 3733/850/850 3734/867/867 4090/866/866
f 1271/3981/3822 1314/5374/4971 3735/856/856
f 3795/3676/3530 1314/5374/4971 1081/3675/3529
f 3736/3521/862 1016/4007/3844 4089/3519/3384
f 1311/3517/3382 3739/3534/3398 1310/3523/3387
f 4915/4004/3841 3737/5375/3389 3749/4003/3840
f 1015/5376/3758 1016/4007/3844 1014/5377/864
f 1020/4006/3843 4090/866/866 1315/865/865
f 3742/3526/3390 3743/3527/3391 1019/3535/3399
f 4082/3554/3416 3800/883/883 1301/885/885
f 1314/5374/4971 1309/3516/3381 3735/856/856
f 1307/3530/3394 3740/3533/3397 1306/3539/3403
f 4089/3519/3384 3739/3534/3398 3731/3518/3383
f 3741/3540/3404 3739/3534/3398 4088/4005/3842
f 3746/3541/3405 4086/274/274 1306/3539/3403
f 3749/4003/3840 3742/5378/3390 1018/4000/3838
f 1019/5379/3399 1018/4000/3838 3742/5378/3390
f 1305/271/271 4087/276/276 3745/275/275
f 4087/276/276 1306/3539/3403 4086/274/274
f 1303/272/272 3745/275/275 1021/3538/3402
f 1305/271/271 1299/868/868 3988/870/870
f 1290/3587/3447 4874/3575/3436 1029/3994/3834
f 1297/273/273 4075/969/969 1025/3560/3422
f 3760/3714/3568 4874/3575/3436 1292/3574/3435
f 1294/3567/3428 4077/3569/3430 1030/3578/3439
f 1032/3583/3443 4078/3568/3429 1033/3602/3462
f 1032/3583/3443 1030/3578/3439 4077/3569/3430
f 3758/3558/3420 3836/3704/3558 4073/3584/3444
f 1293/3559/3421 1033/3602/3462 4078/3568/3429
f 1289/3586/3446 3758/3558/3420 4073/3584/3444
f 4076/5380/4972 3753/3562/3424 3761/3561/3423
f 3761/3561/3423 3756/5381/3438 4076/5380/4972
f 4076/5380/4972 4074/5382/3440 1291/3580/3441
f 3764/3590/3450 4072/3595/3455 1285/3593/3453
f 1114/3596/3456 1043/3989/3830 4043/3991/3832
f 3769/1178/1176 1045/3990/3831 1286/1179/1177
f 3767/3597/3457 1043/3989/3830 1284/3988/3829
f 1048/227/227 3085/660/660 1281/138/138
f 1048/227/227 1051/267/267 3774/228/228
f 3777/5383/4973 3772/265/265 4861/3613/3471
f 4068/3618/3475 1057/3628/3483 1053/3617/3474
f 3774/228/228 1275/5370/4970 4070/226/226
f 1064/3640/3494 4067/3985/3826 2055/5384/4974
f 4778/3641/3495 1056/3636/3490 3780/874/874
f 3779/5385/4975 3990/3984/3825 3989/3974/3815
f 1061/3978/3819 3777/5383/4973 1053/3617/3474
f 1271/3981/3822 3779/5385/4975 3989/3974/3815
f 4065/3649/3503 4778/3641/3495 3783/3645/3499
f 1071/3982/3823 1072/910/910 1076/3663/3517
f 1274/3633/3488 1067/3980/3821 2056/3629/3484
f 4035/3653/3507 1273/3983/3824 4036/5386/3618
f 3791/880/880 3990/3984/3825 1080/3654/3508
f 1270/3977/3818 3790/3655/3509 3786/3657/3511
f 1068/3659/3513 4930/3979/3820 4063/3644/3498
f 3788/1176/1174 4913/3660/3514 3789/3658/3512
f 3790/3655/3509 4061/5387/4976 1082/5388/4977
f 4060/877/877 1263/3668/3522 3792/3661/3515
f 3798/3915/3759 3790/3655/3509 1082/5388/4977
f 4061/5387/4976 3799/3973/3814 3796/3972/3813
f 3795/3676/3530 4918/5389/4978 3800/883/883
f 4057/3686/3540 1082/5388/4977 4059/3687/3541
f 1082/5388/4977 3796/3972/3813 4059/3687/3541
f 4763/4762/4506 3796/3972/3813 3799/3973/3814
f 1142/3679/3533 1086/3671/3525 1262/3672/3526
f 3805/5390/4979 1092/3557/3419 1258/884/884
f 3801/3677/3531 3806/3691/3545 4918/5389/4978
f 1258/884/884 4918/5389/4978 3805/5390/4979
f 3805/5390/4979 3806/3691/3545 1257/3693/3547
f 1260/3971/3812 1093/3696/3550 3806/3691/3545
f 3807/3694/3548 3809/232/232 1095/3708/3562
f 1094/3692/3546 1254/3695/3549 3819/3729/3583
f 1089/233/233 3815/887/887 3822/3699/3553
f 3823/3701/3555 3802/3681/3535 3811/3689/3543
f 1105/3722/3576 1101/3717/3571 5040/3967/3808
f 1257/3693/3547 4052/3703/3557 1092/3557/3419
f 1094/3692/3546 3818/3727/3581 1257/3693/3547
f 1254/3695/3549 4051/3731/3585 3819/3729/3583
f 3841/3711/3565 3810/3970/3811 3817/262/262
f 3812/3698/3552 2059/1113/1113 3838/3736/3590
f 3822/3699/3553 3840/3710/3564 1097/3964/3805
f 1100/3718/3572 5039/4108/3930 3827/3966/3807
f 2075/3037/2932 3825/3712/3566 3826/185/185
f 2075/3037/2932 3845/3962/3803 3828/3721/3575
f 3828/3721/3575 3816/5391/4980 3910/3810/3662
f 3910/3810/3662 3825/3712/3566 3828/3721/3575
f 3830/3918/3762 1253/3713/3567 1103/3715/3569
f 1244/3751/3605 3991/5392/4981 3833/3916/3760
f 4054/5393/4982 4048/3742/3596 1252/235/235
f 1106/3961/3802 3991/5392/4981 3850/892/892
f 3821/963/963 4053/263/263 3817/262/262
f 1155/3812/3664 3816/5391/4980 3832/3720/3574
f 3841/3711/3565 3835/264/264 3839/1112/1112
f 3851/3738/3592 1246/3737/3591 3838/3736/3590
f 1250/238/238 1449/4106/3928 1249/5394/4983
f 4050/897/897 1250/238/238 3858/3753/3607
f 4050/897/897 1448/4107/3929 3407/239/239
f 1447/3739/3593 3842/896/896 3856/743/743
f 4041/959/959 1450/987/987 4042/744/744
f 1449/4106/3928 1248/3956/3797 1249/5394/4983
f 1252/235/235 3846/3754/3608 4055/236/236
f 4047/3743/3597 1247/3748/3602 4046/3757/3611
f 3848/902/902 4053/263/263 4049/3719/3573
f 3848/902/902 4911/5395/4984 3864/903/903
f 3763/3591/3451 3829/3965/3806 1292/3574/3435
f 3849/3749/3603 1244/3751/3605 3833/3916/3760
f 4046/3757/3611 1246/3737/3591 1121/898/898
f 3865/3746/3600 3851/3738/3592 3852/3960/3801
f 1242/5396/4985 1116/3958/3799 3854/3750/3604
f 1243/3600/3460 1242/5396/4985 4043/3991/3832
f 3859/3954/3795 4933/3957/3798 3856/743/743
f 3861/960/960 4911/5395/4984 3845/3962/3803
f 3859/3954/3795 3847/3740/3594 3862/3745/3599
f 3862/3745/3599 3860/5397/4986 3859/3954/3795
f 4046/3757/3611 1120/3741/3595 4047/3743/3597
f 3868/3953/3794 4785/5106/4776 3867/5285/4909
f 3870/3759/3613 3096/5191/4840 3869/906/906
f 3874/5398/4987 3875/956/956 1124/3762/3616
f 1122/3760/3614 3874/5398/4987 1124/3762/3616
f 4037/957/957 1240/3758/3612 3873/3952/3793
f 1236/3776/3629 4209/4781/4524 3879/955/955
f 1269/912/912 1235/3664/3518 1266/3666/3520
f 4031/245/245 1235/3664/3518 1129/246/246
f 3884/914/914 3885/4779/4523 1234/5399/3633
f 3880/5400/3632 3884/914/914 1234/5399/3633
f 1234/3780/3633 1130/3777/3630 4033/3770/3623
f 1135/3783/3636 1233/3665/3519 1132/3784/3637
f 1135/3783/3636 1133/3673/3527 1134/3775/3628
f 1262/3672/3526 1141/3792/3644 1142/5401/3533
f 1445/749/749 4209/4781/4524 5000/750/750
f 3890/3948/1191 1138/5402/4988 1137/5403/3645
f 1139/3786/3639 3886/5404/4989 4025/3947/3790
f 1142/5401/3533 4027/3789/3642 1231/3791/3534
f 4766/4734/4481 2061/5405/4990 3887/3039/2933
f 4026/917/917 2061/5405/4990 3992/918/918
f 3888/247/247 3902/3803/3655 4022/248/248
f 3904/3805/3657 3894/3946/3789 3889/249/249
f 3891/3944/3787 1144/5406/3646 3894/3946/3789
f 4912/5407/3786 3891/3944/3787 3905/924/924
f 1151/5408/3658 3906/961/961 3897/5409/921
f 1229/3797/3649 1146/920/920 4024/3798/3650
f 3992/918/918 1152/3945/3788 3899/252/252
f 3901/3800/3652 4029/4778/4522 4026/917/917
f 3903/3941/3784 1150/3804/3656 1149/3802/3654
f 3889/249/249 1150/3804/3656 3904/3805/3657
f 4020/5410/4991 3907/962/962 1151/5408/3658
f 1148/3799/3651 3911/3808/3660 1154/3811/3663
f 3912/3940/3783 4021/4764/4508 3903/3941/3784
f 3913/3817/3668 4982/4876/4612 4767/4877/4613
f 3658/814/814 1159/3820/3671 3915/815/815
f 4001/3928/3772 3918/818/818 1213/3912/3757
f 3919/3056/2948 4015/5411/4992 1157/3054/2946
f 4014/954/954 1218/3823/3674 1219/3822/3673
f 1161/927/927 1221/3829/3680 4013/925/925
f 3922/926/926 1169/933/933 1173/932/932
f 4776/4769/4513 3924/3929/3773 2063/952/952
f 2065/3827/3678 1215/4777/4521 3925/3825/3676
f 3929/3482/3347 4941/3841/3692 3928/3927/3771
f 3933/3849/3700 3997/5412/4993 1174/3846/3697
f 1171/5413/4994 4004/3848/3699 3998/3840/3691
f 3999/3851/3702 2066/4774/4518 3935/5414/4995
f 1172/3925/3769 3935/5414/4995 3934/3843/3694
f 1169/933/933 3937/3847/3698 4775/931/931
f 3997/5412/4993 3938/3921/3765 3996/3923/3767
f 4775/931/931 3941/3142/3030 1173/932/932
f 3939/5415/4996 3943/3858/3709 3942/3860/3711
f 1182/3871/3722 1181/3863/3714 3993/5416/4997
f 1178/3859/3710 3949/3873/3717 3948/3857/3708
f 1208/934/934 5046/3854/3705 3944/3856/3707
f 3947/936/936 3993/5416/4997 1208/934/934
f 4991/1263/1260 11/4901/4628 4615/1262/1259
f 2141/1202/1200 72/1145/1145 1931/1205/1203
f 1880/4538/4303 1884/4536/4301 1879/1370/1361
f 4634/4843/4579 2244/1360/1351 4587/4595/4358
f 2137/1407/1398 1933/4518/4283 1934/1405/1396
f 4551/4971/4691 125/4505/4272 3955/1483/1471
f 1811/1615/1595 168/4459/4229 2096/1624/1604
f 2467/1680/1655 207/1687/1656 1800/1679/1645
f 1794/4448/4219 213/4654/4410 2471/1685/1660
f 2542/1800/1761 2556/5068/4751 2555/5067/4750
f 2661/4666/4420 2655/1934/1888 1976/1917/1871
f 338/1959/1913 341/1033/1033 342/4379/4164
f 2662/601/601 2787/2168/2105 4682/599/599
f 4388/4326/4116 1991/4687/4440 1673/4682/4436
f 1586/2575/2494 603/5178/4828 3056/4228/4031
f 3070/2585/2504 1572/2596/2515 3076/2600/2519
f 717/5417/4998 2126/5418/4999 2070/4161/3975
f 693/4179/3992 4854/215/215 962/4180/3993
f 2418/5025/4723 5008/5229/4867 4670/4880/4616
f 3375/5273/4898 783/5419/5000 785/2970/2865
f 4215/5280/4904 1446/742/742 4042/744/744
f 3473/3141/3029 4198/5297/4920 3456/5296/4919
f 3531/3251/3130 899/788/788 3523/3249/3128
f 3577/3311/3184 4149/5420/5001 925/3341/3213
f 5022/4070/3896 3584/3313/3185 927/207/207
f 3587/4064/3891 1379/4758/4502 3586/3315/3187
f 3657/3427/3292 4119/4766/4510 3658/814/814
f 1308/3553/3415 5014/3528/3392 1020/4006/3843
f 1278/872/872 1205/5421/3469 4071/3606/3466
f 3849/3749/3603 3829/3965/3806 4045/3592/3452
f 3943/3858/3709 3995/3862/3713 1178/3859/3710
f 3936/3852/3703 1171/5413/4994 3998/3840/3691
f 3997/5412/4993 3937/3847/3698 1174/3846/3697
f 1214/3836/3687 2073/3834/3685 1163/3835/3686
f 1215/4777/4521 1216/1115/1115 3925/3825/3676
f 2063/952/952 4012/4765/4509 4776/4769/4513
f 4017/3936/3779 2034/4737/4484 4774/3819/3670
f 2062/4767/4511 4012/4765/4509 4119/4766/4510
f 4206/3058/2950 4015/5411/4992 1158/3816/3667
f 4020/5410/4991 3905/924/924 1228/923/923
f 4023/916/916 3899/252/252 3900/3801/3653
f 4228/4113/3934 3887/3039/2933 4208/4109/3931
f 1138/5402/4988 3885/5422/4523 1137/5403/3645
f 1143/3950/3791 3883/913/913 1136/915/915
f 1136/5423/915 3875/956/956 3879/955/955
f 1269/912/912 2060/3771/3624 1129/246/246
f 1124/3762/3616 3880/5424/3632 1125/3763/3617
f 1239/242/242 4036/3764/3618 1273/5425/3824
f 3874/5398/4987 3869/906/906 1240/3758/3612
f 3867/5285/4909 3872/447/447 3868/3953/3794
f 3860/5397/4986 3864/903/903 3861/960/960
f 3861/960/960 4933/3957/3798 3860/5397/4986
f 1249/5394/4983 3858/3753/3607 1250/238/238
f 1242/5396/4985 1114/3596/3456 4043/3991/3832
f 3831/3917/3761 4054/5393/4982 1105/3722/3576
f 1253/3713/3567 3827/3966/3807 1028/3571/3432
f 3912/3940/3783 3821/963/963 4019/3939/3782
f 1077/1175/1173 3793/3670/3524 3788/1176/1174
f 1078/3975/3816 1265/3774/3627 1077/1175/1173
f 4060/877/877 4913/3660/3514 1267/878/878
f 1074/3976/3817 3787/3662/3516 1075/1177/1175
f 3783/3645/3499 1076/3663/3517 4065/3649/3503
f 1073/3656/3510 1062/3630/3485 3786/3657/3511
f 1047/3610/139 4861/3613/3471 3772/265/265
f 4080/3572/3433 1297/273/273 1025/3560/3422
f 3717/3493/3358 1321/858/858 1005/857/857
f 3701/1110/1110 3704/4031/3861 4100/949/949
f 4102/3473/3338 3702/950/950 3632/291/291
f 1330/1107/1107 994/973/973 3696/1105/1105
f 4103/976/976 3698/4784/4527 1331/4875/4611
f 3688/3462/3327 3684/3466/3331 3693/3463/3328
f 4104/3468/3333 5024/3454/3319 3696/1105/1105
f 4328/4037/3867 4755/797/797 4156/3295/3170
f 4156/3295/3170 3014/2516/2438 4328/4037/3867
f 3677/823/823 3663/3436/3301 3665/824/824
f 4114/3451/3316 3013/5171/4822 4118/2508/2430
f 979/3428/3293 2131/454/454 4760/4761/4505
f 3639/3411/3276 4859/3421/3286 3640/3409/3274
f 4885/5357/4959 4886/3402/3268 2052/285/285
f 961/5426/5002 955/289/289 1351/3413/3278
f 3639/3411/3276 961/5426/5002 1351/3413/3278
f 3629/4049/3878 1357/5355/4957 952/3387/3254
f 954/290/290 4127/5427/5003 3605/4057/3885
f 952/3387/3254 3628/5428/5004 3629/4049/3878
f 3617/3364/3232 3628/5428/5004 951/4051/3880
f 3627/4052/3881 3625/5354/4956 2051/4053/3882
f 3610/5351/4954 3527/5324/4934 3528/1104/1104
f 4127/5427/5003 4983/3410/3275 3619/3397/3263
f 960/3399/3265 4141/4061/3888 3619/3397/3263
f 3528/1104/1104 4136/3354/3225 3610/5351/4954
f 4756/5347/4951 4278/2775/2686 4132/3375/3242
f 3606/5429/5005 1523/1002/1002 4281/1001/1001
f 3598/3905/3750 1378/4757/4501 3601/3906/3751
f 3593/3328/3200 4146/3332/3204 4753/3331/3203
f 3575/3308/3181 1376/5343/3202 3592/3310/3183
f 3570/3324/3196 4153/794/794 3571/4073/3899
f 1381/3294/3169 4152/5340/4946 1382/5430/5006
f 3566/3284/3161 4848/982/982 1383/981/981
f 1390/5431/3163 2001/297/297 2049/296/296
f 2047/5432/5007 905/3264/3141 3542/4752/4496
f 4161/4755/4499 902/327/327 3164/326/326
f 1397/5330/4940 3533/4747/4492 3535/3253/3132
f 3535/3253/3132 901/789/789 3531/3251/3130
f 4167/3255/3134 3539/1155/1153 2042/1157/1155
f 4168/1120/1120 4744/5433/5008 2042/1157/1155
f 4180/3219/3098 4892/5319/4930 885/3224/3103
f 3578/3326/3198 3505/2154/2092 3982/2156/2094
f 4187/3170/3055 4967/4081/3905 3493/5315/4929
f 3462/5308/4926 4968/3139/3027 862/5434/5009
f 4198/5297/4920 3462/5308/4926 3439/308/308
f 3464/3156/3042 5013/5302/4922 4194/3145/3033
f 3450/195/195 1425/3123/3012 1431/3113/3002
f 835/3081/2970 4948/2854/2758 727/2857/2761
f 1437/3064/2956 5045/3074/2963 1436/304/304
f 4198/5297/4920 4860/4736/4483 3456/5296/4919
f 2033/4857/4593 3913/3817/3668 4774/3819/3670
f 3421/191/191 3420/5292/2942 1510/4176/3989
f 4233/4729/4476 3413/5286/4910 4734/4122/3942
f 4214/4665/4419 3334/4132/3951 2080/746/746
f 3408/1888/1842 3410/4733/4480 4212/1889/1843
f 4220/3012/2907 3396/3028/2923 802/3027/2922
f 788/3005/2900 3388/5275/4900 2031/3003/2898
f 1467/2965/2860 3385/4111/3932 4229/4110/2863
f 1470/4118/3939 769/2950/2848 772/175/175
f 769/2950/2848 3365/176/176 772/175/175
f 3364/2955/2853 4879/2935/2836 3360/734/734
f 3355/735/735 4879/2935/2836 3351/2937/2826
f 757/5271/4896 2029/2913/2817 4237/2938/2838
f 3344/2904/2808 3349/5435/2837 1479/4126/3945
f 746/4130/3949 4881/4128/3947 752/2907/2811
f 3442/3097/2986 1486/5267/3960 3321/4799/4541
f 3319/4728/4475 4729/5268/4895 1487/4800/4542
f 4830/5436/5010 3308/5261/4891 737/5437/4887
f 3299/989/989 739/2883/2787 3300/2876/2780
f 3300/2876/2780 3306/2882/2786 3297/5253/4883
f 1494/5251/4882 730/5247/3965 2025/4801/4543
f 4830/5436/5010 3280/5240/4876 4256/4861/4597
f 4830/5436/5010 4725/4156/3970 4727/5255/4885
f 4254/5438/4470 4722/4859/4595 2071/4158/3972
f 3979/5239/4875 3277/4716/4465 4256/4861/4597
f 4260/2861/2765 3275/4159/3973 4259/4858/4594
f 722/2643/2558 1556/2637/2552 1554/2641/2556
f 716/5232/4870 3253/2634/2549 3251/4166/3980
f 4263/709/709 1501/4163/3977 4719/5231/4869
f 3241/3057/2949 3238/2823/2727 3240/2822/2726
f 702/151/151 3234/5439/3987 4274/5225/3988
f 3223/2807/2716 3224/152/152 3233/696/696
f 4277/2788/2698 4942/2782/2693 3209/2789/2699
f 717/5417/4998 2021/5220/4861 4715/5221/4862
f 2020/2771/2682 1520/5440/5011 3211/4713/4462
f 4279/5441/2690 3208/1000/1000 3207/2780/2691
f 652/2763/2674 3187/5212/4856 1192/4707/4459
f 4290/5017/4719 2017/1100/1100 1529/1099/1099
f 3181/4856/4592 3184/2747/2658 4288/2746/2657
f 4713/1575/1555 678/2742/2653 676/1007/1007
f 3180/2741/2652 3177/5021/4720 1531/1008/1008
f 2015/4805/4547 3171/2732/2643 4297/5208/4854
f 4297/5208/4854 2133/1095/1095 2015/4805/4547
f 3151/2702/2615 1546/142/142 1543/144/144
f 3127/5200/4847 3116/4701/4454 3115/4702/4455
f 3114/2665/2580 4306/2674/2589 644/5195/4844
f 3125/670/670 3113/4705/4457 3130/2667/2582
f 637/4162/3976 5018/5442/5012 716/5232/4870
f 5018/5442/5012 1560/2632/2547 3253/2634/2549
f 3100/1131/1131 104/5443/5013 3097/4514/4279
f 620/3603/3463 632/4763/4507 3095/3614/3472
f 3868/3953/3794 4311/2618/2533 631/5189/4838
f 3078/4224/4027 4313/135/135 3094/5185/4834
f 2629/1825/1785 3064/2573/2492 3063/1826/1786
f 3081/2604/2523 1282/5444/661 1323/3489/3354
f 3032/2536/2457 4497/4444/4215 209/4417/4195
f 3968/113/113 4916/4239/4039 3027/114/114
f 596/4238/4038 4916/4239/4039 594/1639/1619
f 3017/2518/2440 1603/2499/2421 3006/1134/1134
f 3024/4243/4043 4329/821/821 981/820/820
f 1597/4252/4051 4332/2504/2426 3008/2503/2425
f 581/5445/5014 582/4250/4049 1602/4249/4048
f 3009/2505/2427 2995/104/104 3010/2487/2409
f 565/2435/2359 3001/2493/2415 570/109/109
f 2991/2468/2390 1609/2472/2394 564/2475/2397
f 1616/2463/2385 573/2464/2386 4338/2462/2384
f 1190/111/111 2974/4257/4053 2986/2450/2372
f 4342/5160/4815 2961/2277/2211 2069/639/639
f 2972/946/946 4342/5160/4815 1619/2425/2351
f 4974/4263/4059 552/5162/4816 547/2414/2340
f 2938/5156/4811 1636/2369/2295 2937/2368/2294
f 511/92/92 2931/1986/1940 512/2366/2292
f 1999/2309/2242 2914/5446/5015 4356/5447/3162
f 4356/3285/3162 1649/5154/4810 1999/4285/2242
f 2908/2346/2275 492/3886/3732 4360/2302/2236
f 488/2305/2238 489/2323/2254 4364/5153/620
f 4368/4696/4449 4900/5150/4807 1661/4814/4556
f 4369/2299/2233 1661/4814/4556 2890/2318/2249
f 485/5149/4806 488/5448/2238 484/5146/4804
f 479/5145/4447 4926/2285/2219 4382/4818/4445
f 2857/4322/4112 2862/2272/2206 4385/4315/4105
f 2068/4819/4560 2847/4329/4119 2851/4820/4561
f 2829/4333/4123 4392/4680/4434 455/2204/2141
f 4393/2241/2177 4972/4675/4429 4394/2248/2184
f 2825/2231/2168 1681/366/366 2826/611/611
f 1688/2186/2123 2823/2195/2132 2821/5136/4796
f 4402/5135/4795 2821/5136/4796 1689/2193/2130
f 1982/2212/2149 1686/2203/2140 1981/2205/2142
f 448/4673/4427 526/4272/4067 527/5157/4812
f 2785/4346/4134 2783/1027/1027 439/1029/1029
f 2774/2134/2076 5048/5449/5016 2767/2132/2074
f 4741/4670/4424 2774/2134/2076 2778/2158/2096
f 414/5450/2086 1704/2103/2047 2757/2102/2046
f 2767/2132/2074 2766/5128/4792 4416/2120/2064
f 2753/5125/4789 4862/2107/2051 2067/2117/2061
f 2735/4361/4146 2730/2062/2009 4427/2051/1998
f 373/2052/1999 1721/2032/1981 4426/4364/4149
f 4804/5451/5017 2316/5452/5018 4965/5115/4781
f 4437/1968/1922 4867/4382/4167 2688/4377/4162
f 4440/1957/1911 2684/4378/4163 340/1136/1136
f 1734/4384/4169 4440/1957/1911 4441/5114/4780
f 4444/575/575 1916/1278/1275 2667/576/576
f 4448/1044/1044 1746/1916/1870 320/1918/1872
f 287/4822/4563 286/4662/1810 2617/4661/4416
f 4705/5182/4831 4944/1845/1802 2630/1885/1839
f 298/1882/1720 4929/1884/1838 299/1881/1836
f 2623/4397/4180 4461/4398/3723 2625/4139/3958
f 2621/1875/1830 2620/5453/4181 2623/4397/4180
f 4466/1045/1045 275/5091/1792 285/5094/1791
f 2566/1810/1771 2586/1842/1799 273/1811/1772
f 267/557/557 2580/1818/1779 2596/558/558
f 1974/5454/5019 4478/5074/4202 4477/5076/4754
f 2528/4437/4209 2557/5455/5020 2537/4438/4210
f 2536/47/47 2543/5069/4752 2556/5068/4751
f 4917/5064/4747 2515/5063/4746 251/1761/1727
f 1971/4657/4413 4259/4858/4594 4819/1699/1673
f 2480/4401/4182 4456/537/537 288/1852/1809
f 2415/1436/1427 210/1056/1056 101/1055/1055
f 1791/1694/1668 4989/1698/1672 4797/5048/4738
f 4502/1661/1639 4500/1667/1644 198/1662/1640
f 1796/532/532 203/5029/4727 202/1678/1654
f 1796/532/532 1968/5036/4732 4502/1661/1639
f 199/527/527 2454/1683/1658 2453/1670/1646
f 188/1648/1626 2444/1646/1624 189/1645/1623
f 2452/1660/1638 4507/5032/4729 4505/5030/4728
f 4505/5030/4728 2435/1643/1622 2451/1659/1637
f 2442/1657/1635 2435/1643/1622 175/4457/4227
f 4513/1606/1586 4865/1608/1588 169/1610/1590
f 4511/5026/4724 4671/4602/4364 167/4464/4234
f 167/4464/4234 4806/1603/1583 165/1602/1582
f 1816/4653/4409 104/5443/5013 4675/4718/4467
f 4670/4880/4616 4562/4823/4564 1953/4847/4583
f 2390/4636/4396 2386/1565/1546 4526/4475/4245
f 4656/1536/1519 4662/4628/4388 4659/5004/4709
f 2377/1547/1530 2372/1528/1512 1828/23/23
f 58/1335/1328 1964/4996/4704 136/4554/4319
f 57/4553/4318 2360/4624/4385 4604/4907/4632
f 1961/505/505 1962/5198/4846 135/4620/4382
f 2008/4810/4552 2358/5456/4566 2086/5197/4845
f 2357/5457/4567 2086/5197/4845 2358/5456/4566
f 4802/4494/4261 2349/4984/1071 4801/1495/1483
f 128/4492/4259 1836/1499/1487 1837/1494/1482
f 4651/1072/1072 2346/4978/4696 1959/4982/4698
f 2334/4969/4689 4901/4495/4262 1957/4968/4688
f 4648/4493/4260 127/4497/4264 4646/4883/4619
f 2105/1087/1087 1955/4963/4684 4552/4962/4683
f 2327/501/501 4909/4608/4370 4642/4831/4570
f 2314/404/404 2316/5452/5018 2319/405/405
f 2326/423/423 2106/4967/4686 2320/421/421
f 1845/1077/1077 1844/1462/1453 2318/1075/1075
f 2317/4959/4681 4555/422/422 2320/421/421
f 4432/4957/4679 2316/5452/5018 116/5458/5021
f 118/1468/1457 2307/1458/1449 4558/4956/4678
f 1849/4509/4276 2313/1467/1456 4640/1466/1455
f 2291/1432/1423 1953/4847/4583 2293/1438/1429
f 4638/4604/4366 2290/5034/4730 4637/1430/1421
f 2289/1424/1415 97/1422/1413 1860/1425/1416
f 94/1418/1409 96/4949/4672 1861/1421/1412
f 4807/406/406 5031/4460/4230 163/4462/4232
f 2421/4461/4231 4636/408/408 4671/5459/4364
f 4571/4946/4669 4806/1603/1583 2275/4938/4661
f 4636/5460/408 91/4939/4662 2282/4603/4365
f 2274/4945/4668 4578/1384/1375 1934/1405/1396
f 4574/4942/4665 4940/4601/4363 1869/1401/1392
f 4928/4940/4663 2280/1394/1385 86/1395/1386
f 91/4939/4662 2263/5461/1376 4577/4599/4362
f 4572/418/418 2260/1382/1373 2274/4945/4668
f 1916/1278/1275 2666/1943/1897 2667/576/576
f 2255/4931/4654 2256/4935/4658 4579/4932/4655
f 4808/4522/4287 73/5462/5022 4585/4524/4289
f 1944/4594/4357 4583/4936/4659 4593/4529/4294
f 1944/4594/4357 2248/1084/1084 4582/4527/4292
f 1881/1376/1367 2242/4541/4306 2243/4534/4299
f 2255/4931/4654 4593/4529/4294 4583/4936/4659
f 4592/1207/1205 1945/4543/4308 2235/4540/4305
f 1942/5463/1082 2209/4584/4347 2207/4909/4634
f 70/1350/1341 2231/474/474 2242/4541/4306
f 4591/5464/5023 2239/4927/4651 4630/1371/1362
f 4596/1346/1337 2205/4550/4315 2204/1347/1338
f 2202/4582/4345 2234/8/8 2204/1347/1338
f 2218/5465/4644 2217/4918/4643 67/466/466
f 65/1348/1339 4919/1349/1340 2233/1351/1342
f 2206/5466/4314 5043/4914/4639 2207/5467/4634
f 4608/1258/1255 4607/1298/1293 46/1295/1290
f 45/1260/1257 2180/5468/415 2181/4580/4343
f 2180/5468/415 1911/4567/4330 2181/4580/4343
f 2163/1286/1249 22/1247/1244 2162/4895/1250
f 32/1380/1371 33/1272/1269 1920/1271/1268
f 4599/4552/4317 2197/463/463 63/4913/4638
f 2113/1341/1334 2199/4546/4311 1938/450/450
f 2199/4546/4311 1937/448/448 1938/450/450
f 4810/479/479 2221/5469/4645 4628/5470/4577
f 2224/451/451 4629/1144/1144 4626/4587/4350
f 1941/4923/4647 2236/4535/4300 2223/4544/4309
f 4922/4840/4576 4813/1143/1143 2110/4891/4627
f 2238/1368/1359 4591/5464/5023 4630/1371/1362
f 2241/1357/1348 4927/4933/4656 2230/4885/4621
f 4620/1162/1160 77/1377/1368 4809/480/480
f 2108/1086/1086 1942/5463/1082 1947/4600/1081
f 2107/4532/4297 4679/1955/1909 4632/4928/4652
f 2240/4596/4359 4815/5471/5024 4587/4595/4358
f 4837/4842/4578 4587/4595/4358 4815/5471/5024
f 4679/1955/1909 2673/5472/5025 2672/1041/1041
f 4569/1419/1410 2286/1588/1568 2284/1420/1411
f 2299/4698/4451 4562/4823/4564 2298/2622/2537
f 2298/2622/2537 3099/4699/4452 2299/4698/4451
f 4639/1054/1054 2463/4453/4224 2462/4452/4223
f 2114/4507/4274 2135/4970/4690 2115/1473/1461
f 2116/5473/5026 2319/405/405 2316/5452/5018
f 4794/4846/4582 2116/5473/5026 4804/5451/5017
f 4548/4972/4692 4545/4976/4694 4547/4614/4376
f 4817/1090/1090 2118/1158/1156 4800/1091/1091
f 130/507/507 4901/4495/4262 2344/4496/4263
f 4652/1159/1157 2342/4884/4620 4647/4491/4258
f 1959/4982/4698 4653/1073/1073 4651/1072/1072
f 4793/4845/4581 4824/4868/4604 2134/4490/4257
f 4800/1091/1091 4818/4809/4551 4825/4706/4458
f 2394/5012/4715 2388/5005/4710 2392/5008/4713
f 2359/4489/4256 3179/1005/1005 4666/4638/4398
f 4771/4643/4401 156/1411/1402 4798/1413/1404
f 4771/4643/4401 2098/515/515 2411/5024/4722
f 4515/2826/2730 1966/1148/1148 4770/4632/4392
f 2095/4454/4225 4512/5027/4725 171/4463/4233
f 213/4654/4410 4494/4656/4412 4673/4650/4406
f 1497/2859/2763 3274/5237/4874 4260/2861/2765
f 628/2619/2534 2630/1885/1839 4312/1886/1840
f 4214/4665/4419 3408/1888/1842 2632/4663/4417
f 2682/1040/1040 2094/1954/1908 2672/1041/1041
f 380/5121/4786 4820/5474/5027 4964/2048/1996
f 380/5121/4786 4836/5475/5028 4821/5476/5029
f 1978/4371/4156 4964/2048/1996 4820/5474/5027
f 4821/5476/5029 4794/4846/4582 4820/5474/5027
f 4823/5477/5030 4821/5476/5029 4836/5475/5028
f 4407/4671/4425 4683/4879/4615 4682/599/599
f 2850/4684/4438 4387/4328/4118 2843/4685/4439
f 1991/4687/4440 1990/2273/2207 1673/4682/4436
f 473/4323/4113 1669/3884/3730 2856/4318/4108
f 1189/4295/4085 4986/3882/3728 1663/3885/3731
f 4373/357/357 4924/5151/4808 4701/5147/4805
f 4924/5151/4808 2895/4816/4558 487/1166/1164
f 488/5448/2238 2886/622/622 484/5146/4804
f 1606/5166/4818 4333/2502/2424 2998/2483/2405
f 3096/5191/4840 4040/904/904 3869/906/906
f 629/5186/4835 2006/5188/4837 3096/5191/4840
f 4718/4717/4466 4791/1129/1129 3103/2626/2541
f 2009/668/668 4827/2663/2578 3121/2657/2572
f 4790/5478/5031 4818/4809/4551 2134/4490/4257
f 4827/2663/2578 4825/4706/4458 4828/5479/5032
f 4828/5479/5032 3134/143/143 4827/2663/2578
f 4709/5480/5033 2013/4878/4614 4828/5479/5032
f 4789/1151/1151 3156/5204/4850 2013/4878/4614
f 4829/1127/1127 4709/5480/5033 4835/4888/4624
f 4710/1096/1096 4296/1128/1128 4829/1127/1127
f 3184/2747/2658 4289/5022/2654 4287/4190/2655
f 4716/4804/4546 4715/5221/4862 4277/2788/2698
f 1517/2797/2707 2023/5481/5034 4716/4804/4546
f 2023/5481/5034 2126/5418/4999 4716/4804/4546
f 1516/693/693 2023/5481/5034 1515/5222/4863
f 4675/4718/4467 2007/1130/1130 4718/4717/4466
f 717/5417/4998 3254/5233/4871 3255/2836/2740
f 3979/5239/4875 3278/5243/4879 3274/5237/4874
f 730/4149/3965 3284/442/442 4253/5482/4468
f 737/5437/4887 4869/1152/1152 4830/5436/5010
f 3261/2853/2757 4787/5265/4893 3257/2847/2751
f 4786/4143/3962 3318/4727/1123 1486/4141/3960
f 3334/4132/3951 4211/747/747 2080/746/746
f 4164/1122/1122 4745/3235/3114 4168/1120/1120
f 4783/5483/5035 4832/4797/4539 4749/4872/4608
f 3530/787/787 4749/4872/4608 4748/4871/4607
f 4835/4888/4624 4710/1096/1096 4829/1127/1127
f 4750/4746/4491 4783/5483/5035 4749/4872/4608
f 2047/5432/5007 2130/4751/4495 4975/5484/5036
f 4162/3270/3147 4751/5485/5037 4752/4745/4490
f 3551/4750/4494 2046/4754/4498 4977/5486/5038
f 906/3271/3148 3559/3272/3149 1392/4806/4548
f 4120/5360/4962 2131/454/454 4121/456/456
f 4016/4770/4514 4759/4874/4610 979/3428/3293
f 3654/817/817 4760/4761/4505 2131/454/454
f 4779/4786/4529 3669/4038/3868 3681/4035/3865
f 3886/5404/4989 4032/3772/3625 1138/5402/4988
f 4735/4735/4482 1153/3041/2934 1152/3945/3788
f 4015/5411/4992 4982/4876/4612 1158/3816/3667
f 3999/3851/3702 5012/3924/3768 4003/3837/3688
f 4005/1119/1119 2066/4774/4518 4002/1117/1117
f 4824/4868/4604 4790/5478/5031 2134/4490/4257
f 2388/5005/4710 2389/5007/4712 4530/4629/4389
f 2047/5432/5007 4783/5483/5035 4751/5485/5037
f 3786/3657/3511 4930/3979/3820 1270/3977/3818
f 4100/949/949 3706/5366/4968 1329/3477/3342
f 3530/787/787 4747/5487/5039 899/788/788
f 4748/4871/4607 4889/4794/4536 4747/5487/5039
f 2038/4796/4538 5032/4866/4602 4738/5488/5040
f 4823/5477/5030 5032/4866/4602 4824/4868/4604
f 3283/2864/2768 3278/5243/4879 3282/5242/4878
f 3104/4700/4453 4718/4717/4466 3103/2626/2541
f 2015/4805/4547 4711/1097/1097 906/3271/3148
f 4709/5480/5033 4871/4867/4603 4835/4888/4624
f 2011/4812/4554 3123/2666/2581 3119/4704/4456
f 1992/4311/4101 2092/4321/4111 1989/2275/2209
f 433/4344/4132 4682/599/599 4683/4879/4615
f 2121/4467/4237 4770/4632/4392 1966/1148/1148
f 161/4775/4519 4515/2826/2730 4770/4632/4392
f 2367/4997/4705 2366/1531/1514 4970/1541/1524
f 4655/504/504 4308/666/666 1961/505/505
f 2247/9/9 2263/5461/1376 1947/1081/1081
f 2113/1341/1334 4814/449/449 2198/5489/4316
f 2196/464/464 2221/4920/4645 2111/4910/4635
f 2112/4548/4313 4838/4588/4351 1937/448/448
f 4810/479/479 4922/4929/4576 4809/480/480
f 73/5462/5022 4815/5471/5024 4631/4542/4307
f 4837/4842/4578 4870/5490/5041 4816/4521/4286
f 5009/5491/5042 2136/1426/1417 1953/4847/4583
f 4820/5474/5027 4804/5451/5017 1978/4371/4156
f 411/4355/4140 5048/5449/5016 4839/5124/4788
f 4738/5488/5040 4836/5475/5028 4839/5124/4788
f 4709/5480/5033 2124/4808/4550 4790/5478/5031
f 4300/1149/1149 4829/1127/1127 2125/1126/1126
f 4739/4869/4605 5047/4864/4600 4741/4670/4424
f 4832/4797/4539 4831/4889/4625 4173/4798/4540
f 2130/4751/4495 4831/4889/4625 4975/5484/5036
f 2038/4796/4538 4839/5124/4788 5048/5449/5016
f 2046/4754/4498 4831/4889/4625 4977/5486/5038
f 2155/1240/1237 18/1233/1230 15/1227/1225
f 4606/412/412 4602/1196/1194 50/1198/1196
f 61/1338/1331 1896/1322/1317 62/1328/1323
f 2258/4525/4290 4908/5492/5043 1875/1184/1182
f 4857/1654/1632 4984/1671/1647 194/1062/1062
f 2439/1631/1611 195/1651/1629 191/1633/1613
f 2622/5102/4772 295/1876/1831 294/1868/1824
f 2781/1192/1190 329/2162/2099 2660/1940/1894
f 804/3030/2925 802/3027/2922 3396/3028/2923
f 805/5281/4905 807/5283/4907 3398/5284/4908
f 809/3044/2937 3398/5284/4908 807/5283/4907
f 1441/3045/2938 815/5289/4913 813/4101/3923
f 818/5493/5044 813/4101/3923 815/5289/4913
f 818/5493/5044 816/4100/3922 814/5288/4912
f 814/5288/4912 1444/1182/1180 813/4101/3923
f 1040/3993/3833 1038/268/268 3766/3598/3458
f 1041/269/269 3769/3992/1176 3768/5494/1178
f 3767/3597/3457 1042/3599/3459 1044/3601/3461
f 1144/3794/3646 4025/3947/3790 1145/3949/1193
f 3896/3807/3659 4020/5495/4991 1151/3806/3658
f 3765/270/270 3768/5494/1178 1036/5496/966
f 807/5283/4907 1451/3036/2931 809/3044/2937
f 1454/3043/2936 3399/5278/4902 3398/5284/4908
f 50/1198/1196 1900/1315/1310 1899/1316/1311
f 2249/4537/4302 4908/5492/5043 2259/4930/4653
f 4356/3285/3162 3564/3288/3165 1648/2330/2261
f 3895/3787/3640 4025/3947/3790 3892/3796/3648
f 1286/1179/1177 4072/3595/3455 1037/3594/3454
f 6/1199/1197 2142/1211/1209 5/1200/1198
f 2141/1202/1200 1931/1205/1203 2139/1203/1201
f 1931/1205/1203 3/1209/1207 2140/1206/1204
f 4592/1207/1205 4849/4539/4304 4/1208/1206
f 2138/1201/1199 4620/1162/1160 2143/1161/1159
f 1876/1210/1208 5/1200/1198 2142/1211/1209
f 2142/1211/1209 7/1217/1215 21/1213/1211
f 2158/3/3 2145/2/2 4619/1214/1212
f 2144/1216/1214 4619/1214/1212 2145/2/2
f 2139/1203/1201 2140/1206/1204 4939/1218/1216
f 12/1220/1218 2140/1206/1204 3/1209/1207
f 4/1208/1206 2149/1228/1226 4938/1221/1219
f 2150/1222/1220 4935/4904/1229 2170/1223/1221
f 2151/1225/1223 11/4901/4628 16/1226/1224
f 2149/1228/1226 1880/4538/4303 4580/937/937
f 14/1230/1228 17/5497/4178 4935/1231/1229
f 14/1230/1228 13/1239/1236 18/1233/1230
f 2154/1235/1232 17/5497/4178 14/1230/1228
f 302/1236/1233 2154/1235/1232 2153/1234/1231
f 4617/1238/1235 1748/1237/1234 2153/1234/1231
f 15/1227/1225 18/1233/1230 13/1239/1236
f 2155/1240/1237 2152/4571/4334 20/1241/1238
f 1930/1212/1210 1914/1319/1314 2157/1243/1240
f 2177/1244/1241 1914/1319/1314 1930/1212/1210
f 36/1245/1242 2159/1/1 2158/3/3
f 4616/1215/1213 8/4577/4340 22/1247/1244
f 2161/1246/1243 2158/3/3 4616/1215/1213
f 2160/1248/1245 22/1247/1244 2178/1249/1246
f 23/1251/1248 24/1254/1251 2163/1252/1249
f 24/1254/1251 1911/4567/4330 43/1255/1252
f 1925/6/6 1926/5/5 1910/1256/1253
f 4608/1258/1255 46/1295/1290 1926/5/5
f 45/1260/1257 4992/5498/5045 2171/1261/1258
f 2171/1261/1258 4613/4570/4333 4991/1263/1260
f 2166/1264/1261 2165/4572/4335 26/1265/1262
f 27/1266/1263 4614/1270/1267 2167/1267/1264
f 2146/1268/1265 10/1224/1222 2170/1223/1221
f 4614/1270/1267 27/1266/1263 1920/1271/1268
f 31/1273/1270 4614/1270/1267 33/1272/1269
f 1918/1275/1272 4612/1903/1857 4611/1276/1273
f 1916/1278/1275 1936/1898/1852 1917/1279/1276
f 1916/1278/1275 2176/1280/1277 2175/1281/1278
f 1913/1283/1280 2177/1244/1241 21/1213/1211
f 37/1250/1247 1912/1294/1289 2184/1284/1281
f 4610/1285/1282 2184/1284/1281 2185/461/461
f 37/1250/1247 4610/1285/1282 2161/1246/1243
f 2163/1286/1249 43/1291/1252 40/1287/1283
f 42/1288/1284 1904/1293/1288 39/1289/1285
f 43/1291/1252 2180/415/415 38/417/417
f 3952/1292/1287 2185/461/461 2184/1284/1281
f 1904/1293/1288 2184/1284/1281 1912/1294/1289
f 1910/1256/1253 1926/5/5 46/1295/1290
f 2187/1297/1292 44/1296/1291 46/1295/1290
f 2182/1299/1294 4607/1298/1293 4943/1300/1295
f 2189/1302/1297 2182/1299/1294 1907/1301/1296
f 2189/1302/1297 2183/1303/1298 2639/1304/1299
f 3952/1292/1287 48/4557/4322 52/1306/1301
f 49/1308/1303 2192/1310/1305 4898/1309/1304
f 2192/1310/1305 49/1308/1303 1903/1311/1306
f 4607/1298/1293 2182/1299/1294 2188/1313/1308
f 4606/412/412 1902/1314/1309 2188/1313/1308
f 1900/1315/1310 53/1312/1307 1903/1311/1306
f 2188/1313/1308 4605/1330/1325 1893/1317/1312
f 2177/1244/1241 5029/4908/4633 1905/1318/1313
f 2191/1320/1315 57/4553/4318 4603/462/462
f 53/1312/1307 1900/1315/1310 54/1321/1316
f 53/1312/1307 1896/1322/1317 2193/1323/1318
f 4601/1197/1195 1894/1325/1320 54/1321/1316
f 4601/1197/1195 4602/1196/1194 55/1324/1319
f 55/1324/1319 4602/1196/1194 51/414/414
f 56/1326/1321 1895/1337/1330 59/1327/1322
f 59/1327/1322 62/1328/1323 1894/1325/1320
f 62/1328/1323 1896/1322/1317 54/1321/1316
f 4920/1329/1324 1893/1317/1312 4605/1330/1325
f 2189/1302/1297 1898/1305/1300 4600/409/409
f 2186/1307/1302 52/1306/1301 1897/1331/1326
f 2193/1323/1318 61/1338/1331 2194/1332/1327
f 2194/1334/1327 1832/4993/1500 58/1335/1328
f 60/1336/1329 59/1327/1322 1895/1337/1330
f 61/1338/1331 62/1328/1323 59/1327/1322
f 2208/1339/1332 1891/4585/4348 4598/1340/1333
f 2214/1342/468 66/471/471 2200/1343/1335
f 2196/464/464 2111/4910/4635 4597/1345/1336
f 2234/8/8 68/7/7 4596/1346/1337
f 67/466/466 2217/4918/4643 65/1348/1339
f 4919/1349/1340 2232/472/472 70/1350/1341
f 2109/1352/1343 69/1358/1349 2215/469/469
f 1885/1354/1345 65/1348/1339 2233/1351/1342
f 70/1350/1341 2242/4541/4306 2229/1355/1346
f 72/1145/1145 4592/1207/1205 3/1209/1207
f 2213/1356/1347 1890/4834/4573 2225/475/475
f 2241/1357/1348 2230/4885/4621 69/1358/1349
f 2244/1360/1351 2245/1359/1350 69/1358/1349
f 1882/10/10 71/473/473 74/1361/1352
f 4589/1362/1353 2246/1367/1358 76/1363/1354
f 1877/14/14 79/1366/1357 80/1364/1355
f 4809/480/480 77/1377/1368 78/1365/1356
f 79/1366/1357 1877/14/14 2246/1367/1358
f 2238/1368/1359 2664/1372/1363 4586/1369/1360
f 4630/1371/1362 4868/4926/4650 2664/1372/1363
f 1878/1373/1364 76/1363/1354 2246/1367/1358
f 2252/1375/1366 4585/4524/4289 1881/1376/1367
f 77/1377/1368 80/1364/1355 79/1366/1357
f 5/1200/1198 1876/1210/1208 81/15/15
f 2272/1378/1369 2157/1243/1240 1914/1319/1314
f 2257/939/939 85/4526/4291 1919/1379/1370
f 1921/1229/1227 4580/937/937 2257/939/939
f 1875/1184/1182 4908/5492/5043 1874/1381/1372
f 2260/1382/1373 1948/4937/4660 4633/1383/1374
f 2263/1385/1376 4570/1415/1406 1873/1386/1377
f 4581/1388/1379 2254/4934/4657 1872/1389/1380
f 4576/1391/1382 2264/1390/1381 4575/1392/1383
f 2280/1394/1385 1871/941/941 4575/1392/1383
f 2280/1394/1385 2281/1416/1407 87/942/942
f 4576/1391/1382 4574/4942/4665 88/1396/1387
f 1871/941/941 4573/940/940 89/1398/1389
f 1950/1399/1390 2269/4667/4421 1870/1400/1391
f 4905/1402/1393 4443/1953/1907 1733/1403/1394
f 1934/1405/1396 4578/1384/1375 1949/1406/1397
f 2283/1408/1399 164/1078/1078 1864/1080/1080
f 2273/1409/1400 2678/1962/1916 4442/1410/1401
f 2283/1408/1399 2273/1409/1400 4573/940/940
f 1862/484/484 4571/4946/4669 4635/419/419
f 156/1411/1402 2276/483/483 2277/1412/1403
f 1952/1414/1405 4928/4940/4663 1873/1386/1377
f 2283/1408/1399 87/942/942 2281/1416/1407
f 94/1418/1409 1863/4517/4282 4569/1419/1410
f 2287/429/429 2285/428/428 94/1418/1409
f 1861/1421/1412 96/4949/4672 97/1422/1413
f 2099/1423/1414 1858/1428/1419 2289/1424/1415
f 97/1422/1413 99/4951/4674 98/487/487
f 2136/1426/1417 100/1429/1420 4566/1427/1418
f 100/1429/1420 4638/4604/4366 4637/1430/1421
f 4565/1431/1422 5009/5491/5042 2291/1432/1423
f 4564/1434/1425 101/1055/1055 4639/1054/1054
f 2415/1436/1427 101/1055/1055 2292/489/489
f 2295/1437/1428 103/4516/4281 2293/1438/1429
f 2297/1440/1431 1816/4653/4409 2294/488/488
f 111/1441/1432 1853/1452/1443 1852/1442/1433
f 114/1444/1435 2309/492/492 106/491/491
f 3953/1446/1437 105/1455/1446 112/1445/1436
f 2304/1447/1438 4561/1450/1441 107/1448/1439
f 3953/1446/1437 2305/4374/4159 4561/1450/1441
f 1850/1451/1442 108/1453/1444 1852/1442/1433
f 108/1453/1444 1854/4513/4278 109/1454/1445
f 105/1455/1446 109/1454/1445 110/1456/1447
f 112/1445/1436 110/1456/1447 2311/1457/1448
f 2311/1457/1448 4558/4956/4678 2307/1458/1449
f 2308/1459/1450 4560/4958/4680 1847/1460/1451
f 2306/20/20 1848/19/19 1844/1462/1453
f 1853/1464/1443 2306/20/20 115/1463/1454
f 2315/403/403 1844/1462/1453 1848/19/19
f 4557/402/402 1954/4961/4682 4640/1466/1455
f 118/1468/1457 2726/4366/4151 2715/1469/1458
f 1846/400/400 2317/4960/4681 2320/1471/421
f 124/1472/1460 118/1468/1457 2115/1473/1461
f 1842/499/499 121/1480/1468 119/1474/1462
f 371/494/494 1714/2043/1991 2325/1475/1463
f 2320/1471/421 2106/4965/4686 2328/1476/1464
f 2323/1477/1465 1839/4498/4265 142/1478/1466
f 1842/499/499 2330/1482/1470 2323/1477/1465
f 1842/499/499 4553/498/498 123/1481/1469
f 2336/426/426 1838/4500/4267 3955/1483/1471
f 2104/502/502 127/4497/4264 1956/1484/1472
f 4549/1485/1473 4645/1491/1479 2341/1486/1474
f 4993/1488/1476 4548/4974/4692 1956/1484/1472
f 4769/1490/1478 2341/1486/1474 4645/1491/1479
f 4543/1493/1481 128/4492/4259 1837/1494/1482
f 4801/1495/1483 4539/1502/1489 4644/1496/1484
f 129/1498/1486 2102/4829/4568 1837/1494/1482
f 132/1500/1070 133/4986/1496 4541/1501/1488
f 2101/1503/1490 2347/4612/4374 134/1504/1491
f 131/1506/1493 1959/4982/4698 129/1507/1486
f 132/1070/1070 4536/1069/1069 2356/1509/1495
f 2352/1511/1497 135/4620/4382 2354/1512/1498
f 1832/1514/1500 60/1336/1329 1892/411/411
f 2195/410/410 4600/409/409 327/1515/1501
f 2362/1516/1502 2361/4994/1505 2364/1517/1503
f 2361/1519/1505 2790/86/86 2363/85/85
f 2364/1520/1503 2363/85/85 2370/1521/1506
f 138/1523/1508 1829/5000/509 2368/1524/511
f 119/1474/1462 121/1480/1468 2324/1526/1510
f 2372/1528/1512 1185/4481/4251 2376/24/24
f 2378/1529/1066 4531/4480/4250 4660/1530/1513
f 4658/510/510 1829/509/509 4660/1530/1513
f 4533/1532/1515 1843/496/496 119/1474/1462
f 1827/399/399 2373/1542/1525 5023/1533/1516
f 138/1523/1508 2811/2189/2126 4971/1534/1517
f 4656/1536/1519 4659/5004/4709 2365/1537/1520
f 121/1480/1468 2323/1477/1465 139/1479/1467
f 2324/1526/1510 139/1479/1467 2375/22/22
f 2375/22/22 2379/1545/1528 2382/1539/1522
f 1823/1540/1523 2377/1547/1530 1828/23/23
f 4660/1530/1513 4662/4628/4388 4970/1541/1524
f 2374/1535/1518 1824/5002/4708 1826/1067/1067
f 2373/1542/1525 1827/399/399 140/398/398
f 140/398/398 141/5001/4387 4661/1544/1527
f 139/1479/1467 142/1478/1466 2379/1545/1528
f 1823/1540/1523 1818/1559/1542 4532/1546/1529
f 1822/1548/1531 143/397/397 4532/1546/1529
f 1820/1550/1533 2382/1539/1522 147/1551/1534
f 1821/1552/1535 147/1551/1534 4914/1553/1536
f 146/1554/1537 1820/1550/1533 1821/1552/1535
f 2383/1556/1539 2384/1567/1548 1820/1550/1533
f 4528/1557/1540 151/1569/1543 2385/1558/1541
f 151/1560/1543 4527/5006/4711 148/1561/1544
f 148/1561/1544 2380/4479/4249 2381/1563/1532
f 150/1564/1545 2383/1556/1539 146/1554/1537
f 2383/1556/1539 150/1564/1545 4973/1566/1547
f 4973/1566/1547 2387/1570/1550 4528/1557/1540
f 154/1568/1549 2392/5009/4713 151/1569/1543
f 2387/1570/1550 1817/4474/4244 154/1568/1549
f 2400/1571/1551 2399/5015/4718 2398/1572/1552
f 4667/1574/1554 4666/4638/4398 3179/1005/1005
f 2405/1576/1556 4520/1580/1560 155/1577/1557
f 2405/1576/1556 162/1582/1562 2420/1579/1559
f 1533/1581/1561 1/1583/1563 162/1582/1562
f 671/705/705 3243/704/704 162/1582/1562
f 1866/1584/1564 2279/4520/4285 4519/1585/1565
f 2406/1587/1567 2099/1423/1414 2286/1588/1568
f 2412/1590/1570 4990/4470/4240 4668/1591/1571
f 2365/1537/1520 4659/5004/4709 1819/517/517
f 159/1146/1146 1966/1148/1148 160/1593/1573
f 709/1595/1575 161/4775/4519 2420/1579/1559
f 1814/1597/1577 4514/4465/4235 2416/1598/1578
f 2419/706/706 1814/1597/1577 2417/1594/1574
f 4269/707/707 2417/1594/1574 160/1593/1573
f 2407/1601/1581 5020/4848/4584 165/1602/1582
f 1812/1604/1584 164/1078/1078 2422/1605/1585
f 166/1607/1587 168/4459/4229 4865/1608/1588
f 169/1610/1590 170/1613/1593 1810/519/519
f 1596/1612/1592 589/2520/2442 1812/1604/1584
f 170/1613/1593 169/1610/1590 4980/1614/1594
f 1809/1616/1596 170/1613/1593 1811/1615/1595
f 1807/1618/1598 2431/1620/1600 172/1617/1597
f 1809/1616/1596 172/1617/1597 2431/1620/1600
f 173/525/525 174/524/524 1808/1621/1601
f 2436/1622/1602 4510/1623/1603 2426/1138/1138
f 176/30/30 2437/29/29 4510/1623/1603
f 4510/1623/1603 2429/1619/1599 2096/1624/1604
f 4510/1623/1603 2437/29/29 2438/1625/1605
f 177/1626/1606 1806/522/522 1807/1618/1598
f 2432/526/526 2430/521/521 180/32/32
f 3030/1627/1607 2432/526/526 183/31/31
f 185/28/28 4507/5033/4729 186/1629/1609
f 180/32/32 2430/521/521 4509/523/523
f 2439/1631/1611 1806/522/522 177/1626/1606
f 4509/523/523 1806/522/522 2439/1631/1611
f 178/33/33 180/32/32 181/1630/1610
f 190/1635/1615 179/1634/1614 181/1630/1610
f 182/1637/1617 183/31/31 178/33/33
f 2430/521/521 2431/1620/1600 1807/1618/1598
f 181/1630/1610 4509/523/523 191/1633/1613
f 196/1638/1618 595/1628/1608 183/31/31
f 196/1638/1618 596/4238/4038 594/1639/1619
f 1801/1640/1620 197/1064/1064 4508/1063/1063
f 2436/1642/1602 175/4457/4227 2435/1643/1622
f 2445/528/528 199/527/527 189/1645/1623
f 189/1645/1623 1802/1672/1648 193/1647/1625
f 188/1648/1626 193/1647/1625 1804/1649/1627
f 187/1650/1628 1804/1649/1627 195/1651/1629
f 1805/1636/1616 1804/1649/1627 193/1647/1625
f 1804/1649/1627 1805/1636/1616 191/1633/1613
f 4506/1653/1631 190/1635/1615 4857/1654/1632
f 4506/1653/1631 182/1637/1617 179/1634/1614
f 1798/1656/1634 200/1676/1652 1801/1640/1620
f 2442/1657/1635 2440/395/395 2450/1658/1636
f 2452/1660/1638 203/5029/4727 4502/1661/1639
f 2445/528/528 2444/1646/1624 2443/1663/1641
f 2445/528/528 4504/1664/1642 4501/1665/1643
f 4504/1666/1642 198/1662/1640 4500/1667/1644
f 1800/1669/1645 3959/1682/1657 204/529/529
f 2453/1670/1646 194/1062/1062 4984/1671/1647
f 2453/1670/1646 2454/1683/1658 2460/1673/1649
f 4503/1674/1650 200/1676/1652 1798/1656/1634
f 2449/396/396 197/1064/1064 1801/1640/1620
f 4503/1674/1650 1803/394/394 2449/396/396
f 2459/1677/1653 201/1684/1659 202/1678/1654
f 1800/1679/1645 4501/1668/1643 4500/1667/1644
f 207/1681/1656 2469/5499/4733 3959/1682/1657
f 3959/1682/1657 4499/4447/4218 2454/1683/1658
f 201/1684/1659 1794/4448/4219 2471/1685/1660
f 2473/1686/1661 2469/5037/4733 207/1687/1656
f 208/1689/1663 4925/5500/1669 2583/1690/1664
f 2468/1688/1662 2467/1680/1655 206/1691/1665
f 1795/533/533 2469/5499/4733 211/1693/1667
f 2468/1688/1662 2472/1692/1666 1791/1694/1668
f 4925/1695/1669 208/5501/1663 1790/1696/1670
f 2483/1697/1671 4797/5048/4738 4989/1698/1672
f 2490/1700/1674 222/1715/1686 224/1701/35
f 225/1703/1676 1785/5502/1691 2488/1704/1677
f 216/1705/391 215/1702/1675 2488/1704/1677
f 224/1701/35 226/5058/38 225/1703/1676
f 1789/1189/1187 230/1710/1681 219/1707/1678
f 221/1708/1679 1788/1714/1685 2489/1187/1185
f 2497/1709/1680 220/1164/1162 219/1707/1678
f 1186/1711/1682 2502/1741/1709 2503/1712/1683
f 1788/1714/1685 1186/1711/1682 1781/1713/1684
f 221/1708/1679 219/1707/1678 222/1715/1686
f 233/1716/1687 234/1728/1697 2499/1717/1688
f 223/1719/540 233/1716/1687 1787/1718/1689
f 1787/1718/1689 2502/1741/1709 1186/1711/1682
f 2494/541/541 237/386/386 2511/385/385
f 1785/1721/1691 2495/1723/1692 217/392/392
f 2495/1723/1692 1784/5059/4744 2493/393/393
f 230/1710/1681 1789/1189/1187 218/1188/1186
f 4492/1724/1693 229/1725/1694 1781/1713/1684
f 229/1725/1694 218/1188/1186 2489/1187/1185
f 229/1725/1694 2507/543/543 1782/390/390
f 230/1710/1681 1782/390/390 228/389/389
f 228/389/389 238/388/388 231/1726/1695
f 2501/1727/1696 2500/1729/1698 2499/1717/1688
f 2500/1729/1698 2502/1741/1709 1787/1718/1689
f 222/1730/1686 219/1707/1678 220/1164/1162
f 242/1731/1699 232/1163/1161 2498/1165/1163
f 235/36/36 232/1163/1161 242/1731/1699
f 1786/34/34 235/36/36 1777/1734/1702
f 1777/1734/1702 235/36/36 2504/1733/1701
f 245/1736/1704 2505/1757/1723 1777/1734/1702
f 1783/1737/1705 2496/4441/4213 5006/1738/1706
f 2507/543/543 4491/542/542 238/388/388
f 4489/1740/1708 2503/1712/1683 2502/1741/1709
f 239/1732/1700 2498/1165/1163 231/1726/1695
f 2508/1744/1712 1780/1742/1710 2501/1745/1696
f 234/1747/1697 241/1768/1733 246/1746/1713
f 1780/1742/1710 2502/1741/1709 2500/1729/1698
f 240/1748/1714 243/1749/1715 2504/1733/1701
f 243/1749/1715 240/1748/1714 1774/1750/1716
f 2510/1752/1718 2516/4436/4208 1779/1753/1719
f 298/1754/1720 1775/1755/1721 243/1749/1715
f 245/1736/1704 244/1735/1703 1775/1755/1721
f 4487/384/384 4488/5503/40 2505/1757/1723
f 2520/544/544 2507/543/543 2506/1758/1724
f 4490/1743/1711 4491/542/542 2521/547/547
f 251/1761/1727 2515/5063/4746 250/1762/1728
f 246/1746/1713 2525/46/46 4486/48/48
f 1774/1750/1716 4917/5064/4747 247/1764/1730
f 252/1765/1731 4929/1884/1838 2509/1766/1717
f 2527/1767/1732 2525/46/46 246/1746/1713
f 300/1769/1734 2529/1784/1746 2518/1770/382
f 4988/1772/1735 2511/385/385 248/387/387
f 2531/1774/41 4488/5503/40 4487/384/384
f 4483/49/49 2538/1773/1736 248/387/387
f 248/387/387 237/386/386 1776/1776/1738
f 252/1765/1731 2535/1052/1052 4676/53/53
f 2510/1752/1718 4988/1772/1735 2519/1778/1740
f 260/1780/1742 2528/4437/4209 1771/1779/1741
f 257/1781/1743 1771/1779/1741 2519/1778/1740
f 301/1783/1745 2530/4434/4206 2529/1784/1746
f 265/51/51 264/1790/1752 2538/1773/1736
f 2536/47/47 2542/1800/1761 4484/1785/1747
f 3962/1786/1748 3961/1803/1764 260/1780/1742
f 1767/1787/1749 2531/4432/41 2547/1788/1750
f 264/1790/1752 1769/553/553 256/1782/1744
f 4480/1791/1753 259/1797/1758 1767/1792/1749
f 4481/1794/1755 264/1790/1752 265/51/51
f 266/50/50 271/1796/1757 1972/1795/1756
f 4480/1791/1753 2567/5071/4753 271/1796/1757
f 266/50/50 4483/49/49 259/1797/1758
f 4476/1798/1759 2550/381/381 2539/45/45
f 2550/381/381 4476/1798/1759 2574/1048/1048
f 2542/1800/1761 2555/5067/4750 4470/1047/1047
f 3962/1786/1748 261/4419/4197 1764/1802/1763
f 1764/1802/1763 2565/4418/4196 2560/1804/1765
f 4473/1806/1767 2569/123/123 270/122/122
f 4472/1807/1768 269/4422/4198 1766/1808/1769
f 2568/1809/1770 2548/5072/1754 2566/1810/1771
f 1761/1812/1773 4471/5077/432 2572/1813/1774
f 1757/377/377 2595/1840/1797 280/1815/1776
f 2578/1816/1777 2557/5455/5020 2559/1817/1778
f 279/378/378 280/1815/1776 1758/1819/1780
f 2583/1690/1664 1758/5085/1780 1765/554/554
f 4467/1821/1781 2587/4405/4184 2601/1822/1782
f 2591/1824/1784 283/1844/1801 2629/1825/1785
f 282/1827/1783 283/1844/1801 2591/1824/1784
f 274/1829/431 2590/1832/1789 5026/1830/1787
f 4467/1828/1781 2591/1824/1784 2590/1832/1789
f 2603/1833/1790 1756/5096/4766 285/1834/1791
f 2597/1836/1793 2596/558/558 2580/1818/1779
f 275/1835/1792 2597/5082/1793 2598/1838/1795
f 2581/1839/1796 280/1815/1776 2595/1840/1797
f 4468/1841/1798 281/1856/1813 2601/1822/1782
f 2602/1843/1800 287/4822/4563 283/1844/1801
f 283/1844/1801 287/4822/4563 4944/1845/1802
f 2606/1846/1803 4465/5504/4765 2605/1847/1804
f 2607/1849/1806 4463/5093/4764 2614/1850/1807
f 288/1852/1809 284/1859/1816 1757/377/377
f 286/1853/1810 2600/1857/1814 2610/1854/1811
f 286/1853/1810 2602/5505/1800 281/1856/1813
f 1752/1858/1815 2604/4402/4183 284/1859/1816
f 288/1852/1809 291/5097/4767 292/1860/1817
f 2613/1861/1805 2605/4400/1804 2612/1862/1818
f 4460/1864/1820 2616/5098/4768 2608/1865/1821
f 4847/1866/1822 1752/1858/1815 292/1860/1817
f 1753/1867/1823 1755/57/57 294/1868/1824
f 2612/1862/1818 2618/5103/4773 1750/1870/1826
f 1755/57/57 1753/1867/1823 4847/1866/1822
f 292/1860/1817 291/5097/4767 4457/56/56
f 293/563/563 1752/1858/1815 4847/1866/1822
f 4454/1871/1827 2625/4139/3958 2619/1863/1819
f 4457/56/56 2622/5102/4772 294/1868/1824
f 294/1868/1824 295/1876/1831 296/1872/1828
f 4945/1873/1829 2616/5506/4768 4460/1874/1820
f 295/1876/1831 2624/5101/4771 1749/1877/1832
f 3325/1878/1833 4455/4396/4179 3324/1879/1834
f 299/1881/1836 301/1783/1745 300/1769/1734
f 299/1881/1836 4929/1884/1838 4453/1883/1837
f 2526/1777/1739 4453/1883/1837 4929/1884/1838
f 255/52/52 2530/4434/4206 301/1783/1745
f 2630/1885/1839 4795/4821/4562 2633/567/567
f 2634/1887/1841 2632/4663/4417 3408/1888/1842
f 303/1890/1844 2635/1895/1849 302/1236/1233
f 1927/1891/1845 19/1242/1239 304/1892/1846
f 308/1894/1848 309/4394/4177 2635/1895/1849
f 305/1896/1850 306/570/570 307/569/569
f 4444/575/575 4445/373/373 307/569/569
f 4445/373/373 332/375/375 310/1897/1851
f 310/1897/1851 2636/1901/1855 4451/1899/1853
f 313/1900/1854 312/5107/4777 4451/1899/1853
f 4450/1902/1856 4448/1044/1044 1747/1043/1043
f 4449/1904/1858 2644/5507/4778 4910/1905/1859
f 4449/1904/1858 311/1906/1860 4936/1907/1861
f 2637/1909/1863 2644/5507/4778 4449/1904/1858
f 316/1911/1865 317/1927/1881 2640/1912/1866
f 2638/1913/1867 1906/4906/4631 4611/1276/1273
f 2639/1304/1299 2638/1913/1867 2640/1912/1866
f 4448/1044/1044 320/1918/1872 2642/1915/1869
f 1746/1916/1870 2650/4391/4175 1976/1917/1871
f 4447/1919/1873 315/1910/1864 2645/1920/1874
f 4888/1922/1876 1745/1923/1877 4447/1919/1873
f 1745/1923/1877 4888/1922/1876 2647/1924/1878
f 2640/1912/1866 318/1928/1882 321/1926/1880
f 317/1927/1881 2648/4388/4172 318/1928/1882
f 2649/1929/1883 2648/4388/4172 2642/1915/1869
f 2653/1930/1884 2658/5113/4171 2652/1925/1879
f 1741/1931/1885 2654/1938/1892 5044/1932/1886
f 318/1928/1882 319/5112/4779 323/572/572
f 324/1933/1887 319/5112/4779 2649/1929/1883
f 330/1935/1889 432/3878/3725 324/1933/1887
f 434/600/600 433/4344/4132 325/1936/1890
f 2656/59/59 326/58/58 5044/1932/1886
f 327/1515/1501 4446/4556/4321 1740/1939/1893
f 2660/1940/1894 329/2162/2099 328/573/573
f 331/60/60 435/602/602 1738/604/604
f 511/92/92 2935/2178/2115 2784/1941/1895
f 2701/93/93 2784/1941/1895 331/60/60
f 2667/576/576 2666/1943/1897 333/1186/1184
f 2666/1943/1897 2258/4525/4290 1875/1184/1182
f 1187/1944/1898 333/1186/1184 1737/1185/1183
f 2670/374/374 2665/577/577 333/1186/1184
f 334/1946/1900 4586/1369/1360 2664/1372/1363
f 2668/1948/1902 2671/1951/1905 1187/1944/1898
f 2670/374/374 1735/1950/1904 1736/1949/1903
f 1735/1950/1904 2670/374/374 1187/1944/1898
f 2677/1952/1906 1733/1403/1394 4443/1953/1907
f 2681/1037/1037 2680/1036/1036 2677/1952/1906
f 2094/1954/1908 4632/4928/4652 4679/1955/1909
f 2680/1036/1036 2686/1038/1038 2683/433/433
f 2675/1956/1910 2676/435/435 1731/434/434
f 1733/1403/1394 2677/1952/1906 2680/1036/1036
f 336/1958/1912 1732/4383/4168 338/1959/1913
f 2692/1961/1915 2686/1038/1038 2678/1962/1916
f 2273/1409/1400 1864/1080/1080 2685/1963/1917
f 2681/1037/1037 4442/1410/1401 2678/1962/1916
f 2687/1964/1918 346/2361/2287 2693/580/580
f 343/1966/1920 2695/1971/1925 4438/1967/1921
f 4437/1968/1922 2699/1976/1930 347/1034/1034
f 2690/1965/1919 2696/1974/1928 5005/1969/1923
f 2695/1971/1925 343/1966/1920 344/1972/1926
f 345/1031/1031 353/1030/1030 1730/1973/1927
f 2696/1974/1928 2697/579/579 345/1031/1031
f 2700/1032/1032 345/1031/1031 2697/579/579
f 1644/1975/1929 2698/1035/1035 347/1034/1034
f 2699/1976/1930 4437/1968/1922 1977/63/63
f 4436/61/61 351/1979/1933 1729/1977/1931
f 348/1978/1932 1729/1977/1931 351/1979/1933
f 350/1981/1935 349/1980/1934 351/1979/1933
f 352/1982/1936 1728/1991/1945 349/1980/1934
f 1727/1983/1937 1730/1973/1927 353/1030/1030
f 2691/1985/1939 2698/1035/1035 2930/91/91
f 2930/91/91 2698/1035/1035 1644/1975/1929
f 348/1978/1932 1725/1990/1944 4953/1987/1941
f 4953/1987/1941 1642/1171/1169 508/1989/1943
f 1725/1990/1944 348/1978/1932 349/1980/1934
f 1643/1992/1946 4953/1987/1941 1725/1990/1944
f 4953/1987/1941 1643/1992/1946 509/1169/1167
f 2932/1993/1947 1643/1992/1946 1728/1991/1945
f 355/1994/1948 2308/1459/1450 107/1995/1439
f 2705/1997/1950 4560/4958/4680 2308/1459/1450
f 2702/1998/1949 2703/4373/4158 358/1999/1951
f 355/1994/1948 2702/1996/1949 359/2001/1952
f 2706/2003/1954 1724/2029/1978 4434/2004/1955
f 359/2001/1952 361/5116/1959 2709/2006/1957
f 2708/581/581 2707/583/583 357/2002/1953
f 359/2000/1952 358/1999/1951 4433/2007/1958
f 362/2009/1960 4433/2007/1958 358/1999/1951
f 354/493/493 2309/492/492 2706/2003/1954
f 4958/2011/1962 2706/2003/1954 2309/492/492
f 4434/2004/1955 1724/2029/1978 2711/2012/1963
f 2710/2013/1964 362/2009/1960 360/2010/1961
f 2709/2006/1957 361/5116/1959 364/2014/1965
f 2710/2013/1964 2711/2012/1963 4843/2016/1967
f 2714/2018/1969 4433/2007/1958 362/2009/1960
f 2715/1469/1458 2712/2030/1979 4958/2011/1962
f 4957/2020/1971 2716/2028/1977 1979/2021/1972
f 368/584/584 2719/586/586 2718/2023/1974
f 1723/2025/1975 2714/2018/1969 2720/2026/1976
f 2716/2028/1977 2711/2012/1963 1724/2029/1978
f 2711/2012/1963 2716/2028/1977 4957/2020/1971
f 4430/2031/1980 365/2019/1970 1722/2017/1968
f 368/2027/584 2720/2026/1976 374/2033/1982
f 370/2035/1983 1720/4338/4126 372/2036/1984
f 2727/2037/1985 1714/2043/1991 371/494/494
f 1718/2038/1986 375/65/65 2727/2037/1985
f 2814/2039/1987 2817/616/616 1716/615/615
f 1718/2038/1986 1719/2040/1988 1716/615/615
f 1717/2041/1989 4428/66/66 375/65/65
f 2725/585/585 4427/2051/1998 1715/2042/1990
f 1714/2043/1991 2727/2037/1985 375/65/65
f 366/2044/1992 376/4360/4145 1979/2021/1972
f 377/2045/1993 1717/2041/1989 1716/615/615
f 377/2045/1993 1713/72/72 4428/66/66
f 377/2045/1993 379/589/589 383/70/70
f 466/2046/1994 379/589/589 377/2045/1993
f 2729/2047/1995 380/5121/4786 4964/2048/1996
f 2732/2050/67 2735/4361/4146 4427/2051/1998
f 374/2033/1982 2736/68/68 2732/67/67
f 373/2052/1999 1710/371/371 2736/68/68
f 2739/2053/2000 1709/2063/2010 1712/2054/2001
f 2733/2056/2003 4424/5120/4785 382/593/593
f 382/593/593 4424/5120/4785 2728/64/64
f 2728/64/64 4428/66/66 1713/72/72
f 393/2057/2004 2734/2059/2006 2723/2022/1973
f 393/2057/2004 2742/4358/4143 4956/2058/2005
f 1711/2060/2007 385/5122/4787 2743/2061/2008
f 1709/2063/2010 4955/2077/2023 2740/2064/2011
f 2852/2065/2012 474/2268/2202 394/2066/2013
f 2747/592/592 386/591/591 381/2067/69
f 4866/2069/2015 388/2079/2025 387/2070/2016
f 391/2072/2018 4955/2077/2023 1709/2063/2010
f 2750/2073/2019 4422/4359/4144 2741/2074/2020
f 393/2057/2004 1979/2021/1972 2740/2064/2011
f 4955/2077/2023 2748/2096/2040 2751/2076/2022
f 4423/587/587 394/2066/2013 392/2078/2024
f 2745/75/75 385/5122/4787 386/591/591
f 388/2079/2025 4866/2069/2015 396/2080/2026
f 396/2080/2026 4866/2069/2015 389/2071/2017
f 2747/592/592 1706/2068/2014 398/2083/77
f 390/2085/2030 2744/370/370 400/2086/2031
f 2744/370/370 388/2079/2025 1707/2081/2027
f 477/2087/2032 4921/2088/2033 4375/619/619
f 4921/2088/2033 2876/5143/4802 1665/2089/2034
f 2743/2061/2008 4878/74/74 2746/2090/2035
f 4420/2092/2037 4421/73/73 2745/75/75
f 399/2084/2029 4420/2092/2037 395/590/590
f 399/2084/2029 398/2083/77 405/2093/76
f 2752/2095/2039 410/2108/2052 2751/2076/2022
f 1702/2097/2041 2759/2111/2055 2752/2095/2039
f 1705/2098/2042 2750/2073/2019 4418/368/368
f 1980/2075/2021 4417/369/369 4418/368/368
f 1980/2075/2021 392/2078/2024 3964/2100/2044
f 1703/2101/2045 2757/2102/2046 400/2086/2031
f 4419/78/78 400/2086/2031 2757/2102/2046
f 1704/2103/2047 2756/5508/4791 405/76/76
f 4681/2104/2048 2749/4356/4141 1701/2105/2049
f 2752/2095/2039 2759/2111/2055 4862/2107/2051
f 408/2109/2053 1703/2101/2045 1707/2081/2027
f 2759/2111/2055 1702/2097/2041 4954/2112/2056
f 2765/2114/2058 2760/367/367 4417/369/369
f 3964/2100/2044 401/618/618 2761/2115/2059
f 407/2116/2060 2753/5125/4789 2067/2117/2061
f 412/2119/2063 2767/2132/2074 4416/2120/2064
f 1699/2122/81 2756/5508/4791 1704/2103/2047
f 2770/2124/2066 4884/5509/2083 2771/2125/2067
f 2764/2113/2057 4414/2129/2071 4862/2107/2051
f 2769/2127/2069 1701/2105/2049 409/2128/2070
f 4414/2129/2071 416/2144/84 2067/2117/2061
f 421/2130/2072 407/2116/2060 1700/2118/2062
f 2767/2132/2074 412/2119/2063 4413/2133/2075
f 407/2116/2060 421/2130/2072 420/2135/2077
f 413/2136/2078 1699/5130/81 4411/2137/80
f 2775/2139/2080 4884/5509/2083 2763/2140/2081
f 2770/2142/2066 4414/2129/2071 2764/2113/2057
f 416/2144/84 417/2145/83 1700/2118/2062
f 417/2145/83 419/5510/4135 418/2131/2073
f 428/2146/2084 427/2159/2097 4413/2133/2075
f 429/2147/2085 2768/79/79 414/2148/2086
f 4411/80/80 2768/79/79 429/2147/2085
f 422/2151/2089 2779/778/778 2780/2149/2087
f 423/2141/2082 4960/4079/3903 3503/2152/2090
f 3504/2153/2091 2770/2124/2066 424/2126/2068
f 426/303/303 425/302/302 424/2126/2068
f 3505/2154/2092 2772/3880/3726 2773/2155/2093
f 1404/2157/2095 1405/3217/3096 2778/2158/2096
f 1698/2160/2088 428/2146/2084 4412/2138/2079
f 1697/2161/2098 3965/2170/2107 4410/606/606
f 322/574/574 328/573/573 1697/2161/2098
f 329/2162/2099 3965/2170/2107 1697/2161/2098
f 1695/597/597 3965/2170/2107 329/2162/2099
f 1696/598/598 2781/1192/1190 430/1191/1189
f 1693/2163/2100 431/596/596 430/1191/1189
f 2781/1192/1190 2660/1940/1894 2659/2165/2102
f 2663/2166/2103 2658/5113/4171 326/58/58
f 2788/603/603 4851/2180/2117 1690/2167/2104
f 4410/606/606 2800/605/605 2791/87/87
f 1695/597/597 437/2182/2119 436/2169/2106
f 2805/2171/2108 2792/4343/4131 439/1029/1029
f 4409/2172/2109 2786/4345/4133 2807/2173/2110
f 1691/2175/2112 2935/2178/2115 1637/1021/1021
f 2789/2177/2114 2784/1941/1895 2935/2178/2115
f 2789/2177/2114 1691/2175/2112 4404/2179/2116
f 442/437/437 4404/2179/2116 1691/2175/2112
f 4408/2176/2113 1637/1021/1021 517/1023/1023
f 437/2182/2119 1693/2163/2100 438/2183/2120
f 4853/2184/2121 2792/4343/4131 2804/2185/2122
f 4406/2187/2124 2787/2168/2105 1690/2167/2104
f 2811/2189/2126 138/1523/1508 444/1525/1509
f 445/2190/2127 2801/2224/2161 2813/2191/2128
f 2803/2192/2129 4402/5135/4795 1689/2193/2130
f 2823/2195/2132 2804/2185/2122 1687/2196/2133
f 453/2198/2135 2806/2233/2170 2838/2199/2136
f 2793/608/608 441/2174/2111 454/2201/2138
f 4690/1092/1092 4687/2209/2146 1686/2203/2140
f 1981/2205/2142 4952/2208/2145 2794/2206/2143
f 4952/2208/2145 1981/2205/2142 1686/2203/2140
f 4887/2210/2147 1982/2212/2149 1981/2205/2142
f 4685/2211/2148 2796/2215/2152 4887/2210/2147
f 1982/2212/2149 4887/2210/2147 2809/2213/2150
f 2809/2213/2150 4887/2210/2147 2796/2215/2152
f 2832/2217/2154 2093/5138/4798 5019/2218/2155
f 2812/2220/2157 450/2219/2156 5019/2218/2155
f 451/2221/2158 4399/3881/3727 2813/2191/2128
f 5019/2218/2155 2093/5138/4798 2833/2223/2160
f 2801/2224/2161 2802/2194/2131 2816/2222/2159
f 2816/2222/2159 1683/2226/2163 2815/2225/2162
f 1683/2226/2163 2816/2222/2159 2802/2194/2131
f 2819/2227/2164 2815/2225/2162 1683/2226/2163
f 2822/612/612 463/365/365 2836/2229/2166
f 2823/2195/2132 1682/2197/2134 2825/2231/2168
f 2793/608/608 2827/2202/2139 2806/2233/2170
f 4396/2234/2171 4692/4325/4115 2831/2235/2172
f 4661/2237/1527 1824/5002/4708 458/2238/2174
f 1983/2239/2175 458/2238/2174 2818/2240/2176
f 4395/2242/2178 2834/2245/2181 2833/2223/2160
f 1984/2243/2179 4393/4334/2177 461/2244/2180
f 2834/2245/2181 4395/2242/2178 2835/2246/2182
f 461/2244/2180 2837/5511/4799 2835/2246/2182
f 4394/2248/2184 460/2230/2167 461/2249/2180
f 1677/364/364 1681/366/366 4398/2200/2137
f 2842/2250/2185 470/4320/4110 2841/1024/1024
f 2852/2065/2012 466/2046/1994 467/2252/2187
f 2844/2253/2188 468/4332/4122 471/2254/2189
f 467/2252/2187 2844/2253/2188 1987/363/363
f 1676/2255/2190 1678/2258/2192 1677/364/364
f 471/2257/2189 468/5512/4122 1678/2258/2192
f 472/2259/2193 1676/2255/2190 2845/2256/2191
f 464/2261/2195 2849/2264/2198 2848/2262/2196
f 2849/2264/2198 465/1025/1025 4389/2265/2199
f 2852/2065/2012 2853/362/362 2861/2267/2201
f 2854/361/361 1987/363/363 1672/2269/2203
f 1676/2255/2190 472/2259/2193 4386/2271/2205
f 2848/2262/2196 2849/2264/2198 2858/2266/2200
f 1990/2273/2207 1674/4688/4441 4384/2274/2208
f 2859/358/358 4694/4262/4058 2860/2276/2210
f 2961/2277/2211 4383/4690/4443 2860/2276/2210
f 2861/2267/2201 2853/362/362 2854/361/361
f 1672/2269/2203 4386/4686/2205 2869/2280/2214
f 2870/2279/2213 2854/361/361 1671/2270/2204
f 475/2283/2217 1670/2287/2221 472/2259/2193
f 2860/2276/2210 4383/4690/4443 4696/2284/2218
f 4926/2285/2219 4376/4306/4096 2868/2282/2216
f 2871/2286/2220 478/5142/4801 1670/2287/2221
f 1665/2089/2034 482/2288/2222 2882/617/617
f 1665/2089/2034 1666/352/352 1664/354/354
f 2877/2289/2223 1662/624/624 4367/2290/2224
f 2879/355/355 4370/625/625 2878/2292/2226
f 1664/354/354 4362/621/621 2888/2294/2228
f 482/2288/2222 2888/2294/2228 2889/2295/2229
f 4363/2296/2230 485/5513/4806 2887/2297/2231
f 1664/354/354 481/353/353 2886/622/622
f 4369/2299/2233 493/2317/2248 486/2300/2234
f 4360/2302/2236 492/3886/3732 4367/2290/2224
f 2901/628/628 1657/2322/2253 2891/623/623
f 4363/2303/2230 1659/4291/2239 2896/2304/2237
f 1659/2306/2239 4363/2296/2230 1660/2298/2232
f 2903/2308/2241 3966/2332/2263 1999/2309/2242
f 4362/2311/621 2906/3894/3740 497/2312/2244
f 2000/2314/2245 501/3891/3737 5041/2315/2246
f 493/2317/2248 4369/2299/2233 2890/2318/2249
f 2913/351/351 1652/2348/2277 500/2320/2251
f 1651/350/350 495/349/349 2892/2321/2252
f 2911/633/633 1651/350/350 1657/2322/2253
f 2896/2304/2237 1654/4286/4079 1655/945/945
f 1645/2324/2255 501/3891/3737 2000/2314/2245
f 2890/2318/2249 2910/629/629 2909/2326/2257
f 2907/2327/2258 2910/629/629 498/631/631
f 2911/633/633 2912/632/632 2913/351/351
f 2901/628/628 2902/627/627 4357/634/634
f 1647/2329/2260 1383/981/981 908/980/980
f 1648/2330/2261 3564/3288/3165 3565/2331/2262
f 503/943/943 1649/5154/4810 1648/2330/2261
f 2001/297/297 2914/5446/5015 3966/2332/2263
f 4157/2334/2265 2905/4289/4081 497/2312/2244
f 3565/2331/2262 3566/3284/3161 1383/981/981
f 911/2336/2267 2921/2345/2274 504/2337/2268
f 2918/2339/2270 1389/4242/4042 2917/2338/2269
f 1386/2340/2271 4845/3297/3172 2919/2341/2272
f 499/2343/2259 2918/2339/2270 504/2337/2268
f 2921/2345/2274 506/4279/4074 2907/2344/2258
f 2908/2346/2275 500/2320/2251 2920/2342/2273
f 2922/2347/2276 2920/2342/2273 500/2320/2251
f 2922/2347/2276 1652/2348/2277 505/2349/2278
f 2922/2347/2276 2923/2350/2279 1385/2351/2280
f 1385/2351/2280 2923/2350/2279 1646/2353/2282
f 2924/2355/2283 4153/5155/794 4154/2354/793
f 914/2356/2284 1645/2324/2255 2925/2325/2256
f 4353/2358/2285 3569/3300/3175 1387/2359/2286
f 2909/2326/2257 506/5514/4074 4353/2357/2285
f 2907/2327/2258 506/5514/4074 2909/2326/2257
f 346/2361/2287 2927/4277/4072 2934/647/647
f 1726/1984/1938 2932/1993/1947 352/1982/1936
f 2928/578/578 515/346/346 4352/2363/2289
f 510/1170/1168 509/1169/1167 1641/635/635
f 2932/1993/1947 1641/635/635 509/1169/1167
f 2929/2364/2290 1641/635/635 2932/1993/1947
f 2931/1986/1940 514/4276/4071 513/2365/2291
f 2693/580/580 346/2361/2287 1639/2367/2293
f 1639/2367/2293 523/347/347 515/346/346
f 522/348/348 4351/2374/2300 4352/2363/2289
f 2935/2178/2115 511/92/92 512/2366/2292
f 513/2365/2291 2938/5156/4811 2937/2368/2294
f 2937/2368/2294 1635/2370/2296 517/1023/1023
f 1636/2369/2295 528/2380/2306 1635/2370/2296
f 520/2371/2297 2939/2362/2288 2934/647/647
f 2939/2362/2288 520/2371/2297 3029/345/345
f 2943/341/341 522/348/348 523/347/347
f 521/2372/2298 529/5515/5046 531/2373/2299
f 2929/2364/2290 2700/1032/1032 4352/2363/2289
f 532/95/95 4858/636/636 4351/2374/2300
f 2936/2375/2301 4702/4274/4069 516/2376/2302
f 532/95/95 1630/94/94 1634/2378/2304
f 524/2379/2305 2944/2386/2312 528/2380/2306
f 2946/2381/2307 529/5515/5046 530/2382/2308
f 2941/344/344 2942/2383/2309 530/2382/2308
f 535/340/340 533/342/342 539/99/99
f 4349/2384/2310 1629/2394/2320 1630/94/94
f 2943/341/341 534/96/96 532/95/95
f 524/2379/2305 2940/4270/4065 540/2385/2311
f 2945/2387/2313 536/5158/4813 541/1019/1019
f 539/99/99 533/342/342 531/2373/2299
f 1634/2378/2304 1630/94/94 2948/2389/2315
f 2951/2391/2317 538/339/339 2947/338/338
f 1625/2392/2318 4344/2409/2335 1628/2393/2319
f 1629/2394/2320 2950/4265/4060 2948/2389/2315
f 4347/2395/2321 540/2385/2311 2003/2396/2322
f 4346/2397/2323 1626/2404/2330 469/2398/2324
f 545/2399/2325 2955/4267/4062 4345/2400/2326
f 2003/2396/2322 540/2385/2311 4891/2402/2328
f 2949/2401/2327 540/2385/2311 1631/2390/2316
f 2948/2389/2315 2950/4265/4060 545/2399/2325
f 1626/2404/2330 4346/2397/2323 2957/2405/2331
f 2957/2405/2331 546/2403/2329 2956/640/640
f 2956/640/640 546/2403/2329 4891/2402/2328
f 1620/2406/2332 560/5161/2355 3967/2407/2333
f 1625/2392/2318 2952/4269/4064 2953/2408/2334
f 3967/2407/2333 2964/100/100 4344/2409/2335
f 2965/2410/2336 2958/2412/2338 1628/2393/2319
f 2964/100/100 554/102/102 2965/2410/2336
f 1627/2411/2337 2954/4266/4061 2958/2412/2338
f 547/2414/2340 552/5162/4816 2959/2413/2339
f 2967/2415/2341 552/5162/4816 2966/2416/2342
f 1624/2418/2344 1622/2421/2347 553/2419/2345
f 1622/2421/2347 1624/2418/2344 4950/2422/2348
f 555/2417/2343 557/643/643 551/2424/2350
f 1619/2425/2351 4342/5160/4815 549/2420/2346
f 4703/2426/2352 2975/2436/2360 2968/2427/2353
f 4339/2429/2354 562/2456/2378 1617/2430/101
f 554/102/102 1617/101/101 1613/2432/2356
f 2973/2434/2358 3035/2540/2461 2985/119/119
f 2975/2436/2360 559/2438/2361 1620/2437/2332
f 560/2431/2355 1620/2437/2332 559/2438/2361
f 1614/2439/2362 2982/2457/2379 1613/2440/2356
f 2970/2441/2363 2976/2433/2357 4873/2442/2364
f 2983/2444/2366 2977/641/641 2969/2443/2365
f 4341/2445/2367 2977/641/641 2090/2446/2368
f 2979/2448/2370 1618/4258/4054 2971/2449/2371
f 2973/2434/2358 565/2435/2359 2986/2450/2372
f 1610/2452/2374 2975/2436/2360 4703/2426/2352
f 1610/2452/2374 1615/2465/2387 559/2438/2361
f 563/2454/2376 566/103/103 2981/2455/2377
f 2981/2455/2377 2992/2469/2391 2982/2457/2379
f 1996/2458/2380 2984/2447/2369 2994/2459/2381
f 2994/2459/2381 2984/2447/2369 2090/2446/2368
f 2090/2446/2368 2977/641/641 2983/2444/2366
f 4338/2462/2384 2989/2467/2389 563/2454/2376
f 1610/2452/2374 1608/4254/4052 573/2464/2386
f 572/2466/2388 1601/2486/2408 2995/104/104
f 2991/2468/2390 2982/2457/2379 2992/2469/2391
f 567/2471/2393 1612/2474/2396 1609/2472/2394
f 1612/2474/2396 1613/2440/2356 564/2475/2397
f 569/2476/2398 567/2471/2393 2993/2473/2395
f 1611/2478/2400 584/2497/2419 5010/2479/2401
f 573/2464/2386 579/2498/2420 574/2480/2402
f 574/2480/2402 572/2466/2388 2989/2467/2389
f 4334/2481/2403 2089/2501/2423 2996/2482/2404
f 2990/2484/2406 2991/2468/2390 1607/2470/2392
f 1607/2470/2392 1606/5166/4818 2998/2483/2405
f 580/2485/2407 1606/5166/4818 2988/105/105
f 1601/2486/2408 581/5445/5014 3010/2487/2409
f 2997/2488/2410 2993/2473/2395 1609/2472/2394
f 4335/2489/2411 569/2476/2398 4336/2477/2399
f 1605/2460/2382 498/631/631 1997/630/630
f 3012/2491/2413 4331/4246/4046 576/2490/2412
f 3002/2492/2414 3000/2496/2418 3001/2493/2415
f 1589/2495/2417 4118/2508/2430 3000/2496/2418
f 584/2497/2419 1611/2478/2400 1190/111/111
f 578/107/107 583/4248/4047 579/2498/2420
f 1598/645/645 3005/5169/4820 1603/2499/2421
f 1603/2499/2421 3005/5169/4820 2089/2501/2423
f 3007/1132/1132 3006/1134/1134 1603/2499/2421
f 4333/2502/2424 580/2485/2407 3008/2503/2425
f 3008/2503/2425 580/2485/2407 3009/2505/2427
f 3021/2507/2429 4330/2506/2428 3009/2505/2427
f 4118/2508/2430 3013/5171/4822 2999/110/110
f 3004/106/106 3003/2511/2433 1337/2509/2431
f 1604/2510/2432 4113/5364/4966 1337/2509/2431
f 4116/1133/1133 4332/2504/2426 5011/2512/2434
f 2916/2514/2436 1389/4242/4042 586/2515/2437
f 3006/1134/1134 4116/1133/1133 1336/2517/2439
f 4116/1133/1133 587/2513/2435 3664/2519/2441
f 3665/824/824 3663/3436/3301 3664/2519/2441
f 589/2520/2442 588/1079/1079 164/1078/1078
f 3025/648/648 2926/4278/4073 588/1079/1079
f 1595/2521/2443 3029/345/345 520/2371/2297
f 1594/112/112 3026/2525/2447 592/2523/2445
f 3026/2525/2447 591/518/518 2425/520/520
f 3026/2525/2447 3028/2526/2448 1595/2521/2443
f 3028/2526/2448 3027/114/114 4327/2527/2449
f 2461/2528/2450 1799/1057/1057 597/1059/1059
f 1191/2530/2452 3969/2533/2454 4498/535/535
f 2474/2531/2453 3038/3895/3741 1191/2530/2452
f 597/1059/1059 3035/4234/2461 2973/2532/2358
f 3033/1058/1058 1799/1057/1057 3969/2533/2454
f 3034/654/654 3042/4225/4028 4325/2535/2456
f 4324/2537/2458 3036/5516/2462 3033/1058/1058
f 4324/2537/2458 3037/2534/2455 3040/2538/2459
f 2004/120/120 2985/119/119 3035/2540/2461
f 4323/2542/2463 1591/2549/335 3044/2543/2464
f 571/118/118 2004/120/120 3046/2545/2466
f 1590/2546/2467 3049/2554/2473 4322/2547/2468
f 4323/2542/2463 3050/849/849 600/2548/336
f 3046/2545/2466 3047/4231/4034 3002/2492/2414
f 4323/2542/2463 3045/2550/2469 3051/847/847
f 3045/2550/2469 3071/2591/2510 617/2551/2470
f 3002/2492/2414 3047/4231/4034 4872/2553/2472
f 3049/2554/2473 1590/2546/2467 4961/2555/2474
f 1588/2557/2476 3052/4230/4033 4479/650/650
f 602/2559/2478 1974/5454/5019 2571/1814/1775
f 3053/2561/2480 5003/2563/2482 1588/2557/2476
f 5025/2560/2479 4319/2562/2481 3053/2561/2480
f 4319/2562/2481 3057/2566/2485 5003/2563/2482
f 2589/1831/1788 4704/2569/2488 3054/2564/2483
f 604/2565/2484 3058/2567/2486 3057/2566/2485
f 3058/2567/2486 4317/125/125 4318/2568/2487
f 4704/2569/2488 2589/1831/1788 5026/1830/1787
f 1584/2571/2490 3065/2581/2500 1585/2570/2489
f 3064/2573/2492 1584/2571/2490 605/2572/2491
f 606/653/653 3060/655/655 3055/2574/2493
f 604/2565/2484 1583/5179/4829 1582/2576/2495
f 611/132/132 4316/131/131 606/653/653
f 3061/2577/2496 4318/2568/2487 608/2578/2497
f 1578/331/331 3062/5180/4830 1582/2576/2495
f 1577/124/124 608/2578/2497 4318/2568/2487
f 3064/2573/2492 4896/2583/2502 609/2579/2498
f 1584/2571/2490 609/2579/2498 1580/2580/2499
f 1581/127/127 1583/5179/4829 3065/2581/2500
f 1563/2582/2501 609/2579/2498 4896/2583/2502
f 3070/2585/2504 3068/2590/2509 3066/2586/2505
f 614/659/659 612/332/332 1578/331/331
f 3073/2588/2507 3069/2592/2511 4316/131/131
f 613/2589/2508 1573/658/658 3067/126/126
f 606/653/653 4316/131/131 3071/2591/2510
f 3069/2592/2511 617/2551/2470 3071/2591/2510
f 1577/124/124 3067/126/126 1573/658/658
f 3075/2593/2512 615/2599/2518 616/2594/2513
f 612/332/332 3077/4223/4026 1571/2595/2514
f 1575/333/333 1571/2595/2514 1572/2596/2515
f 3073/2588/2507 1574/130/130 3074/656/656
f 3079/2598/2517 618/2602/2521 615/2599/2518
f 1569/2597/2516 3074/656/656 3080/2601/2520
f 616/2594/2513 615/2599/2518 618/2602/2521
f 3081/2604/2523 1567/4222/4025 3086/2605/136
f 3086/2605/136 1567/4222/4025 1569/2597/2516
f 3087/2607/137 1569/2597/2516 3083/141/141
f 618/2602/2521 3079/2598/2517 622/2608/2524
f 626/2610/2526 1564/2614/2529 624/2611/2527
f 1565/2613/2528 624/2611/2527 1564/2614/2529
f 1281/138/138 3085/660/660 3084/662/662
f 3080/2601/2520 3090/4219/4024 1047/139/139
f 1564/2614/2529 626/2610/2526 3773/2616/2531
f 4311/2618/2533 4310/5190/4839 628/2619/2534
f 2097/2620/2535 4266/4170/3984 2088/2621/2536
f 4309/665/665 3101/4215/4022 633/2623/2538
f 3102/663/663 1562/2628/2543 4947/2625/2540
f 635/2627/2542 634/2629/2544 4947/2625/2540
f 634/2629/2544 635/2627/2542 4895/2630/2545
f 1562/2628/2543 3105/2624/2539 1560/2632/2547
f 3105/2624/2539 633/2623/2538 3253/2634/2549
f 636/2633/2548 3106/2636/2551 635/2627/2542
f 3107/2635/2550 638/4210/4017 3106/2636/2551
f 1556/2637/2552 640/2844/2748 1559/2638/2553
f 642/2639/2554 1553/2640/2555 1555/1012/1012
f 1553/2640/2555 1552/2642/2557 1554/2641/2556
f 1552/2642/2557 726/3047/2940 722/2643/2558
f 725/2644/2559 1440/2646/2561 642/2639/2554
f 1440/2646/2561 820/3077/2966 1553/2640/2555
f 4708/2647/2562 1550/4708/4460 3182/1004/1004
f 3112/2648/2563 3124/2661/2576 3122/2649/2564
f 5027/2651/2566 646/4207/4014 5001/2652/2567
f 5002/2653/2568 4307/2659/2574 1549/2654/2569
f 3131/2656/2571 3124/2661/2576 3121/2657/2572
f 4307/2659/2574 3118/5517/4015 647/2660/2575
f 3124/2661/2576 3131/2656/2571 648/2662/2577
f 4827/2663/2578 3134/143/143 3126/2658/2573
f 4707/2664/2579 2012/2677/2592 3114/2665/2580
f 3123/2666/2581 5002/2653/2568 3129/2655/2570
f 3131/2656/2571 3126/2658/2573 3132/2668/2583
f 3136/2670/2585 647/5201/2575 648/2662/2577
f 3133/2672/2587 3125/670/670 3130/2667/2582
f 3129/2655/2570 3971/2686/2601 651/2673/2588
f 4306/2674/2589 2012/2677/2592 3137/2675/2590
f 2012/2677/2592 4707/2664/2579 3146/2678/2593
f 650/2669/2584 1547/5203/4849 3143/2679/2594
f 651/2673/2588 654/2698/2611 655/256/256
f 3137/2675/2590 3147/2694/2607 3139/2680/2595
f 1544/2681/2596 4304/4205/4012 1545/2682/2597
f 3141/2684/2599 1544/2681/2596 3140/2685/2600
f 3972/146/146 4303/145/145 3971/2686/2601
f 3136/2688/2585 3144/2691/2604 3972/146/146
f 3143/2679/2594 3150/2699/2612 659/2689/2603
f 3144/2691/2604 659/4200/2603 3145/147/147
f 656/2692/2605 2014/2703/2616 3146/2678/2593
f 3137/2675/2590 3146/2678/2593 3153/2693/2606
f 3139/2680/2595 3147/2694/2607 658/2695/2608
f 4303/145/145 1539/4198/4006 3152/2697/2610
f 3974/1011/1011 659/2689/2603 3150/2699/2612
f 1543/144/144 3156/5204/4850 661/2701/2614
f 2014/2703/2616 664/5206/4852 3153/2693/2606
f 3973/2704/2617 658/2695/2608 3147/2694/2607
f 1521/2705/2618 3148/4203/4010 3154/2706/2619
f 665/2708/2621 663/2712/2625 1542/257/257
f 662/2709/2622 3155/2700/2613 661/2701/2614
f 1536/2711/2624 1193/5518/5047 663/2712/2625
f 4844/2713/2626 1193/5518/5047 3169/2714/2627
f 666/2716/1010 667/2726/2635 4299/674/674
f 4299/674/674 3165/673/673 1538/2718/2630
f 3157/2710/2623 4301/1150/1150 3161/2719/2631
f 1536/2711/2624 665/2708/2621 1538/2718/2630
f 3169/2714/2627 1193/5518/5047 1536/2711/2624
f 4302/325/325 3158/5205/4851 1537/2721/2633
f 3167/2722/2634 1194/4195/2638 667/2723/2635
f 3168/2725/2637 3167/2722/2634 3162/2724/2636
f 3166/672/672 4299/674/674 667/2726/2635
f 1194/2727/2638 1535/5210/4004 670/2728/2639
f 1536/2711/2624 3165/673/673 3170/2729/2640
f 1534/2730/2641 1535/4194/4004 4298/2731/2642
f 2016/149/149 2085/148/148 669/2720/2632
f 4712/2733/2644 3172/150/150 2016/149/149
f 4293/2735/2646 1392/4806/4548 4291/2736/2647
f 672/2738/2649 673/703/703 671/705/705
f 1532/2739/2650 2404/1578/1558 3175/677/677
f 3175/677/677 2404/1578/1558 3174/2740/2651
f 673/703/703 672/2738/2649 3175/677/677
f 3180/2741/2652 1531/1008/1008 676/1007/1007
f 4289/2743/2654 4290/5017/4719 1529/1099/1099
f 678/2742/2653 1527/2751/2662 2018/2745/2656
f 4286/684/684 679/683/683 4288/2746/2657
f 675/2748/2659 674/681/681 677/680/680
f 1528/2749/2660 3187/5212/4856 3188/2750/2661
f 4285/2752/2663 3190/5211/682 4287/2744/2655
f 3192/2753/2664 3193/2757/2668 4284/2754/2665
f 3194/2756/2667 4285/2752/2663 4284/2754/2665
f 3190/682/682 682/5215/441 3195/324/324
f 3191/2758/2669 1525/2764/2675 4998/2759/2670
f 3193/2757/2668 681/2767/2678 3196/2760/2671
f 657/2761/2672 3200/2765/2676 3197/2762/2673
f 1525/2764/2675 3191/2758/2669 3197/2762/2673
f 4282/2766/2677 3196/2760/2671 681/2767/2678
f 1524/2769/2680 3212/2776/2687 683/2768/2679
f 684/2770/2681 2019/2778/2689 2020/2771/2682
f 685/2772/2683 4282/2766/2677 683/2768/2679
f 687/2774/2685 4134/3374/3241 4278/2775/2686
f 3213/2777/2688 1520/5440/5011 2019/2778/2689
f 1523/1002/1002 688/3376/3243 3207/2780/2691
f 686/2781/2692 3209/2789/2699 4942/2782/2693
f 690/2784/2695 3215/2793/2703 691/2785/2696
f 692/216/216 3215/2793/2703 690/2784/2695
f 4280/687/687 2022/686/686 4277/2788/2698
f 3210/685/685 691/4185/2696 1519/2790/2700
f 3207/2780/2691 688/3376/3243 689/2787/2697
f 945/2791/2701 956/214/214 692/216/216
f 692/216/216 4854/215/215 3217/2792/2702
f 694/2794/2704 4277/2788/2698 2022/686/686
f 694/2794/2704 1518/2795/2705 695/2796/2706
f 1516/693/693 1515/5222/4863 3220/2798/2708
f 1514/2799/2709 3218/4183/3996 1196/2800/690
f 699/2802/2711 3230/5290/4914 698/2803/2712
f 697/2805/2714 1512/2804/2713 696/691/691
f 3225/2806/2715 3224/152/152 1195/2801/2710
f 3233/696/696 3231/695/695 699/2802/2711
f 705/2808/2717 1196/690/690 3226/689/689
f 3229/2810/2719 1507/2819/319 3227/2811/2720
f 3225/2806/2715 1196/2800/690 705/2812/2717
f 3235/153/153 3224/152/152 3225/2806/2715
f 706/2814/700 3234/5439/3987 3235/153/153
f 4271/701/701 705/5519/2717 704/2815/2718
f 3226/689/689 3228/688/688 3227/2811/2720
f 4270/2817/2723 707/4172/3986 1509/2816/2722
f 1507/2819/319 3229/2810/2719 4275/2820/2725
f 3237/321/321 708/320/320 3240/2822/2726
f 3239/997/997 3236/999/999 4270/2817/2723
f 3240/2822/2726 708/320/320 1506/2824/2728
f 4268/1600/1580 160/1593/1573 4515/2826/2730
f 3243/704/704 673/703/703 3244/2828/2732
f 3244/2828/2732 2127/4714/4463 2024/2829/2733
f 710/2831/2735 3245/2833/2737 4268/1600/1580
f 1504/1596/1576 3244/2828/2732 711/2830/2734
f 710/2831/2735 1503/2827/2731 711/2830/2734
f 3248/2832/2736 3247/4803/4545 4268/1600/1580
f 3248/2832/2736 3245/2833/2737 713/2834/2738
f 3255/2836/2740 3254/5233/4871 1502/2835/2739
f 4249/2838/2742 3250/2631/2546 4895/2630/2545
f 3256/2840/2744 1487/4800/4542 4262/2841/2745
f 4772/710/710 3254/5233/4871 2083/2843/2747
f 640/2844/2748 3260/154/154 4894/2845/2749
f 4894/2845/2749 3261/2853/2757 3257/2847/2751
f 3260/154/154 640/2844/2748 1556/2637/2552
f 1513/692/692 698/2803/2712 700/2848/2752
f 700/2848/2752 832/5291/4915 728/2849/2753
f 4262/2841/2745 3265/4160/3974 720/2850/2754
f 722/2643/2558 726/3047/2940 3267/2851/2755
f 3262/2852/2756 3264/2855/2759 3261/2853/2757
f 3262/2852/2756 727/2857/2761 4948/2854/2758
f 3267/2851/2755 3262/2852/2756 724/156/156
f 725/2644/2559 3266/2645/2560 1499/2856/2760
f 3267/2851/2755 835/3081/2970 727/2857/2761
f 4796/2858/2762 3277/4716/4465 1497/2859/2763
f 4260/2861/2765 1971/4657/4413 2485/2860/2764
f 4724/2862/2766 2071/4158/3972 4255/2863/2767
f 1477/2865/2769 3342/5249/2806 2082/444/444
f 1495/2867/2771 1320/4020/3853 3286/2868/2772
f 2026/2870/2774 3286/2868/2772 736/716/716
f 2081/2871/2775 732/715/715 3298/719/719
f 731/224/224 3293/723/723 734/722/722
f 3978/2872/2776 714/225/225 734/722/722
f 1492/2874/2778 3295/4147/2779 3294/720/720
f 3295/2875/2779 1492/4145/2778 3299/989/989
f 3302/2877/2781 3727/4011/3377 1490/2878/2782
f 1489/990/990 3729/3514/3379 3728/2880/2784
f 3313/2881/2785 4250/5260/4890 3306/2882/2786
f 1300/2884/2788 3988/870/870 3759/869/869
f 3320/2886/2790 4081/5264/4892 1300/2884/2788
f 744/2887/2791 1485/159/159 3323/158/158
f 744/2887/2791 4245/2892/2796 1482/313/313
f 1485/159/159 4923/4134/3953 1484/2888/2792
f 2626/536/536 2484/538/538 3272/2889/2793
f 3330/2891/2795 742/316/316 3329/318/318
f 1480/314/314 1482/313/313 4245/2892/2796
f 743/1880/1835 3324/1879/1834 742/316/316
f 3333/2894/2798 3337/2900/2804 3332/2895/2799
f 2028/164/164 753/163/163 748/2897/2801
f 3340/161/161 751/2903/2807 1480/314/314
f 4242/2899/2803 3341/4131/3950 3337/2900/2804
f 3276/2901/2805 3279/4721/4469 3342/2902/2806
f 751/2903/2807 749/2905/2809 745/315/315
f 3344/2904/2808 1479/4126/3945 749/2905/2809
f 747/2906/2810 746/4130/3949 752/2907/2811
f 3329/318/318 748/2897/2801 750/2909/2813
f 748/2897/2801 753/163/163 755/727/727
f 750/2909/2813 3346/2910/2814 3339/160/160
f 4242/2899/2803 747/2906/2810 3343/168/168
f 3338/2908/2812 3348/166/166 3343/168/168
f 3338/2908/2812 759/731/731 762/730/730
f 3344/2904/2808 3339/160/160 3346/2910/2814
f 759/731/731 3338/2908/2812 752/2907/2811
f 753/163/163 3347/165/165 754/728/728
f 755/727/727 761/729/729 3346/2910/2814
f 2029/2913/2817 3341/4131/3950 3345/2914/2818
f 3347/165/165 2028/164/164 1477/2916/2769
f 765/2918/2821 5033/2929/2830 763/2919/2822
f 3345/2914/2818 1478/167/167 764/2921/2824
f 3350/2922/2825 760/2927/2829 3355/2923/735
f 756/2925/2827 4907/2926/2828 3350/2922/2825
f 761/729/729 754/728/728 4907/2926/2828
f 3347/165/165 4238/2917/2820 760/2927/2829
f 1475/2928/732 759/5269/731 5033/2929/2830
f 1475/732/732 3368/2948/2845 3359/2931/2832
f 3354/2932/2833 4239/2915/2819 764/2921/2824
f 3355/735/735 760/2939/2829 3357/2934/2835
f 4879/2935/2836 766/2944/2843 3349/2936/2837
f 3354/2932/2833 3361/2947/2846 3365/176/176
f 760/2939/2829 4238/5520/2820 1476/2940/2839
f 3357/2934/2835 1476/2940/2839 3358/2941/2840
f 3366/2942/2841 1472/4124/3944 1473/2943/2842
f 1475/2928/732 4880/2930/2831 768/2945/2844
f 3354/2932/2833 3353/2933/2834 3359/2931/2832
f 3368/2948/2845 3369/2956/2854 3361/2947/2846
f 3356/2949/2847 4237/2938/2838 769/2950/2848
f 3371/2952/2850 4235/5274/4899 768/2945/2844
f 1473/2943/2842 1472/4124/3944 767/2953/2851
f 3362/169/169 3370/171/171 3372/2954/2852
f 3366/2942/2841 766/2944/2843 3364/2955/2853
f 3369/2956/2854 771/177/177 3365/176/176
f 770/173/173 778/2980/2875 771/2957/177
f 3370/171/171 3373/2984/2879 776/2959/2855
f 4234/178/178 1471/4121/3941 3367/2960/2856
f 774/2962/2858 773/4117/3938 781/2963/2859
f 1467/2965/2860 781/5276/2859 3382/2966/2861
f 4229/2968/2863 4233/4729/4476 774/2962/2858
f 1462/2969/2864 3375/5273/4898 785/2970/2865
f 3379/172/172 775/174/174 3376/2972/2867
f 784/2974/2869 783/5419/5000 4963/2975/2870
f 1460/2977/2872 1465/2981/2876 4232/2973/2868
f 1466/2978/2873 780/2982/2877 4231/2979/2874
f 1465/2981/2876 1466/2978/2873 3379/172/172
f 780/2982/2877 1466/2978/2873 1465/2981/2876
f 3373/2984/2879 1455/2990/2885 790/2985/2880
f 790/2985/2880 4875/3001/2896 3377/2976/2871
f 4226/2986/2881 1460/2977/2872 777/180/180
f 1198/182/182 3383/181/181 779/2987/2882
f 4231/2979/2874 780/2982/2877 1459/2988/2883
f 1468/2989/2884 3381/736/736 1455/2990/2885
f 4230/2991/2886 782/2967/2862 3382/2966/2861
f 800/741/741 4222/740/740 786/2992/2887
f 3387/2971/2866 785/2970/2865 4227/2993/2888
f 3394/988/988 2031/3003/2898 1464/2995/2890
f 785/2970/2865 783/5419/5000 784/2974/2869
f 1460/2977/2872 3388/5275/4900 787/2983/2878
f 789/2997/2892 1198/182/182 1459/2988/2883
f 1457/2999/2894 789/2997/2892 1458/2998/2893
f 1455/2990/2885 3389/3024/2919 4875/3001/2896
f 1463/3002/2897 5021/4114/3935 1464/2995/2890
f 4224/3004/2899 1457/2999/2894 4225/3000/2895
f 789/2997/2892 1457/2999/2894 1456/3006/2901
f 4224/3004/2899 791/3011/2906 1456/3006/2901
f 797/3008/2903 4230/2991/2886 3383/181/181
f 796/1174/1172 797/3008/2903 793/183/183
f 792/3009/2904 794/1172/1170 793/183/183
f 792/3009/2904 1198/182/182 789/2997/2892
f 794/1172/1170 792/3009/2904 795/3007/2902
f 803/3010/2905 804/3030/2925 3395/1173/1171
f 788/3005/2900 3402/3013/2908 791/3011/2906
f 4220/3012/2907 791/3011/2906 3402/3013/2908
f 4223/3015/2910 3399/5278/4902 1453/3016/2911
f 3395/1173/1171 805/5281/4905 3397/3018/2913
f 3400/3019/2914 798/738/738 3384/737/737
f 3374/3021/2916 4247/5266/4894 3320/2886/2790
f 4856/739/739 800/741/741 799/2994/2889
f 3392/3023/2918 4875/3001/2896 3389/3024/2919
f 810/3026/2921 3393/5277/4901 3392/3023/2918
f 802/3027/2922 803/3010/2905 795/3007/2902
f 3396/3028/2923 4218/3014/2909 806/3029/2924
f 4221/3022/2917 3393/5277/4901 810/3026/2921
f 801/3032/2927 4856/739/739 4221/3022/2917
f 3401/3033/2928 3406/3025/2920 3389/3024/2919
f 3401/3033/2928 798/738/738 3400/3019/2914
f 3404/3034/2929 815/5289/4913 4217/3035/2930
f 3826/185/185 4216/3968/3809 3404/3034/2929
f 1452/986/986 4215/5280/4904 4042/744/744
f 4213/566/566 5035/568/568 2634/1887/1841
f 3414/3038/748 4208/4109/3931 3887/3039/2933
f 1153/3041/2934 2032/5287/4911 3415/187/187
f 1442/1181/1179 1443/1183/1181 1453/3016/2911
f 809/3044/2937 1451/3036/2931 4217/3035/2930
f 1454/3043/2936 809/3044/2937 1441/3045/2938
f 821/3046/2939 1435/3080/2969 726/3047/2940
f 701/694/694 1511/3050/2943 3419/3048/2941
f 3420/3049/2942 823/5521/4916 3419/3048/2941
f 1156/3051/2944 3424/3815/2729 1506/3052/2728
f 1157/3054/2946 3425/5295/4918 4981/3055/2947
f 3241/3057/2949 3425/5295/4918 1157/3054/2946
f 3446/753/753 822/310/310 3433/312/312
f 1427/3059/2951 1423/3133/3021 4737/751/751
f 3429/3060/2952 4860/4736/4483 3430/3061/2953
f 3426/3063/2955 826/3899/3744 1437/3064/2956
f 3431/3066/2958 825/311/311 3426/3067/2955
f 827/3062/2954 3432/3073/2962 4204/3069/2959
f 1436/304/304 3434/306/306 828/3065/2957
f 1438/3071/2961 3431/3066/2958 828/3068/2957
f 3432/3073/2962 3435/3075/2964 5045/3074/2963
f 3435/3075/2964 3432/3073/2962 3980/307/307
f 857/3076/2965 3436/3134/3022 1438/3071/2961
f 725/2644/2559 2035/194/194 3445/193/193
f 820/3077/2966 1440/2646/2561 3445/193/193
f 821/3046/2939 820/3077/2966 833/3078/2967
f 3267/2851/2755 726/3047/2940 1435/3080/2969
f 3443/3082/2971 1498/3085/2974 3270/3083/2972
f 1498/3085/2974 3443/3082/2971 3444/3086/2975
f 3444/3086/2975 837/5299/4921 3271/3088/2977
f 834/3079/2968 840/3101/2990 841/3089/2978
f 845/754/754 842/3102/2991 1433/3091/2980
f 4949/3093/2982 3447/3096/2985 3441/3094/2983
f 3447/3096/2985 3322/5522/5048 3442/3097/2986
f 4199/3098/2987 2036/759/759 3443/3082/2971
f 3443/3082/2971 2036/759/759 4736/758/758
f 3449/3099/2988 837/5299/4921 3444/3086/2975
f 838/3100/2989 840/3101/2990 834/3079/2968
f 838/3100/2989 839/3092/2981 1433/3091/2980
f 842/3102/2991 845/754/754 1430/756/756
f 842/3102/2991 1432/3103/2992 843/3104/2993
f 1430/756/756 3451/755/755 3454/3105/2994
f 843/3104/2993 1432/3103/2992 3454/3105/2994
f 846/3107/2996 852/3120/3009 844/3106/2995
f 1428/3108/2997 856/5301/3017 3452/3095/2984
f 836/3110/2999 832/5291/4915 3446/753/753
f 1426/3111/3000 4199/3098/2987 3448/3084/2973
f 2036/759/759 4199/3098/2987 848/761/761
f 3451/755/755 845/754/754 839/3092/2981
f 3451/755/755 3458/3115/3004 846/3107/2996
f 3451/755/755 1431/3113/3002 4197/3114/3003
f 1429/3116/3005 847/752/752 4196/3117/3006
f 854/3119/3008 1428/3108/2997 3455/3109/2998
f 854/3119/3008 852/3120/3009 853/3121/3010
f 4197/3114/3003 1431/3113/3002 1425/3123/3012
f 3465/3125/3014 853/3121/3010 3458/3115/3004
f 3468/3127/3016 1416/5305/4924 856/3128/3017
f 1424/3122/3011 3468/5523/3016 1428/3108/2997
f 1200/3130/3018 3459/3148/3036 4196/3117/3006
f 1200/3130/3018 1423/3133/3021 4195/3131/3019
f 1423/3133/3021 1427/3059/2951 3436/3134/3022
f 3453/3135/3023 4949/5524/2982 3461/3136/3024
f 1177/3138/3026 867/3167/3052 4968/3139/3027
f 1177/3138/3026 4966/3140/3028 3473/3141/3029
f 1421/3124/3013 1425/3123/3012 859/198/198
f 859/198/198 1425/3123/3012 3457/3143/3031
f 863/197/197 3476/4087/3911 860/3126/3015
f 1420/3144/3032 861/3147/3035 4194/3145/3033
f 1419/3146/3034 864/4086/3910 861/3147/3035
f 4196/3117/3006 3459/3148/3036 1420/3144/3032
f 1419/3146/3034 1420/3144/3032 3459/3148/3036
f 4195/3131/3019 3460/5525/3914 4193/3150/3038
f 858/3151/3025 1416/5305/4924 4189/764/764
f 1422/762/762 3481/4092/763 875/3152/765
f 4203/3154/3040 4877/5306/4925 3470/3155/3041
f 3474/196/196 3457/3143/3031 3464/3156/3042
f 3463/3157/3043 4191/3161/3047 3981/3158/3044
f 3474/196/196 3981/3158/3044 3475/3159/3045
f 1417/3160/3046 4190/3162/3048 3981/3158/3044
f 4190/3162/3048 3477/767/767 3475/3159/3045
f 3478/3163/3049 864/4086/3910 1419/3146/3034
f 866/3164/3050 1416/5305/4924 3468/3127/3016
f 3483/3166/3051 862/5434/5009 4968/3139/3027
f 3486/3168/3053 4188/773/773 3485/772/772
f 1207/261/261 3946/3864/3715 4187/3170/3055
f 4184/3171/3056 1414/3920/3764 3487/3172/3057
f 868/3173/3058 865/5526/3909 1413/3174/766
f 869/3176/3060 870/3178/3062 866/3164/3050
f 871/771/771 869/3176/3060 3488/3177/3061
f 871/771/771 873/3180/3064 870/3178/3062
f 871/771/771 874/770/770 4186/3179/3063
f 3479/3181/3065 4185/5311/4927 883/3182/3066
f 3490/3184/3067 876/3205/3086 877/3185/3068
f 4182/3187/3070 1410/3204/3085 3495/776/776
f 1411/3189/3072 3484/774/774 3491/3153/3039
f 3494/3191/3073 1411/5527/3072 3492/3192/3074
f 3496/3194/3076 5017/3197/3079 878/3195/3077
f 881/3196/3078 3494/3191/3073 5017/3197/3079
f 1180/935/935 1414/3920/3764 3501/3198/3080
f 3499/3200/3081 3501/5318/3080 3497/775/775
f 882/3201/3082 876/3205/3086 874/770/770
f 4183/3203/3084 883/3182/3066 1410/3204/3085
f 4183/3203/3084 877/3185/3068 876/3205/3086
f 877/3185/3068 4183/3203/3084 1408/3193/3075
f 415/3206/3087 2772/3880/3726 4179/3207/3088
f 1407/301/301 885/3224/3103 3504/2153/2091
f 2770/2124/2066 3504/2153/2091 884/3209/3090
f 4178/3211/3091 4181/3212/3092 2777/82/82
f 2779/778/778 421/4347/2072 4181/3212/3092
f 1698/2150/2088 429/2147/2085 2037/3213/3093
f 2780/2149/2087 889/3215/3094 2037/3213/3093
f 1403/298/298 428/2146/2084 1698/2160/2088
f 2779/778/778 888/780/780 889/3215/3094
f 3507/3216/3095 4175/4887/4623 1405/3217/3096
f 887/300/300 3507/3216/3095 1404/2157/2095
f 3511/3218/3097 4172/985/985 4180/3219/3098
f 1401/3221/3100 894/3237/3116 891/3222/3101
f 890/3223/3102 4744/5433/5008 4178/3211/3091
f 890/3223/3102 884/3209/3090 3504/2153/2091
f 3506/3225/3104 3578/3326/3198 924/3226/3105
f 887/300/300 1402/299/299 2039/3228/3107
f 2041/3229/3108 3514/4792/4534 3507/3216/3095
f 892/3230/3109 4892/5319/4930 4176/3231/3110
f 893/3232/3111 1401/3221/3100 4999/3233/3112
f 3509/3227/3106 924/3226/3105 3603/3234/3113
f 4178/3211/3091 4744/5433/5008 4745/3235/3114
f 3516/784/784 3511/3218/3097 891/3222/3101
f 3516/784/784 898/3241/3120 4172/985/985
f 894/3237/3116 3522/1102/1102 3517/785/785
f 653/329/329 2043/2696/2609 1399/3238/3117
f 3141/2684/2599 653/329/329 896/328/328
f 897/3239/3118 4746/5323/4933 3142/3240/3119
f 4170/330/330 1399/3238/3117 898/3241/3120
f 3520/786/786 3517/785/785 897/3239/3118
f 934/3242/3121 4136/3354/3225 3529/1103/1103
f 4169/3244/3123 900/4744/4487 4171/3245/3124
f 4169/3244/3123 3524/5322/4932 3537/3246/3125
f 2043/2696/2609 658/2695/2608 3526/3248/3127
f 3523/3249/3128 900/4740/4487 2045/3250/3129
f 3531/3251/3130 2045/3250/3129 3534/3252/3131
f 3536/3254/3133 1398/4749/4493 3538/3247/3126
f 3537/3246/3125 4164/1122/1122 4165/1121/1121
f 4167/3255/3134 3532/5325/4935 902/327/327
f 3546/3257/3136 1397/5330/4940 3535/3253/3132
f 4165/1121/1121 4168/1120/1120 3540/3258/3137
f 3534/3260/3131 1398/4749/4493 904/3261/3139
f 1395/3263/3140 1396/5328/4938 905/3264/3141
f 3553/3266/3143 1201/3282/3159 3555/203/203
f 3553/3266/3143 3556/3267/3144 903/3268/3145
f 3539/1155/1153 4163/3256/3135 1394/3269/3146
f 4162/3270/3147 3543/5326/4936 4160/3265/3142
f 4711/1097/1097 4976/4753/4497 3548/791/791
f 4291/2736/2647 1392/4806/4548 3559/3272/3149
f 3550/3274/3151 4161/4755/4499 3558/3275/3152
f 3561/3276/3153 3558/3275/3152 3557/3277/3154
f 3562/3279/3156 4158/5336/3900 3552/3280/3157
f 1391/3278/3155 3562/3279/3156 3563/3281/3158
f 3565/2331/2262 3564/3288/3165 3573/3283/3160
f 4356/3285/3162 2914/5528/5015 1390/3286/3163
f 3564/3288/3165 3567/3287/3164 907/3289/3166
f 907/3289/3166 3567/3287/3164 1390/3286/3163
f 1202/3291/3167 1390/5529/3163 2049/3292/296
f 1381/3294/3169 909/4283/4077 2916/2514/2436
f 3583/3296/3171 4355/295/295 4845/3297/3172
f 911/2336/2267 917/4066/3893 916/3298/3173
f 3569/3300/3175 910/3299/3174 1203/3301/3176
f 3590/3302/3177 1380/3320/3192 1388/3303/3178
f 1386/3304/2271 4155/4074/2281 4150/3305/3179
f 4154/793/793 912/795/795 1384/3306/3180
f 3575/3308/3181 4149/5420/5001 3566/3284/3161
f 926/3309/3182 4149/5420/5001 3575/3308/3181
f 3568/2335/2266 908/980/980 4848/982/982
f 3583/3312/3171 1386/3304/2271 1388/3303/3178
f 922/3314/3186 3587/4064/3891 3586/3315/3187
f 915/3317/3189 3587/4064/3891 3589/3318/3190
f 1380/3320/3192 3590/3302/3177 919/3321/3193
f 3591/3323/3195 912/795/795 3570/3324/3196
f 3591/3323/3195 4150/3305/3179 1384/3306/3180
f 4150/3305/3179 3591/3323/3195 919/3321/3193
f 3578/3326/3198 3576/3904/3749 923/3327/3199
f 3593/3328/3200 4782/3293/3168 3579/3329/3201
f 1376/3330/3202 3574/5530/4500 4753/3331/3203
f 3593/3328/3200 928/206/206 1374/3333/3205
f 4148/205/205 3595/208/208 1373/3335/3207
f 3596/210/210 1372/3343/3215 1373/3335/3207
f 1377/3336/3208 4754/5339/4945 3599/3337/3209
f 4146/3332/3204 930/5344/4949 4142/3339/3211
f 4143/3340/3212 923/3327/3199 925/3341/3213
f 4143/3340/3212 3603/3234/3113 924/3226/3105
f 925/3341/3213 4149/5420/5001 926/3309/3182
f 1372/3343/3215 3601/3906/3751 4145/3344/3216
f 929/798/798 4780/4785/4528 932/3345/3217
f 933/3347/3219 934/3242/3121 3603/3234/3113
f 3600/3348/3220 3602/213/213 1370/3349/3221
f 4142/3350/3211 3604/211/211 3602/213/213
f 938/3351/3222 1361/5531/809 943/3352/3223
f 1367/800/800 4137/799/799 4136/3354/3225
f 939/801/801 1367/800/800 936/212/212
f 936/212/212 1367/800/800 1370/3349/3221
f 3604/3356/211 935/5532/4950 937/3357/3226
f 1360/3359/3227 4140/974/974 4103/976/976
f 948/3361/3229 4137/799/799 4846/3362/3230
f 3617/3364/3232 949/4050/3879 1364/3365/3233
f 937/3357/3226 935/5532/4950 942/3366/3234
f 940/3367/3235 4135/4058/3886 3616/805/805
f 942/3366/3234 935/5532/4950 1366/3368/293
f 942/3366/3234 1362/3369/3236 941/3370/3237
f 1366/3368/293 3618/3391/292 4128/3371/3238
f 3620/3372/3239 3214/2707/2620 3154/2706/2619
f 4134/3374/3241 3621/4055/3883 4132/3375/3242
f 688/3376/3243 1523/1002/1002 1365/3377/3244
f 945/2791/2701 689/2787/2697 688/3376/3243
f 4985/3379/3246 3613/4788/4531 4138/3380/3247
f 3626/3381/3248 947/4759/4503 950/3382/3249
f 4130/3384/3251 4129/3386/3253 1358/3385/3252
f 4129/3386/3253 951/4051/3880 952/3387/3254
f 1362/3369/3236 4128/3371/3238 1356/3388/3255
f 1356/3388/3255 4128/3371/3238 4126/978/978
f 3630/3390/3257 4126/978/978 4128/3371/3238
f 3631/3392/3258 943/4048/3223 1361/809/809
f 3633/3393/3259 4885/5357/4959 4131/3383/3250
f 3634/3394/3260 1357/5355/4957 1355/3395/3261
f 1354/287/287 4124/286/286 1349/3396/3262
f 4841/977/977 1353/288/288 3635/3389/3256
f 3619/3397/3263 4983/3410/3275 1350/3398/3264
f 956/214/214 945/2791/2701 3624/3400/3266
f 957/3401/3267 962/4180/3993 4854/215/215
f 4886/3402/3268 1349/3396/3262 966/283/283
f 1353/288/288 4841/977/977 963/3403/3269
f 958/3404/3270 963/3403/3269 4841/977/977
f 1348/3405/3271 963/3403/3269 958/3404/3270
f 3636/3406/3272 1352/4046/3876 968/282/282
f 4757/3407/3273 3638/5356/4958 960/3408/3265
f 3640/3409/3274 1350/3398/3264 4983/3410/3275
f 1350/3398/3264 3640/3409/3274 3642/3412/3277
f 1348/3405/3271 968/282/282 3644/281/281
f 965/278/278 4123/277/277 3639/3411/3276
f 3649/3414/3279 970/3423/3288 1346/3415/3280
f 967/217/217 3644/281/281 974/3416/3281
f 4122/3417/3282 1344/5363/4965 974/3416/3281
f 3644/281/281 1347/280/280 3645/3418/3283
f 969/3419/3284 4121/456/456 3645/3418/3283
f 1343/3420/3285 972/5361/4963 4859/3421/3286
f 1327/279/279 3655/4760/4504 1343/3420/3285
f 3648/3422/3287 1345/3424/3289 3651/811/811
f 970/3423/3288 3649/3414/3279 1345/3424/3289
f 978/816/816 3656/3426/3291 3651/811/811
f 3656/3426/3291 1339/3053/2945 976/812/812
f 3658/814/814 978/816/816 975/3425/3290
f 979/3428/3293 4759/4874/4610 4758/3429/3294
f 1338/3430/3295 5010/2479/2401 584/2497/2419
f 4904/3432/3297 3024/4243/4043 981/820/820
f 981/820/820 3660/822/822 980/3433/3298
f 986/3434/3299 3662/3447/3312 1335/3435/3300
f 3667/220/220 3020/222/222 982/3437/3302
f 982/3437/3302 4904/3432/3297 3674/3439/3304
f 984/3431/3296 3013/5171/4822 4115/3440/3305
f 4117/3442/3307 3661/3907/3752 3671/3443/3308
f 3671/3443/3308 4112/3446/3311 4109/3445/3310
f 4112/3446/3311 3671/3443/3308 3662/3447/3312
f 3672/829/829 985/831/831 3662/3447/3312
f 3675/832/832 3674/3439/3304 3685/3448/3313
f 991/826/826 3683/3464/3329 3685/3448/3313
f 3672/829/829 986/3434/3299 3677/823/823
f 3666/825/825 1204/3909/3754 988/3449/3314
f 3686/3450/3315 3678/3471/3336 4115/3440/3305
f 4097/3452/3317 3713/3490/3355 3686/3450/3315
f 3680/3453/3318 3668/3456/3321 5024/3454/3319
f 3680/3453/3318 3687/3467/3332 1334/828/828
f 3682/3457/3322 4109/3445/3310 4112/3446/3311
f 4108/3459/3324 990/3460/3325 989/3458/3323
f 990/3460/3325 4108/3459/3324 4761/3461/3326
f 4108/3459/3324 987/3910/3755 4855/834/834
f 3693/3463/3328 3684/3466/3331 3683/3464/3329
f 991/826/826 1334/828/828 3689/3465/3330
f 4107/833/833 3685/3448/3313 3683/3464/3329
f 4761/3461/3326 4855/834/834 4107/833/833
f 3679/3455/3320 4104/3468/3333 3687/3467/3332
f 4104/3468/3333 3695/972/972 3691/3469/3334
f 3687/3467/3332 3691/3469/3334 3689/3465/3330
f 3686/3450/3315 992/223/223 1333/3470/3335
f 714/225/225 3978/2872/2776 1333/3470/3335
f 3703/839/839 3985/838/838 995/3472/3337
f 4103/976/976 1331/4875/4611 4102/3473/3338
f 3699/3474/3339 4773/3911/3756 3252/3475/3340
f 995/3472/3337 3704/4031/3861 2053/1109/1109
f 965/278/278 4100/949/949 1329/3477/3342
f 1328/3478/3343 995/3472/3337 3985/838/838
f 4099/842/842 721/5235/4873 3271/3088/2977
f 997/841/841 3707/3480/3345 1328/3478/3343
f 3705/3479/3344 1328/3478/3343 3707/3480/3345
f 3929/3482/3347 1167/3484/3349 3708/3481/3346
f 4902/3483/3348 3708/3481/3346 1167/3484/3349
f 3710/846/846 4098/5367/4969 3709/3485/3350
f 1589/2495/2417 4872/2553/2472 3711/3486/3351
f 1326/3487/3352 3711/3486/3351 4872/2553/2472
f 601/2552/2471 617/2551/2470 3081/2604/2523
f 3711/3486/3351 999/4021/3854 3713/3490/3355
f 998/3491/3356 4096/4022/3855 1326/3487/3352
f 3716/3492/3357 1323/5369/3354 3717/3493/3358
f 1001/3494/3359 3714/4017/3851 1004/3495/3360
f 3719/3497/3362 3715/4025/3858 1002/3498/3363
f 1004/3495/3360 1006/3507/3372 3723/3500/3365
f 1322/3502/3367 4095/4015/3850 1008/3503/3368
f 3720/3504/3369 1495/2867/2771 731/224/224
f 3721/3505/3370 1320/4020/3853 1495/2867/2771
f 3723/3500/3365 4093/3510/3375 5034/3506/3371
f 1006/3507/3372 3724/4019/3848 1007/3508/3373
f 1006/3507/3372 1318/3509/3374 4093/3510/3375
f 1322/3502/3367 3726/854/854 4092/853/853
f 3727/3512/3377 1009/5533/3846 1010/3513/3378
f 1005/857/857 3735/856/856 3734/867/867
f 3729/3514/3379 1010/3513/3378 3730/3515/3380
f 3734/867/867 3735/856/856 1309/3516/3381
f 1311/3517/3382 1312/860/860 1012/859/859
f 4089/3519/3384 3731/3518/3383 1316/3520/3385
f 1013/3522/3386 1015/3914/3758 1014/864/864
f 1312/860/860 1311/3517/3382 1310/3523/3387
f 3738/3524/3388 3987/4002/3839 1313/861/861
f 3737/3525/3389 3733/850/850 4090/866/866
f 3743/3527/3391 4090/866/866 5014/3528/3392
f 1307/3530/3394 4087/276/276 4863/3531/3395
f 3740/3533/3397 3738/3524/3388 1310/3523/3387
f 1019/3535/3399 3743/3527/3391 1302/3536/3400
f 1300/2884/2788 4081/5264/4892 3744/3532/3396
f 4086/274/274 1304/3545/3409 1021/3538/3402
f 3988/870/870 1300/2884/2788 4863/3531/3395
f 1306/3539/3403 3740/3533/3397 3741/3540/3404
f 3746/3541/3405 3741/3540/3404 1017/3542/3406
f 3746/3541/3405 3747/3543/3407 3748/3544/3408
f 1304/3545/3409 3748/3544/3408 4084/3546/3410
f 1021/3538/3402 4084/3546/3410 1022/3547/3411
f 1302/3536/3400 3743/3527/3391 1023/3529/3393
f 1022/3547/3411 1302/4001/3400 3750/3549/3412
f 3750/3548/3412 1023/3529/3393 1027/3551/3414
f 1308/3553/3415 1309/3516/3381 4082/3554/3416
f 1024/3556/3418 1301/885/885 1258/884/884
f 1024/3556/3418 1092/3557/3419 3758/3558/3420
f 1025/3560/3422 4075/969/969 3761/3561/3423
f 1026/3552/970 1027/3551/3414 3757/3563/3425
f 1295/3565/3426 5015/3998/3837 4083/3555/3417
f 1294/3567/3428 3755/3995/3835 1295/3565/3426
f 4079/3566/3427 3751/3997/3836 4078/3568/3429
f 4078/3568/3429 3751/3997/3836 1024/3556/3418
f 3752/3570/3431 3760/3714/3568 1028/3571/3432
f 3753/3562/3424 3752/3570/3431 4080/3572/3433
f 3762/3573/3434 3763/3591/3451 1292/3574/3435
f 3761/3561/3423 4075/969/969 3754/968/968
f 3756/3577/3438 1294/3567/3428 1030/3578/3439
f 1291/3580/3441 4074/5382/3440 1287/965/965
f 4074/3579/3440 1030/3578/3439 1031/3581/3442
f 1038/268/268 3765/270/270 1031/3581/3442
f 4073/3584/3444 1042/3599/3459 1039/3585/3445
f 1290/3587/3447 1291/3580/3441 1035/967/967
f 3762/3573/3434 1290/3587/3447 1034/3588/3448
f 3762/3573/3434 1288/3589/3449 3764/3590/3450
f 4045/3592/3452 3763/3591/3451 3764/3590/3450
f 1037/3594/3454 1034/3588/3448 1035/967/967
f 1036/966/966 3768/1180/1178 1286/1179/1177
f 1288/3589/3449 1034/3588/3448 1037/3594/3454
f 1285/3593/3453 1046/3987/3828 1114/3596/3456
f 3767/3597/3457 1040/3993/3833 3766/3598/3458
f 1042/3599/3459 1283/3723/3577 1243/3600/3460
f 1039/3585/3445 3766/3598/3458 1033/3602/3462
f 1033/3602/3462 3766/3598/3458 1038/268/268
f 620/3603/3463 3095/3614/3472 3770/3604/3464
f 4071/3606/3466 1205/5421/3469 3088/3607/3467
f 1281/138/138 3087/137/137 1280/3609/140
f 1047/3610/139 3772/265/265 1051/267/267
f 626/2610/2526 3088/4216/3467 1205/3611/3469
f 1052/3612/3470 3777/5383/4973 4861/3613/3471
f 1564/2614/2529 1279/2617/2532 1052/3612/3470
f 3095/3614/3472 632/4763/4507 4039/241/241
f 1050/3616/871 4069/3620/3477 3773/2616/2531
f 1053/3617/3474 3777/5383/4973 1052/3612/3470
f 4068/3618/3475 1053/3617/3474 1279/2617/2532
f 1282/661/661 3085/660/660 4070/226/226
f 3778/266/266 3779/5385/4975 3774/228/228
f 1278/872/872 3771/3986/3827 1049/3615/3473
f 4069/3620/3477 3776/3623/3480 1054/3621/3478
f 3776/3623/3480 4069/3620/3477 1050/3616/871
f 4069/3620/3477 4932/3622/3479 4068/3618/3475
f 1277/3625/3481 1276/243/243 4066/3626/875
f 3775/873/873 1049/3615/3473 1277/3625/3481
f 1057/3628/3483 1058/3634/3489 2056/3629/3484
f 1059/3631/3486 1058/3634/3489 1054/3621/3478
f 1274/3633/3488 2056/3629/3484 1058/3634/3489
f 1055/3635/3482 4066/875/875 3780/874/874
f 1062/3630/3485 1061/3978/3819 1053/3617/3474
f 1063/3637/3491 1064/3640/3494 1066/3638/3492
f 1064/3640/3494 2055/5384/4974 4778/3641/3495
f 3781/3642/3496 1069/3648/3502 1066/3638/3492
f 1065/3643/3497 1063/3637/3491 4064/3639/3493
f 3780/874/874 3782/876/876 3783/3645/3499
f 3784/3646/3500 1068/3659/3513 4063/3644/3498
f 1272/3647/3501 4062/3650/3504 1069/3648/3502
f 4065/3649/3503 1076/3663/3517 1272/3647/3501
f 4062/3650/3504 1074/3976/3817 3784/3646/3500
f 4034/3651/3505 1071/3982/3823 1070/3652/3506
f 1080/3654/3508 3990/3984/3825 1060/230/230
f 3790/3655/3509 3794/3667/3521 1073/3656/3510
f 3789/3658/3512 1074/3976/3817 1075/1177/1175
f 1068/3659/3513 3789/3658/3512 4913/3660/3514
f 1072/910/910 1078/3975/3816 3787/3662/3516
f 1235/3664/3518 1132/3784/3637 1233/3665/3519
f 3794/3667/3521 1088/3685/3539 1079/231/231
f 1263/3668/3522 4061/5387/4976 4762/3669/3523
f 1267/878/878 3788/1176/1174 3793/3670/3524
f 1086/3671/3525 4060/877/877 1264/879/879
f 1264/879/879 3793/3670/3524 1133/3673/3527
f 1268/229/229 1087/3682/3536 3797/3674/3528
f 1081/3675/3529 1090/886/886 1083/888/888
f 3801/3677/3531 3795/3676/3530 1083/888/888
f 4764/3678/3532 4763/4762/4506 1142/3679/3533
f 1261/964/964 1091/3700/3554 3815/887/887
f 1085/881/881 3811/3689/3543 3802/3681/3535
f 3802/3681/3535 1091/3700/3554 1261/964/964
f 1087/3682/3536 1255/3697/3551 1256/3683/3537
f 3804/3684/3538 3803/3690/3544 1088/3685/3539
f 3813/891/891 3804/3684/3538 4057/3686/3540
f 3814/889/889 4057/3686/3540 4059/3687/3541
f 3797/3674/3528 1256/3683/3537 3811/3689/3543
f 3803/3690/3544 1255/3697/3551 1087/3682/3536
f 3806/3691/3545 1093/3696/3550 1094/3692/3546
f 3807/3694/3548 1095/3708/3562 1254/3695/3549
f 4058/3688/3542 3810/3970/3811 4056/890/890
f 1231/3680/3534 3897/5409/921 3906/961/961
f 1255/3697/3551 1098/1111/1111 3812/3698/3552
f 3822/3699/3553 3815/887/887 1091/3700/3554
f 3812/3698/3552 3823/3701/3555 3811/3689/3543
f 3824/3702/3556 3803/3690/3544 3804/3684/3538
f 4052/3703/3557 1107/3724/3578 3836/3704/3558
f 1254/3695/3549 1095/3708/3562 3820/3705/3559
f 3817/262/262 3810/3970/3811 3808/3707/3561
f 1096/234/234 3820/3705/3559 1095/3708/3562
f 1096/234/234 1097/3964/3805 1251/3709/3563
f 3812/3698/3552 3838/3736/3590 3840/3710/3564
f 3824/3702/3556 1098/1111/1111 1255/3697/3551
f 3839/1112/1112 1098/1111/1111 3824/3702/3556
f 3825/3712/3566 4018/3809/3661 1224/186/186
f 1253/3713/3567 1028/3571/3432 3760/3714/3568
f 1104/237/237 4055/236/236 1102/3716/3570
f 1102/3716/3570 5038/4783/4526 1100/3718/3572
f 4049/3719/3573 4053/263/263 3832/3720/3574
f 1292/3574/3435 3829/3965/3806 1103/3715/3569
f 1105/3722/3576 4054/5393/4982 1252/235/235
f 1283/3723/3577 3836/3704/3558 1107/3724/3578
f 3855/3726/3580 4052/3703/3557 3818/3727/3581
f 3819/3729/3583 4051/3731/3585 1108/3728/3582
f 1111/3730/3584 1110/3733/3587 4051/3731/3585
f 1118/3732/3586 1108/3728/3582 4051/3731/3585
f 1111/3730/3584 1109/3706/3560 3820/3705/3559
f 3834/3734/3588 1111/3730/3584 1251/3709/3563
f 3834/3734/3588 4044/894/894 1110/3733/3587
f 3837/3735/3589 3840/3710/3564 3838/3736/3590
f 2059/1113/1113 3852/3960/3801 3851/3738/3592
f 1446/742/742 811/4105/3927 1447/3739/3593
f 3844/899/899 1121/898/898 3847/3740/3594
f 1120/3741/3595 3846/3754/3608 4048/3742/3596
f 1121/898/898 1246/3737/3591 4934/3744/3598
f 3862/3745/3599 3847/3740/3594 4934/3744/3598
f 1113/3747/3601 4044/894/894 3834/3734/3588
f 4048/3742/3596 1106/3961/3802 1113/3747/3601
f 1114/3596/3456 3853/3959/3800 3849/3749/3603
f 3854/3750/3604 1116/3958/3799 1118/3732/3586
f 1245/893/893 3850/892/892 1244/3751/3605
f 1283/3723/3577 1117/3725/3579 1115/3752/3606
f 3855/3726/3580 1116/3958/3799 1115/3752/3606
f 1107/3724/3578 4052/3703/3557 3855/3726/3580
f 3858/3753/3607 1119/3955/3796 1241/900/900
f 3844/899/899 1112/895/895 4050/897/897
f 3846/3754/3608 1120/3741/3595 5037/3755/3609
f 4046/3757/3611 1121/898/898 1241/900/900
f 3866/905/905 3873/3952/3793 1240/3758/3612
f 1049/3615/3473 4039/241/241 1276/243/243
f 3876/909/909 3871/908/908 3870/3759/3613
f 1237/3761/3615 1238/5534/3619 3876/909/909
f 1237/3761/3615 1122/3760/3614 1124/3762/3616
f 3876/909/909 1238/5534/3619 4036/3764/3618
f 4035/3653/3507 4036/5386/3618 1238/3765/3619
f 1126/3767/3621 1131/3778/3631 3877/3768/3622
f 1126/3767/3621 1237/5535/3615 1125/3769/3617
f 4035/3653/3507 1127/3766/3620 3877/3768/3622
f 3877/3768/3622 3878/3951/3792 2060/3771/3624
f 1128/244/244 3878/3951/3792 4032/3772/3625
f 1265/3774/3627 1266/3666/3520 1233/3665/3519
f 3879/955/955 4037/957/957 4765/446/446
f 1130/3777/3630 1138/5402/4988 4032/3772/3625
f 4033/3770/3623 1125/3769/3617 3880/3779/3632
f 3882/3781/3634 1132/3784/3637 4031/245/245
f 3882/3781/3634 1232/3790/3643 1135/3783/3636
f 4028/3785/3638 3881/3773/3626 1139/3786/3639
f 1140/3788/3641 1232/3790/3643 3882/3781/3634
f 1140/3788/3641 3898/919/919 4027/3789/3642
f 3898/919/919 3897/921/921 1231/3791/3534
f 1232/3790/3643 4027/3789/3642 1141/3792/3644
f 1230/1194/1192 3890/1193/1191 1137/3793/3645
f 3889/249/249 3894/3946/3789 1230/1194/1192
f 1144/3794/3646 3893/5536/5049 1147/3795/3647
f 3895/3787/3640 3892/3796/3648 1229/3797/3649
f 1148/3799/3651 1225/3813/3665 3901/3800/3652
f 1149/3802/3654 1150/3804/3656 4022/248/248
f 1150/3804/3656 4021/4764/4508 2074/922/922
f 1151/3806/3658 3897/921/921 1146/920/920
f 3911/3808/3660 3908/3938/3781 4018/3809/3661
f 3910/3810/3662 3816/5391/4980 1154/3811/3663
f 1155/3812/3664 3903/3941/3784 1149/3802/3654
f 1156/3051/2944 1222/3935/3778 1223/3814/3666
f 1505/998/998 4206/3058/2950 1158/3816/3667
f 3913/3817/3668 4767/4877/4613 3914/3818/3669
f 1223/3814/3666 1222/3935/3778 3915/815/815
f 1220/3821/3672 4015/5411/4992 1219/3822/3673
f 1217/3824/3675 4768/3826/3677 4011/254/254
f 3925/3825/3676 1216/1115/1115 4834/1114/1114
f 3925/3825/3676 4011/254/254 4768/3826/3677
f 2064/3828/3679 4013/925/925 1221/3829/3680
f 4009/3830/3681 4008/3932/3775 3926/3831/3682
f 4010/3833/3684 4013/925/925 2064/3828/3679
f 1163/3835/3686 2065/3827/3678 3926/3831/3682
f 4003/3837/3688 5012/3924/3768 1211/3838/3689
f 1165/930/930 997/841/841 1164/843/843
f 3929/3482/3347 3707/3480/3345 997/841/841
f 3998/3840/3691 4004/3848/3699 4941/3841/3692
f 1165/930/930 3932/929/929 1168/3842/3693
f 3934/3843/3694 1170/3845/3696 1169/933/933
f 1170/3845/3696 4005/1119/1119 1174/3846/3697
f 1212/1118/1118 1166/3926/3770 4004/3848/3699
f 3934/3843/3694 3935/5414/4995 4005/1119/1119
f 4003/3837/3688 4001/3928/3772 4000/3850/3701
f 1168/3842/3693 3932/929/929 3936/3852/3703
f 1175/3853/3704 3944/3856/3707 5046/3854/3705
f 3932/929/929 1175/3853/3704 1176/3855/3706
f 3944/3856/3707 4192/5303/4923 3487/3172/3057
f 3945/260/260 1210/259/259 1177/3138/3026
f 1210/259/259 4187/3170/3055 867/3167/3052
f 3948/3857/3708 3942/3860/3711 3943/3858/3709
f 3942/3860/3711 3948/3857/3708 1207/261/261
f 3994/3861/3712 1178/3859/3710 3995/3862/3713
f 3946/3864/3715 1179/3867/3718 1183/3865/3716
f 3949/3866/3717 1209/3868/3719 1179/3867/3718
f 1209/3868/3719 3950/5537/3721 1184/3869/3720
f 3950/3870/3721 1209/3872/3719 1182/3871/3722
f 3948/3857/3708 3949/3866/3717 3946/3864/3715
f 3994/3861/3712 1182/3871/3722 1209/3872/3719
f 1184/3869/3720 3950/5537/3721 3499/3200/3081
f 3947/936/936 1180/935/935 3499/3199/3081
f 2193/1323/1318 1897/1333/1326 52/3874/1301
f 2450/1658/1636 2440/395/395 1803/394/394
f 235/36/36 224/35/35 222/1730/1686
f 4471/432/432 2567/5071/4753 2568/3875/1770
f 4461/3876/3723 2620/4399/4181 2614/1850/1807
f 432/3878/3725 439/1029/1029 1694/1028/1028
f 2765/3879/2058 2761/5538/2059 2773/2155/2093
f 458/2238/2174 1824/5002/4708 4399/3881/3727
f 4986/3882/3728 2881/4303/4093 2875/3883/3729
f 1663/3885/3731 2883/4308/4098 492/3886/3732
f 2898/2307/2240 2899/3890/3736 2904/3888/3734
f 1653/3889/3735 2915/2333/2264 2904/3888/3734
f 501/3891/3737 2924/2355/2283 4358/3892/3738
f 2906/3894/3740 908/980/980 3568/2335/2266
f 3040/2538/2459 1191/2530/2452 3038/3895/3741
f 3044/3896/2464 1591/5539/335 3043/2539/2460
f 598/334/334 600/336/336 4320/3897/3742
f 4721/714/714 3268/995/995 3263/3898/3743
f 826/3899/3744 4205/3070/2960 4204/3069/2959
f 2035/194/194 1499/2856/2760 830/3900/3745
f 1429/3116/3005 5013/5302/4922 1199/3902/3747
f 3472/760/760 3484/774/774 4188/773/773
f 4157/2334/2265 3568/2335/2266 3577/3311/3184
f 1372/3343/3215 3596/210/210 3598/3905/3750
f 1335/3435/3300 3662/3447/3312 3671/3443/3308
f 3673/3908/3753 988/3449/3314 1204/3909/3754
f 4773/3911/3756 3694/4036/3866 3678/3471/3336
f 4000/3850/3701 4001/3928/3772 1213/3912/3757
f 1002/3498/3363 3715/4025/3858 2054/3913/848
f 1013/3522/3386 3733/850/850 3737/3525/3389
f 3798/3915/3759 4057/3686/3540 3804/3684/3538
f 3813/891/891 4056/890/890 3841/3711/3565
f 3833/3916/3760 3991/5392/4981 3831/3917/3761
f 1214/3836/3687 3927/4773/4517 4007/3919/3763
f 1180/935/935 1208/934/934 3487/3172/3057
f 3995/3862/3713 3940/3922/3766 1176/3855/3706
f 5046/3854/3705 3993/5416/4997 1181/3863/3714
f 3941/3142/3030 3939/5415/4996 3942/3860/3711
f 3943/3858/3709 3996/3923/3767 3938/3921/3765
f 3936/3852/3703 1176/3855/3706 3940/3922/3766
f 3996/3923/3767 3939/5415/4996 4775/931/931
f 4010/3833/3684 1211/3838/3689 5012/3924/3768
f 1166/3926/3770 3928/3927/3771 4941/3841/3692
f 4005/1119/1119 1212/1118/1118 3933/3849/3700
f 1212/1118/1118 4002/1117/1117 1167/3484/3349
f 1167/3484/3349 3929/3482/3347 3928/3927/3771
f 4003/3837/3688 1206/3839/3690 4007/3919/3763
f 2073/3834/3685 1206/3839/3690 1211/3838/3689
f 3924/3929/3773 1160/4768/4512 4009/3830/3681
f 4013/925/925 4010/3833/3684 4006/3844/3695
f 3920/3930/3774 4014/954/954 1219/3822/3673
f 1159/3820/3671 5030/4771/4515 3920/3930/3774
f 4008/3932/3775 4009/3830/3681 3917/3933/3776
f 3914/3818/3669 4767/4877/4613 4834/1114/1114
f 3656/3426/3291 978/816/816 3915/815/815
f 4017/3936/3779 4774/3819/3670 3914/3818/3669
f 1339/3053/2945 3656/3426/3291 1222/3935/3778
f 3416/3937/3780 1224/186/186 4018/3809/3661
f 4019/3939/3782 3821/963/963 3907/962/962
f 1155/3812/3664 3832/3720/3574 3912/3940/3783
f 3908/3938/3781 3911/3808/3660 1226/251/251
f 3909/250/250 3899/252/252 1227/3042/2935
f 1227/3042/2935 3415/187/187 819/189/189
f 3909/250/250 3417/3942/3785 3416/3937/3780
f 1147/3795/3647 3893/5536/5049 4912/3943/3786
f 3904/3805/3657 2074/922/922 3905/924/924
f 3901/3800/3652 1225/3813/3665 1149/3802/3654
f 1154/3811/3663 1155/3812/3664 1225/3813/3665
f 1227/3042/2935 3899/252/252 1152/3945/3788
f 1140/3788/3641 4024/3798/3650 1146/920/920
f 1147/3795/3647 3896/3807/3659 1229/3797/3649
f 3894/3946/3789 1144/5406/3646 1145/1195/1193
f 4025/3947/3790 3886/5404/4989 3890/3948/1191
f 3887/3039/2933 2061/5405/4990 1143/3950/3791
f 4030/3782/3635 3881/3773/3626 4028/3785/3638
f 1140/3788/3641 4028/3785/3638 3895/3787/3640
f 1128/244/244 3881/3773/3626 4030/3782/3635
f 4033/3770/3623 1130/3777/3630 1131/3778/3631
f 1128/244/244 1129/246/246 2060/3771/3624
f 3878/3951/3792 3877/3768/3622 1131/3778/3631
f 1238/3765/3619 1237/5535/3615 1126/3767/3621
f 1123/907/907 1239/242/242 4039/241/241
f 3872/447/447 4765/446/446 4037/957/957
f 3868/3953/3794 3872/447/447 3873/3952/3793
f 3863/901/901 3862/3745/3599 3865/3746/3600
f 1241/900/900 1119/3955/3796 3843/3756/3610
f 3856/743/743 3842/896/896 1112/895/895
f 1119/3955/3796 1249/5394/4983 1248/3956/3797
f 4933/3957/3798 4041/959/959 4042/744/744
f 1108/3728/3582 1118/3732/3586 1116/3958/3799
f 1247/3748/3602 3834/3734/3588 3837/3735/3589
f 1110/3733/3587 4044/894/894 1245/893/893
f 3853/3959/3800 1242/5396/4985 3854/3750/3604
f 3852/3960/3801 3835/264/264 3848/902/902
f 4044/894/894 1113/3747/3601 1106/3961/3802
f 1102/3716/3570 4055/236/236 3846/3754/3608
f 1248/3956/3797 5038/4783/4526 1102/3716/3570
f 3857/958/958 3861/960/960 3845/3962/3803
f 3852/3960/3801 2059/1113/1113 3839/1112/1112
f 1097/3964/3805 3840/3710/3564 3837/3735/3589
f 1283/3723/3577 1042/3599/3459 4073/3584/3444
f 3845/3962/3803 4911/5395/4984 4049/3719/3573
f 3829/3965/3806 3833/3916/3760 3830/3918/3762
f 1101/3717/3571 1100/3718/3572 3827/3966/3807
f 817/184/184 818/5493/5044 4216/3968/3809
f 1096/234/234 1089/233/233 3822/3699/3553
f 1105/3722/3576 5040/3967/3808 3830/3918/3762
f 3808/3707/3561 4764/3678/3532 3906/961/961
f 1259/3969/3810 3808/3707/3561 3810/3970/3811
f 1260/3971/3812 3801/3677/3531 1089/233/233
f 4058/3688/3542 4059/3687/3541 3796/3972/3813
f 1268/229/229 1079/231/231 1088/3685/3539
f 1085/881/881 3791/880/880 1080/3654/3508
f 3793/3670/3524 1265/3774/3627 1134/3775/3628
f 1086/3671/3525 4763/4762/4506 3799/3973/3814
f 1261/964/964 1090/886/886 3989/3974/3815
f 1078/3975/3816 1077/1175/1173 1075/1177/1175
f 3789/3658/3512 1068/3659/3513 3784/3646/3500
f 3787/3662/3516 4062/3650/3504 1272/3647/3501
f 1068/3659/3513 3792/3661/3515 4762/3669/3523
f 1078/3975/3816 1072/910/910 1269/912/912
f 1079/231/231 1060/230/230 1061/3978/3819
f 3784/3646/3500 4064/3639/3493 1066/3638/3492
f 1065/3643/3497 4063/3644/3498 4930/3979/3820
f 3989/3974/3815 1090/886/886 1081/3675/3529
f 3783/3645/3499 3782/876/876 1070/3652/3506
f 3782/876/876 4066/875/875 1273/3983/3824
f 1065/3643/3497 1274/3633/3488 1059/3631/3486
f 1063/3637/3491 1059/3631/3486 4931/3632/3487
f 3778/266/266 3772/265/265 1060/230/230
f 1239/242/242 1273/5425/3824 4066/3626/875
f 1056/3636/3490 2055/5384/4974 4067/3985/3826
f 4067/3985/3826 4931/3632/3487 1054/3621/3478
f 1058/3634/3489 1057/3628/3483 4932/3622/3479
f 1056/3636/3490 3776/3623/3480 3775/3624/873
f 4071/3606/3466 3770/3604/3464 3771/3986/3827
f 3771/3986/3827 3770/3604/3464 3095/3614/3472
f 1046/3987/3828 1045/3990/3831 1284/3988/3829
f 1285/3593/3453 4072/3595/3455 1045/3990/3831
f 1044/3601/3461 1243/3600/3460 4043/3991/3832
f 3767/3597/3457 1284/3988/3829 3769/3992/1176
f 3765/270/270 1036/5496/966 1287/3582/965
f 1029/3994/3834 4076/5380/4972 1291/3580/3441
f 1029/3994/3834 4874/3575/3436 3752/3570/3431
f 1028/3571/3432 3827/3966/3807 1099/2885/2789
f 3757/3563/3425 5015/3998/3837 1295/3565/3426
f 1296/3996/3437 3755/3995/3835 1294/3567/3428
f 3755/3995/3835 1296/3996/3437 3754/3564/968
f 1303/272/272 1022/3547/3411 1298/3550/3413
f 1026/970/970 4075/969/969 1298/3550/3413
f 1299/868/868 4080/3572/3433 3752/3570/3431
f 4082/3554/3416 1301/885/885 1024/3556/3418
f 3751/3997/3836 4079/3566/3427 4083/3555/3417
f 5014/3528/3392 4083/3555/3417 5015/3998/3837
f 1027/3551/3414 1023/3529/3393 5015/3998/3837
f 3748/3544/3408 1018/4000/3838 4085/3999/3401
f 3747/3543/3407 3749/4003/3840 1018/4000/3838
f 4084/3546/3410 4085/3999/3401 1302/4001/3400
f 3987/4002/3839 3738/3524/3388 1307/3530/3394
f 3749/4003/3840 3747/3543/3407 1017/3542/3406
f 4088/4005/3842 4915/4004/3841 1017/3542/3406
f 1315/865/865 1309/3516/3381 1308/3553/3415
f 1016/4007/3844 4915/4004/3841 4088/4005/3842
f 3730/3515/3380 1010/3513/3378 1011/4008/3845
f 3302/2877/2781 1319/4014/3849 1009/4010/3846
f 3986/4012/3847 1322/3502/3367 3725/3511/3376
f 1319/4014/3849 5034/3506/3371 4093/3510/3375
f 3719/3497/3362 4094/3499/3364 1008/3503/3368
f 3986/4016/3847 1004/3495/3360 3714/4017/3851
f 1006/3507/3372 1004/3495/3360 3986/4016/3847
f 1003/3501/3366 5034/3506/3371 1320/4020/3853
f 3716/3492/3357 1005/857/857 1317/852/852
f 1003/3501/3366 3721/3505/3370 999/4021/3854
f 4962/4023/3856 3718/4018/3852 3714/4017/3851
f 3715/4025/3858 3719/3497/3362 4962/4026/3856
f 1590/2546/2467 4320/3897/3742 3712/4024/3857
f 1001/3494/3359 4961/2555/2474 3712/4024/3857
f 4096/4022/3855 998/3491/3356 1324/4028/3859
f 4320/4029/3742 600/2548/336 3050/849/849
f 3048/4030/3860 4321/2556/2475 998/3491/3356
f 995/3472/3337 1328/3478/3343 3705/3479/3344
f 994/973/973 3695/972/972 4104/3468/3333
f 3693/3463/3328 3689/3465/3330 3691/3469/3334
f 2072/971/971 3700/1108/1108 4105/4033/3863
f 4106/4034/3864 990/3460/3325 3688/3462/3327
f 3682/3457/3322 3692/837/837 3681/4035/3865
f 4115/3440/3305 3678/3471/3336 3694/4036/3866
f 3673/3908/3753 4111/830/830 3672/829/829
f 4110/3438/3303 3674/3439/3304 3675/832/832
f 3675/832/832 4855/834/834 987/3910/3755
f 4108/3459/3324 4111/830/830 3673/3908/3753
f 985/831/831 4111/830/830 989/3458/3323
f 4328/4037/3867 4117/3442/3307 3670/3444/3309
f 1334/828/828 3676/827/827 980/3433/3298
f 3016/2500/2422 3017/2518/2440 3661/3907/3752
f 4097/3452/3317 4114/3451/3316 4118/2508/2430
f 1339/3053/2945 1506/3052/2728 977/4039/3869
f 3653/4040/3870 3652/4873/4609 1340/4041/3871
f 976/812/812 977/4039/3869 3647/4043/3873
f 3649/3414/3279 3641/219/219 971/218/218
f 964/4045/3875 1347/280/280 968/282/282
f 967/217/217 3641/219/219 963/3403/3269
f 3631/3392/3258 3636/3406/3272 958/3404/3270
f 953/4047/3877 3635/3389/3256 1353/288/288
f 943/4048/3223 3631/3392/3258 3630/3390/3257
f 3629/4049/3878 3628/5428/5004 941/3370/3237
f 949/4050/3879 3617/3364/3232 951/4051/3880
f 949/4050/3879 4129/3386/3253 4130/3384/3251
f 2051/4053/3882 3607/5350/802 3609/4054/804
f 3620/3372/3239 948/3361/3229 3611/3363/3231
f 3624/3400/3266 945/2791/2701 3623/3378/3245
f 4134/3374/3241 3214/2707/2620 3620/3372/3239
f 1360/3359/3227 1359/3360/3228 954/290/290
f 941/3370/3237 3628/5428/5004 4135/4058/3886
f 944/4059/810 2050/4062/3889 931/4060/3887
f 944/4059/810 1361/5531/809 938/3351/3222
f 1374/3333/3205 4883/3353/3224 1368/294/294
f 1367/800/800 934/3242/3121 933/3347/3219
f 933/3347/3219 4143/3340/3212 1375/3342/3214
f 3605/4057/3885 4141/4061/3888 4144/3338/3210
f 3601/3906/3751 1378/4757/4501 931/4060/3887
f 1373/3335/3207 4145/3344/3216 1374/3333/3205
f 3600/3348/3220 1375/3342/3214 926/3309/3182
f 918/4063/3890 3597/5341/4947 3594/209/209
f 3584/3313/3185 3585/4065/3892 4148/205/205
f 921/3325/3197 3570/3324/3196 918/4063/3890
f 922/3314/3186 1203/3301/3176 3589/3318/3190
f 3585/4065/3892 3584/3313/3185 1388/3303/3178
f 917/4066/3893 1382/5430/5006 5016/4067/3894
f 3581/4068/3895 4754/5339/4945 1377/3336/3208
f 4355/4069/295 3583/3312/3171 5022/4070/3896
f 2049/3292/296 4355/4069/295 3579/3329/3201
f 3572/4071/3897 913/4072/3898 914/2360/2284
f 913/4072/3898 3572/4071/3897 3571/4073/3899
f 1384/3306/3180 4150/3305/3179 4155/4074/2281
f 1387/2359/2286 1203/3301/3176 922/3314/3186
f 3572/4071/3897 922/3314/3186 4151/3316/3188
f 2921/2345/2274 911/2336/2267 910/3299/3174
f 4158/4075/3900 3560/5332/4941 1395/3263/3140
f 3562/3279/3156 1391/3278/3155 3557/3277/3154
f 4160/3265/3142 1393/5334/4942 3552/4076/3157
f 4170/330/330 3516/784/784 3520/786/786
f 1401/3221/3100 893/3232/3111 1400/3243/3122
f 4176/3231/3110 4180/3219/3098 4172/985/985
f 4177/779/779 4174/3236/3115 3510/4078/3902
f 4960/4079/3903 3508/3220/3099 4180/3219/3098
f 1403/298/298 1404/2157/2095 427/2159/2097
f 2777/82/82 416/84/84 4414/3210/2071
f 1406/4080/3904 2776/4350/4136 415/3206/3087
f 878/3195/3077 1408/3193/3075 1410/3204/3085
f 1179/3867/3718 1184/3869/3720 4967/4081/3905
f 880/4082/3906 4184/3171/3056 1415/3169/3054
f 3498/4083/3907 881/3196/3078 3496/3194/3076
f 879/3188/3071 1409/4084/3908 3496/3194/3076
f 865/4085/3909 3476/4087/3911 3477/767/767
f 3472/760/760 1422/762/762 3491/3153/3039
f 3467/200/200 1419/3146/3034 3466/3149/3037
f 3465/3165/3014 865/5526/3909 868/3173/3058
f 1417/3160/3046 4191/3161/3047 864/4086/3910
f 865/4085/3909 3465/3125/3014 860/3126/3015
f 3471/4088/3912 862/5434/5009 3483/3166/3051
f 3470/3155/3041 4877/5306/4925 3460/4090/3914
f 4197/3114/3003 1421/3124/3013 860/3126/3015
f 3481/4092/763 4200/3112/3001 3453/3135/3023
f 857/3076/2965 3460/5525/3914 4195/3131/3019
f 846/3107/2996 3458/3115/3004 853/3121/3010
f 844/3106/2995 852/3120/3009 3455/3109/2998
f 1433/3091/2980 842/3102/2991 841/3089/2978
f 835/3081/2970 3455/3109/2998 3452/3095/2984
f 4784/3901/3746 830/3900/3745 4202/4093/3915
f 844/3106/2995 835/3081/2970 1435/3080/2969
f 1434/3090/2979 841/3089/2978 843/3104/2993
f 831/996/996 836/3110/2999 4202/4093/3915
f 728/2849/2753 832/5291/4915 836/3110/2999
f 3435/3075/2964 829/309/309 3440/4094/3916
f 5045/3074/2963 3435/3075/2964 3438/4095/3917
f 3437/305/305 1436/304/304 3438/4095/3917
f 3437/305/305 3470/3155/3041 857/4091/2965
f 827/3062/2954 4205/3070/2960 3428/4096/3918
f 4205/3070/2960 826/3899/3744 3427/4097/3919
f 3920/3930/3774 3919/3056/2948 4981/3055/2947
f 1439/4098/3920 3427/4097/3919 824/190/190
f 4273/697/697 3977/699/699 4207/192/192
f 3428/4096/3918 4205/3070/2960 1439/4098/3920
f 4207/192/192 3423/5294/4917 3422/4099/3921
f 3419/3048/2941 823/5521/4916 3426/3067/2955
f 822/310/310 3231/695/695 3419/3048/2941
f 3417/3942/3785 819/189/189 816/4100/3922
f 813/4101/3923 1444/1182/1180 1442/1181/1179
f 3412/4102/3924 1236/3776/3629 3411/4103/3925
f 3406/3025/2920 1447/3739/3593 811/4105/3927
f 811/4105/3927 4215/5280/4904 3405/3031/2926
f 3400/3019/2914 2057/4782/4525 1449/4106/3928
f 3406/3025/2920 3401/3033/2928 1448/4107/3929
f 1456/3006/2901 791/3011/2906 4220/3012/2907
f 4227/2993/2888 3393/5277/4901 4221/3022/2917
f 1099/2885/2789 3827/3966/3807 5039/4108/3930
f 3387/2971/2866 799/2994/2889 800/741/741
f 4208/4109/3931 3414/3038/748 4229/4110/2863
f 4208/4109/3931 3385/4111/3932 3386/4112/3933
f 1463/3002/2897 2031/3003/2898 4226/2986/2881
f 3380/179/179 4234/178/178 2030/2961/2857
f 5021/4114/3935 1463/3002/2897 2030/2961/2857
f 3378/4115/3936 4235/5274/4899 1462/2969/2864
f 1469/4116/3937 781/2963/2859 773/4117/3938
f 1469/4119/3937 771/2957/177 778/2980/2875
f 1471/4121/3941 775/174/174 770/173/173
f 1471/4121/3941 4234/178/178 3376/2972/2867
f 777/180/180 4232/2973/2868 3376/2972/2867
f 4963/2975/2870 1472/4124/3944 3366/2942/2841
f 774/2962/2858 4233/4729/4476 4734/4122/3942
f 3373/2984/2879 3370/171/171 4730/4123/3943
f 3371/2952/2850 4880/2930/2831 767/2953/2851
f 3358/2941/2840 738/725/725 4731/724/724
f 3363/733/733 3357/2934/2835 1474/170/170
f 1473/2943/2842 765/2918/2821 3352/2920/2823
f 1476/2940/2839 4726/2866/2770 738/725/725
f 3351/2924/2826 3349/5435/2837 4241/2911/2815
f 764/2921/2824 1478/167/167 3348/166/166
f 763/2919/2822 758/5270/2816 1479/4125/3945
f 3350/2922/2825 4907/2926/2828 754/728/728
f 1479/4126/3945 758/2912/2816 4240/4127/3946
f 745/315/315 749/2905/2809 4240/4127/3946
f 747/2906/2810 4242/2899/2803 1483/4129/3948
f 3333/2894/2798 4244/2896/2800 1483/4129/3948
f 4881/4128/3947 3331/4136/3955 1482/313/313
f 3341/4131/3950 757/5271/4896 3334/4132/3951
f 3337/2900/2804 3334/4132/3951 1481/4133/3952
f 1482/313/313 3331/4136/3955 4923/4134/3953
f 1481/4133/3952 4246/5104/4774 741/4135/3954
f 741/4135/3954 2627/4138/3957 4244/2896/2800
f 746/4130/3949 1483/4129/3948 4923/4134/3953
f 740/4137/3956 1483/4129/3948 4244/2896/2800
f 4454/1871/1827 3323/158/158 3327/157/157
f 4906/4140/3959 297/317/317 742/316/316
f 1486/4141/3960 3322/5540/5048 3269/4142/3961
f 1561/2839/2743 639/4209/4016 718/2846/2750
f 3313/2881/2785 739/2883/2787 3301/991/991
f 1490/4144/2782 1489/990/990 3299/989/989
f 1493/4146/3963 3296/718/718 3294/720/720
f 733/4148/3964 735/4862/4598 2027/443/443
f 3289/4150/3966 3304/721/721 3291/4151/3967
f 3283/4153/2768 3292/5245/4880 3285/4154/3969
f 3250/2631/2546 4249/2838/2742 4725/4156/3970
f 2071/4158/3972 4722/4859/4595 3275/4159/3973
f 3265/4160/3974 1498/3085/2974 729/3087/2976
f 4101/840/840 721/5235/4873 4099/842/842
f 2083/2843/2747 717/5417/4998 2070/4161/3975
f 719/711/711 2083/2843/2747 1500/712/712
f 637/4162/3976 716/5232/4870 1501/4163/3977
f 715/3476/3341 3256/2840/2744 3258/2842/2746
f 4895/2630/2545 635/2627/2542 3106/2636/2551
f 3305/2873/2777 3312/4725/4473 3252/3475/3340
f 4265/4165/3979 4719/5231/4869 3251/4166/3980
f 4720/4168/3982 3247/4803/4545 3248/2832/2736
f 712/4167/3981 4267/4171/3985 4717/4169/3983
f 712/4167/3981 3246/4214/4021 4266/4170/3984
f 2420/1579/1559 162/1582/1562 3243/704/704
f 4206/3058/2950 1505/998/998 3239/997/997
f 3238/2823/2727 4270/2817/2723 1508/2818/2724
f 1508/2818/2724 3227/5227/2720 1507/319/319
f 707/4172/3986 1197/702/702 4271/701/701
f 703/2813/2721 705/2812/2717 4271/4173/701
f 4273/697/697 4274/4175/3988 3234/4174/3987
f 4274/4175/3988 4273/697/697 3421/191/191
f 701/694/694 3233/696/696 3232/4177/3990
f 697/2805/2714 1514/2799/2709 1195/2801/2710
f 3221/4178/3991 3218/5541/3996 693/4179/3992
f 3984/4181/3994 3647/4043/3873 3222/4182/3995
f 3222/4182/3995 4276/5224/4865 3221/4178/3991
f 1514/2799/2709 695/2796/2706 1518/2795/2705
f 693/4179/3992 3218/5541/3996 1519/4184/2700
f 691/2785/2696 3215/2793/2703 3217/2792/2702
f 3205/2773/2684 683/2768/2679 3212/2776/2687
f 3214/2707/2620 4134/3374/3241 687/2774/2685
f 3210/685/685 1520/5440/5011 3213/2777/2688
f 4282/2766/2677 685/2772/2683 3206/4186/3997
f 1526/439/439 3196/2760/2671 4282/2766/2677
f 684/2770/2681 3201/322/322 3195/324/324
f 4998/2759/2670 1525/2764/2675 1522/4188/3999
f 3976/4189/4000 2021/5220/4861 3255/2836/2740
f 3192/2753/2664 3189/2755/2666 3188/2750/2661
f 4287/4190/2655 3190/682/682 4286/684/684
f 3186/4191/4001 2127/4714/4463 675/2748/2659
f 3179/1005/1005 3182/1004/1004 4714/4192/4002
f 672/2738/2649 1/1583/1563 1533/1581/1561
f 3174/2740/2651 677/680/680 674/681/681
f 3173/4193/4003 2085/148/148 3557/3277/3154
f 3166/672/672 670/2728/2639 3170/2729/2640
f 3167/2722/2634 4298/2731/2642 1535/4194/4004
f 3974/4196/1011 666/2716/1010 3160/2717/2629
f 3162/2724/2636 3159/1009/1009 662/2709/2622
f 665/2708/2621 3152/2697/2610 1539/4198/4006
f 1538/2718/2630 1539/4198/4006 1540/4197/4005
f 656/2692/2605 4707/2664/2579 660/258/258
f 3151/2702/2615 661/2701/2614 3155/2700/2613
f 3152/2697/2610 1542/257/257 655/256/256
f 659/4200/2603 3974/4196/1011 1540/4197/4005
f 1539/4198/4006 4303/145/145 3145/147/147
f 3149/4201/4008 4304/4205/4012 3142/3240/3119
f 657/2761/2672 3138/4204/4011 3149/4201/4008
f 3138/4204/4011 1545/2682/2597 4304/4205/4012
f 1541/4199/4007 4844/2713/2626 2014/2703/2616
f 3141/2684/2599 3142/3240/3119 4304/4205/4012
f 3140/2685/2600 1544/2681/2596 3970/2683/2598
f 3140/2685/2600 3139/2680/2595 2043/2696/2609
f 4305/4206/4013 3135/2676/2591 3139/2680/2595
f 652/2763/2674 3128/5202/4848 3138/4204/4011
f 3132/2668/2583 3126/2658/2573 3134/143/143
f 4303/145/145 654/2698/2611 651/2673/2588
f 3970/2683/2598 1545/2682/2597 5001/2652/2567
f 3971/2686/2601 3129/2655/2570 1549/2654/2569
f 2009/668/668 3121/2657/2572 3124/2661/2576
f 3118/4208/4015 2010/5194/4843 645/2650/2565
f 640/2844/2748 718/2846/2750 639/4209/4016
f 637/4162/3976 4264/4164/3978 3109/4211/4018
f 1558/4213/4020 1559/2638/2553 3107/2635/2550
f 1559/2638/2553 640/2844/2748 638/4210/4017
f 1560/2632/2547 3108/4212/4019 3107/2635/2550
f 3246/4214/4021 3249/5193/4842 633/2623/2538
f 3102/663/663 4309/665/665 3105/2624/2539
f 3088/4216/3467 626/2610/2526 625/2612/2525
f 623/4218/4023 1565/4220/2528 3090/4219/4024
f 1565/4220/2528 623/4218/4023 1568/2603/2522
f 621/1017/1017 622/2608/2524 3079/2598/2517
f 3089/3605/3465 3077/4223/4026 619/133/133
f 617/2551/2470 3069/2592/2511 1567/4222/4025
f 1567/4222/4025 3069/2592/2511 3073/2588/2507
f 3077/4223/4026 3089/3605/3465 3082/1016/1016
f 3078/4224/4027 630/5192/4841 620/3603/3463
f 614/659/659 619/133/133 3077/4223/4026
f 3068/2590/2509 3070/2585/2504 3075/2593/2512
f 610/129/129 1576/128/128 3072/134/134
f 4315/2587/2506 3062/5180/4830 1578/331/331
f 3071/2591/2510 3045/2550/2469 3042/4225/4028
f 608/2578/2497 1577/124/124 1574/130/130
f 1576/128/128 1581/127/127 1580/2580/2499
f 607/4227/4030 3066/2586/2505 4317/125/125
f 4318/2568/2487 3061/2577/2496 3056/4228/4031
f 1582/2576/2495 3062/5180/4830 607/4227/4030
f 3032/2536/2457 3059/5173/4824 3060/655/655
f 605/2572/2491 2590/1832/1789 2591/1824/1784
f 5026/1830/1787 2590/1832/1789 605/2572/2491
f 3061/2577/2496 611/132/132 1586/2575/2494
f 4319/2562/2481 5025/2560/2479 1587/4229/4032
f 3056/4228/4031 603/5178/4828 3052/4230/4033
f 5003/2563/2482 3057/2566/2485 3052/4230/4033
f 4677/2558/2477 1974/5454/5019 602/2559/2478
f 3047/4231/4034 3048/4030/3860 1325/3488/3353
f 3046/2545/2466 599/5176/4827 3048/4030/3860
f 3038/4232/3741 3039/5174/4825 3041/2544/2465
f 598/334/334 4322/2547/2468 3043/4233/2460
f 3037/2534/2455 3969/2533/2454 1191/2530/2452
f 3033/1058/1058 3036/5516/2462 3035/4234/2461
f 1592/4235/4035 2963/4260/4056 2456/115/115
f 2962/4236/4036 550/1020/1020 543/4237/4037
f 543/4237/4037 3031/4240/4040 596/4238/4038
f 596/4238/4038 196/1638/1618 2448/117/117
f 4327/2527/2449 3027/114/114 4916/4239/4039
f 1594/112/112 3027/114/114 3028/2526/2448
f 3030/1627/1607 3968/113/113 1594/112/112
f 174/524/524 2427/2524/2446 592/2523/2445
f 1595/2521/2443 3028/2526/2448 593/343/343
f 1596/1612/1592 591/518/518 1595/2521/2443
f 589/2520/2442 1596/1612/1592 590/2522/2444
f 1600/4241/4041 586/2515/2437 1389/4242/4042
f 3024/4243/4043 4904/3432/3297 982/3437/3302
f 578/107/107 3004/106/106 3660/822/822
f 576/2490/2412 1600/4241/4041 1599/4245/4045
f 4331/4246/4046 586/2515/2437 1600/4241/4041
f 499/2343/2259 1599/4245/4045 1600/4241/4041
f 498/631/631 1605/2460/2382 1599/4247/4045
f 583/4248/4047 585/4251/4050 1602/4249/4048
f 578/107/107 4329/821/821 585/4251/4050
f 4330/2506/2428 3018/5172/4823 1597/4252/4051
f 3000/2496/2418 2999/110/110 570/109/109
f 4335/4253/2411 1599/4247/4045 1605/2460/2382
f 2987/2453/2375 3003/2511/2433 1608/4254/4052
f 2989/2467/2389 2995/104/104 566/103/103
f 567/4255/2393 2983/2444/2366 4873/2442/2364
f 562/2456/2378 2981/2455/2377 1614/2439/2362
f 1616/2463/2385 563/2454/2376 562/2456/2378
f 2974/4257/4053 1621/5164/4055 558/2451/2373
f 2969/2443/2365 555/2417/2343 2966/2416/2342
f 557/643/643 555/2417/2343 2969/2443/2365
f 557/643/643 556/642/642 2971/2449/2371
f 556/642/642 2977/641/641 4341/2445/2367
f 1618/4258/4054 1619/2425/2351 553/2419/2345
f 1621/4259/4055 550/1020/1020 2962/4236/4036
f 1623/2423/2349 2967/2415/2341 551/2424/2350
f 548/4261/4057 2959/2413/2339 1623/2423/2349
f 2951/2391/2317 544/1018/1018 1620/2406/2332
f 4343/2278/2212 2860/2276/2210 4694/4262/4058
f 2960/638/638 2955/4267/4062 1624/2418/2344
f 2958/2412/2338 2965/2410/2336 4974/4263/4059
f 1620/2406/2332 544/1018/1018 550/1020/1020
f 541/1019/1019 3031/4240/4040 543/4237/4037
f 1593/116/116 2456/115/115 2963/4260/4056
f 2950/4265/4060 1629/2394/2320 2954/4266/4061
f 1627/2411/2337 2955/4267/4062 545/2399/2325
f 1627/2411/2337 2959/2413/2339 548/4261/4057
f 4348/4268/4063 1632/98/98 542/97/97
f 4349/2384/2310 535/340/340 1632/98/98
f 4347/2395/2321 2002/5159/4814 2944/2386/2312
f 2952/4269/4064 1625/2392/2318 542/97/97
f 1633/2388/2314 2946/2381/2307 537/337/337
f 2947/338/338 537/337/337 2945/2387/2313
f 2942/2383/2309 2945/2387/2313 537/337/337
f 1631/2390/2316 540/2385/2311 2940/4270/4065
f 535/340/340 4349/2384/2310 534/96/96
f 531/2373/2299 529/5515/5046 2946/2381/2307
f 593/343/343 4327/2527/2449 4350/4271/4066
f 2798/2181/2118 517/1023/1023 1635/2370/2296
f 524/2379/2305 1636/2369/2295 519/4273/4068
f 1634/2378/2304 1631/2390/2316 525/2377/2303
f 530/2382/2308 529/5515/5046 521/2372/2298
f 4702/4274/4069 2936/2375/2301 2933/4275/4070
f 2933/4275/4070 2938/5156/4811 513/2365/2291
f 1726/1984/1938 353/1030/1030 2700/1032/1032
f 3025/648/648 2934/647/647 2927/4277/4072
f 590/2522/2444 520/2371/2297 1640/649/649
f 3569/3300/3175 4353/2358/2285 506/4279/4074
f 1645/2324/2255 914/2356/2284 913/4280/3898
f 501/3891/3737 1645/2324/2255 4354/4281/4075
f 1646/2353/2282 5042/4282/4076 4358/3892/3738
f 1646/2353/2282 2923/2350/2279 505/2349/2278
f 1389/4242/4042 2916/2514/2436 909/4283/4077
f 496/944/944 503/943/943 908/980/980
f 4355/295/295 2001/297/297 2915/2333/2264
f 502/4284/4078 2902/627/627 4359/1168/1166
f 4357/634/634 2902/627/627 502/4284/4078
f 2913/351/351 2912/632/632 505/2349/2278
f 1999/4285/2242 1649/5154/4810 1654/4286/4079
f 1655/945/945 496/944/944 2897/4288/4080
f 2899/3890/3736 491/4296/4086 4361/3887/3733
f 2888/2313/2228 497/2312/2244 2905/4289/4081
f 490/2310/2243 1659/2306/2239 2898/2307/2240
f 1659/4291/2239 490/4287/2243 1654/4286/4079
f 2091/4292/4082 4699/4695/4448 2885/4293/4083
f 4366/4294/4084 2885/4293/4083 4365/2301/2235
f 2892/2321/2252 1662/624/624 2891/623/623
f 1660/2298/2232 2887/2297/2231 1189/4295/4085
f 4697/4297/4087 4699/4695/4448 2091/4292/4082
f 2877/2289/2223 2878/2292/2226 4370/625/625
f 483/4299/4089 2980/948/948 561/4300/4090
f 4371/4302/4092 4368/4696/4449 2884/4301/4091
f 2881/4303/4093 1189/4295/4085 2887/2297/2231
f 2880/4305/4095 481/353/353 1666/352/352
f 2877/2289/2223 2872/4316/4106 1668/4307/4097
f 2883/4308/4098 1663/3885/3731 4986/3882/3728
f 4378/2293/2227 2878/2292/2226 1668/4307/4097
f 1668/4307/4097 2862/2272/2206 4380/4310/4100
f 477/2087/2032 401/618/618 394/2066/2013
f 4384/2274/2208 476/4851/4587 1992/4311/4101
f 2864/4312/4102 4379/4309/4099 4380/4310/4100
f 4380/4310/4100 2862/2272/2206 2858/2266/2200
f 4381/4314/4104 473/4323/4113 4385/4315/4105
f 2855/2260/2194 2845/2256/2191 4391/4317/4107
f 2867/2281/2215 2868/2282/2216 1671/2270/2204
f 1988/4319/4109 4389/2265/2199 470/4320/4110
f 2857/4322/4112 4385/4315/4105 473/4323/4113
f 4692/4325/4115 2847/4329/4119 4388/4326/4116
f 4387/4328/4118 4997/4683/4437 2092/4321/4111
f 469/2398/2324 2851/4820/4561 2847/4329/4119
f 2827/2202/2139 454/2201/2138 2839/4331/4121
f 2835/2246/2182 2837/5511/4799 468/4332/4122
f 2829/4333/4123 2828/4776/4520 456/1026/1026
f 465/1025/1025 2849/2264/2198 464/2261/2195
f 2827/2202/2139 4391/4317/4107 2838/2199/2136
f 467/2252/2187 462/2247/2183 2835/2246/2182
f 4393/4334/2177 1984/2243/2179 4691/4335/4124
f 4691/4335/4124 2093/5138/4798 2832/2217/2154
f 2832/2217/2154 1825/1543/1526 4661/1544/1527
f 4792/4337/4125 4407/4671/4425 4687/2209/2146
f 2805/2171/2108 4401/609/609 2806/2233/2170
f 1687/2196/2133 2805/2171/2108 453/2198/2135
f 2824/2232/2169 2825/2231/2168 2826/611/611
f 4971/1534/1517 2811/2189/2126 2813/2191/2128
f 2812/2220/2157 2814/2039/1987 1719/2040/1988
f 2794/2206/2143 4407/4671/4425 4406/2187/2124
f 441/2174/2111 2807/2173/2110 4397/4339/4127
f 2803/2192/2129 446/4340/4128 2800/605/605
f 446/4340/4128 2803/2192/2129 2802/2194/2131
f 4403/436/436 2799/438/438 2797/2216/2153
f 2807/2173/2110 2786/4345/4133 5004/4341/4129
f 439/1029/1029 432/3878/3725 440/610/610
f 2805/2171/2108 1687/2196/2133 2804/2185/2122
f 4853/2184/2121 436/2169/2106 438/2183/2120
f 3965/2170/2107 4684/5133/4793 447/607/607
f 446/4340/4128 443/5134/4794 2791/87/87
f 433/4344/4132 4683/4879/4615 5004/4341/4129
f 1693/2163/2100 1692/2164/2101 2785/4346/4134
f 437/2182/2119 1695/597/597 431/596/596
f 432/3878/3725 330/1935/1889 4409/2172/2109
f 2782/1190/1188 2659/2165/2102 1694/1028/1028
f 427/2159/2097 2778/2158/2096 2774/2134/2076
f 421/4347/2072 418/5542/2073 419/4348/4135
f 419/4348/4135 417/83/83 2777/82/82
f 2769/4349/2069 2760/4351/367 415/3206/3087
f 2760/4351/367 2765/3879/2058 2772/3880/3726
f 4416/2120/2064 2754/5126/4790 2755/4352/4137
f 409/2128/2070 1701/2105/2049 1705/2098/2042
f 2755/4352/4137 404/2094/2038 4415/4353/4138
f 4418/368/368 2760/367/367 409/2128/2070
f 404/2094/2038 2755/4352/4137 4420/2092/2037
f 397/2082/2028 4959/4357/4142 402/4354/4139
f 2746/2090/2035 2754/5126/4790 411/4355/4140
f 2749/4356/4141 2750/2073/2019 1705/2098/2042
f 393/2057/2004 2753/5125/4789 4959/4357/4142
f 3964/2100/2044 392/2078/2024 394/2066/2013
f 4422/4359/4144 2750/2073/2019 2749/4356/4141
f 4681/2104/2048 2748/2096/2040 4955/2077/2023
f 384/588/588 392/2078/2024 1980/2075/2021
f 1710/371/371 2744/370/370 390/2085/2030
f 1712/2054/2001 2740/2064/2011 1979/2021/1972
f 381/2067/69 386/591/591 2735/4361/4146
f 2737/372/372 4426/4364/4149 2731/4362/4147
f 2729/2047/1995 2724/5118/4783 2730/2062/2009
f 2728/64/64 4424/5120/4785 4429/4363/4148
f 4426/4364/4149 2737/372/372 1710/371/371
f 2734/2059/2006 2731/4362/4147 369/4365/4150
f 2726/4366/4151 376/4360/4145 366/2044/1992
f 2720/2026/1976 2714/2018/1969 365/2019/1970
f 1721/2032/1981 1722/2017/1968 4843/2016/1967
f 4431/4367/4152 2717/5117/4782 363/4368/4153
f 2708/581/581 363/4368/4153 367/4369/4154
f 2713/582/582 367/4369/4154 2721/4370/4155
f 3963/2015/1966 364/2014/1965 5049/4372/4157
f 366/2044/1992 2716/2028/1977 2712/2030/1979
f 361/2008/1959 4433/2007/1958 2714/2018/1969
f 2705/1997/1950 355/1994/1948 357/2002/1953
f 2703/4373/4158 4561/1450/1441 2305/4374/4159
f 356/4375/4160 2305/4374/4159 354/493/493
f 1727/1983/1937 352/1982/1936 350/1981/1935
f 1729/1977/1931 348/1978/1932 507/1988/1942
f 4435/62/62 507/1988/1942 1644/1975/1929
f 2657/1942/1896 2651/4389/4173 2691/1985/1939
f 2697/579/579 2696/1974/1928 2690/1965/1919
f 2695/1971/1925 2694/4376/4161 1977/63/63
f 4438/1967/1921 1977/63/63 4437/1968/1922
f 4439/1137/1137 2689/1970/1924 5005/1969/1923
f 340/1136/1136 2684/4378/4163 2689/1970/1924
f 2690/1965/1919 2689/1970/1924 2684/4378/4163
f 342/4379/4164 1742/1921/1875 2645/1920/1874
f 2094/1954/1908 337/4381/4166 2671/1951/1905
f 339/1135/1135 4441/5114/4780 4440/1957/1911
f 337/4381/4166 2094/1954/1908 2688/4377/4162
f 2671/1951/1905 337/4381/4166 1732/4383/4168
f 1733/1403/1394 2676/435/435 2675/1956/1910
f 1734/4384/4169 2270/4833/4572 2674/1404/1395
f 1732/4383/4168 336/1958/1912 1736/1949/1903
f 334/1946/1900 4937/1947/1901 2668/1948/1902
f 1874/1381/1372 334/1946/1900 335/1945/1899
f 2663/2166/2103 2662/601/601 4850/4385/4170
f 2656/59/59 2654/1938/1892 2657/1942/1896
f 321/1926/1880 323/572/572 322/574/574
f 1898/1305/1300 4446/4556/4321 327/1515/1501
f 2652/4387/1879 2658/4386/4171 4850/4385/4170
f 2647/1924/1878 4888/1922/1876 1741/1931/1885
f 1740/1939/1893 4446/4556/4321 1743/1914/1868
f 2648/4388/4172 317/1927/1881 2641/1042/1042
f 2651/4389/4173 1742/1921/1875 342/4379/4164
f 1745/1923/1877 1744/5543/4176 2646/4390/4174
f 2650/4391/4175 1746/1916/1870 2646/4392/4174
f 317/1927/1881 316/1911/1865 1747/1043/1043
f 2637/1909/1863 315/1910/1864 4447/1919/1873
f 2643/1960/1914 312/5107/4777 313/1900/1854
f 4451/1899/1853 312/5107/4777 309/4394/4177
f 302/1236/1233 2635/1895/1849 4936/1907/1861
f 1936/1898/1852 307/569/569 35/571/571
f 311/1906/1860 4910/1905/1859 2154/1235/1232
f 4612/1903/1857 1918/1275/1272 17/4395/4178
f 316/1911/1865 4611/1276/1273 4612/1903/1857
f 4452/1893/1847 304/1892/1846 306/570/570
f 305/1896/1850 4451/1899/1853 308/1894/1848
f 4454/1871/1827 1750/1870/1826 3325/1878/1833
f 4455/4396/4179 1751/1869/1825 4906/4140/3959
f 740/4137/3956 2627/4138/3957 2623/4397/4180
f 4461/4398/3723 2613/1861/1805 2619/1863/1819
f 2620/4399/4181 4460/1864/1820 2615/1851/1808
f 2605/4400/1804 1756/5096/4766 2611/565/565
f 278/376/376 1790/1696/1670 2480/4401/4182
f 2595/1840/1797 1757/377/377 284/1859/1816
f 279/378/378 2583/1820/1664 4925/1695/1669
f 2588/4403/430 2587/4405/4184 4467/1821/1781
f 2587/4405/4184 273/1811/1772 2586/1842/1799
f 4468/1841/1798 2586/1842/1799 2564/4406/4185
f 2582/4408/4187 2585/4407/4186 4474/4409/4188
f 1759/1837/1794 2580/1818/1779 2559/1817/1778
f 2552/1049/1049 2574/1048/1048 2593/4412/4191
f 2573/4414/4193 2551/1799/1760 2553/1801/1762
f 2575/4415/4194 4476/1798/1759 2551/1799/1760
f 271/1796/1757 2567/5071/4753 4471/432/432
f 270/122/122 2005/121/121 209/4417/4195
f 4473/1806/1767 1765/554/554 1763/556/556
f 2565/4418/4196 1764/1802/1763 261/4419/4197
f 4472/1807/1768 1763/556/556 2565/4421/4196
f 2546/1789/1751 2563/4424/4199 2564/4406/4185
f 2565/4421/4196 1763/556/556 2562/555/555
f 2585/4407/4186 2564/4406/4185 2563/4424/4199
f 2544/54/54 2554/5066/4749 272/4425/4200
f 263/4426/4201 2549/551/551 4481/1794/1755
f 263/4428/4201 4479/650/650 1762/652/652
f 2561/4429/4203 2528/4437/4209 260/1780/1742
f 2558/4410/4189 4474/4409/4188 4482/4430/4204
f 2553/1801/1762 2551/1799/1760 2539/45/45
f 1768/550/550 254/379/379 2550/381/381
f 2532/4431/383 258/4435/4207 2547/1788/1750
f 2545/4433/4205 2529/1784/1746 2530/4434/4206
f 2519/1778/1740 4988/1772/1735 2538/1773/1736
f 2518/1770/382 2529/1784/1746 258/4435/4207
f 1771/1779/1741 2528/4437/4209 2516/4436/4208
f 2527/1767/1732 2516/4436/4208 2528/4437/4209
f 2517/1756/1722 2518/382/382 4487/384/384
f 2521/547/547 1772/546/546 250/1762/1728
f 4490/1743/1711 231/1726/1695 238/388/388
f 2513/4439/4211 2523/44/44 2522/1759/1725
f 1776/1776/1738 4488/40/40 253/42/42
f 1778/539/539 2511/385/385 4988/1772/1735
f 243/1749/1715 1775/1755/1721 244/1735/1703
f 242/1731/1699 239/1732/1700 2514/4440/4212
f 4488/40/40 1776/1776/1738 1783/1737/1705
f 2497/1709/1680 231/1726/1695 2498/1165/1163
f 2495/1723/1692 1785/1721/1691 5006/1738/1706
f 2494/541/541 223/540/540 216/391/391
f 233/4442/1687 223/540/540 1778/539/539
f 221/1708/1679 2490/1700/1674 4995/4443/4214
f 216/1705/391 223/1719/540 2491/1720/1690
f 4497/4444/4215 1793/5046/4216 208/1689/1663
f 211/1693/1667 2479/5544/4736 2474/2531/2453
f 1790/1696/1670 208/5501/1663 1793/4445/4216
f 4498/535/535 205/4451/4222 4499/4447/4218
f 4500/1667/1644 1968/5036/4732 206/1691/1665
f 2459/1677/1653 2464/4449/4220 1794/4448/4219
f 2464/4449/4220 4503/1674/1650 1797/1675/1651
f 4503/1674/1650 2464/4449/4220 2459/1677/1653
f 2461/2528/2450 2460/1673/1649 205/4451/4222
f 1796/532/532 202/1678/1654 201/1684/1659
f 1798/1656/1634 2458/1641/1621 2462/4452/4223
f 2456/115/115 2447/1655/1633 2455/1061/1061
f 2460/1673/1649 2461/2528/2450 2457/1060/1060
f 202/1678/1654 203/5029/4727 2451/1659/1637
f 2449/396/396 2440/395/395 184/1065/1065
f 193/1647/1625 1802/1672/1648 4984/1671/1647
f 2458/1641/1621 4508/1063/1063 2095/4454/4225
f 2438/1625/1605 2437/29/29 187/1650/1628
f 2428/4456/1140 2434/4646/4403 175/4457/4227
f 174/524/524 2432/526/526 3030/1627/1607
f 1808/1621/1601 1810/519/519 170/1613/1593
f 2096/1624/1604 2429/1619/1599 172/1617/1597
f 4865/1608/1588 168/4459/4229 4980/1614/1594
f 2423/4458/4228 2096/1624/1604 168/4459/4229
f 2424/1611/1591 1812/1604/1584 4513/1606/1586
f 2423/4458/4228 166/1607/1587 5031/4460/4230
f 5031/4460/4230 166/1607/1587 1813/1609/1589
f 165/1602/1582 5020/4848/4584 171/4463/4233
f 1815/1599/1579 159/1146/1146 2417/1594/1574
f 2419/706/706 3242/708/708 4514/4465/4235
f 2294/488/488 1816/4653/4409 4897/4466/4236
f 2121/4467/4237 1966/1148/1148 2414/1147/1147
f 4668/1591/1571 158/4882/4618 2122/4469/4239
f 4990/4470/4240 4519/1585/1565 2410/4471/4241
f 4990/4470/4240 2412/1590/1570 2409/1586/1566
f 155/1577/1557 2401/4637/4397 3975/678/678
f 2387/1570/1550 2386/1565/1546 2391/4473/4243
f 4526/4475/4245 145/1555/1538 149/514/514
f 2340/4477/4247 152/4476/4246 149/514/514
f 2381/1549/1532 4532/1546/1529 1818/1559/1542
f 1818/1559/1542 1823/1540/1523 2384/1567/1548
f 2379/1545/1528 142/1478/1466 147/1551/1534
f 143/397/397 1827/399/399 2377/1547/1530
f 148/1561/1544 4527/5006/4711 4969/4478/4248
f 450/2219/2156 2373/1542/1525 1825/1543/1526
f 2378/1529/1066 3957/5003/1068 2380/4479/4249
f 5023/1533/1516 137/4482/4252 1185/4481/4251
f 137/4482/4252 4533/1532/1515 1830/1527/1511
f 2368/511/511 4658/510/510 1831/4483/4253
f 2351/4485/4254 2100/4990/4700 3956/4486/4255
f 2350/4488/1492 134/4487/1491 3956/4486/4255
f 2134/4490/4257 4818/4809/4551 4652/1159/1157
f 128/4492/4259 4543/1493/1481 4648/4493/4260
f 4802/4494/4261 1957/4968/4688 4901/4495/4262
f 2344/4496/4263 2334/4969/4689 2105/1087/1087
f 4544/1489/1477 1956/1484/1472 127/4497/4264
f 2338/1487/1475 2341/1486/1474 126/513/513
f 126/513/513 144/512/512 4914/1553/1536
f 2336/426/426 4644/1496/1484 4546/4499/4266
f 4425/4501/4268 125/4505/4272 3954/4502/4269
f 4425/4501/4268 4996/5119/4784 1840/4504/4271
f 124/1472/1460 122/4611/4373 2726/4366/4151
f 370/2035/1983 371/494/494 1843/496/496
f 137/4482/4252 1684/4999/4707 370/2035/1983
f 1841/497/497 119/1474/1462 1843/496/496
f 1851/21/21 116/5458/5021 2314/404/404
f 4556/4506/4273 4554/4964/4685 2114/4507/4274
f 2311/1457/1448 110/1456/1447 1849/4509/4276
f 4559/4510/4277 117/4605/4367 108/1453/1444
f 2309/492/492 114/1444/1435 2307/1458/1449
f 113/1461/1452 1851/21/21 111/4511/1432
f 2306/20/20 1853/1464/1443 111/4511/1432
f 1849/4509/4276 110/1456/1447 109/1454/1445
f 2305/4374/4159 3953/1446/1437 106/491/491
f 2303/4512/1440 107/1995/1439 2308/1459/1450
f 2303/1449/1440 111/1441/1432 2302/1443/1434
f 3097/4514/4279 104/5443/5013 2297/1440/1431
f 103/4516/4281 102/1433/1424 2291/1432/1423
f 1863/4517/4282 94/1418/1409 2285/428/428
f 1933/4518/4283 1863/4517/4282 93/486/486
f 90/4519/4284 2261/481/481 2276/483/483
f 4816/4521/4286 4870/5490/5041 4808/4522/4287
f 2252/1375/1366 2261/481/481 90/4519/4284
f 2258/4525/4290 2666/1943/1897 1915/1282/1279
f 83/1397/1388 4583/4936/4659 4582/4527/4292
f 2261/481/481 2251/1374/1365 4842/4528/4293
f 2246/1367/1358 1877/14/14 82/13/13
f 82/13/13 2157/1243/1240 4842/4528/4293
f 4593/4529/4294 4979/4533/4298 2237/4530/4295
f 2107/4532/4297 4590/476/476 2237/4530/4295
f 1878/1373/1364 1881/1376/1367 2243/4534/4299
f 4633/1383/1374 1948/4937/4660 2245/1359/1350
f 2236/4535/4300 2238/1368/1359 1879/1370/1361
f 1879/1370/1361 4586/1369/1360 2249/4537/4302
f 4849/4539/4304 4592/1207/1205 2235/4540/4305
f 4589/1362/1353 4588/478/478 78/1365/1356
f 1883/12/12 75/11/11 76/1363/1354
f 2231/474/474 1883/12/12 2243/4534/4299
f 2229/1355/1346 73/5462/5022 4631/4542/4307
f 2235/4540/4305 2223/4544/4309 2236/4535/4300
f 1945/4543/4308 2222/453/453 2223/4544/4309
f 1946/4545/4310 1887/4925/4649 2213/1356/1347
f 2199/4546/4311 4598/1340/1333 1940/4547/4312
f 2113/1341/1334 2198/5489/4316 2206/4549/4314
f 2205/4550/4315 2206/5466/4314 2198/4551/4316
f 1892/411/411 1895/1337/1330 4920/1329/1324
f 57/4553/4318 2191/1320/1315 136/4554/4319
f 4446/4556/4321 1898/1305/1300 2639/1304/1299
f 56/1326/1321 1893/1317/1312 4920/1329/1324
f 1899/1316/1311 1903/1311/1306 49/1308/1303
f 1899/1316/1311 1902/1314/1309 4606/412/412
f 1904/1293/1288 42/1288/1284 48/4557/4322
f 36/1245/1242 3951/460/460 1913/1283/1280
f 44/1296/1291 2187/1297/1292 4898/1309/1304
f 41/1290/1286 39/1289/1285 38/417/417
f 44/1296/1291 48/4558/4322 42/4559/1284
f 40/1287/1283 38/417/417 39/1289/1285
f 2190/4560/4323 5029/4908/4633 2177/1244/1241
f 2176/1280/1277 2174/4561/4324 34/1274/1271
f 2174/4561/4324 2176/1280/1277 1917/1279/1276
f 1919/1379/1370 85/4526/4291 1915/1282/1279
f 30/4562/4325 4992/5498/5045 1923/4563/4326
f 30/4562/4325 31/1273/1270 34/1274/1271
f 30/4562/4325 2174/4561/4324 2173/458/458
f 28/1277/1274 47/4903/4630 2168/4564/4327
f 1908/4565/4328 2164/4566/4329 2167/1267/1264
f 2164/4566/4329 25/4574/4337 2166/1264/1261
f 2164/4566/4329 1908/4565/4328 1911/4567/4330
f 1925/6/6 2179/1257/1254 1909/4568/4331
f 21/1213/1211 7/1217/1215 2145/2/2
f 20/1241/1238 2171/1261/1258 29/457/457
f 19/1242/1239 20/1241/1238 2156/459/459
f 1927/1891/1845 303/1890/1844 1748/1237/1234
f 4617/1238/1235 2155/1240/1237 19/1242/1239
f 16/1226/1224 4991/1263/1260 4613/4570/4333
f 1922/1269/1266 2168/4564/4327 2169/1259/1256
f 2165/4572/4335 9/4575/4338 4939/1218/1216
f 2148/4573/4336 10/1224/1222 2146/1268/1265
f 2165/4572/4335 2166/1264/1261 25/4574/4337
f 4618/1219/1217 4939/1218/1216 23/1251/1248
f 4938/1221/1219 2172/4902/4629 26/1265/1262
f 5036/4576/4339 4618/4896/1217 8/4577/4340
f 4619/1214/1212 2144/1216/1214 2/1160/1158
f 3973/2704/2617 3532/5325/4935 3526/3248/3127
f 1924/4579/4342 4992/5498/5045 45/1260/1257
f 2219/4581/4344 2220/4886/4622 2202/4582/4345
f 2209/4584/4347 2210/4915/4640 1891/4585/4348
f 1939/4586/4349 4624/4839/4575 4626/4587/4350
f 4623/4589/4352 1890/4834/4573 4625/4590/4353
f 4594/4591/4354 4624/4839/4575 2211/4592/4355
f 1944/4594/4357 2210/4915/4640 2209/4584/4347
f 4587/4595/4358 2244/1360/1351 2109/1352/1343
f 2234/8/8 2220/4886/4622 2253/4597/4360
f 2245/1359/1350 1948/4937/4660 2250/4598/4361
f 4577/4599/4362 2247/9/9 2253/4597/4360
f 4584/1387/1378 2108/1086/1086 1947/4600/1081
f 4940/4601/4363 1868/4943/4666 4905/1402/1393
f 4442/1410/1401 4443/1953/1907 89/1398/1389
f 1905/1318/1313 5029/4908/4633 2262/482/482
f 4671/4602/4364 4636/5460/408 2282/4603/4365
f 2122/4469/4239 2136/1426/1417 1858/1428/1419
f 100/1429/1420 5009/5491/5042 4565/1431/1422
f 4565/1431/1422 4564/1434/1425 2301/1435/1426
f 1846/400/400 4557/402/402 2313/1467/1456
f 2315/403/403 2319/405/405 4840/4606/4368
f 4555/422/422 2322/4610/4372 4909/4608/4370
f 4803/4609/4371 4642/4831/4570 4909/4608/4370
f 124/1472/1460 125/4505/4272 1840/4504/4271
f 2347/4612/4374 2101/1503/1490 4542/1492/1480
f 1958/4613/4375 2343/1089/1089 4643/1088/1088
f 4651/1072/1072 1960/1074/1074 2343/1089/1089
f 2101/1503/1490 2396/4617/4379 4525/4615/4377
f 2101/1503/1490 2350/1505/1492 4664/4616/4378
f 4537/4618/4380 1960/1074/1074 4653/1073/1073
f 2352/1511/1497 2355/503/503 1961/505/505
f 3120/669/669 4706/671/671 4538/4621/4383
f 4799/4623/4384 2120/4644/4402 2360/4624/4385
f 1963/4625/4386 1964/4996/4704 2362/1516/1502
f 1822/4626/1531 3957/1068/1068 1826/1067/1067
f 4531/4480/4250 4530/4629/4389 4662/4628/4388
f 4530/4629/4389 2389/5007/4712 4529/4630/4390
f 4663/4631/4391 2401/4637/4397 4770/4632/4392
f 153/4634/4394 2393/4826/4565 2397/4635/4395
f 4663/4631/4391 2395/25/25 3958/27/27
f 4666/4638/4398 4667/1574/1554 4523/4639/4399
f 4521/1006/1006 1531/1008/1008 2400/4641/1551
f 4771/4643/4401 4798/1413/1404 2360/4624/4385
f 4669/516/516 4771/4643/4401 2120/4644/4402
f 4518/4468/4238 2411/5024/4722 2098/515/515
f 1967/4645/1139 4511/5026/4724 2434/4646/4403
f 176/1644/30 2435/1643/1622 4890/4647/4404
f 1802/1672/1648 189/1645/1623 199/527/527
f 2463/4453/4224 210/1056/1056 2476/4649/4405
f 2471/1685/1660 213/4654/4410 4673/4650/4406
f 1969/4652/4408 4495/4655/4411 4897/4466/4236
f 213/4654/4410 1792/5035/4731 4495/4655/4411
f 1816/4653/4409 4675/4718/4467 4494/4656/4412
f 4989/1698/1672 1970/4850/4586 1971/4657/4413
f 3272/2889/2793 2484/538/538 2487/4658/4414
f 252/1765/1731 247/1764/1730 2524/1053/1053
f 4678/1046/1046 4465/5504/4765 2606/1846/1803
f 4459/4660/1812 4458/5099/4769 2617/4661/4416
f 2632/4663/4417 4458/5099/4769 3326/4664/4418
f 314/1908/1862 2643/1960/1914 315/1910/1864
f 2643/1960/1914 338/1959/1913 2645/1920/1874
f 2661/4666/4420 325/1936/1890 433/4344/4132
f 2269/4667/4421 2673/5472/5025 2268/4668/4422
f 389/2071/2017 387/2070/2016 4956/2058/2005
f 403/2110/2054 402/4354/4139 407/2116/2060
f 1405/3217/3096 4739/4869/4605 4741/4670/4424
f 4407/4671/4425 4682/599/599 2787/2168/2105
f 1690/2167/2104 4851/2180/2117 4404/2179/2116
f 4400/2236/2173 1685/4678/4432 2808/4672/4426
f 4400/2236/2173 448/4673/4427 4688/4674/4428
f 452/613/613 4394/2248/2184 4972/4675/4429
f 1680/1093/1093 1985/5137/4797 4397/4339/4127
f 455/2204/2141 4392/4680/4434 1680/1093/1093
f 2830/4676/4430 449/2214/2151 2809/2213/2150
f 1685/4678/4432 4400/2236/2173 2831/2235/2172
f 457/4679/4433 2830/4676/4430 2810/4677/4431
f 4392/4680/4434 464/2261/2195 2846/2263/2197
f 4389/2265/2199 465/1025/1025 2841/1024/1024
f 1673/4682/4436 1990/2273/2207 4997/4683/4437
f 4387/4328/4118 470/4320/4110 2842/2250/2185
f 4388/4326/4116 1673/4682/4436 2850/4684/4438
f 4386/4686/2205 1672/2269/2203 1987/363/363
f 1991/4687/4440 2068/4819/4560 2859/358/358
f 4695/360/360 2866/4689/4442 1674/4688/4441
f 1993/88/88 4384/2274/2208 1674/4688/4441
f 4378/2293/2227 2865/5144/4803 2873/356/356
f 4383/4690/4443 2972/946/946 480/4691/4444
f 4382/4692/4445 478/5142/4801 1667/4693/4446
f 4699/4695/4448 480/4691/4444 483/4299/4089
f 2873/356/356 4377/90/90 4698/89/89
f 1663/3885/3731 4361/3887/3733 491/4296/4086
f 4368/4696/4449 4369/2299/2233 4365/2301/2235
f 1658/2316/2247 493/2317/2248 494/2319/2250
f 494/2319/2250 2909/2326/2257 2925/2325/2256
f 546/2403/2329 2957/2405/2331 4346/2397/2323
f 2957/2405/2331 2069/639/639 2961/2277/2211
f 570/109/109 1190/111/111 2986/2450/2372
f 3014/2516/2438 3015/646/646 4117/3442/3307
f 1592/4235/4035 2457/1060/1060 2461/2528/2450
f 4314/3608/3468 3089/3605/3465 3770/3604/3464
f 3098/4697/4450 2300/4954/4677 2299/4698/4451
f 3098/4697/4450 2087/664/664 4791/1129/1129
f 3099/4699/4452 4309/665/665 2087/664/664
f 4266/4170/3984 3246/4214/4021 3101/4215/4022
f 3104/4700/4453 3103/2626/2541 4947/2625/2540
f 4536/1069/1069 2349/1071/1071 4538/4621/4383
f 3116/4701/4454 2100/4990/4700 2356/1509/1495
f 4537/4703/4380 1833/5545/4381 3119/4704/4456
f 4826/667/667 4655/504/504 4800/1091/1091
f 4708/2647/2562 5001/2652/2567 1192/4707/4459
f 4292/4709/2648 4712/2733/2644 4294/2734/2645
f 4712/2733/2644 4292/4709/2648 4291/4711/2647
f 4521/1006/1006 4667/1574/1554 4713/1575/1555
f 1527/2751/2662 678/2742/2653 4714/4192/4002
f 1528/2749/2660 4714/4192/4002 3182/1004/1004
f 3183/1098/1098 4284/2754/2665 4285/2752/2663
f 1527/2751/2662 3188/2750/2661 3189/2755/2666
f 3211/4713/4462 4280/687/687 3209/2789/2699
f 3211/4713/4462 1520/5440/5011 3210/685/685
f 3244/2828/2732 673/703/703 1530/676/676
f 3259/4715/4464 1499/2856/2760 4264/4164/3978
f 3277/4716/4465 4796/2858/2762 4718/4717/4466
f 4675/4718/4467 4718/4717/4466 4796/2858/2762
f 3272/2889/2793 3276/2901/2805 3335/2898/2802
f 4253/4719/4468 4254/5438/4470 2071/4158/3972
f 4253/4720/4468 3284/5546/442 3279/4721/4469
f 2027/443/443 4728/4863/4599 4726/2866/2770
f 4252/2869/2773 3286/2868/2772 2026/2870/2774
f 3287/993/993 3303/5256/4886 3310/4723/4471
f 3305/2873/2777 734/722/722 3304/721/721
f 3311/4724/4472 4248/5259/4889 3312/4725/4473
f 3315/4726/4474 3314/5262/1124 3318/4727/1123
f 3414/748/748 5000/750/750 4233/4729/4476
f 3385/4111/3932 782/2967/2862 4230/2991/2886
f 3390/4730/4477 4223/3015/2910 4230/2991/2886
f 2058/3963/3804 2075/3037/2932 3402/3013/2908
f 3409/4732/4479 4213/566/566 4212/1889/1843
f 3409/4732/4479 3410/4733/4480 4210/4104/3926
f 4766/4734/4481 4228/4113/3934 4735/4735/4482
f 1161/927/927 3456/5296/4919 4860/4736/4483
f 3449/3099/2988 4736/758/758 849/757/757
f 889/3215/3094 3515/783/783 2040/782/782
f 3529/1103/1103 3522/1102/1102 894/3237/3116
f 2042/1157/1155 4744/5433/5008 3513/4739/4486
f 900/4740/4487 3523/3249/3128 3519/4741/4488
f 4167/3255/3134 2042/1157/1155 3518/983/983
f 3538/3247/3126 2045/4748/3129 900/4744/4487
f 4752/4745/4490 4751/5485/5037 4750/4746/4491
f 4750/4746/4491 3530/787/787 901/789/789
f 2045/4748/3129 3538/3247/3126 1398/4749/4493
f 3551/4750/4494 4977/5486/5038 2130/4751/4495
f 3541/792/792 3548/791/791 4976/4753/4497
f 4161/4755/4499 4295/5209/4855 3173/4193/4003
f 1202/3290/3167 4753/5547/3203 3574/4756/4500
f 915/3317/3189 4147/5338/4944 1378/4757/4501
f 947/4759/4503 3625/5354/4956 4130/3384/3251
f 1358/3385/3252 3634/3394/3260 4131/3383/3250
f 3654/817/817 4120/5360/4962 1343/3420/3285
f 3917/3933/3776 4016/4770/4514 979/3428/3293
f 1332/1106/1106 3699/3474/3339 3703/839/839
f 3701/1110/1110 4100/949/949 2076/951/951
f 3986/4012/3847 3718/5548/3852 4095/4015/3850
f 1067/3980/3821 3786/3657/3511 1062/3630/3485
f 4764/3678/3532 3808/3707/3561 1259/3969/3810
f 632/4763/4507 3096/5191/4840 3871/908/908
f 3785/911/911 1071/3982/3823 4034/3651/3505
f 4023/916/916 3900/3801/3653 3901/3800/3652
f 4026/917/917 4029/4778/4522 3884/914/914
f 1226/251/251 1148/3799/3651 3900/3801/3653
f 1228/923/923 2074/922/922 4021/4764/4508
f 3916/1116/1116 1216/1115/1115 1221/3829/3680
f 4012/4765/4509 5030/4771/4515 1159/3820/3671
f 2062/4767/4511 4016/4770/4514 1160/4768/4512
f 4009/3830/3681 1160/4768/4512 4016/4770/4514
f 5030/4771/4515 2063/952/952 4014/954/954
f 2132/4772/4516 3921/953/953 2063/952/952
f 3923/253/253 4833/255/255 1220/3821/3672
f 1217/3824/3675 3921/953/953 2132/4772/4516
f 1162/3832/3683 4768/3826/3677 2132/4772/4516
f 2065/3827/3678 4768/3826/3677 1162/3832/3683
f 1214/3836/3687 3926/3831/3682 4008/3932/3775
f 3930/845/845 3931/844/844 2066/4774/4518
f 1172/3925/3769 3934/3843/3694 4006/3844/3695
f 4520/1580/1560 2420/1579/1559 161/4775/4519
f 2795/2207/2144 4406/2187/2124 4405/2188/2125
f 4685/2211/2148 442/437/437 4403/436/436
f 455/2204/2141 1686/2203/2140 2828/4776/4520
f 3051/847/847 3045/2550/2469 601/2552/2471
f 2024/2829/2733 713/2834/2738 3245/2833/2737
f 3931/844/844 4902/3483/3348 4002/1117/1117
f 4777/3934/3777 4007/3919/3763 3927/4773/4517
f 1215/4777/4521 1163/3835/3686 2073/3834/3685
f 3921/953/953 1217/3824/3675 3923/253/253
f 3917/3933/3776 4760/4761/4505 4852/819/819
f 4029/4778/4522 3888/247/247 1137/3793/3645
f 1143/4780/3791 1136/5423/915 3879/955/955
f 1450/987/987 3857/958/958 2058/3963/3804
f 2057/4782/4525 1100/3718/3572 5038/4783/4526
f 3698/4784/4527 4893/975/975 4780/4785/4528
f 3659/4787/4530 4759/4874/4610 2062/4767/4511
f 3613/4788/4531 3612/4789/4532 3608/803/803
f 3609/804/804 3608/803/803 3612/4789/4532
f 4753/3331/3203 1202/3291/3167 4782/3293/3168
f 4168/1120/1120 2042/1157/1155 4166/1156/1154
f 2129/4791/4533 4740/4795/4537 3514/4792/4534
f 2129/4791/4533 4747/5487/5039 4889/4794/4536
f 2038/4796/4538 4743/4865/4601 4832/4797/4539
f 1199/3902/3747 3464/3156/3042 3457/3143/3031
f 3321/4799/4541 4787/5265/4893 3264/2855/2759
f 3312/4725/4473 4248/5259/4889 1487/4800/4542
f 3285/4154/3969 1494/5251/4882 2025/4801/4543
f 3279/4721/4469 3276/2901/2805 4257/4802/4544
f 715/3476/3341 3252/3475/3340 3312/4725/4473
f 4265/4165/3979 4717/4169/3983 3242/708/708
f 4716/4804/4546 4277/2788/2698 694/2794/2704
f 2015/4805/4547 906/3271/3148 1392/4806/4548
f 3168/2725/2637 668/4807/4549 4298/2731/2642
f 3168/2725/2637 4300/1149/1149 2125/1126/1126
f 2124/4808/4550 4828/5479/5032 4825/4706/4458
f 2008/4810/4552 2086/5197/4845 643/4811/4553
f 2087/664/664 3102/663/663 3103/2626/2541
f 3080/2601/2520 3074/656/656 1570/657/657
f 4333/2502/2424 3007/1132/1132 4334/2481/2403
f 1996/2458/2380 4900/5150/4807 4371/4302/4092
f 493/2317/2248 1658/2316/2247 1998/4813/4555
f 1997/630/630 2910/629/629 2890/2318/2249
f 2091/4292/4082 4366/4294/4084 2893/4815/4557
f 2887/2297/2231 485/5513/4806 1995/4817/4559
f 480/4691/4444 4699/4695/4448 4697/4297/4087
f 4382/4818/4445 4926/2285/2219 2867/2281/2215
f 2068/4819/4560 2851/4820/4561 4694/4262/4058
f 1626/2404/2330 4694/4262/4058 2851/4820/4561
f 1986/4327/4117 2850/4684/4438 2843/4685/4439
f 2831/2235/2172 4692/4325/4115 1986/4327/4117
f 2842/2250/2185 1679/2251/2186 449/2214/2151
f 442/437/437 4408/2176/2113 2798/2181/2118
f 4685/2211/2148 4405/2188/2125 4404/2179/2116
f 2617/4661/4416 2631/5105/4775 4795/4821/4562
f 293/563/563 2611/565/565 2604/4402/4183
f 2533/380/380 4485/43/43 2539/45/45
f 4562/4823/4564 5008/5229/4867 2097/2620/2535
f 1951/1589/1569 4816/4521/4286 2278/4523/4288
f 2397/4635/4395 2393/4826/4565 4523/4824/4399
f 2393/4826/4565 2396/4617/4379 4664/4616/4378
f 4654/508/508 130/507/507 1960/1074/1074
f 1833/4619/4381 4653/1073/1073 131/1506/1493
f 2357/4828/4567 2358/4827/4566 131/1506/1493
f 2348/1141/1141 4817/1090/1090 4655/504/504
f 4544/1489/1477 1837/1494/1482 2102/4829/4568
f 4539/1502/1489 4541/1501/1488 4546/4499/4266
f 4643/1088/1088 2105/1087/1087 2333/4830/4569
f 2104/502/502 2327/501/501 4642/4831/4570
f 1950/1399/1390 1869/1401/1392 2270/4833/4572
f 2107/4532/4297 4632/4928/4652 2228/477/477
f 4810/479/479 4588/478/478 74/1361/1352
f 4595/4531/4296 2225/475/475 1890/4834/4573
f 2237/4530/4295 4590/476/476 2225/475/475
f 1891/4585/4348 4623/4589/4352 1940/4547/4312
f 4838/4835/4351 4621/4838/4574 4814/4836/449
f 4621/4838/4574 4599/4552/4317 2198/4551/4316
f 4621/4838/4574 4838/4835/4351 2196/464/464
f 4594/4591/4354 2224/451/451 4626/4587/4350
f 4626/4587/4350 4629/1144/1144 4922/4840/4576
f 4837/4842/4578 4816/4521/4286 1949/1406/1397
f 92/1417/1408 2281/1416/1407 1865/407/407
f 2117/4832/4571 4642/4831/4570 4803/4609/4371
f 2339/1497/1485 1957/4968/4688 4802/4494/4261
f 4793/4845/4581 2134/4490/4257 4647/4491/4258
f 2122/4469/4239 4670/4880/4616 1953/4847/4583
f 5020/4848/4584 4672/5023/4721 2095/4454/4225
f 214/4849/4585 2485/2860/2764 1971/4657/4413
f 4494/4656/4412 4796/2858/2762 2485/2860/2764
f 1993/88/88 4377/90/90 476/4851/4587
f 4696/2284/2218 4697/4297/4087 2874/4852/4588
f 4695/360/360 1994/359/359 2874/4852/4588
f 2123/4853/4589 4373/357/357 4698/89/89
f 2895/4816/4558 2123/4853/4589 4700/4298/4088
f 2893/4815/4557 4366/4294/4084 486/2300/2234
f 3111/1003/1003 2359/4489/4256 3956/4486/4255
f 3958/27/27 2403/26/26 3178/4855/4591
f 3236/999/999 1505/998/998 2033/4857/4593
f 3247/4803/4545 3242/708/708 4269/707/707
f 4259/4858/4594 3275/4159/3973 4722/4859/4595
f 4723/4157/3971 4725/4156/3970 4256/4861/4597
f 735/4862/4598 4250/5260/4890 4728/4863/4599
f 4228/4113/3934 3386/4112/3933 4732/3017/2912
f 2038/4796/4538 5048/5449/5016 5047/4864/4600
f 5032/4866/4602 4173/4798/4540 4871/4867/4603
f 4739/4869/4605 4740/4795/4537 4889/4794/4536
f 4832/4797/4539 4743/4865/4601 4748/4871/4607
f 4780/4785/4528 929/798/798 4755/797/797
f 3605/4057/3885 932/3345/3217 4140/974/974
f 3652/4873/4609 4758/3429/3294 4759/4874/4610
f 3697/836/836 1331/4875/4611 3698/4784/4527
f 2076/951/951 4102/3473/3338 1331/4875/4611
f 4833/255/255 4767/4877/4613 4982/4876/4612
f 4833/255/255 4011/254/254 4834/1114/1114
f 2013/4878/4614 3156/5204/4850 1543/144/144
f 4792/4337/4125 4686/4342/4130 5004/4341/4129
f 2416/1598/1578 2418/5025/4723 4670/4880/4616
f 4516/4881/4617 4670/4880/4616 2122/4469/4239
f 4817/1090/1090 4649/1142/1142 4648/4493/4260
f 4840/4606/4368 2116/5473/5026 4647/4491/4258
f 2219/4581/4344 2216/470/470 2230/4885/4621
f 4629/1144/1144 2222/453/453 1945/4543/4308
f 4646/4883/4619 2117/4832/4571 2103/4844/4580
f 4739/4869/4605 1405/3217/3096 4175/4887/4623
f 4835/4888/4624 4871/4867/4603 4173/4798/4540
f 2103/4844/4580 4803/4609/4371 2342/4884/4620
f 2342/4884/4620 4803/4609/4371 4805/4607/4369
f 1951/1589/1569 2286/1588/1568 4978/4890/4626
f 1933/4518/4283 4978/4890/4626 4569/1419/1410
f 2/1160/1158 1932/4893/1202 5036/4576/4339
f 4813/1143/1143 2141/1202/1200 1932/1204/1202
f 2/1160/1158 4620/1162/1160 2110/4892/4627
f 2139/1203/1201 4618/1219/1217 5036/4894/4339
f 2149/1228/1226 4/1208/1206 4849/4539/4304
f 6/1199/1197 2144/1216/1214 7/1217/1215
f 2144/1216/1214 6/1199/1197 2143/1161/1159
f 4616/1215/1213 4619/1214/1212 1929/4578/4341
f 2162/4895/1250 22/1247/1244 8/4577/4340
f 2140/1206/1204 12/1220/1218 26/1265/1262
f 1928/4/4 1925/6/6 2147/4569/4332
f 2151/1225/1223 13/1239/1236 10/4897/1222
f 13/1239/1236 14/1230/1228 2150/1232/1220
f 1921/1229/1227 2172/4902/4629 4938/1221/1219
f 2152/4571/4334 2155/1240/1237 15/1227/1225
f 1909/4899/4331 4609/5549/416 45/1260/1257
f 2147/4900/4332 1909/4899/4331 4615/1262/1259
f 25/4574/4337 2164/4566/4329 24/1254/1251
f 23/1251/1248 4939/1218/1216 9/4575/4338
f 2168/4564/4327 4943/1300/1295 4608/1258/1255
f 1928/4/4 2146/1268/1265 2169/1259/1256
f 11/4901/4628 2151/1225/1223 2148/4898/4336
f 1923/4563/4326 4992/5498/5045 1924/4579/4342
f 27/1266/1263 26/1265/1262 2172/4902/4629
f 1922/1269/1266 2170/1223/1221 1918/1275/1272
f 47/4903/4630 1907/1301/1296 4943/1300/1295
f 4613/4570/4333 2171/1261/1258 20/1241/1238
f 2171/1261/1258 4992/5498/5045 30/4562/4325
f 1923/4563/4326 2167/1267/1264 4614/1270/1267
f 32/1380/1371 1920/1271/1268 2172/4902/4629
f 1919/1379/1370 2175/1281/1278 34/1274/1271
f 4935/4904/1229 17/4395/4178 1918/1275/1272
f 304/1892/1846 2156/459/459 35/571/571
f 2173/458/458 1917/1279/1276 35/571/571
f 4610/1285/1282 3951/460/460 36/1245/1242
f 1912/1294/1289 37/1250/1247 2178/1249/1246
f 41/4905/1286 2179/1257/1254 1910/1256/1253
f 41/4905/1286 4609/5550/416 1909/4568/4331
f 2187/1297/1292 4607/1298/1293 1902/1314/1309
f 2181/4580/4343 1911/4567/4330 1908/4565/4328
f 28/1277/1274 4611/1276/1273 1906/4906/4631
f 2183/1303/1298 1907/1301/1296 47/4903/4630
f 2272/1378/1369 2262/482/482 4842/4528/4293
f 4604/4907/4632 2277/1412/1403 5029/4908/4633
f 3951/460/460 4603/462/462 2190/4560/4323
f 4898/1309/1304 2192/1310/1305 52/3874/1301
f 2182/1299/1294 2189/1302/1297 4605/1330/1325
f 2185/461/461 3952/1292/1287 2186/1307/1302
f 1901/413/413 1893/1317/1312 56/1326/1321
f 2190/4560/4323 4603/462/462 57/4553/4318
f 2194/1332/1327 61/1338/1331 60/1336/1329
f 2207/4909/4634 2209/4584/4347 2208/1339/1332
f 1940/4547/4312 4625/4590/4353 1939/4586/4349
f 2214/1342/468 1888/1353/1344 2215/469/469
f 2111/4910/4635 2218/4919/4644 67/1344/466
f 2200/1343/1335 64/4911/4636 4597/1345/1336
f 2201/4583/4346 64/4911/4636 2200/1343/1335
f 2203/465/465 4597/1345/1336 64/4911/4636
f 4622/4912/4637 64/4911/4636 2201/4583/4346
f 2202/4582/4345 2204/1347/1338 63/4913/4638
f 2197/463/463 2203/465/465 4622/4912/4637
f 63/4913/4638 2204/1347/1338 2205/4550/4315
f 1942/1082/1082 2207/5467/4634 5043/4914/4639
f 4623/4589/4352 1891/4585/4348 2210/4915/4640
f 1890/4834/4573 2213/1356/1347 2211/4592/4355
f 2211/4592/4355 4624/4839/4575 1939/4586/4349
f 2214/468/468 1889/467/467 1886/4916/4641
f 2201/4583/4346 66/471/471 2216/470/470
f 4627/4917/4642 4810/479/479 71/473/473
f 2218/4919/4644 2111/4910/4635 2221/4920/4645
f 1943/1083/1083 1942/1082/1082 4596/1346/1337
f 4628/4841/4577 2221/5551/4645 4838/4588/4351
f 4812/452/452 1941/4923/4647 2223/4544/4309
f 2227/4922/4646 4591/5464/5023 1941/4923/4647
f 4812/452/452 2224/451/451 2226/4924/4648
f 4594/4591/4354 2212/4593/4356 2226/4924/4648
f 1887/4925/4649 2212/4593/4356 2211/4592/4355
f 1946/4545/4310 2239/4927/4651 2227/4922/4646
f 2227/4922/4646 2226/4924/4648 2212/4593/4356
f 1885/1354/1345 1886/4916/4641 1889/467/467
f 2216/470/470 2215/469/469 69/1358/1349
f 2231/474/474 71/473/473 1882/10/10
f 2232/472/472 4919/1349/1340 2217/4918/4643
f 2210/4915/4640 1944/4594/4357 4593/4529/4294
f 4868/4926/4650 4630/1371/1362 2239/4927/4651
f 2240/4596/4359 2109/1352/1343 1888/1353/1344
f 1886/4916/4641 1885/1354/1345 4631/4542/4307
f 74/1361/1352 4588/478/478 4589/1362/1353
f 2230/4885/4621 4927/4933/4656 2253/4597/4360
f 2138/1201/1199 5/1200/1198 80/1364/1355
f 4620/1162/1160 4809/480/480 4922/4929/4576
f 2247/9/9 1947/1081/1081 1943/1083/1083
f 2094/1954/1908 2669/4380/4165 4868/4926/4650
f 4632/4928/4652 2239/4927/4651 1946/4545/4310
f 4585/4524/4289 73/5462/5022 2229/1355/1346
f 81/15/15 1876/1210/1208 2157/1243/1240
f 2259/4930/4653 4580/937/937 1880/4538/4303
f 2266/4669/4423 4979/4533/4298 2255/4931/4654
f 2266/4669/4423 2268/4668/4422 2107/4532/4297
f 2259/4930/4653 4908/5492/5043 84/938/938
f 90/4519/4284 2278/4523/4288 4808/4522/4287
f 4927/4933/4656 4572/418/418 2271/420/420
f 2251/1374/1365 2261/481/481 2252/1375/1366
f 4584/1387/1378 2254/4934/4657 2248/1084/1084
f 2254/4934/4657 4581/1388/1379 4582/4527/4292
f 83/1397/1388 4581/1388/1379 2264/1390/1381
f 83/1397/1388 88/1396/1387 2256/4935/4658
f 2269/4667/4421 2266/4669/4423 4579/4932/4655
f 84/938/938 2258/4525/4290 85/4526/4291
f 1874/1381/1372 2249/4537/4302 4586/1369/1360
f 4578/1384/1375 4633/1383/1374 4634/4843/4579
f 2260/1382/1373 4927/4933/4656 2250/4598/4361
f 4577/4599/4362 2271/420/420 2275/4938/4661
f 2254/4934/4657 4584/1387/1378 1873/1386/1377
f 1872/1389/1380 1873/1386/1377 4928/4940/4663
f 2264/1390/1381 1872/1389/1380 86/1395/1386
f 2267/4941/4664 4574/4942/4665 4576/1391/1382
f 4579/4932/4655 2256/4935/4658 88/1396/1387
f 1870/1400/1391 88/1396/1387 4574/4942/4665
f 4905/1402/1393 2674/1404/1395 2270/4833/4572
f 1868/4943/4666 4940/4601/4363 2267/4941/4664
f 2265/1393/1384 4575/1392/1383 89/1398/1389
f 4680/4944/4667 2673/5472/5025 2269/4667/4421
f 4443/1953/1907 4905/1402/1393 1868/4943/4666
f 4806/1603/1583 2282/4603/4365 91/4939/4662
f 2262/482/482 5029/4908/4633 2277/1412/1403
f 4635/419/419 4572/418/418 2274/4945/4668
f 90/4519/4284 2279/4520/4285 1866/1584/1564
f 4571/4946/4669 2275/4938/4661 2271/420/420
f 1866/1584/1564 2409/1586/1566 2406/1587/1567
f 2137/1407/1398 1949/1406/1397 4816/4521/4286
f 1933/4518/4283 1867/485/485 2274/4945/4668
f 2276/483/483 156/1411/1402 5028/4947/4670
f 1865/407/407 2281/1416/1407 2280/1394/1385
f 4636/408/408 1865/407/407 1952/1414/1405
f 164/1078/1078 2283/1408/1399 92/1417/1408
f 1862/484/484 93/486/486 2285/428/428
f 2284/1420/1411 2286/1588/1568 95/4948/4671
f 96/4949/4672 95/4948/4671 1860/1425/1416
f 95/4948/4671 2286/1588/1568 2099/1423/1414
f 4567/17/17 2433/4455/4226 4568/4950/4673
f 4568/4950/4673 2287/429/429 1861/1421/1412
f 4566/1427/1418 4637/1430/1421 98/487/487
f 4637/1430/1421 2290/5034/4730 2288/16/16
f 4566/1427/1418 99/4951/4674 2289/1424/1415
f 4564/1434/1425 4565/1431/1422 102/1433/1424
f 1857/4952/4675 102/1433/1424 103/4516/4281
f 2292/489/489 101/1055/1055 4564/1434/1425
f 4563/4953/4676 103/4516/4281 2295/1437/1428
f 4562/4823/4564 1855/1439/1430 2293/1438/1429
f 4563/4953/4676 1856/490/490 2292/489/489
f 2300/4954/4677 3097/4514/4279 2296/4515/4280
f 2300/4954/4677 2295/1437/1428 1855/1439/1430
f 2296/4515/4280 2297/1440/1431 1856/490/490
f 2462/4452/4223 2458/1641/1621 2433/4455/4226
f 2462/4452/4223 2290/5034/4730 2301/1435/1426
f 2304/1447/1438 2302/1443/1434 105/1455/1446
f 2302/1443/1434 1852/1442/1433 109/1454/1445
f 1847/1460/1451 116/5458/5021 1851/21/21
f 1850/1465/1442 115/1463/1454 1845/1077/1077
f 1854/4513/4278 108/1453/1444 117/4605/4367
f 2310/4508/4275 2114/4507/4274 4558/4956/4678
f 2705/1997/1950 4965/5115/4781 4432/4957/4679
f 4432/4957/4679 116/5458/5021 1847/1460/1451
f 4559/4955/4277 1845/1077/1077 4641/1076/1076
f 2317/4960/4681 1846/400/400 117/4605/4367
f 4640/1466/1455 4556/4506/4273 2310/4508/4275
f 2315/403/403 4805/4607/4369 2318/1075/1075
f 4641/1076/1076 2318/1075/1075 2322/4610/4372
f 1954/4961/4682 4554/4964/4685 4556/4506/4273
f 4558/4956/4678 2114/4507/4274 2115/1473/1461
f 2324/1526/1510 2376/24/24 1185/4481/4251
f 1954/4961/4682 4557/402/402 4552/4962/4683
f 2321/401/401 2328/1476/1464 4552/4962/4683
f 4805/4607/4369 4803/4609/4371 2322/4610/4372
f 1841/497/497 120/495/495 2325/1475/1463
f 2331/4503/4270 2325/1475/1463 1714/2043/1991
f 1955/4963/4684 2334/4969/4689 4554/4964/4685
f 1839/4498/4265 2323/1477/1465 2330/1482/1470
f 3955/1483/1471 125/4505/4272 124/1472/1460
f 4553/498/498 2325/1475/1463 2331/4503/4270
f 4429/4363/4148 4996/5119/4784 4425/4501/4268
f 2106/4965/4686 2332/4973/4687 2333/4830/4569
f 2333/4830/4569 2105/1087/1087 4552/4962/4683
f 2327/501/501 2335/500/500 2332/4966/4687
f 1957/4968/4688 2135/4970/4690 4554/4964/4685
f 4550/425/425 2329/424/424 2115/1473/1461
f 123/1481/1469 4549/1485/1473 2338/1487/1475
f 123/1481/1469 4553/498/498 3954/4502/4269
f 4548/4972/4692 4547/4614/4376 2333/4830/4569
f 2335/500/500 1956/1484/1472 4548/4974/4692
f 2117/4832/4571 4646/4883/4619 127/4497/4264
f 2339/1497/1485 4644/1496/1484 2336/426/426
f 2135/4970/4690 1957/4968/4688 2339/1497/1485
f 4769/1490/1478 2340/4477/4247 126/513/513
f 4549/1485/1473 123/1481/1469 4551/4971/4691
f 2337/4975/4693 2345/4977/4695 4645/1491/1479
f 1838/4500/4267 2337/4975/4693 4551/4971/4691
f 4545/4976/4694 2346/4978/4696 1958/4613/4375
f 4525/4615/4377 2340/4477/4247 4769/1490/1478
f 152/4476/4246 2340/4477/4247 4525/4615/4377
f 2337/4975/4693 1838/4500/4267 4546/4499/4266
f 2346/4978/4696 4545/4976/4694 4993/4979/1476
f 2345/4977/4695 4546/4499/4266 4541/1501/1488
f 2348/1141/1141 1835/4988/4699 128/4492/4259
f 2343/1089/1089 1960/1074/1074 130/507/507
f 4645/1491/1479 2345/4977/4695 4540/4981/4697
f 2102/4980/4568 129/1507/1486 1959/4982/4698
f 4650/506/506 4654/508/508 4538/4983/4383
f 4539/1502/1489 4801/1495/1483 2349/4984/1071
f 2351/4985/4254 4540/4981/4697 4541/1501/1488
f 2351/4985/4254 134/1504/1491 2347/4612/4374
f 1836/1499/1487 2353/1513/1499 1834/4987/1494
f 1835/4988/4699 2352/1511/1497 2353/1513/1499
f 2352/1511/1497 1835/4988/4699 2348/1141/1141
f 2357/4989/4567 1834/4987/1494 2353/1513/1499
f 133/1510/1496 2356/1509/1495 2100/4990/4700
f 1551/4991/4701 2357/4989/4567 2354/1512/1498
f 3114/2665/2580 644/5195/4844 4536/1069/1069
f 4798/1413/1404 2277/1412/1403 4604/4907/4632
f 58/1335/1328 136/4554/4319 2191/1320/1315
f 136/4554/4319 4535/4995/4703 4799/4623/4384
f 2361/1519/1505 1832/1514/1500 2195/410/410
f 2362/1516/1502 1964/4996/4704 1832/4993/1500
f 4535/4995/4703 2367/4997/4705 4534/1538/1521
f 1963/4625/4386 4535/4995/4703 136/4554/4319
f 2371/4484/1507 1831/4483/4253 2369/1518/1504
f 4534/1538/1521 2365/1537/1520 2120/4644/4402
f 2367/4997/4705 4970/1541/1524 4656/1536/1519
f 4535/4995/4703 1963/4625/4386 4657/4998/4706
f 2366/1531/1514 4657/4998/4706 1831/4483/4253
f 1963/4625/4386 2369/1518/1504 1831/4483/4253
f 2371/1522/1507 2370/1521/1506 444/1525/1509
f 450/2219/2156 2812/2220/2157 1684/4999/4707
f 2374/1535/1518 2378/1066/1066 1829/5000/509
f 143/397/397 1822/1548/1531 141/5001/4387
f 1824/5002/4708 4661/2237/1527 141/4627/4387
f 142/1478/1466 1839/4498/4265 4914/1553/1536
f 3957/5003/1068 1822/5552/1531 2381/1563/1532
f 145/1555/1538 1821/1552/1535 144/512/512
f 2384/1567/1548 1823/1540/1523 2382/1539/1522
f 4529/4630/4390 1819/517/517 4659/5004/4709
f 4969/4478/4248 4530/4629/4389 4531/4480/4250
f 2386/1565/1546 146/1554/1537 145/1555/1538
f 2388/5005/4710 4530/4629/4389 4969/4478/4248
f 2389/5007/4712 2395/25/25 4663/4631/4391
f 4517/4633/4393 1819/517/517 4529/4630/4390
f 2387/1570/1550 4973/1566/1547 150/1564/1545
f 4527/5006/4711 151/1560/1543 2392/5008/4713
f 153/4634/4394 2390/4636/4396 4526/4475/4245
f 2392/5009/4713 154/1568/1549 4524/5010/4714
f 2393/4826/4565 153/4634/4394 4525/4615/4377
f 1965/1573/1553 2398/1572/1552 1817/4474/4244
f 2398/1572/1552 4524/5010/4714 154/1568/1549
f 2391/4473/4243 2390/4636/4396 2397/4635/4395
f 2403/26/26 2395/25/25 2394/5012/4715
f 4520/1580/1560 4770/4632/4392 2401/4637/4397
f 4522/5014/4717 4524/5010/4714 2398/1572/1552
f 1965/1573/1553 2397/4635/4395 4665/4825/4400
f 4524/5010/4714 4522/5014/4717 2402/5016/4716
f 4667/1574/1554 4521/1006/1006 4665/4642/4400
f 2350/4488/1492 2359/4489/4256 4666/4638/4398
f 4290/5017/4719 4289/2743/2654 2402/5018/4716
f 1531/1008/1008 3177/5021/4720 2399/5020/4718
f 3177/5021/4720 4290/5017/4719 4522/5019/4717
f 2403/26/26 2402/5013/4716 4289/5022/2654
f 3975/678/678 2401/4637/4397 3958/27/27
f 155/1577/1557 677/680/680 3174/2740/2651
f 2408/427/427 2407/1601/1581 4571/4946/4669
f 4519/1585/1565 2279/4520/4285 5028/4947/4670
f 4672/5023/4721 2408/427/427 2287/429/429
f 2411/5024/4722 2410/4471/4241 5028/4947/4670
f 2406/1587/1567 2409/1586/1566 2412/1590/1570
f 2410/4471/4241 2411/5024/4722 4518/4468/4238
f 157/1592/1572 1858/1428/1419 2099/1423/1414
f 4668/1591/1571 4990/4470/4240 2413/4472/4242
f 4517/4633/4393 2121/4467/4237 2098/515/515
f 2413/4472/4242 4518/4468/4238 2414/1147/1147
f 2414/1147/1147 159/1146/1146 4516/4881/4617
f 4516/4881/4617 159/1146/1146 1815/1599/1579
f 4514/4465/4235 5007/5228/4866 2418/5025/4723
f 2097/2620/2535 5008/5229/4867 4267/4171/3985
f 2421/4461/4231 4671/5459/4364 1967/1139/1139
f 163/4462/4232 2422/1605/1585 92/1417/1408
f 163/4462/4232 1813/1609/1589 4513/1606/1586
f 4672/5023/4721 5020/4848/4584 2407/1601/1581
f 1808/1621/1601 592/2523/2445 2425/520/520
f 4511/5026/4724 167/4464/4234 171/4463/4233
f 2423/4458/4228 1967/1139/1139 2426/1138/1138
f 4672/5023/4721 4568/4950/4673 2433/4455/4226
f 2441/5028/4726 2434/4646/4403 4511/5026/4724
f 4512/5027/4725 4508/1063/1063 184/1065/1065
f 2438/1625/1605 2446/1632/1612 177/1626/1606
f 173/525/525 2431/1620/1600 2430/521/521
f 175/4457/4227 2434/4646/4403 2441/5028/4726
f 2442/1657/1635 2441/5028/4726 184/1065/1065
f 203/5029/4727 2452/1660/1638 4505/5030/4728
f 198/1662/1640 4504/1666/1642 2443/5031/1641
f 4507/5032/4729 185/4648/28 4890/4647/4404
f 2444/1646/1624 186/1629/1609 4507/5033/4729
f 187/1650/1628 2437/29/29 186/1629/1609
f 192/1652/1630 4857/1654/1632 190/1635/1615
f 2455/1061/1061 2447/1655/1633 4857/1654/1632
f 4506/1653/1631 2448/117/117 196/1638/1618
f 2447/1655/1633 2456/115/115 2448/117/117
f 4567/17/17 2288/16/16 2290/5034/4730
f 4499/4447/4218 205/4451/4222 2460/1673/1649
f 2463/4453/4224 2470/4450/4221 1797/1675/1651
f 1792/5035/4731 1794/4448/4219 2464/4449/4220
f 2466/531/531 2472/1692/1666 206/1691/1665
f 3959/1682/1657 2469/5499/4733 1795/533/533
f 3969/2533/2454 1799/1057/1057 205/4451/4222
f 3960/4651/4407 2466/531/531 2465/530/530
f 2469/5037/4733 2473/1686/1661 2477/5038/4734
f 4496/5040/4735 2481/5049/4739 2478/5041/4217
f 2479/5043/4736 4496/5047/4735 2475/5044/4737
f 1793/5046/4216 4497/4444/4215 2475/5044/4737
f 2470/4450/4221 2476/4649/4405 4495/4655/4411
f 4797/5048/4738 2477/5038/4734 2473/1686/1661
f 2481/5049/4739 4496/5040/4735 2479/5050/4736
f 2479/5050/4736 211/5039/1667 2477/5038/4734
f 2476/4649/4405 2415/1436/1427 4897/4466/4236
f 214/4849/4585 2472/1692/1666 2466/531/531
f 4797/5048/4738 2483/1697/1671 4674/5051/4740
f 4674/5051/4740 2483/1697/1671 2482/5052/4741
f 2478/4446/4217 4493/5054/4742 2480/4401/4182
f 4493/5053/4742 2478/5041/4217 2481/5049/4739
f 4673/4650/4406 2485/2860/2764 214/4849/4585
f 1970/4850/4586 1791/1694/1668 2472/1692/1666
f 2484/538/538 2480/4401/4182 4493/5054/4742
f 2486/5055/4743 2482/5052/4741 2483/1697/1671
f 2487/5056/4414 4493/5053/4742 2482/5052/4741
f 4819/1699/1673 4259/4858/4594 4258/4860/4596
f 215/1702/1675 2491/1720/1690 4995/4443/4214
f 1186/1711/1682 1788/1714/1685 4995/4443/4214
f 1786/34/34 227/39/39 226/38/38
f 2492/5057/37 1785/5502/1691 225/1703/1676
f 1784/5059/4744 237/386/386 2494/541/541
f 1784/5059/4744 2495/1723/1692 2496/4441/4213
f 2492/5060/37 236/1739/1707 5006/1738/1706
f 4489/1740/1708 4994/5062/4745 4492/1724/1693
f 234/1747/1697 233/4442/1687 1779/1753/1719
f 227/39/39 1777/1734/1702 2505/1757/1723
f 2505/1757/1723 4488/5503/40 236/5061/1707
f 237/386/386 1784/5059/4744 1783/1737/1705
f 4492/1724/1693 2506/1758/1724 2507/543/543
f 1780/1742/1710 2513/4439/4211 4994/5062/4745
f 2506/1758/1724 4492/1724/1693 4994/5062/4745
f 2512/1760/1726 2514/4440/4212 239/1732/1700
f 2516/4436/4208 2527/1767/1732 241/1768/1733
f 298/1754/1720 300/5553/1734 2517/1756/1722
f 249/545/545 2521/547/547 4491/542/542
f 2515/5063/4746 2514/4440/4212 2512/1760/1726
f 2508/1744/1712 4486/48/48 2513/4439/4211
f 1774/1750/1716 240/1748/1714 2514/4440/4212
f 249/545/545 2533/380/380 254/379/379
f 4485/43/43 2520/544/544 2522/1759/1725
f 1770/549/549 2534/1763/1729 250/1762/1728
f 2534/1763/1729 2541/1051/1051 2524/1053/1053
f 4484/1785/1747 2523/44/44 2513/4439/4211
f 2524/1053/1053 247/1764/1730 4917/5064/4747
f 2537/4438/4210 2543/5069/4752 2525/46/46
f 1767/1792/1749 259/1797/1758 253/42/42
f 259/1797/1758 4483/49/49 1773/1775/1737
f 254/379/379 1768/550/550 1770/549/549
f 2540/548/548 2541/1051/1051 2534/1763/1729
f 255/52/52 4453/1883/1837 2526/1777/1739
f 258/4435/4207 2529/1784/1746 2545/4433/4205
f 257/1781/1743 256/1782/1744 1769/553/553
f 2549/551/551 1769/553/553 264/1790/1752
f 2533/380/380 249/545/545 2520/544/544
f 4475/1050/1050 2552/1049/1049 2540/548/548
f 2553/1801/1762 2523/44/44 4484/1785/1747
f 1973/5065/4748 2541/1051/1051 2540/548/548
f 1973/5065/4748 2554/5066/4749 2535/1052/1052
f 2554/5066/4749 2544/54/54 4676/53/53
f 267/557/557 1760/559/559 2555/5067/4750
f 2578/1816/1777 267/557/557 2556/5068/4751
f 2537/4438/4210 2557/5455/5020 2578/1816/1777
f 268/1805/1766 2561/4429/4203 3961/1803/1764
f 2563/4424/4199 2546/1789/1751 2547/1788/1750
f 3962/1786/1748 1769/553/553 262/552/552
f 269/4420/4198 261/4419/4197 262/552/552
f 2548/1793/1754 2568/3875/1770 2567/5071/4753
f 2546/1789/1751 2566/1810/1771 2548/5072/1754
f 1766/5070/1769 262/552/552 2549/551/551
f 4478/4427/4202 4481/1794/1755 1972/1795/1756
f 4479/650/650 263/4428/4201 4478/5074/4202
f 2577/5075/4755 272/4425/4200 2554/5066/4749
f 4482/4430/4204 2530/4434/4206 255/52/52
f 268/1805/1766 2560/1804/1765 4469/4411/4190
f 2559/1817/1778 2557/5455/5020 2561/4429/4203
f 2545/4433/4205 4482/4430/4204 4474/4409/4188
f 4473/1806/1767 4472/1807/1768 1762/652/652
f 2570/651/651 603/5178/4828 2569/123/123
f 1761/4416/1773 4477/5073/4754 1972/1795/1756
f 2571/1814/1775 1974/5454/5019 4477/5076/4754
f 3054/2564/2483 5025/2560/2479 2571/1814/1775
f 2589/1831/1788 2572/1813/1774 4471/5077/432
f 2575/4415/4194 2593/4412/4191 2574/1048/1048
f 2576/4413/4192 2577/5075/4755 1973/5065/4748
f 4678/1046/1046 1975/561/561 2573/4414/4193
f 276/5078/4756 277/5079/4757 2577/5075/4755
f 4466/1045/1045 4470/1047/1047 2555/5067/4750
f 272/4425/4200 2577/5075/4755 277/5079/4757
f 1759/5081/1794 2581/1839/1796 2598/1838/1795
f 2558/4410/4189 272/4425/4200 2579/5080/4758
f 2609/5083/4759 2599/5089/4761 2582/4408/4187
f 4469/5084/4190 2584/5088/4760 2581/1839/1796
f 2562/555/555 1765/554/554 1758/5085/1780
f 2560/4423/1765 2562/555/555 2584/5086/4760
f 2584/5088/4760 1758/1819/1780 280/1815/1776
f 2599/5089/4761 4468/1841/1798 2585/4407/4186
f 273/1811/1772 2587/4405/4184 2588/4403/430
f 2593/4412/4191 2575/4415/4194 2592/560/560
f 2576/4413/4192 2593/4412/4191 2594/5090/4762
f 2596/558/558 2597/1836/1793 275/5091/1792
f 2607/1849/1806 4462/5092/4763 277/5079/4757
f 4462/5092/4763 2609/5083/4759 2579/5080/4758
f 281/1856/1813 2602/5505/1800 282/1823/1783
f 281/1856/1813 4468/1841/1798 2599/5089/4761
f 2606/1846/1803 289/3877/3724 4464/562/562
f 2592/560/560 2575/4415/4194 2573/4414/4193
f 2594/5090/4762 2592/560/560 4464/562/562
f 2595/1840/1797 2604/4402/4183 2603/1833/1790
f 285/5094/1791 4465/5504/4765 4678/1046/1046
f 4465/5095/4765 285/1834/1791 1756/5096/4766
f 276/5078/4756 2594/5090/4762 4463/5093/4764
f 4462/5092/4763 2607/1849/1806 2615/1851/1808
f 2608/1865/1821 2610/1854/1811 2609/5083/4759
f 2599/5089/4761 2609/5083/4759 2610/1854/1811
f 2604/4402/4183 2611/565/565 1756/5096/4766
f 290/564/564 2618/5103/4773 2612/1862/1818
f 4456/537/537 2626/536/536 291/5097/4767
f 2613/1848/1805 4461/3876/3723 289/3877/3724
f 289/3877/3724 2614/1850/1807 4463/5093/4764
f 2610/1854/1811 2608/1865/1821 2616/5098/4768
f 4459/4660/1812 2616/5506/4768 4945/1873/1829
f 1753/1867/1823 1751/1869/1825 290/564/564
f 2628/5100/4770 4458/5099/4769 4945/1873/1829
f 2626/536/536 297/317/317 2624/5101/4771
f 4455/4396/4179 2618/5103/4773 290/564/564
f 296/1872/1828 1749/1877/1832 4906/4140/3959
f 2623/4397/4180 2627/4138/3957 2628/5100/4770
f 2622/5102/4772 4457/56/56 291/5097/4767
f 297/317/317 4906/4140/3959 1749/1877/1832
f 4455/4396/4179 3325/1878/1833 1750/1870/1826
f 741/4135/3954 4246/5104/4774 2628/5100/4770
f 4246/5104/4774 3326/4664/4418 4458/5099/4769
f 4795/4821/4562 2630/1885/1839 4944/1845/1802
f 2617/4661/4416 4458/5099/4769 2632/4663/4417
f 4795/4821/4562 2631/5105/4775 5035/568/568
f 2634/1887/1841 5035/568/568 2631/5105/4775
f 4785/5106/4776 631/5189/4838 2633/567/567
f 4452/1893/1847 308/1894/1848 303/1890/1844
f 312/5107/4777 2643/1960/1914 314/1908/1862
f 332/375/375 1736/1949/1903 2636/1901/1855
f 2154/5108/1232 4910/5109/1859 4450/1902/1856
f 309/4394/4177 314/1908/1862 4936/1907/1861
f 1736/1949/1903 336/1958/1912 313/1900/1854
f 4448/1044/1044 4450/1902/1856 4910/5109/1859
f 2638/1913/1867 2639/1304/1299 2183/1303/1298
f 1746/1916/1870 2644/5110/4778 2637/5111/1863
f 1741/1931/1885 4888/1922/1876 1742/1921/1875
f 2648/4388/4172 2649/1929/1883 319/5112/4779
f 2649/1929/1883 320/1918/1872 1976/1917/1871
f 2651/4389/4173 2657/1942/1896 2654/1938/1892
f 1744/4393/4176 1745/5554/1877 2652/4387/1879
f 323/572/572 319/5112/4779 2659/2165/2102
f 2650/4391/4175 325/1936/1890 2661/4666/4420
f 2650/4391/4175 1744/4393/4176 1739/1937/1891
f 434/600/600 1739/1937/1891 4850/4385/4170
f 2658/5113/4171 2653/1930/1884 5044/1932/1886
f 324/1933/1887 1694/1028/1028 2659/2165/2102
f 4445/373/373 4444/575/575 2665/577/577
f 4937/1947/1901 2664/1372/1363 4868/4926/4650
f 2668/1948/1902 4937/1947/1901 2669/4380/4165
f 2672/1041/1041 2673/5472/5025 4680/4944/4667
f 4680/4944/4667 1950/1399/1390 1734/4384/4169
f 4867/4382/4167 338/1959/1913 1732/4383/4168
f 4441/5114/4780 339/1135/1135 2679/1039/1039
f 339/1135/1135 4439/1137/1137 2682/1040/1040
f 1731/434/434 2683/433/433 2687/1964/1918
f 2686/1038/1038 346/2361/2287 2687/1964/1918
f 4439/1137/1137 4438/1967/1921 2688/4377/4162
f 343/1966/1920 5005/1969/1923 2696/1974/1928
f 342/4379/4164 341/1033/1033 2698/1035/1035
f 2685/1963/1917 1864/1080/1080 588/1079/1079
f 2926/4278/4073 2927/4277/4072 2692/1961/1915
f 2686/1038/1038 2692/1961/1915 2927/4277/4072
f 4436/61/61 1977/63/63 2694/4376/4161
f 1730/1973/1927 1727/1983/1937 2694/4376/4161
f 2702/1998/1949 107/1448/1439 4561/1450/1441
f 356/4375/4160 2704/2005/1956 4434/2004/1955
f 2703/4373/4158 356/4375/4160 360/2010/1961
f 2707/583/583 2713/582/582 4965/5115/4781
f 1724/2029/1978 2706/2003/1954 4958/2011/1962
f 2708/581/581 2709/2006/1957 3963/2015/1966
f 365/2019/1970 362/2009/1960 2710/2013/1964
f 1723/2024/1975 5049/4372/4157 364/2014/1965
f 367/4369/4154 363/4368/4153 2717/5117/4782
f 2722/2049/1997 4964/2048/1996 2721/4370/4155
f 369/4365/4150 4843/2016/1967 4957/2020/1971
f 2718/2023/1974 4431/4367/4152 5049/4372/4157
f 1715/2042/1990 4431/4367/4152 2718/2023/1974
f 2720/2026/1976 4430/2031/1980 373/2052/1999
f 122/4611/4373 1712/2054/2001 376/4360/4145
f 1978/4371/4156 4804/5451/5017 4965/5115/4781
f 372/2036/1984 1720/4338/4126 1719/2040/1988
f 2724/5118/4783 2729/2047/1995 2722/2049/1997
f 2717/5117/4782 4431/4367/4152 1715/2042/1990
f 4427/2051/1998 2730/2062/2009 2724/5118/4783
f 369/4365/4150 2731/4362/4147 4426/4364/4149
f 122/4611/4373 1840/4504/4271 1188/2055/2002
f 1840/4504/4271 4996/5119/4784 2733/2056/2003
f 4996/5119/4784 4429/4363/4148 4424/5120/4785
f 1188/2055/2002 2733/2056/2003 2738/595/595
f 2729/2047/1995 2743/2061/2008 4822/2091/2036
f 2731/4362/4147 2734/2059/2006 4956/2058/2005
f 1711/2060/2007 2735/4361/4146 386/591/591
f 390/2085/2030 1706/5123/2014 381/69/69
f 4422/4359/4144 1708/594/594 382/593/593
f 4422/4359/4144 378/71/71 383/70/70
f 384/588/588 2741/2074/2020 383/70/70
f 388/2079/2025 2744/370/370 2737/372/372
f 391/2072/2018 1708/594/594 2749/4356/4141
f 2739/2053/2000 2738/595/595 1708/594/594
f 4878/74/74 2743/2061/2008 385/5122/4787
f 390/2085/2030 4419/78/78 398/77/77
f 397/2082/2028 389/2071/2017 2742/4358/4143
f 396/2080/2026 397/2082/2028 403/2110/2054
f 4839/5124/4788 4836/5475/5028 4822/2091/2036
f 393/2057/2004 2751/2076/2022 410/2108/2052
f 2746/2090/2035 4878/74/74 4421/73/73
f 4421/73/73 4420/2092/2037 2755/4352/4137
f 4681/2104/2048 2758/2106/2050 1702/2097/2041
f 2761/2115/2059 401/618/618 2882/617/617
f 402/4354/4139 4959/4357/4142 2753/5125/4789
f 404/2094/2038 405/2093/76 2756/5127/4791
f 2769/2127/2069 2763/5131/2081 2758/2106/2050
f 2766/5128/4792 411/4355/4140 2754/5126/4790
f 422/5129/2089 414/5450/2086 2757/2102/2046
f 1703/2101/2045 408/2109/2053 420/2135/2077
f 2762/2121/2065 4415/4353/4138 413/2136/2078
f 1699/5130/81 413/2136/2078 4415/4353/4138
f 4884/2143/2083 2764/2113/2057 4954/2112/2056
f 4954/2112/2056 1702/2097/2041 2758/2106/2050
f 2771/2125/2067 4884/5509/2083 2775/2139/2080
f 2773/2155/2093 2761/5538/2059 2889/4290/2229
f 4412/2138/2079 4413/2133/2075 412/2119/2063
f 2776/4350/4136 423/2141/2082 2763/2140/2081
f 421/4347/2072 2779/778/778 422/2151/2089
f 1407/301/301 426/303/303 2775/2139/2080
f 1406/4080/3904 4960/4079/3903 423/2141/2082
f 2783/1027/1027 1692/2164/2101 430/1191/1189
f 2786/4345/4133 4409/2172/2109 330/1935/1889
f 435/602/602 331/60/60 2784/1941/1895
f 2788/603/603 2787/2168/2105 2663/2166/2103
f 435/602/602 2789/2177/2114 4851/2180/2117
f 436/2169/2106 4853/2184/2121 4684/5133/4793
f 2785/4346/4134 439/1029/1029 2792/4343/4131
f 441/2174/2111 2793/608/608 440/610/610
f 443/5134/4794 2370/1521/1506 2363/85/85
f 4402/5135/4795 2803/2192/2129 447/607/607
f 1685/4678/4432 2797/2216/2153 2799/438/438
f 2798/2181/2118 526/4272/4067 2808/4672/4426
f 443/5134/4794 446/4340/4128 2801/2224/2161
f 445/2190/2127 444/1525/1509 2370/1521/1506
f 4684/5133/4793 4853/2184/2121 1688/2186/2123
f 4686/4342/4130 4689/1094/1094 4397/4339/4127
f 4689/1094/1094 4686/4342/4130 4792/4337/4125
f 4407/4671/4425 2794/2206/2143 4952/2208/2145
f 2797/2216/2153 1685/4678/4432 2810/4677/4431
f 1684/4999/4707 137/4482/4252 5023/1533/1516
f 370/2035/1983 1684/4999/4707 2812/2220/2157
f 2833/2223/2160 2834/2245/2181 2817/616/616
f 451/2221/2158 2815/2225/2162 2818/2240/2176
f 2834/2245/2181 462/2247/2183 459/614/614
f 2815/2225/2162 2819/2227/2164 4972/4675/4429
f 2820/2228/2165 2821/5136/4796 2823/2195/2132
f 4394/2248/2184 452/613/613 2822/612/612
f 2820/2228/2165 1683/2226/2163 1689/2193/2130
f 2819/2227/2164 2820/2228/2165 2824/2232/2169
f 1681/366/366 463/365/365 2822/612/612
f 4398/2200/2137 2825/2231/2168 1682/2197/2134
f 454/2201/2138 4397/4339/4127 1985/5137/4797
f 4688/4674/4428 2002/5159/4814 4693/4330/4120
f 4396/2234/2171 4693/4330/4120 2847/4329/4119
f 1679/2251/2186 2841/1024/1024 456/1026/1026
f 1679/2251/2186 2828/4776/4520 1982/2212/2149
f 2843/4685/4439 2842/2250/2185 2830/4676/4430
f 1824/5002/4708 2374/1535/1518 4971/1534/1517
f 2093/5138/4798 4691/4335/4124 1984/2243/2179
f 462/2247/2183 467/2252/2187 466/2046/1994
f 2837/5139/4799 461/2249/2180 460/2230/2167
f 463/365/365 1677/364/364 1678/2258/2192
f 2845/2256/2191 1677/364/364 2838/2199/2136
f 2839/4331/4121 1985/5137/4797 2840/4681/4435
f 1680/1093/1093 4392/4680/4434 2840/4681/4435
f 2852/2065/2012 4423/587/587 379/589/589
f 1678/2258/2192 468/5512/4122 2837/5139/4799
f 2856/4318/4108 4391/4317/4107 2839/4331/4121
f 2846/2263/2197 1675/4324/4114 4390/5140/4800
f 1675/4324/4114 473/4323/4113 2856/4318/4108
f 2857/4322/4112 1675/4324/4114 2846/2263/2197
f 1988/4319/4109 2863/4313/4103 2858/2266/2200
f 4997/4683/4437 1990/2273/2207 1989/2275/2209
f 2869/5141/2214 4386/2271/2205 472/2259/2193
f 2856/4318/4108 1669/3884/3730 475/2283/2217
f 1988/4319/4109 1992/4311/4101 2864/4312/4102
f 476/4851/4587 2865/5144/4803 2864/4312/4102
f 1993/88/88 2866/4689/4442 2874/4852/4588
f 2869/5141/2214 1670/2287/2221 478/5142/4801
f 474/2268/2202 2861/2267/2201 4921/2088/2033
f 2868/2282/2216 4376/4306/4096 2876/5143/4802
f 4921/2088/2033 2861/2267/2201 2870/2279/2213
f 1668/4307/4097 2872/4316/4106 4385/4315/4105
f 4379/4309/4099 2864/4312/4102 2865/5144/4803
f 4377/90/90 2873/356/356 2865/5144/4803
f 4700/4298/4088 4698/89/89 2874/4852/4588
f 1666/352/352 1665/2089/2034 2876/5143/4802
f 479/5145/4447 1995/5148/4559 2880/4305/4095
f 2871/2286/2220 2875/3883/3729 1667/4693/4446
f 2881/4303/4093 4372/4304/4094 1667/4693/4446
f 2871/2286/2220 475/2283/2217 1669/3884/3730
f 4381/4314/4104 4374/2291/2225 2883/4308/4098
f 2872/4316/4106 2877/2289/2223 4374/2291/2225
f 480/4691/4444 2972/946/946 2980/948/948
f 4372/4304/4094 1995/4817/4559 479/4694/4447
f 481/353/353 2880/4305/4095 484/5146/4804
f 4374/2291/2225 4367/2290/2224 492/3886/3732
f 2884/4301/4091 4365/2301/2235 2885/4293/4083
f 4701/5147/4805 4370/625/625 2879/355/355
f 2894/626/626 2891/623/623 4370/625/625
f 484/5146/4804 2880/4305/4095 1995/5148/4559
f 1997/630/630 1661/4814/4556 4900/5150/4807
f 4367/2290/2224 1662/624/624 2892/2321/2252
f 4359/1168/1166 4701/5147/4805 4924/5151/4808
f 4359/1168/1166 2902/627/627 2894/626/626
f 2893/4815/4557 1998/4813/4555 2900/5152/4809
f 487/1166/1164 2895/4816/4558 2893/4815/4557
f 2897/4288/4080 4362/2311/621 4364/5153/620
f 491/4296/4086 2899/3890/3736 2898/2307/2240
f 2897/4288/4080 496/944/944 2906/3894/3740
f 1998/4813/4555 1658/2316/2247 5041/2315/2246
f 1650/3893/3739 4359/1168/1166 1656/1167/1165
f 1649/5154/4810 503/943/943 1655/945/945
f 2904/3888/3734 2915/2333/2264 3966/2332/2263
f 4361/3887/3733 2908/2346/2275 2919/2341/2272
f 1653/3889/3735 4361/3887/3733 4845/3297/3172
f 500/2320/2251 2908/2346/2275 4360/2302/2236
f 1650/3893/3739 2900/5152/4809 5041/2315/2246
f 2912/632/632 4357/634/634 5042/4282/4076
f 4358/3892/3738 5042/4282/4076 502/4284/4078
f 3982/2156/2094 2773/2155/2093 2905/4289/4081
f 4354/4281/4075 913/4280/3898 4153/5155/794
f 1644/1975/1929 507/1988/1942 514/4276/4071
f 508/1989/1943 2933/4275/4070 514/4276/4071
f 1642/1171/1169 510/1170/1168 4702/4274/4069
f 1638/637/637 516/2376/2302 4702/4274/4069
f 2936/2375/2301 519/4273/4068 2938/5156/4811
f 346/2361/2287 2939/2362/2288 521/2372/2298
f 521/2372/2298 533/342/342 523/347/347
f 2929/2364/2290 4351/2374/2300 4858/636/636
f 516/2376/2302 1638/637/637 4858/636/636
f 512/2366/2292 513/2365/2291 518/1022/1022
f 2936/2375/2301 525/2377/2303 2940/4270/4065
f 526/4272/4067 1635/2370/2296 528/2380/2306
f 4350/4271/4066 541/1019/1019 536/5158/4813
f 2942/2383/2309 2941/344/344 536/5158/4813
f 2944/2386/2312 2002/5159/4814 527/5157/4812
f 4688/4674/4428 448/4673/4427 527/5157/4812
f 538/339/339 542/97/97 539/99/99
f 4349/2384/2310 4348/4268/4063 2954/4266/4061
f 4350/4271/4066 4327/2527/2449 3031/4240/4040
f 2952/4269/4064 538/339/339 2951/2391/2317
f 4693/4330/4120 2002/5159/4814 4347/2395/2321
f 2949/2401/2327 4345/2400/2326 4891/2402/2328
f 2955/4267/4062 548/4261/4057 4950/2422/2348
f 4348/4268/4063 1628/2393/2319 2958/2412/2338
f 2069/639/639 2960/638/638 549/2420/2346
f 2960/638/638 2956/640/640 4345/2400/2326
f 560/5161/2355 1617/101/101 2964/100/100
f 2970/2441/2363 2966/2416/2342 4974/4263/4059
f 1623/2423/2349 2959/2413/2339 552/5162/4816
f 1622/2421/2347 551/2424/2350 2971/2449/2371
f 558/5163/2373 1621/4259/4055 2963/4260/4056
f 4703/2426/2352 550/2428/1020 1621/5164/4055
f 2970/2441/2363 2965/2410/2336 554/102/102
f 1619/2425/2351 1618/4258/4054 2978/947/947
f 2979/2448/2370 4340/5165/4817 2978/947/947
f 4339/2429/2354 559/2438/2361 1615/2465/2387
f 1612/4256/2396 4873/2442/2364 2976/2433/2357
f 4341/2445/2367 2984/2447/2369 4340/5165/4817
f 2978/947/947 4340/5165/4817 561/4300/4090
f 4703/2426/2352 2974/4257/4053 1611/2478/2400
f 2982/2457/2379 2991/2468/2390 564/2475/2397
f 4371/4302/4092 561/4300/4090 4340/5165/4817
f 2992/2469/2391 2981/2455/2377 566/103/103
f 1606/5166/4818 1607/2470/2392 2992/2469/2391
f 569/5167/2398 4335/4253/2411 2994/2459/2381
f 568/2461/2383 2983/2444/2366 567/4255/2393
f 571/118/118 577/2494/2416 3001/2493/2415
f 3003/2511/2433 2987/2453/2375 5010/2479/2401
f 3003/2511/2433 3004/106/106 575/108/108
f 573/2464/2386 1608/4254/4052 575/108/108
f 2089/2501/2423 2997/2488/2410 2990/2484/2406
f 4337/5168/4819 4336/2477/2399 2993/2473/2395
f 572/2466/2388 574/2480/2402 582/4250/4049
f 583/4248/4047 582/4250/4049 574/2480/2402
f 2997/2488/2410 2089/2501/2423 3005/5169/4820
f 3007/1132/1132 4333/2502/2424 4332/2504/2426
f 3010/2487/2409 581/5445/5014 3022/5170/4821
f 3011/644/644 3015/646/646 4331/4246/4046
f 3012/2491/2413 4336/2477/2399 4337/5168/4819
f 3005/5169/4820 1598/645/645 3011/644/644
f 3022/5170/4821 581/5445/5014 1602/4249/4048
f 584/2497/2419 2999/110/110 3013/5171/4822
f 3014/2516/2438 586/2515/2437 4331/4246/4046
f 3018/5172/4823 587/2513/2435 5011/2512/2434
f 3021/2507/2429 3022/5170/4821 3020/222/222
f 3021/2507/2429 3019/221/221 3018/5172/4823
f 585/4251/4050 3024/4243/4043 3023/4244/4044
f 3023/4244/4044 982/3437/3302 3020/222/222
f 2424/1611/1591 1810/519/519 591/518/518
f 595/1628/1608 594/1639/1619 3968/113/113
f 3059/5173/4824 3032/2536/2457 209/4417/4195
f 2973/2532/2358 558/5163/2373 1592/4235/4035
f 4325/2535/2456 3039/5174/4825 2475/5044/4737
f 2474/5045/2453 2475/5044/4737 3039/5174/4825
f 3042/4225/4028 3041/2544/2465 3039/5174/4825
f 3045/2550/2469 4323/2542/2463 3041/2544/2465
f 3046/2545/2466 2004/120/120 4882/5175/4826
f 3036/2541/2462 4324/5177/2458 4882/5175/4826
f 4324/5177/2458 3043/4233/2460 4322/2547/2468
f 4321/2556/2475 3048/4030/3860 599/5176/4827
f 3049/2554/2473 599/5176/4827 4882/5175/4826
f 3055/2574/2493 3060/655/655 3059/5173/4824
f 2569/123/123 603/5178/4828 3055/2574/2493
f 2570/651/651 4479/650/650 3052/4230/4033
f 1587/4229/4032 5025/2560/2479 3054/2564/2483
f 1583/5179/4829 604/2565/2484 1587/4229/4032
f 3065/2581/2500 1583/5179/4829 4704/2569/2488
f 3067/126/126 4317/125/125 3066/2586/2505
f 1579/4226/4029 1580/2580/2499 609/2579/2498
f 4315/2587/2506 3066/2586/2505 607/4227/4030
f 1582/2576/2495 1583/5179/4829 1581/127/127
f 4313/135/135 3072/134/134 1576/128/128
f 3076/2600/2519 615/2599/2518 3075/2593/2512
f 616/2594/2513 1570/657/657 1573/658/658
f 616/2594/2513 1568/2603/2522 623/4218/4023
f 1566/1015/1015 3079/2598/2517 3076/2600/2519
f 1566/1015/1015 1572/2596/2515 1571/2595/2514
f 621/1017/1017 3082/1016/1016 3089/3605/3465
f 618/2602/2521 625/2609/2525 624/4221/2527
f 621/1017/1017 4314/3608/3468 3088/3607/3467
f 627/2615/2530 4861/3613/3471 3090/5181/4024
f 4705/5182/4831 3092/5183/4832 4896/2583/2502
f 3091/2584/2503 4896/2583/2502 3092/5183/4832
f 4313/135/135 1579/4226/4029 1563/2582/2501
f 3094/5185/4834 1563/2582/2501 3091/2584/2503
f 629/5186/4835 630/5192/4841 3078/4224/4027
f 4946/5187/4836 3093/5184/4833 3092/5183/4832
f 3094/5185/4834 3093/5184/4833 4946/5187/4836
f 4312/1886/1840 2633/567/567 631/5189/4838
f 3092/5183/4832 4705/5182/4831 628/2619/2534
f 3096/5191/4840 632/4763/4507 630/5192/4841
f 4311/2618/2533 3866/905/905 4040/904/904
f 2006/5188/4837 3092/5183/4832 4310/5190/4839
f 3100/1131/1131 3097/4514/4279 2300/4954/4677
f 2088/2621/2536 3101/4215/4022 4309/665/665
f 3249/5193/4842 3251/4166/3980 3253/2634/2549
f 639/4209/4016 1561/2839/2743 3106/2636/2551
f 1558/4213/4020 3108/4212/4019 3109/4211/4018
f 641/1013/1013 1559/2638/2553 1558/4213/4020
f 4264/4164/3978 1499/2856/2760 3266/2645/2560
f 1555/1012/1012 1554/2641/2556 1556/2637/2552
f 642/2639/2554 1557/1014/1014 3109/4211/4018
f 820/3077/2966 821/3046/2939 1552/2642/2557
f 135/4620/4382 1962/5198/4846 3110/4992/4702
f 3119/4704/4456 1833/5545/4381 2008/4810/4552
f 3110/4992/4702 645/2650/2565 2010/5194/4843
f 4537/4703/4380 3113/4705/4457 3120/669/669
f 2356/1509/1495 4536/1069/1069 644/5195/4844
f 2100/4990/4700 3116/4701/4454 3117/4854/4590
f 3111/1003/1003 3117/4854/4590 5027/2651/2566
f 1551/5196/4701 2010/5199/4843 643/4811/4553
f 1962/5198/4846 3112/2648/2563 645/2650/2565
f 4308/666/666 2009/668/668 3112/2648/2563
f 643/4811/4553 4307/2659/2574 5002/2653/2568
f 2010/5199/4843 3118/5517/4015 4307/2659/2574
f 3123/2666/2581 3130/2667/2582 3113/4705/4457
f 3115/4702/4455 644/5195/4844 4306/2674/2589
f 3122/2649/2564 648/2662/2577 647/5201/2575
f 3133/2672/2587 4707/2664/2579 4706/671/671
f 3116/4701/4454 646/4207/4014 5027/2651/2566
f 3127/5200/4847 4305/4206/4013 3970/2683/2598
f 3131/2656/2571 650/2669/2584 649/2671/2586
f 647/2660/2575 3136/2688/2585 1548/2687/2602
f 3133/2672/2587 655/256/256 660/258/258
f 3135/2676/2591 4305/4206/4013 3127/5200/4847
f 3128/5202/4848 5001/2652/2567 1545/2682/2597
f 649/2671/2586 3143/2679/2594 3144/2690/2604
f 1547/5203/4849 650/2669/2584 3132/2668/2583
f 1192/4707/4459 5001/2652/2567 3128/5202/4848
f 1547/5203/4849 3151/2702/2615 3150/2699/2612
f 3148/4203/4010 1521/2705/2618 3200/2765/2676
f 1522/4188/3999 1525/2764/2675 3200/2765/2676
f 3149/4201/4008 2044/4202/4009 3154/2706/2619
f 1542/257/257 663/2712/2625 1541/4199/4007
f 3156/5204/4850 4301/1150/1150 3157/2710/2623
f 663/2712/2625 1193/5518/5047 4844/2713/2626
f 3158/5205/4851 4302/325/325 3973/2704/2617
f 3159/1009/1009 3974/1011/1011 3155/2700/2613
f 664/5206/4852 4987/5207/4853 3158/5205/4851
f 3159/1009/1009 3162/2724/2636 667/2723/2635
f 3161/2719/2631 4301/1150/1150 4300/1149/1149
f 664/5206/4852 2014/2703/2616 4844/2713/2626
f 3163/2715/2628 4295/5209/4855 4987/5207/4853
f 4297/5208/4854 668/4807/4549 2125/1126/1126
f 3171/2732/2643 4298/2731/2642 668/4807/4549
f 3163/2715/2628 3169/2714/2627 3173/4193/4003
f 1537/2721/2633 3158/5205/4851 4987/5207/4853
f 1535/5210/4004 1534/4710/2641 4294/2734/2645
f 3170/2729/2640 670/2728/2639 4294/2734/2645
f 669/2720/2632 2085/148/148 3173/4193/4003
f 1534/2730/2641 3171/2732/2643 4293/2735/2646
f 2084/4712/4461 4159/4077/3901 3172/150/150
f 3172/150/150 4159/4077/3901 3557/3277/3154
f 1532/2739/2650 1533/1581/1561 2405/1576/1556
f 3181/4856/4592 4288/2746/2657 3185/679/679
f 675/2748/2659 2127/4714/4463 1530/676/676
f 3180/2741/2652 2018/2745/2656 3183/1098/1098
f 3194/2756/2667 682/441/441 3190/5211/682
f 3187/5212/4856 1528/2749/2660 1550/4708/4460
f 3189/2755/2666 4284/2754/2665 3183/1098/1098
f 680/5213/4857 3185/679/679 4288/2746/2657
f 680/5213/4857 3198/5216/4859 3186/4191/4001
f 3191/2758/2669 3188/2750/2661 3187/5212/4856
f 3192/2753/2664 4998/2759/2670 4283/5214/4858
f 4283/5214/4858 1524/2769/2680 681/2767/2678
f 3194/2756/2667 3196/2760/2671 1526/439/439
f 679/683/683 3195/324/324 3199/323/323
f 682/5215/441 3204/5555/440 3203/4187/3998
f 3186/4191/4001 3198/5216/4859 3976/4189/4000
f 3199/323/323 3202/5217/4860 3198/5216/4859
f 3202/5217/4860 686/2781/2692 3216/2783/2694
f 1524/2769/2680 4283/5214/4858 4998/2759/2670
f 3206/5218/3997 3606/5429/5005 4281/1001/1001
f 3208/1000/1000 3203/5556/3998 3204/5219/440
f 3976/4189/4000 3198/5216/4859 3216/2783/2694
f 3202/5217/4860 3199/323/323 3201/322/322
f 686/2781/2692 3202/5217/4860 2020/2771/2682
f 687/2774/2685 3212/2776/2687 1522/4188/3999
f 684/2770/2681 3203/4187/3998 4279/2779/2690
f 3213/2786/2688 4279/5441/2690 3207/2780/2691
f 2021/5220/4861 3216/2783/2694 4942/2782/2693
f 1518/2795/2705 2022/686/686 1519/2790/2700
f 3219/1101/1101 4899/5223/4864 1516/693/693
f 1517/2797/2707 695/2796/2706 3220/2798/2708
f 2070/4161/3975 2126/5418/4999 4899/5223/4864
f 1513/692/692 696/691/691 1512/2804/2713
f 697/2805/2714 3220/2798/2708 695/2796/2706
f 4276/5224/4865 3229/2810/2719 3228/688/688
f 1196/690/690 3218/5541/3996 3221/4178/3991
f 3222/4182/3995 4275/2820/2725 3229/2810/2719
f 699/2802/2711 1512/2804/2713 697/2805/2714
f 702/151/151 3232/4177/3990 3233/696/696
f 1506/3052/2728 708/2821/320 4275/2820/2725
f 822/310/310 3230/5290/4914 699/2802/2711
f 4274/5225/3988 1510/5226/3989 3232/4177/3990
f 1511/3050/2943 3232/4177/3990 1510/5226/3989
f 4272/698/698 3234/4174/3987 706/700/700
f 1509/2816/2722 704/2815/2718 3227/5227/2720
f 3236/999/999 1197/702/702 707/4172/3986
f 4272/698/698 1197/702/702 3236/999/999
f 5007/5228/4866 4717/4169/3983 4267/4171/3985
f 4514/4465/4235 3242/708/708 4717/4169/3983
f 1503/2827/2731 4515/2826/2730 709/1595/1575
f 2024/2829/2733 2127/4714/4463 4951/5230/4868
f 712/4167/3981 3251/4166/3980 3249/5193/4842
f 4265/4165/3979 3247/4803/4545 4720/4168/3982
f 4951/5230/4868 2127/4714/4463 3186/4191/4001
f 3250/2631/2546 4723/4157/3971 3104/4700/4453
f 716/5232/4870 3251/4166/3980 4719/5231/4869
f 4719/5231/4869 4720/4168/3982 4772/710/710
f 1502/2835/2739 713/2834/2738 4951/5230/4868
f 3254/5233/4871 4772/710/710 4720/4168/3982
f 3257/2847/2751 4787/5265/4893 3316/5234/4872
f 4263/709/709 719/711/711 3263/3898/3743
f 3219/1101/1101 4261/713/713 1500/712/712
f 721/5235/4873 4101/840/840 3258/2842/2746
f 724/156/156 3261/2853/2757 4894/2845/2749
f 3263/3898/3743 830/3900/3745 1499/2856/2760
f 728/2849/2753 831/996/996 4721/714/714
f 721/5235/4873 720/2850/2754 729/3087/2976
f 3268/995/995 4202/4093/3915 830/3900/3745
f 3442/3097/2986 3264/2855/2759 4948/2854/2758
f 3273/5236/4415 2487/5056/4414 2486/5055/4743
f 3273/4659/4415 4257/4802/4544 3276/2901/2805
f 3274/5237/4874 3278/5243/4879 4255/2863/2767
f 4258/4860/4596 4722/4859/4595 4257/5238/4544
f 3979/5239/4875 4256/4861/4597 3280/5240/4876
f 1496/5241/4877 3281/1154/994 3282/5242/4878
f 3282/5244/4878 3290/5250/4881 3292/5245/4880
f 4253/5246/4468 4724/4155/2766 2025/4801/4543
f 3279/5248/4469 3284/442/442 2082/444/444
f 1476/2940/2839 4238/5520/2820 1477/2865/2769
f 3292/5245/4880 732/715/715 2081/2871/2775
f 3293/723/723 731/224/224 1495/2867/2771
f 3286/2868/2772 1320/4020/3853 5034/3506/3371
f 1319/4014/3849 3302/2877/2781 736/716/716
f 4869/1152/1152 3281/1154/994 1496/5241/4877
f 3282/5244/4878 3281/994/994 3288/4152/3968
f 3287/993/993 3289/4150/3966 3288/4152/3968
f 3291/4151/3967 2026/2870/2774 3290/5250/4881
f 2081/2871/2775 3296/718/718 1494/5251/4882
f 3293/723/723 4252/2869/2773 3291/4151/3967
f 1493/4146/3963 733/5557/3964 1494/5251/4882
f 738/725/725 4726/2866/2770 4728/4863/4599
f 732/715/715 3292/5245/4880 3290/5250/4881
f 3300/2876/2780 3297/5253/4883 1493/5252/3963
f 733/4148/3964 1493/5252/3963 3297/5253/4883
f 3306/2882/2786 4250/5260/4890 735/4862/4598
f 3302/2877/2781 1491/2879/2783 4251/717/717
f 1491/2879/2783 1490/2878/2782 1492/2874/2778
f 3298/719/719 732/715/715 4251/717/717
f 3727/3512/3377 3729/3514/3379 1489/990/990
f 4725/4156/3970 4249/2838/2742 3307/5254/4884
f 4788/992/992 737/5257/4887 3303/5256/4886
f 3311/4724/4472 3304/721/721 3289/4150/3966
f 737/5257/4887 3308/5263/4891 3309/5258/4888
f 3309/5258/4888 3315/4726/4474 3310/4723/4471
f 3310/4723/4471 3315/4726/4474 4248/5259/4889
f 4248/5259/4889 3315/4726/4474 3319/4728/4475
f 4250/5260/4890 4247/5266/4894 1488/726/726
f 3728/2880/2784 1012/859/859 1313/861/861
f 3316/5234/4872 3307/5254/4884 4249/2838/2742
f 3308/5261/4891 4727/5255/4885 3307/5254/4884
f 3314/5262/1124 3315/4726/4474 3309/5258/4888
f 3307/5254/4884 3316/5234/4872 3317/1125/1125
f 3313/2881/2785 1313/861/861 3987/4002/3839
f 3987/4002/3839 3744/3532/3396 4081/5264/4892
f 4787/5265/4893 3321/4799/4541 3317/1125/1125
f 4247/5266/4894 4250/5260/4890 4081/5264/4892
f 3318/1123/1123 3317/1125/1125 3321/4799/4541
f 3270/3083/2972 4729/5268/4895 4786/4143/3962
f 3265/4160/3974 4729/5268/4895 3270/3083/2972
f 4262/2841/2745 1487/4800/4542 4729/5268/4895
f 743/1880/1835 4245/2892/2796 744/2887/2791
f 3327/157/157 1484/2888/2792 740/4137/3956
f 1484/2888/2792 4923/4134/3953 1483/4129/3948
f 3328/2890/2794 3329/318/318 297/317/317
f 1481/4133/3952 3334/4132/3951 3326/4664/4418
f 743/1880/1835 3330/2891/2795 4243/2893/2797
f 748/2897/2801 3329/318/318 3328/2890/2794
f 3330/2891/2795 3336/162/162 3340/161/161
f 3342/2902/2806 1477/2916/2769 2028/164/164
f 3339/160/160 3344/2904/2808 751/2903/2807
f 752/2907/2811 4881/4128/3947 4240/4127/3946
f 763/2919/2822 5033/2929/2830 759/5269/731
f 4242/2899/2803 1478/167/167 3345/2914/2818
f 756/2925/2827 4241/2911/2815 3346/2910/2814
f 757/5271/4896 4237/2938/2838 3356/2949/2847
f 3352/2920/2823 1479/4125/3945 3349/2936/2837
f 3353/2933/2834 3348/166/166 762/730/730
f 2029/2913/2817 4239/2915/2819 3354/2932/2833
f 4236/2951/2849 3412/4102/3924 4733/5272/4897
f 767/2953/2851 4880/2930/2831 5033/2929/2830
f 3362/169/169 3364/2955/2853 3360/734/734
f 4730/4123/3943 3370/171/171 1474/170/170
f 768/2945/2844 4235/5274/4899 3367/2960/2856
f 3368/2946/2845 3367/2960/2856 1471/4121/3941
f 4731/724/724 3374/3021/2916 1468/2989/2884
f 4247/5266/4894 3374/3021/2916 4731/724/724
f 3367/2960/2856 4235/5274/4899 3378/4115/3936
f 772/175/175 771/177/177 1469/4116/3937
f 3381/736/736 1468/2989/2884 3374/3021/2916
f 773/4117/3938 4734/4122/3942 4236/2951/2849
f 1472/4124/3944 4963/2975/2870 3375/5273/4898
f 786/2992/2887 1464/2995/2890 5021/4114/3935
f 4235/5274/4899 3371/2952/2850 3375/5273/4898
f 4963/2975/2870 3372/2954/2852 776/2959/2855
f 3379/172/172 1466/2978/2873 778/2980/2875
f 4226/2986/2881 2031/3003/2898 3388/5275/4900
f 4231/2979/2874 779/2987/2882 4903/4120/3940
f 3382/2966/2861 4903/4120/3940 779/2987/2882
f 1469/4119/3937 4903/4120/3940 3382/2966/2861
f 3320/2886/2790 1099/2885/2789 3403/3020/2915
f 4223/3015/2910 4732/3017/2912 3386/4112/3933
f 3393/5277/4901 4227/2993/2888 784/2974/2869
f 4222/740/740 1461/2996/2891 1464/2995/2890
f 4225/3000/2895 1458/2998/2893 787/2983/2878
f 780/2982/2877 787/2983/2878 1458/2998/2893
f 3389/3024/2919 1455/2990/2885 3381/736/736
f 788/3005/2900 2031/3003/2898 808/4731/4478
f 3390/4730/4477 3397/3018/2913 3399/5278/4902
f 3390/4730/4477 797/3008/2903 796/1174/1172
f 3391/5279/4903 2032/5287/4911 4735/4735/4482
f 3393/5277/4901 3377/2976/2871 4875/3001/2896
f 1461/2996/2891 4222/740/740 4856/739/739
f 801/3032/2927 1452/986/986 3394/988/988
f 801/3032/2927 3405/3031/2926 4215/5280/4904
f 805/5281/4905 3395/1173/1171 804/3030/2925
f 808/4731/4478 2031/3003/2898 3394/988/988
f 806/3029/2924 4218/3014/2909 4219/5282/4906
f 3398/5284/4908 3399/5278/4902 3397/3018/2913
f 4218/3014/2909 3402/3013/2908 2075/3037/2932
f 3400/3019/2914 3403/3020/2915 5039/4108/3930
f 4219/5282/4906 2075/3037/2932 3404/3034/2929
f 3407/239/239 1448/4107/3929 3401/3033/2928
f 4038/445/445 3867/5285/4909 3409/4732/4479
f 4785/5106/4776 4213/566/566 3409/4732/4479
f 2079/745/745 4210/4104/3926 3410/4733/4480
f 4733/5272/4897 2079/745/745 4211/747/747
f 4210/4104/3926 2079/745/745 4733/5272/4897
f 1236/3776/3629 4765/446/446 4038/445/445
f 4734/4122/3942 3413/5286/4910 3412/4102/3924
f 3413/5286/4910 5000/750/750 4209/4781/4524
f 3391/5279/4903 1443/1183/1181 1444/1182/1180
f 3391/5279/4903 4732/3017/2912 1453/3016/2911
f 3418/188/188 3415/187/187 2032/5287/4911
f 3416/3937/3780 816/4100/3922 817/184/184
f 819/189/189 3418/188/188 814/5288/4912
f 4216/3968/3809 818/5493/5044 815/5289/4913
f 3230/5290/4914 822/310/310 3446/753/753
f 700/2848/2752 698/2803/2712 3230/5290/4914
f 3420/5292/2942 824/190/190 3427/4097/3919
f 4207/192/192 3977/699/699 2033/4857/4593
f 2033/4857/4593 4774/3819/3670 2034/4737/4484
f 3424/2825/2729 1223/3931/3666 4981/3055/2947
f 3240/2822/2726 3424/2825/2729 3425/5295/4918
f 3431/3066/2958 1438/3071/2961 3433/312/312
f 823/5293/4916 3427/4097/3919 826/3899/3744
f 3429/3060/2952 3428/4096/3918 3422/4099/3921
f 827/3062/2954 3430/3061/2953 3980/307/307
f 4860/4736/4483 3429/3060/2952 3423/5294/4917
f 1161/927/927 3922/926/926 1173/932/932
f 1438/3071/2961 3436/3134/3022 1427/3059/2951
f 3439/308/308 3980/307/307 3430/3061/2953
f 3440/4094/3916 3471/4088/3912 4203/3154/3040
f 3439/308/308 3462/5308/4926 3440/4094/3916
f 3448/3084/2973 3270/3083/2972 3269/4142/3961
f 3269/4142/3961 3322/5540/5048 3447/5298/2985
f 3445/193/193 3450/195/195 838/3100/2989
f 1434/3090/2979 1435/3080/2969 821/3046/2939
f 836/3110/2999 847/752/752 1429/3116/3005
f 837/5299/4921 3449/3099/2988 850/4738/4485
f 4784/3901/3746 3457/3143/3031 3450/195/195
f 3450/195/195 1431/3113/3002 839/3092/2981
f 3461/5300/3024 4949/3093/2982 3452/3095/2984
f 851/3118/3007 4194/3145/3033 5013/5302/4922
f 4737/751/751 1423/3133/3021 1200/3130/3018
f 3447/5298/2985 4949/5524/2982 3453/3135/3023
f 4199/3098/2987 1426/3111/3000 1422/762/762
f 848/761/761 3472/760/760 1418/3903/3748
f 1175/3853/3704 3932/929/929 4201/928/928
f 855/3132/3020 3466/3149/3037 3459/3148/3036
f 3481/4092/763 1422/762/762 1426/3111/3000
f 1418/3903/3748 4192/5303/4923 850/4738/4485
f 1418/3903/3748 4188/773/773 3486/3168/3053
f 1173/932/932 3941/3142/3030 3473/3141/3029
f 3944/3856/3707 1175/3853/3704 850/4738/4485
f 3465/3125/3014 3468/5523/3016 1424/3122/3011
f 4193/3150/3038 3469/201/201 3466/3149/3037
f 3461/5304/3024 856/3128/3017 1416/5305/4924
f 4877/5306/4925 3469/5310/201 4193/5307/3038
f 3471/4088/3912 3482/4089/3913 4877/5306/4925
f 3462/5308/4926 862/5434/5009 3471/4088/3912
f 4187/3170/3055 3493/5315/4929 3483/3166/3051
f 3486/3168/3053 1415/3169/3054 3487/3172/3057
f 3475/3159/3045 3477/767/767 3476/4087/3911
f 4194/3145/3033 861/3147/3035 3463/3157/3043
f 4191/3161/3047 3463/3157/3043 861/3147/3035
f 3479/5309/3065 4190/3162/3048 1417/3160/3046
f 3478/3163/3049 3467/200/200 3480/199/199
f 870/3178/3062 873/3180/3064 1416/5305/4924
f 873/3180/3064 4186/3179/3063 4189/764/764
f 3482/4089/3913 3480/5312/199 3469/5310/201
f 4189/764/764 4186/3179/3063 3490/3184/3067
f 875/3152/765 3490/5558/3067 1412/3190/3069
f 4185/5311/4927 3479/3181/3065 3480/5312/199
f 3483/3166/3051 3493/5315/4929 4185/5311/4927
f 880/4082/3906 3485/772/772 3484/774/774
f 3498/5313/3907 3501/3198/3080 1414/3920/3764
f 4190/3162/3048 3479/5309/3065 1935/768/768
f 1935/3183/768 3489/5314/4928 4876/3175/3059
f 868/3173/3058 4876/3175/3059 3488/3177/3061
f 3488/3177/3061 4876/3175/3059 3489/5314/4928
f 883/3182/3066 3502/3202/3083 3489/5314/4928
f 4186/3179/3063 874/770/770 876/3205/3086
f 1410/3204/3085 883/3182/3066 4185/5311/4927
f 880/4082/3906 1411/3189/3072 3494/5316/3073
f 1408/3193/3075 878/3195/3077 5017/3197/3079
f 881/5317/3078 3498/5313/3907 4184/3171/3056
f 3500/777/777 3493/5315/4929 4967/4081/3905
f 3495/776/776 1410/3204/3085 3493/5315/4929
f 1409/4084/3908 3497/775/775 3501/5318/3080
f 879/3188/3071 3495/776/776 3497/775/775
f 3502/3202/3083 874/770/770 872/769/769
f 882/3201/3082 3502/3202/3083 883/3182/3066
f 3492/3192/3074 1411/5527/3072 1412/3186/3069
f 885/3224/3103 1407/301/301 3503/2152/2090
f 4179/3207/3088 2772/3880/3726 3505/2154/2092
f 890/3223/3102 885/3224/3103 4892/5319/4930
f 886/3208/3089 4179/3207/3088 4999/3233/3112
f 4181/3212/3092 4178/3211/3091 4174/3236/3115
f 1402/3214/299 2037/3213/3093 2040/782/782
f 3508/3220/3099 4960/4079/3903 1406/4080/3904
f 3508/3220/3099 886/3208/3089 891/3222/3101
f 3513/4739/4486 4744/5433/5008 890/3223/3102
f 3506/3225/3104 3509/3227/3106 4999/3233/3112
f 3514/4792/4534 4740/4795/4537 4175/4887/4623
f 888/780/780 3510/4078/3902 3515/783/783
f 3513/4739/4486 892/3230/3109 3512/984/984
f 3514/4792/4534 2041/3229/3108 3519/4741/4488
f 2039/5320/3107 2040/782/782 2078/781/781
f 898/3241/3120 3521/4743/4489 3518/983/983
f 3603/3234/3113 934/3242/3121 1400/3243/3122
f 899/788/788 4747/5487/5039 2129/4791/4533
f 3523/3249/3128 899/788/788 895/4793/4535
f 3515/783/783 3510/4078/3902 3525/5321/4931
f 4174/3236/3115 4745/3235/3114 3525/5321/4931
f 2041/3229/3108 2039/3228/3107 4171/4742/3124
f 3524/5322/4932 4169/3244/3123 2078/781/781
f 4976/4753/4497 4711/1097/1097 4710/1096/1096
f 3528/1104/1104 3527/5324/4934 4746/5323/4933
f 3522/1102/1102 4746/5323/4933 897/3239/3118
f 898/3241/3120 1399/3238/3117 3526/3248/3127
f 4742/4870/4606 4748/4871/4607 4743/4865/4601
f 946/3373/3240 3154/2706/2619 2044/4202/4009
f 2044/4202/4009 3142/3240/3119 4746/5323/4933
f 3521/4743/4489 3526/3248/3127 3532/5325/4935
f 4164/1122/1122 3537/3246/3125 3524/5322/4932
f 4302/325/325 902/327/327 3532/5325/4935
f 903/3268/3145 3540/3258/3137 4166/1156/1154
f 4752/4745/4490 1397/5330/4940 3543/5326/4936
f 3536/3254/3133 4165/1121/1121 3545/3259/3138
f 3536/3254/3133 3547/5327/4937 904/3261/3139
f 4163/3256/3135 4161/4755/4499 3550/3274/3151
f 1396/5328/4938 3551/4750/4494 3542/4752/4496
f 2048/5329/4939 3543/5326/4936 1397/5330/4940
f 3546/3262/3136 904/3261/3139 3544/202/202
f 3547/5327/4937 3545/3259/3138 3556/3267/3144
f 3547/5327/4937 3555/203/203 3544/202/202
f 3545/3259/3138 3540/3258/3137 903/3268/3145
f 4161/4755/4499 3164/326/326 1537/2721/2633
f 3560/5332/4941 4158/4075/3900 2077/3273/3150
f 1396/5328/4938 3549/790/790 3541/792/792
f 3560/5332/4941 3549/790/790 1396/5328/4938
f 3563/3281/3158 3552/3280/3157 1393/5333/4942
f 3553/3266/3143 1394/3269/3146 3550/3274/3151
f 3554/204/204 3555/203/203 1201/3282/3159
f 3543/5326/4936 2048/5329/4939 1393/5334/4942
f 3554/204/204 1393/5333/4942 2048/5331/4939
f 2077/5335/3150 4159/4077/3901 2084/4712/4461
f 3549/790/790 3560/5332/4941 3559/3272/3149
f 4158/5336/3900 3562/3279/3156 4159/4077/3901
f 1201/3282/3159 3553/3266/3143 3561/3276/3153
f 3576/3904/3749 3578/3326/3198 3982/2156/2094
f 911/2336/2267 2917/2338/2269 909/4283/4077
f 1381/3294/3169 1382/5430/5006 917/4066/3893
f 1203/3301/3176 910/3299/3174 3588/5337/4943
f 2920/2342/2273 2922/2347/2276 4155/2352/2281
f 3573/3283/3160 907/3289/3166 3574/4756/4500
f 3576/3904/3749 3577/3311/3184 925/3341/3213
f 3580/3319/3191 3589/3318/3190 3588/5337/4943
f 4147/5338/4944 915/3317/3189 3580/3319/3191
f 3581/4068/3895 916/3298/3173 5016/4067/3894
f 5016/4067/3894 1382/5430/5006 4152/5340/4946
f 3582/796/796 929/798/798 3983/3346/3218
f 4156/3295/3170 4755/797/797 3582/796/796
f 3585/4065/3892 1380/3320/3192 920/3322/3194
f 4151/3316/3188 3586/3315/3187 3597/5341/4947
f 3588/5337/4943 910/3299/3174 916/3298/3173
f 3570/3324/3196 3571/4073/3899 4151/3316/3188
f 921/3325/3197 920/3322/3194 919/3321/3193
f 3579/3329/3201 5022/4070/3896 927/207/207
f 3596/210/210 3594/209/209 3597/5341/4947
f 3586/3315/3187 1379/4758/4502 3598/3905/3750
f 1371/5342/4948 4147/5338/4944 1377/3336/3208
f 4152/5340/4946 3983/3346/3218 3599/3337/3209
f 3585/4065/3892 3594/209/209 3595/208/208
f 1376/5343/3202 4142/3350/3211 3600/3348/3220
f 1369/3334/3206 1368/294/294 930/5344/4949
f 2050/4062/3889 938/3351/3222 4145/3344/3216
f 931/4060/3887 1378/4757/4501 4147/5338/4944
f 1371/5342/4948 4144/3338/3210 4141/4061/3888
f 3604/5345/211 4142/3339/3211 930/5344/4949
f 4145/3344/3216 938/3351/3222 4883/3353/3224
f 3605/4057/3885 4127/5427/5003 3619/3397/3263
f 4144/3338/3210 3599/3337/3209 3983/3346/3218
f 4780/4785/4528 4893/975/975 4140/974/974
f 937/3357/3226 3616/805/805 1363/807/807
f 930/5344/4949 1368/294/294 1366/293/293
f 4883/3353/3224 943/3352/3223 3618/292/292
f 685/2772/2683 3205/2773/2684 4756/5347/4951
f 4133/5349/4953 3606/5429/5005 3206/5218/3997
f 3206/4186/3997 685/2772/2683 4139/5348/4952
f 1365/3377/3244 3606/5429/5005 4133/5349/4953
f 3608/803/803 3607/802/802 4139/5348/4952
f 3610/5351/4954 4136/3354/3225 4137/799/799
f 3613/4788/4531 4846/3362/3230 3614/5352/4955
f 3613/4788/4531 4985/3379/3246 3611/3363/3231
f 1363/3355/807 3615/5353/806 3614/5352/4955
f 3617/3364/3232 3615/806/806 3616/805/805
f 1364/4790/3233 3612/4789/4532 3614/5352/4955
f 949/4050/3879 3627/4052/3881 3609/4054/804
f 939/801/801 3614/5352/4955 4846/3362/3230
f 3632/291/291 954/290/290 1359/3360/3228
f 4138/3380/3247 4139/5348/4952 4756/5347/4951
f 3622/4056/3884 3623/3378/3245 4133/5349/4953
f 948/3361/3229 3620/3372/3239 946/3373/3240
f 3621/4055/3883 3611/3363/3231 4985/3379/3246
f 2051/4053/3882 3625/5354/4956 3622/4056/3884
f 3626/3381/3248 957/3401/3267 3624/3400/3266
f 947/4759/4503 3624/3400/3266 3622/4056/3884
f 1358/3385/3252 952/3387/3254 1357/5355/4957
f 1357/5355/4957 953/4047/3877 1354/287/287
f 953/4047/3877 3629/4049/3878 1356/3388/3255
f 944/810/810 960/3408/3265 3638/5356/4958
f 3626/3381/3248 4131/3383/3250 4885/5357/4959
f 3637/5358/4960 962/4180/3993 957/3401/3267
f 3630/3390/3257 958/3404/3270 959/979/979
f 3631/3392/3258 4125/808/808 1352/4046/3876
f 964/4045/3875 1352/4046/3876 4125/808/808
f 1355/3395/3261 1349/3396/3262 4886/3402/3268
f 3637/5358/4960 4885/5357/4959 2052/285/285
f 1349/3396/3262 4124/286/286 1346/3415/3280
f 3641/219/219 1346/3415/3280 4124/286/286
f 969/3419/3284 1347/280/280 964/4045/3875
f 4757/3407/3273 3646/5359/4961 969/3419/3284
f 4859/3421/3286 972/5361/4963 3642/3412/3277
f 3984/4181/3994 962/4180/3993 3637/5358/4960
f 966/283/283 1346/3415/3280 970/3423/3288
f 3643/284/284 970/3423/3288 3648/3422/3287
f 4121/456/456 969/3419/3284 3646/5359/4961
f 972/5361/4963 1343/3420/3285 4120/5360/4962
f 3646/5359/4961 4757/3407/3273 3642/3412/3277
f 974/3416/3281 3650/4042/3872 973/4044/3874
f 974/3416/3281 1344/5363/4965 3653/4040/3870
f 3647/4043/3873 977/4039/3869 4275/2820/2725
f 1342/813/813 3647/4043/3873 3984/4181/3994
f 1345/3424/3289 1341/5362/4964 975/3425/3290
f 3657/3427/3292 975/3425/3290 1341/5362/4964
f 3650/4042/3872 1340/4041/3871 1341/5362/4964
f 3649/3414/3279 973/4044/3874 1341/5362/4964
f 1340/4041/3871 3652/4873/4609 3659/4787/4530
f 4122/3417/3282 4781/455/455 4758/3429/3294
f 3653/4040/3870 1344/5363/4965 4758/3429/3294
f 3645/3418/3283 4121/456/456 4781/455/455
f 4777/3934/3777 4852/819/819 3918/818/818
f 3655/4760/4504 1213/3912/3757 3918/818/818
f 4113/5364/4966 5024/3454/3319 3668/3456/3321
f 1337/2509/2431 3668/3456/3321 980/3433/3298
f 4117/3442/3307 3015/646/646 1598/645/645
f 1335/3435/3300 3661/3907/3752 3017/2518/2440
f 3019/221/221 3665/824/824 587/2513/2435
f 3667/220/220 3666/825/825 3665/824/824
f 3664/2519/2441 3663/3436/3301 1335/3435/3300
f 3685/3448/3313 3674/3439/3304 4904/3432/3297
f 4110/3438/3303 1204/3909/3754 3666/825/825
f 1604/2510/2432 5010/2479/2401 1338/3430/3295
f 3681/4035/3865 3669/4038/3868 3670/3444/3309
f 1338/3430/3295 984/3431/3296 983/3441/3306
f 983/3441/3306 3694/4036/3866 5024/3454/3319
f 3682/3457/3322 989/3458/3323 990/3460/3325
f 3713/3490/3355 3720/3504/3369 992/223/223
f 3696/1105/1105 5024/3454/3319 3694/4036/3866
f 3690/4032/3862 4105/4033/3863 3688/3462/3327
f 3692/837/837 3682/3457/3322 4106/4034/3864
f 993/835/835 4106/4034/3864 4105/4033/3863
f 3695/972/972 2072/971/971 3690/4032/3862
f 4779/4786/4529 3681/4035/3865 3692/837/837
f 3978/2872/2776 3252/3475/3340 4773/3911/3756
f 1332/1106/1106 3694/4036/3866 4773/3911/3756
f 993/835/835 3700/1108/1108 3701/1110/1110
f 2072/971/971 994/973/973 2053/1109/1109
f 3699/3474/3339 715/3476/3341 4101/840/840
f 1351/3413/3278 955/289/289 3632/291/291
f 3702/950/950 4100/949/949 965/278/278
f 3708/3481/3346 4902/3483/3348 996/5365/4967
f 3706/5366/4968 3704/4031/3861 3705/3479/3344
f 3706/5366/4968 996/5365/4967 3709/3485/3350
f 4098/5367/4969 1327/279/279 1329/3477/3342
f 3710/846/846 3655/4760/4504 1327/279/279
f 1164/843/843 3271/3088/2977 837/5299/4921
f 3709/3485/3350 996/5365/4967 4902/3483/3348
f 1213/3912/3757 3655/4760/4504 3710/846/846
f 999/4021/3854 3711/3486/3351 1326/3487/3352
f 4321/2556/2475 4961/2555/2474 1324/4028/3859
f 3715/4025/3858 3712/4027/3857 4320/5368/3742
f 1324/4028/3859 4961/2555/2474 1001/3494/3359
f 2054/3913/848 3051/5559/847 1323/5369/3354
f 1282/661/661 4864/3619/3476 3717/3493/3358
f 3720/3504/3369 3713/3490/3355 999/4021/3854
f 1003/3501/3366 4096/4022/3855 1000/3496/3361
f 4095/4015/3850 3718/5548/3852 4962/4026/3856
f 4864/3619/3476 4070/226/226 1275/5370/4970
f 3722/851/851 4094/3499/3364 1002/3498/3363
f 1318/3509/3374 1007/3508/3373 1009/4010/3846
f 1011/5371/3845 1007/5560/3373 3724/4013/3848
f 1011/5371/3845 3725/3511/3376 4092/853/853
f 3722/851/851 3733/850/850 1013/3522/3386
f 1010/3513/3378 1009/5533/3846 1007/5372/3373
f 3726/854/854 1008/3503/3368 3732/863/863
f 3732/863/863 1008/3503/3368 4094/3499/3364
f 3726/854/854 3736/862/862 1316/5373/3385
f 1321/858/858 1275/5370/4970 1271/3981/3822
f 3730/3515/3380 3731/3518/3383 1012/859/859
f 3730/3515/3380 4091/4009/855 1316/3520/3385
f 3733/850/850 1317/852/852 3734/867/867
f 1271/3981/3822 1081/3675/3529 1314/5374/4971
f 3795/3676/3530 3800/883/883 1314/5374/4971
f 3736/3521/862 1014/5377/864 1016/4007/3844
f 1311/3517/3382 3731/3518/3383 3739/3534/3398
f 4915/4004/3841 1015/5376/3758 3737/5375/3389
f 1015/5376/3758 4915/4004/3841 1016/4007/3844
f 1020/4006/3843 5014/3528/3392 4090/866/866
f 3742/3526/3390 4090/866/866 3743/3527/3391
f 4082/3554/3416 1309/3516/3381 3800/883/883
f 1314/5374/4971 3800/883/883 1309/3516/3381
f 1307/3530/3394 3738/3524/3388 3740/3533/3397
f 4089/3519/3384 4088/4005/3842 3739/3534/3398
f 3741/3540/3404 3740/3533/3397 3739/3534/3398
f 3746/3541/3405 1304/3545/3409 4086/274/274
f 3749/4003/3840 3737/5375/3389 3742/5378/3390
f 1019/5379/3399 4085/3999/3401 1018/4000/3838
f 1305/271/271 4863/3531/3395 4087/276/276
f 4087/276/276 1307/3530/3394 1306/3539/3403
f 1303/272/272 1305/271/271 3745/275/275
f 1305/271/271 4080/3572/3433 1299/868/868
f 1290/3587/3447 3762/3573/3434 4874/3575/3436
f 1297/273/273 1298/3550/3413 4075/969/969
f 3760/3714/3568 3752/3570/3431 4874/3575/3436
f 1294/3567/3428 4079/3566/3427 4077/3569/3430
f 1032/3583/3443 4077/3569/3430 4078/3568/3429
f 1032/3583/3443 1031/3581/3442 1030/3578/3439
f 3758/3558/3420 1092/3557/3419 3836/3704/3558
f 1293/3559/3421 1289/3586/3446 1033/3602/3462
f 1289/3586/3446 1293/3559/3421 3758/3558/3420
f 4076/5380/4972 1029/3994/3834 3753/3562/3424
f 3761/3561/3423 1296/3576/3437 3756/5381/3438
f 4076/5380/4972 3756/5381/3438 4074/5382/3440
f 3764/3590/3450 1288/3589/3449 4072/3595/3455
f 1114/3596/3456 1046/3987/3828 1043/3989/3830
f 3769/1178/1176 1284/3988/3829 1045/3990/3831
f 3767/3597/3457 1044/3601/3461 1043/3989/3830
f 1048/227/227 4070/226/226 3085/660/660
f 1048/227/227 1280/3609/140 1051/267/267
f 3777/5383/4973 1060/230/230 3772/265/265
f 4068/3618/3475 4932/3622/3479 1057/3628/3483
f 3774/228/228 3779/5385/4975 1275/5370/4970
f 1064/3640/3494 4931/3632/3487 4067/3985/3826
f 4778/3641/3495 2055/5384/4974 1056/3636/3490
f 3779/5385/4975 3778/266/266 3990/3984/3825
f 1061/3978/3819 1060/230/230 3777/5383/4973
f 1271/3981/3822 1275/5370/4970 3779/5385/4975
f 4065/3649/3503 3781/3642/3496 4778/3641/3495
f 1071/3982/3823 3785/911/911 1072/910/910
f 1274/3633/3488 1065/3643/3497 1067/3980/3821
f 4035/3653/3507 1070/3652/3506 1273/3983/3824
f 3791/880/880 3989/3974/3815 3990/3984/3825
f 1270/3977/3818 4762/3669/3523 3790/3655/3509
f 1068/3659/3513 1270/3977/3818 4930/3979/3820
f 3788/1176/1174 1267/878/878 4913/3660/3514
f 3790/3655/3509 4762/3669/3523 4061/5387/4976
f 4060/877/877 3799/3973/3814 1263/3668/3522
f 3798/3915/3759 3794/3667/3521 3790/3655/3509
f 4061/5387/4976 1263/3668/3522 3799/3973/3814
f 3795/3676/3530 3801/3677/3531 4918/5389/4978
f 4057/3686/3540 3798/3915/3759 1082/5388/4977
f 1082/5388/4977 4061/5387/4976 3796/3972/3813
f 4763/4762/4506 1259/3969/3810 3796/3972/3813
f 1142/3679/3533 4763/4762/4506 1086/3671/3525
f 3805/5390/4979 1257/3693/3547 1092/3557/3419
f 3801/3677/3531 1260/3971/3812 3806/3691/3545
f 1258/884/884 3800/883/883 4918/5389/4978
f 3805/5390/4979 4918/5389/4978 3806/3691/3545
f 1260/3971/3812 3807/3694/3548 1093/3696/3550
f 3807/3694/3548 1260/3971/3812 3809/232/232
f 1094/3692/3546 1093/3696/3550 1254/3695/3549
f 1089/233/233 1083/888/888 3815/887/887
f 3823/3701/3555 1091/3700/3554 3802/3681/3535
f 1105/3722/3576 1104/237/237 1101/3717/3571
f 1257/3693/3547 3818/3727/3581 4052/3703/3557
f 1094/3692/3546 3819/3729/3583 3818/3727/3581
f 1254/3695/3549 1109/3706/3560 4051/3731/3585
f 3841/3711/3565 4056/890/890 3810/3970/3811
f 3812/3698/3552 1098/1111/1111 2059/1113/1113
f 3822/3699/3553 3823/3701/3555 3840/3710/3564
f 1100/3718/3572 2057/4782/4525 5039/4108/3930
f 2075/3037/2932 3828/3721/3575 3825/3712/3566
f 2075/3037/2932 2058/3963/3804 3845/3962/3803
f 3828/3721/3575 3832/3720/3574 3816/5391/4980
f 3910/3810/3662 4018/3809/3661 3825/3712/3566
f 3830/3918/3762 5040/3967/3808 1253/3713/3567
f 1244/3751/3605 3850/892/892 3991/5392/4981
f 4054/5393/4982 1106/3961/3802 4048/3742/3596
f 1106/3961/3802 4054/5393/4982 3991/5392/4981
f 3821/963/963 3832/3720/3574 4053/263/263
f 1155/3812/3664 1154/3811/3663 3816/5391/4980
f 3841/3711/3565 3817/262/262 3835/264/264
f 3851/3738/3592 4934/3744/3598 1246/3737/3591
f 1250/238/238 812/240/240 1449/4106/3928
f 4050/897/897 3407/239/239 1250/238/238
f 4050/897/897 3842/896/896 1448/4107/3929
f 1447/3739/3593 1448/4107/3929 3842/896/896
f 4041/959/959 3857/958/958 1450/987/987
f 1449/4106/3928 5038/4783/4526 1248/3956/3797
f 1252/235/235 4048/3742/3596 3846/3754/3608
f 4047/3743/3597 1113/3747/3601 1247/3748/3602
f 3848/902/902 3835/264/264 4053/263/263
f 3848/902/902 4049/3719/3573 4911/5395/4984
f 3763/3591/3451 4045/3592/3452 3829/3965/3806
f 3849/3749/3603 3853/3959/3800 1244/3751/3605
f 4046/3757/3611 1247/3748/3602 1246/3737/3591
f 3865/3746/3600 4934/3744/3598 3851/3738/3592
f 1242/5396/4985 1115/3752/3606 1116/3958/3799
f 1243/3600/3460 1115/3752/3606 1242/5396/4985
f 3859/3954/3795 3860/5397/4986 4933/3957/3798
f 3861/960/960 3864/903/903 4911/5395/4984
f 3859/3954/3795 1112/895/895 3847/3740/3594
f 3862/3745/3599 3863/901/901 3860/5397/4986
f 4046/3757/3611 5037/3755/3609 1120/3741/3595
f 3868/3953/3794 631/5189/4838 4785/5106/4776
f 3870/3759/3613 3871/908/908 3096/5191/4840
f 3874/5398/4987 1240/3758/3612 3875/956/956
f 1122/3760/3614 3870/3759/3613 3874/5398/4987
f 4037/957/957 3875/956/956 1240/3758/3612
f 1236/3776/3629 3412/4102/3924 4209/4781/4524
f 1269/912/912 1129/246/246 1235/3664/3518
f 4031/245/245 1132/3784/3637 1235/3664/3518
f 3884/914/914 4029/4778/4522 3885/4779/4523
f 3880/5400/3632 1136/915/915 3884/914/914
f 1234/3780/3633 3885/5422/4523 1130/3777/3630
f 1135/3783/3636 1134/3775/3628 1233/3665/3519
f 1135/3783/3636 1141/3792/3644 1133/3673/3527
f 1262/3672/3526 1133/3673/3527 1141/3792/3644
f 1445/749/749 1143/4780/3791 4209/4781/4524
f 3890/3948/1191 3886/5404/4989 1138/5402/4988
f 1139/3786/3639 3881/3773/3626 3886/5404/4989
f 1142/5401/3533 1141/3792/3644 4027/3789/3642
f 4766/4734/4481 3992/918/918 2061/5405/4990
f 4026/917/917 3883/913/913 2061/5405/4990
f 3888/247/247 4029/4778/4522 3902/3803/3655
f 3904/3805/3657 3891/3944/3787 3894/3946/3789
f 3891/3944/3787 3893/5561/5049 1144/5406/3646
f 4912/5407/3786 3893/5561/5049 3891/3944/3787
f 1151/5408/3658 3907/962/962 3906/961/961
f 1229/3797/3649 3896/3807/3659 1146/920/920
f 3992/918/918 4766/4734/4481 1152/3945/3788
f 3901/3800/3652 3902/3803/3655 4029/4778/4522
f 3903/3941/3784 4021/4764/4508 1150/3804/3656
f 3889/249/249 4022/248/248 1150/3804/3656
f 4020/5410/4991 1228/923/923 3907/962/962
f 1148/3799/3651 1226/251/251 3911/3808/3660
f 3912/3940/3783 4019/3939/3782 4021/4764/4508
f 3913/3817/3668 1158/3816/3667 4982/4876/4612
f 3658/814/814 4119/4766/4510 1159/3820/3671
f 4001/3928/3772 4007/3919/3763 3918/818/818
f 3919/3056/2948 1219/3822/3673 4015/5411/4992
f 4014/954/954 3921/953/953 1218/3823/3674
f 1161/927/927 4017/3936/3779 1221/3829/3680
f 3922/926/926 4006/3844/3695 1169/933/933
f 4776/4769/4513 1160/4768/4512 3924/3929/3773
f 2065/3827/3678 1163/3835/3686 1215/4777/4521
f 3929/3482/3347 1168/3842/3693 4941/3841/3692
f 3933/3849/3700 1171/5413/4994 3997/5412/4993
f 1171/5413/4994 3933/3849/3700 4004/3848/3699
f 3999/3851/3702 4000/3850/3701 2066/4774/4518
f 1172/3925/3769 3999/3851/3702 3935/5414/4995
f 1169/933/933 1170/3845/3696 3937/3847/3698
f 3997/5412/4993 1171/5413/4994 3938/3921/3765
f 4775/931/931 3939/5415/4996 3941/3142/3030
f 3939/5415/4996 3996/3923/3767 3943/3858/3709
f 1182/3871/3722 3994/3861/3712 1181/3863/3714
f 1178/3859/3710 3994/3861/3712 3949/3873/3717
f 1208/934/934 3993/5416/4997 5046/3854/3705
f 3947/936/936 1182/3871/3722 3993/5416/4997
f 4991/1263/1260 16/1226/1224 11/4901/4628
f 2141/1202/1200 4813/1143/1143 72/1145/1145
f 1880/4538/4303 4849/4539/4304 1884/4536/4301
f 4634/4843/4579 4633/1383/1374 2244/1360/1351
f 2137/1407/1398 4978/4890/4626 1933/4518/4283
f 4551/4971/4691 3954/4502/4269 125/4505/4272
f 1811/1615/1595 4980/1614/1594 168/4459/4229
f 2467/1680/1655 2468/1688/1662 207/1687/1656
f 1794/4448/4219 1792/5035/4731 213/4654/4410
f 2542/1800/1761 2536/47/47 2556/5068/4751
f 2661/4666/4420 330/1935/1889 2655/1934/1888
f 338/1959/1913 4867/4382/4167 341/1033/1033
f 2662/601/601 2663/2166/2103 2787/2168/2105
f 4388/4326/4116 2068/4819/4560 1991/4687/4440
f 1586/2575/2494 3055/2574/2493 603/5178/4828
f 3070/2585/2504 4315/2587/2506 1572/2596/2515
f 717/5417/4998 4715/5221/4862 2126/5418/4999
f 693/4179/3992 3217/2792/2702 4854/215/215
f 2418/5025/4723 5007/5228/4866 5008/5229/4867
f 3375/5273/4898 4963/2975/2870 783/5419/5000
f 4215/5280/4904 811/4105/3927 1446/742/742
f 3473/3141/3029 4966/3140/3028 4198/5297/4920
f 3531/3251/3130 901/789/789 899/788/788
f 3577/3311/3184 4848/982/982 4149/5420/5001
f 5022/4070/3896 3583/3312/3171 3584/3313/3185
f 3587/4064/3891 915/3317/3189 1379/4758/4502
f 3657/3427/3292 3659/4787/4530 4119/4766/4510
f 1308/3553/3415 4083/3555/3417 5014/3528/3392
f 1278/872/872 1050/871/871 1205/5421/3469
f 3849/3749/3603 3833/3916/3760 3829/3965/3806
f 3943/3858/3709 3940/3922/3766 3995/3862/3713
f 3936/3852/3703 3938/3921/3765 1171/5413/4994
f 3997/5412/4993 3996/3923/3767 3937/3847/3698
f 1214/3836/3687 1206/3839/3690 2073/3834/3685
f 1215/4777/4521 2064/3828/3679 1216/1115/1115
f 2063/952/952 5030/4771/4515 4012/4765/4509
f 4017/3936/3779 1161/927/927 2034/4737/4484
f 2062/4767/4511 4776/4769/4513 4012/4765/4509
f 4206/3058/2950 1157/3054/2946 4015/5411/4992
f 4020/5410/4991 4912/5407/3786 3905/924/924
f 4023/916/916 3992/918/918 3899/252/252
f 4228/4113/3934 4766/4734/4481 3887/3039/2933
f 1138/5402/4988 1130/3777/3630 3885/5422/4523
f 1143/3950/3791 2061/5405/4990 3883/913/913
f 1136/5423/915 3880/5424/3632 3875/956/956
f 1269/912/912 3785/911/911 2060/3771/3624
f 1124/3762/3616 3875/956/956 3880/5424/3632
f 1239/242/242 1123/907/907 4036/3764/3618
f 3874/5398/4987 3870/3759/3613 3869/906/906
f 3867/5285/4909 4038/445/445 3872/447/447
f 3860/5397/4986 3863/901/901 3864/903/903
f 3861/960/960 4041/959/959 4933/3957/3798
f 1249/5394/4983 1119/3955/3796 3858/3753/3607
f 1242/5396/4985 3853/3959/3800 1114/3596/3456
f 3831/3917/3761 3991/5392/4981 4054/5393/4982
f 1253/3713/3567 5040/3967/3808 3827/3966/3807
f 3912/3940/3783 3832/3720/3574 3821/963/963
f 1077/1175/1173 1265/3774/3627 3793/3670/3524
f 1078/3975/3816 1266/3666/3520 1265/3774/3627
f 4060/877/877 3792/3661/3515 4913/3660/3514
f 1074/3976/3817 4062/3650/3504 3787/3662/3516
f 3783/3645/3499 1071/3982/3823 1076/3663/3517
f 1073/3656/3510 1061/3978/3819 1062/3630/3485
f 1047/3610/139 3090/5181/4024 4861/3613/3471
f 4080/3572/3433 1305/271/271 1297/273/273
f 3717/3493/3358 4864/3619/3476 1321/858/858
f 3701/1110/1110 2053/1109/1109 3704/4031/3861
f 4102/3473/3338 2076/951/951 3702/950/950
f 1330/1107/1107 2053/1109/1109 994/973/973
f 4103/976/976 4893/975/975 3698/4784/4527
f 3688/3462/3327 4761/3461/3326 3684/3466/3331
f 4104/3468/3333 3679/3455/3320 5024/3454/3319
f 4328/4037/3867 3669/4038/3868 4755/797/797
f 4156/3295/3170 2916/2514/2436 3014/2516/2438
f 3677/823/823 986/3434/3299 3663/3436/3301
f 4114/3451/3316 4115/3440/3305 3013/5171/4822
f 979/3428/3293 4781/455/455 2131/454/454
f 3639/3411/3276 4123/277/277 4859/3421/3286
f 4885/5357/4959 3633/3393/3259 4886/3402/3268
f 961/5426/5002 4127/5427/5003 955/289/289
f 3639/3411/3276 4983/3410/3275 961/5426/5002
f 3629/4049/3878 953/4047/3877 1357/5355/4957
f 954/290/290 955/289/289 4127/5427/5003
f 952/3387/3254 951/4051/3880 3628/5428/5004
f 3617/3364/3232 4135/4058/3886 3628/5428/5004
f 3627/4052/3881 4130/3384/3251 3625/5354/4956
f 3610/5351/4954 946/3373/3240 3527/5324/4934
f 4127/5427/5003 961/5426/5002 4983/3410/3275
f 960/3399/3265 944/4059/810 4141/4061/3888
f 3528/1104/1104 3529/1103/1103 4136/3354/3225
f 4756/5347/4951 3205/2773/2684 4278/2775/2686
f 3606/5429/5005 1365/3377/3244 1523/1002/1002
f 3598/3905/3750 1379/4758/4502 1378/4757/4501
f 3593/3328/3200 1369/3334/3206 4146/3332/3204
f 3575/3308/3181 3574/4756/4500 1376/5343/3202
f 3570/3324/3196 912/795/795 4153/794/794
f 1381/3294/3169 3582/796/796 4152/5340/4946
f 3566/3284/3161 4149/5420/5001 4848/982/982
f 1390/5431/3163 2914/5446/5015 2001/297/297
f 2047/5432/5007 4162/3270/3147 905/3264/3141
f 4161/4755/4499 4163/3256/3135 902/327/327
f 1397/5330/4940 4752/4745/4490 3533/4747/4492
f 3535/3253/3132 3533/4747/4492 901/789/789
f 4167/3255/3134 4163/3256/3135 3539/1155/1153
f 4168/1120/1120 4745/3235/3114 4744/5433/5008
f 4180/3219/3098 4176/3231/3110 4892/5319/4930
f 3578/3326/3198 3506/3225/3104 3505/2154/2092
f 4187/3170/3055 1183/3865/3716 4967/4081/3905
f 3462/5308/4926 4966/3140/3028 4968/3139/3027
f 4198/5297/4920 4966/3140/3028 3462/5308/4926
f 3464/3156/3042 1199/3902/3747 5013/5302/4922
f 3450/195/195 3457/3143/3031 1425/3123/3012
f 835/3081/2970 3441/3094/2983 4948/2854/2758
f 1437/3064/2956 4204/3069/2959 5045/3074/2963
f 4198/5297/4920 3430/3061/2953 4860/4736/4483
f 2033/4857/4593 1505/998/998 3913/3817/3668
f 3421/191/191 824/190/190 3420/5292/2942
f 4233/4729/4476 5000/750/750 3413/5286/4910
f 4214/4665/4419 3326/4664/4418 3334/4132/3951
f 3408/1888/1842 2080/746/746 3410/4733/4480
f 4220/3012/2907 4218/3014/2909 3396/3028/2923
f 788/3005/2900 4225/3000/2895 3388/5275/4900
f 1467/2965/2860 782/2967/2862 3385/4111/3932
f 1470/4118/3939 4236/2951/2849 769/2950/2848
f 769/2950/2848 4237/2938/2838 3365/176/176
f 3364/2955/2853 766/2944/2843 4879/2935/2836
f 3355/735/735 3360/734/734 4879/2935/2836
f 757/5271/4896 3341/4131/3950 2029/2913/2817
f 3344/2904/2808 4241/2911/2815 3349/5435/2837
f 746/4130/3949 3331/4136/3955 4881/4128/3947
f 3442/3097/2986 3322/5522/5048 1486/5267/3960
f 3319/4728/4475 4786/4143/3962 4729/5268/4895
f 4830/5436/5010 4727/5255/4885 3308/5261/4891
f 3299/989/989 3301/991/991 739/2883/2787
f 3300/2876/2780 739/2883/2787 3306/2882/2786
f 1494/5251/4882 733/5557/3964 730/5247/3965
f 4830/5436/5010 4869/1152/1152 3280/5240/4876
f 4830/5436/5010 4256/4861/4597 4725/4156/3970
f 4254/5438/4470 4257/5238/4544 4722/4859/4595
f 3979/5239/4875 1497/2859/2763 3277/4716/4465
f 4260/2861/2765 3274/5237/4874 3275/4159/3973
f 722/2643/2558 723/155/155 1556/2637/2552
f 716/5232/4870 5018/5442/5012 3253/2634/2549
f 4263/709/709 3259/4715/4464 1501/4163/3977
f 3241/3057/2949 3239/997/997 3238/2823/2727
f 702/151/151 3235/153/153 3234/5439/3987
f 3223/2807/2716 1195/2801/2710 3224/152/152
f 4277/2788/2698 4715/5221/4862 4942/2782/2693
f 717/5417/4998 3255/2836/2740 2021/5220/4861
f 2020/2771/2682 2019/2778/2689 1520/5440/5011
f 4279/5441/2690 3203/5556/3998 3208/1000/1000
f 652/2763/2674 3197/2762/2673 3187/5212/4856
f 4290/5017/4719 3177/5021/4720 2017/1100/1100
f 3181/4856/4592 3178/4855/4591 3184/2747/2658
f 4713/1575/1555 4714/4192/4002 678/2742/2653
f 3180/2741/2652 2017/1100/1100 3177/5021/4720
f 2015/4805/4547 4293/2735/2646 3171/2732/2643
f 4297/5208/4854 4296/1128/1128 2133/1095/1095
f 3151/2702/2615 1547/5203/4849 1546/142/142
f 3127/5200/4847 646/4207/4014 3116/4701/4454
f 3114/2665/2580 2012/2677/2592 4306/2674/2589
f 3125/670/670 3120/669/669 3113/4705/4457
f 637/4162/3976 3108/4212/4019 5018/5442/5012
f 5018/5442/5012 3108/4212/4019 1560/2632/2547
f 3100/1131/1131 2007/1130/1130 104/5443/5013
f 620/3603/3463 630/5192/4841 632/4763/4507
f 3868/3953/3794 3866/905/905 4311/2618/2533
f 3078/4224/4027 619/133/133 4313/135/135
f 2629/1825/1785 4705/5182/4831 3064/2573/2492
f 3081/2604/2523 3084/2606/662 1282/5444/661
f 3032/2536/2457 4325/2535/2456 4497/4444/4215
f 3968/113/113 594/1639/1619 4916/4239/4039
f 596/4238/4038 3031/4240/4040 4916/4239/4039
f 3017/2518/2440 3016/2500/2422 1603/2499/2421
f 3024/4243/4043 585/4251/4050 4329/821/821
f 1597/4252/4051 5011/2512/2434 4332/2504/2426
f 581/5445/5014 1601/2486/2408 582/4250/4049
f 3009/2505/2427 580/2485/2407 2995/104/104
f 565/2435/2359 2985/119/119 3001/2493/2415
f 2991/2468/2390 2990/2484/2406 1609/2472/2394
f 1616/2463/2385 1615/2465/2387 573/2464/2386
f 1190/111/111 1611/2478/2400 2974/4257/4053
f 4342/5160/4815 4383/4690/4443 2961/2277/2211
f 2972/946/946 4383/4690/4443 4342/5160/4815
f 4974/4263/4059 2966/2416/2342 552/5162/4816
f 2938/5156/4811 519/4273/4068 1636/2369/2295
f 511/92/92 2930/91/91 2931/1986/1940
f 1999/2309/2242 3966/2332/2263 2914/5446/5015
f 4356/3285/3162 1648/2330/2261 1649/5154/4810
f 2908/2346/2275 4361/3887/3733 492/3886/3732
f 488/2305/2238 2896/2304/2237 489/2323/2254
f 4368/4696/4449 4371/4302/4092 4900/5150/4807
f 4369/2299/2233 4368/4696/4449 1661/4814/4556
f 485/5149/4806 4363/5562/2230 488/5448/2238
f 479/5145/4447 4376/4306/4096 4926/2285/2219
f 2857/4322/4112 2848/2262/2196 2862/2272/2206
f 2068/4819/4560 4388/4326/4116 2847/4329/4119
f 2829/4333/4123 464/2261/2195 4392/4680/4434
f 4393/2241/2177 2818/2240/2176 4972/4675/4429
f 2825/2231/2168 4398/2200/2137 1681/366/366
f 1688/2186/2123 2804/2185/2122 2823/2195/2132
f 4402/5135/4795 1688/2186/2123 2821/5136/4796
f 1982/2212/2149 2828/4776/4520 1686/2203/2140
f 448/4673/4427 2808/4672/4426 526/4272/4067
f 2785/4346/4134 1692/2164/2101 2783/1027/1027
f 2774/2134/2076 5047/4864/4600 5048/5449/5016
f 4741/4670/4424 5047/4864/4600 2774/2134/2076
f 414/5450/2086 2768/2123/79 1704/2103/2047
f 2767/2132/2074 5048/5449/5016 2766/5128/4792
f 2753/5125/4789 410/2108/2052 4862/2107/2051
f 2735/4361/4146 1711/2060/2007 2730/2062/2009
f 373/2052/1999 4430/2031/1980 1721/2032/1981
f 4804/5451/5017 2116/5473/5026 2316/5452/5018
f 4437/1968/1922 341/1033/1033 4867/4382/4167
f 4440/1957/1911 1731/434/434 2684/4378/4163
f 1734/4384/4169 2675/1956/1910 4440/1957/1911
f 4444/575/575 1936/1898/1852 1916/1278/1275
f 4448/1044/1044 2644/5110/4778 1746/1916/1870
f 287/4822/4563 2602/1843/1800 286/4662/1810
f 4705/5182/4831 2629/1825/1785 4944/1845/1802
f 298/1882/1720 2509/1766/1717 4929/1884/1838
f 2623/4397/4180 2620/5453/4181 4461/4398/3723
f 2621/1875/1830 4460/1874/1820 2620/5453/4181
f 4466/1045/1045 1760/559/559 275/5091/1792
f 2566/1810/1771 2564/4406/4185 2586/1842/1799
f 267/557/557 2578/1816/1777 2580/1818/1779
f 1974/5454/5019 4677/2558/2477 4478/5074/4202
f 2528/4437/4209 2561/4429/4203 2557/5455/5020
f 2536/47/47 2525/46/46 2543/5069/4752
f 4917/5064/4747 1774/1750/1716 2515/5063/4746
f 1971/4657/4413 4260/2861/2765 4259/4858/4594
f 2480/4401/4182 2484/538/538 4456/537/537
f 2415/1436/1427 2476/4649/4405 210/1056/1056
f 1791/1694/1668 1970/4850/4586 4989/1698/1672
f 4502/1661/1639 1968/5036/4732 4500/1667/1644
f 1796/532/532 4502/1661/1639 203/5029/4727
f 1796/532/532 2466/531/531 1968/5036/4732
f 199/527/527 204/529/529 2454/1683/1658
f 188/1648/1626 186/1629/1609 2444/1646/1624
f 2452/1660/1638 2443/5031/1641 4507/5032/4729
f 4505/5030/4728 4890/4647/4404 2435/1643/1622
f 2442/1657/1635 2451/1659/1637 2435/1643/1622
f 4513/1606/1586 1813/1609/1589 4865/1608/1588
f 4511/5026/4724 1967/4645/1139 4671/4602/4364
f 167/4464/4234 2282/4603/4365 4806/1603/1583
f 1816/4653/4409 2297/1440/1431 104/5443/5013
f 4670/4880/4616 5008/5229/4867 4562/4823/4564
f 2390/4636/4396 2391/4473/4243 2386/1565/1546
f 4656/1536/1519 4970/1541/1524 4662/4628/4388
f 2377/1547/1530 1827/399/399 2372/1528/1512
f 58/1335/1328 1832/4993/1500 1964/4996/4704
f 57/4553/4318 2119/4555/4320 2360/4624/4385
f 1961/505/505 4308/666/666 1962/5198/4846
f 2008/4810/4552 1833/5545/4381 2358/5456/4566
f 2357/5457/4567 1551/5196/4701 2086/5197/4845
f 4802/4494/4261 4538/4983/4383 2349/4984/1071
f 128/4492/4259 1835/4988/4699 1836/1499/1487
f 4651/1072/1072 1958/4613/4375 2346/4978/4696
f 2334/4969/4689 2344/4496/4263 4901/4495/4262
f 4648/4493/4260 4543/1493/1481 127/4497/4264
f 2105/1087/1087 2334/4969/4689 1955/4963/4684
f 2327/501/501 2326/423/423 4909/4608/4370
f 2314/404/404 116/5458/5021 2316/5452/5018
f 2326/423/423 2327/501/501 2106/4967/4686
f 1845/1077/1077 115/1463/1454 1844/1462/1453
f 2317/4959/4681 4641/1076/1076 4555/422/422
f 4432/4957/4679 4965/5115/4781 2316/5452/5018
f 118/1468/1457 2312/1470/1459 2307/1458/1449
f 1849/4509/4276 1854/4513/4278 2313/1467/1456
f 2291/1432/1423 5009/5491/5042 1953/4847/4583
f 4638/4604/4366 2301/1435/1426 2290/5034/4730
f 2289/1424/1415 99/4951/4674 97/1422/1413
f 94/1418/1409 2284/1420/1411 96/4949/4672
f 4807/406/406 2421/4461/4231 5031/4460/4230
f 2421/4461/4231 4807/406/406 4636/408/408
f 4571/4946/4669 2407/1601/1581 4806/1603/1583
f 4636/5460/408 4570/5563/1406 91/4939/4662
f 2274/4945/4668 2260/1382/1373 4578/1384/1375
f 4574/4942/4665 2267/4941/4664 4940/4601/4363
f 4928/4940/4663 1952/1414/1405 2280/1394/1385
f 91/4939/4662 4570/5563/1406 2263/5461/1376
f 4572/418/418 4927/4933/4656 2260/1382/1373
f 1916/1278/1275 1915/1282/1279 2666/1943/1897
f 2255/4931/4654 4583/4936/4659 2256/4935/4658
f 4808/4522/4287 4870/5490/5041 73/5462/5022
f 1944/4594/4357 4582/4527/4292 4583/4936/4659
f 1944/4594/4357 4811/1085/1085 2248/1084/1084
f 1881/1376/1367 4585/4524/4289 2242/4541/4306
f 2255/4931/4654 4979/4533/4298 4593/4529/4294
f 4592/1207/1205 72/1145/1145 1945/4543/4308
f 1942/5463/1082 4811/1085/1085 2209/4584/4347
f 70/1350/1341 2232/472/472 2231/474/474
f 4591/5464/5023 2227/4922/4646 2239/4927/4651
f 4596/1346/1337 5043/4914/4639 2205/4550/4315
f 2202/4582/4345 2220/4886/4622 2234/8/8
f 2218/5465/4644 4627/4917/4642 2217/4918/4643
f 65/1348/1339 2217/4918/4643 4919/1349/1340
f 2206/5466/4314 2205/4550/4315 5043/4914/4639
f 4608/1258/1255 4943/1300/1295 4607/1298/1293
f 45/1260/1257 4609/5549/416 2180/5468/415
f 2180/5468/415 43/1255/1252 1911/4567/4330
f 2163/1286/1249 2178/1249/1246 22/1247/1244
f 32/1380/1371 1919/1379/1370 33/1272/1269
f 4599/4552/4317 4621/4838/4574 2197/463/463
f 2113/1341/1334 4598/1340/1333 2199/4546/4311
f 2199/4546/4311 2112/4548/4313 1937/448/448
f 4810/479/479 4627/4917/4642 2221/5469/4645
f 2224/451/451 2222/453/453 4629/1144/1144
f 1941/4923/4647 4591/5464/5023 2236/4535/4300
f 4922/4840/4576 4629/1144/1144 4813/1143/1143
f 2238/1368/1359 2236/4535/4300 4591/5464/5023
f 2241/1357/1348 2250/4598/4361 4927/4933/4656
f 4620/1162/1160 2138/1201/1199 77/1377/1368
f 2108/1086/1086 4811/1085/1085 1942/5463/1082
f 2107/4532/4297 2268/4668/4422 4679/1955/1909
f 2240/4596/4359 4631/4542/4307 4815/5471/5024
f 4837/4842/4578 4634/4843/4579 4587/4595/4358
f 4679/1955/1909 2268/4668/4422 2673/5472/5025
f 4569/1419/1410 4978/4890/4626 2286/1588/1568
f 2299/4698/4451 1855/1439/1430 4562/4823/4564
f 2298/2622/2537 2088/2621/2536 3099/4699/4452
f 4639/1054/1054 210/1056/1056 2463/4453/4224
f 2114/4507/4274 4554/4964/4685 2135/4970/4690
f 2116/5473/5026 4840/4606/4368 2319/405/405
f 4794/4846/4582 4647/4491/4258 2116/5473/5026
f 4548/4972/4692 4993/4979/1476 4545/4976/4694
f 4817/1090/1090 2103/4844/4580 2118/1158/1156
f 130/507/507 4650/506/506 4901/4495/4262
f 4652/1159/1157 2118/1158/1156 2342/4884/4620
f 1959/4982/4698 131/1506/1493 4653/1073/1073
f 4793/4845/4581 4823/5477/5030 4824/4868/4604
f 4800/1091/1091 4652/1159/1157 4818/4809/4551
f 2394/5012/4715 2395/25/25 2388/5005/4710
f 2359/4489/4256 3111/1003/1003 3179/1005/1005
f 4771/4643/4401 2411/5024/4722 156/1411/1402
f 4771/4643/4401 4669/516/516 2098/515/515
f 4515/2826/2730 160/1593/1573 1966/1148/1148
f 2095/4454/4225 4508/1063/1063 4512/5027/4725
f 213/4654/4410 1969/4652/4408 4494/4656/4412
f 1497/2859/2763 3979/5239/4875 3274/5237/4874
f 628/2619/2534 4705/5182/4831 2630/1885/1839
f 4214/4665/4419 2080/746/746 3408/1888/1842
f 2682/1040/1040 2688/4377/4162 2094/1954/1908
f 380/5121/4786 4821/5476/5029 4820/5474/5027
f 380/5121/4786 4822/2091/2036 4836/5475/5028
f 1978/4371/4156 2721/4370/4155 4964/2048/1996
f 4821/5476/5029 4793/4845/4581 4794/4846/4582
f 4823/5477/5030 4793/4845/4581 4821/5476/5029
f 4407/4671/4425 4792/4337/4125 4683/4879/4615
f 2850/4684/4438 4997/4683/4437 4387/4328/4118
f 1991/4687/4440 1674/4688/4441 1990/2273/2207
f 473/4323/4113 4381/4314/4104 1669/3884/3730
f 1189/4295/4085 2881/4303/4093 4986/3882/3728
f 4373/357/357 2123/4853/4589 4924/5151/4808
f 4924/5151/4808 2123/4853/4589 2895/4816/4558
f 488/5448/2238 4364/620/620 2886/622/622
f 1606/5166/4818 580/2485/2407 4333/2502/2424
f 3096/5191/4840 2006/5188/4837 4040/904/904
f 629/5186/4835 4946/5187/4836 2006/5188/4837
f 4718/4717/4466 2007/1130/1130 4791/1129/1129
f 2009/668/668 4826/667/667 4827/2663/2578
f 4790/5478/5031 2124/4808/4550 4818/4809/4551
f 4827/2663/2578 4826/667/667 4825/4706/4458
f 4828/5479/5032 2013/4878/4614 3134/143/143
f 4709/5480/5033 4789/1151/1151 2013/4878/4614
f 4789/1151/1151 4301/1150/1150 3156/5204/4850
f 4829/1127/1127 4789/1151/1151 4709/5480/5033
f 4710/1096/1096 2133/1095/1095 4296/1128/1128
f 3184/2747/2658 3178/4855/4591 4289/5022/2654
f 4716/4804/4546 2126/5418/4999 4715/5221/4862
f 1517/2797/2707 1515/5222/4863 2023/5481/5034
f 2023/5481/5034 4899/5223/4864 2126/5418/4999
f 1516/693/693 4899/5223/4864 2023/5481/5034
f 4675/4718/4467 104/5443/5013 2007/1130/1130
f 717/5417/4998 2083/2843/2747 3254/5233/4871
f 3979/5239/4875 1496/5241/4877 3278/5243/4879
f 730/4149/3965 2027/443/443 3284/442/442
f 737/5437/4887 4788/1153/992 4869/1152/1152
f 3261/2853/2757 3264/2855/2759 4787/5265/4893
f 4786/4143/3962 3319/4728/4475 3318/4727/1123
f 3334/4132/3951 757/5271/4896 4211/747/747
f 4164/1122/1122 3525/5321/4931 4745/3235/3114
f 4783/5483/5035 4975/5484/5036 4832/4797/4539
f 3530/787/787 4750/4746/4491 4749/4872/4608
f 4835/4888/4624 4831/4889/4625 4710/1096/1096
f 4750/4746/4491 4751/5485/5037 4783/5483/5035
f 2047/5432/5007 3542/4752/4496 2130/4751/4495
f 4162/3270/3147 2047/5432/5007 4751/5485/5037
f 3551/4750/4494 3541/792/792 2046/4754/4498
f 906/3271/3148 3548/791/791 3559/3272/3149
f 4120/5360/4962 3654/817/817 2131/454/454
f 4016/4770/4514 2062/4767/4511 4759/4874/4610
f 3654/817/817 4852/819/819 4760/4761/4505
f 4779/4786/4529 4780/4785/4528 3669/4038/3868
f 3886/5404/4989 3881/3773/3626 4032/3772/3625
f 4735/4735/4482 2032/5287/4911 1153/3041/2934
f 4015/5411/4992 1220/3821/3672 4982/4876/4612
f 3999/3851/3702 1172/3925/3769 5012/3924/3768
f 4005/1119/1119 3935/5414/4995 2066/4774/4518
f 4824/4868/4604 4871/4867/4603 4790/5478/5031
f 2388/5005/4710 2395/25/25 2389/5007/4712
f 2047/5432/5007 4975/5484/5036 4783/5483/5035
f 3786/3657/3511 1067/3980/3821 4930/3979/3820
f 4100/949/949 3704/4031/3861 3706/5366/4968
f 3530/787/787 4748/4871/4607 4747/5487/5039
f 4748/4871/4607 4742/4870/4606 4889/4794/4536
f 2038/4796/4538 4173/4798/4540 5032/4866/4602
f 4823/5477/5030 4738/5488/5040 5032/4866/4602
f 3283/2864/2768 4255/2863/2767 3278/5243/4879
f 3104/4700/4453 4723/4157/3971 4718/4717/4466
f 2015/4805/4547 2133/1095/1095 4711/1097/1097
f 4709/5480/5033 4790/5478/5031 4871/4867/4603
f 2011/4812/4554 5002/2653/2568 3123/2666/2581
f 1992/4311/4101 1988/4319/4109 2092/4321/4111
f 433/4344/4132 434/600/600 4682/599/599
f 2121/4467/4237 4517/4633/4393 4770/4632/4392
f 161/4775/4519 709/1595/1575 4515/2826/2730
f 2367/4997/4705 4657/4998/4706 2366/1531/1514
f 4655/504/504 4826/667/667 4308/666/666
f 2247/9/9 4577/4599/4362 2263/5461/1376
f 2113/1341/1334 1938/450/450 4814/449/449
f 2196/464/464 4838/4835/4351 2221/4920/4645
f 2112/4548/4313 1939/4586/4349 4838/4588/4351
f 4810/479/479 4628/5470/4577 4922/4929/4576
f 73/5462/5022 4870/5490/5041 4815/5471/5024
f 4837/4842/4578 4815/5471/5024 4870/5490/5041
f 5009/5491/5042 100/1429/1420 2136/1426/1417
f 4820/5474/5027 4794/4846/4582 4804/5451/5017
f 411/4355/4140 2766/5128/4792 5048/5449/5016
f 4738/5488/5040 4823/5477/5030 4836/5475/5028
f 4709/5480/5033 4828/5479/5032 2124/4808/4550
f 4300/1149/1149 4789/1151/1151 4829/1127/1127
f 4739/4869/4605 4742/4870/4606 5047/4864/4600
f 4832/4797/4539 4975/5484/5036 4831/4889/4625
f 2130/4751/4495 4977/5486/5038 4831/4889/4625
f 2038/4796/4538 4738/5488/5040 4839/5124/4788
f 2046/4754/4498 4976/4753/4497 4831/4889/4625
f 2155/1240/1237 4617/1238/1235 18/1233/1230
f 4606/412/412 51/414/414 4602/1196/1194
f 61/1338/1331 2193/1323/1318 1896/1322/1317
f 2258/4525/4290 84/938/938 4908/5492/5043
f 4857/1654/1632 192/1652/1630 4984/1671/1647
f 2439/1631/1611 2446/1632/1612 195/1651/1629
f 2622/5102/4772 2624/5101/4771 295/1876/1831
f 2781/1192/1190 1696/598/598 329/2162/2099
f 804/3030/2925 803/3010/2905 802/3027/2922
f 805/5281/4905 806/3029/2924 807/5283/4907
f 809/3044/2937 1454/3043/2936 3398/5284/4908
f 1441/3045/2938 4217/3035/2930 815/5289/4913
f 818/5493/5044 814/5288/4912 813/4101/3923
f 818/5493/5044 817/184/184 816/4100/3922
f 814/5288/4912 3418/188/188 1444/1182/1180
f 1040/3993/3833 1041/269/269 1038/268/268
f 1041/269/269 1040/3993/3833 3769/3992/1176
f 3767/3597/3457 1039/3585/3445 1042/3599/3459
f 1144/3794/3646 3892/3796/3648 4025/3947/3790
f 3896/3807/3659 4912/3943/3786 4020/5495/4991
f 3765/270/270 1041/269/269 3768/5494/1178
f 807/5283/4907 4219/5282/4906 1451/3036/2931
f 1454/3043/2936 1453/3016/2911 3399/5278/4902
f 50/1198/1196 4601/1197/1195 1900/1315/1310
f 2249/4537/4302 1874/1381/1372 4908/5492/5043
f 4356/3285/3162 3567/3287/3164 3564/3288/3165
f 3895/3787/3640 1139/3786/3639 4025/3947/3790
f 1286/1179/1177 1045/3990/3831 4072/3595/3455
